Student_ID,Age,Gender,Study_Hours_Per_Day,Sleep_Hours_Per_Night,Screen_Time_Hours,Social_Media_Hours,Attendance_Percentage,Assignments_Completed,Class_Participation_Score,Physical_Activity_Hours_Per_Week,Stress_Level,Motivation_Level,Internet_Quality,Part_Time_Job,Extracurricular_Involvement,AI_Tool_Usage_Hours_Per_Week,Previous_Semester_GPA,Productivity_Score,Performance_Category,Prediction
1,19.0,1,2.6,5.9,7.4,2.8,86.3,75.1,3.8,2.8,1.4,6.3,2,0,4.9,16.4,5.88,51.16,2,2
2,25.0,1,5.4,6.4,6.4,4.1,93.3,99.6,7.9,0.5,8.3,8.2,1,0,3.9,2.1,6.62,74.1,0,0
3,22.0,1,6.8,5.5,7.4,4.3,66.3,75.6,4.0,1.7,9.3,4.1,0,0,4.9,3.6,7.11,34.63,1,1
4,21.0,0,1.7,8.0,6.2,2.4,62.8,51.9,3.0,2.5,2.5,10.0,2,0,2.8,8.5,6.85,53.2,2,2
5,17.0,1,7.6,6.2,4.3,3.7,87.9,37.0,8.8,3.3,6.1,8.0,0,0,4.5,5.3,5.86,57.4,2,2
6,17.0,0,3.9,3.0,3.2,2.2,78.0,87.1,2.5,3.9,5.542839731870811,1.8,0,1,8.0,2.9,9.83,25.82,1,1
7,16.0,1,2.2,10.0,5.3,5.4,91.2,63.2,7.7,3.2008618067525094,2.6,6.4,0,1,5.9,4.1,6.83,66.65,0,0
8,23.0,0,5.7,6.3,4.1,2.4,94.1,65.6,5.2,9.0,1.0,3.3,2,0,6.4,3.0,7.62,66.45,0,0
9,21.0,0,3.3,6.3,5.7,2.6,55.9,94.4,7.5,8.5,5.0,5.8,2,0,5.6,2.2,7.84,65.59,0,0
10,22.0,0,4.0,9.2,4.8,2.2,69.1,72.6,6.6,6.9,5.7,1.0,1,0,7.9,0.4,5.11,47.47,2,2
11,16.0,0,3.4,5.4,7.0,1.7,78.4,69.6,1.4,0.5,8.3,3.0,1,1,4.5,2.3,9.14,30.44,1,1
12,25.0,0,2.6,8.5,6.1,6.7,66.7,77.9,5.3,2.4,10.0,5.9,0,1,4.1,10.1,5.64,41.28,1,1
13,23.0,0,5.6,6.2,7.1,3.9,73.9,100.0,5.5,5.1,7.0,4.9,1,0,4.0,4.6,4.3,46.92,2,2
14,18.0,1,3.6,5.3,7.1,3.1,63.4,79.6,6.9,0.9,1.7,8.3,2,0,2.2,5.2,4.51,43.24,1,1
15,18.0,0,1.3,9.2,5.6,2.1,74.3,36.1,6.7,2.5,6.5,5.1,2,0,3.6,6.0,4.86,38.72,1,1
16,18.0,1,5.3,8.2,5.7,5.0,67.4,60.3,5.5,2.1,5.2,7.0,0,0,7.5,5.2,5.21,57.69,2,2
17,19.0,1,1.8,8.2,7.3,2.0,84.5,69.9,3.5,3.3,7.6,8.7,1,0,2.4,7.3,6.67,50.93,2,2
18,20.0,1,1.9,7.5,12.1,3.2,91.7,90.5,7.1,2.1,1.3,3.0,0,0,3.9,2.6,8.0,58.22,2,2
19,20.0,1,6.6,7.8,3.5,7.0,85.3,52.6,7.9,2.3,7.5,3.6,2,0,6.4,6.6,6.02,49.07,2,2
20,19.0,1,1.8,5.4,6.1,1.3,100.0,77.7,6.7,3.0,9.0,4.6,0,0,3.8,10.2,6.44,46.8,2,2
21,21.0,1,0.0,7.1,3.0,4.0,92.2,73.5,5.5,0.9,6.0,5.8,1,0,3.7,4.3,6.489753023681269,50.89,2,2
22,17.0,1,5.4,5.8,5.9,3.5,91.7,93.3,5.2,2.1,8.1,7.5,0,0,5.1,5.5447261663286005,5.84,60.43,2,2
23,19.0,0,3.6,5.2,4.3,4.0,78.9,57.1,4.0,1.3,7.2,2.8,0,0,6.0,8.3,7.11,29.06,1,1
24,19.0,1,3.8,7.5,5.7,2.5,76.0,78.0,6.5,4.7,1.0,3.3,1,1,0.4,0.6,7.67,66.59,0,0
25,20.0,0,3.6,8.5,6.4,1.9,96.6,100.0,6.4,1.5,5.9,5.957923664122137,0,0,6.4,10.1,8.43,70.84,0,0
26,22.0,1,4.7,6.5,4.8,3.4,76.7,91.2,7.8,1.4,6.2,2.8,0,0,4.5,9.1,5.36,51.48,2,2
27,18.0,0,2.7,6.7,1.5,2.2,80.5,85.8,4.6,3.8,3.2,4.5,1,1,0.2,4.8,8.23,68.39,0,0
28,20.0,0,7.2,5.5,9.6,0.0,77.8,69.4,6.3,1.9,6.2,5.957923664122137,0,1,5.3,2.4,6.48,35.75,1,1
29,21.0,0,1.2,7.0,8.1,1.5,87.0,77.7,3.1,2.1,1.9,5.2,1,0,6.6,0.3,3.85,52.83,2,2
30,16.0,0,5.1,8.0,5.7,2.4,91.6,73.0,5.3,1.0,5.6,9.4,2,0,3.9,9.9,5.47,68.86,0,0
31,21.0,1,5.5,8.0,3.8,1.1,93.8,90.4,4.8,2.3,6.5,4.5,0,0,5.1,0.7,5.05,65.74,0,0
32,18.0,1,2.7,7.7,6.2,3.3,76.1,84.5,8.3,2.2,10.0,3.8,2,0,4.9,1.9,6.33,51.25,2,2
33,16.0,0,2.2,6.2,6.9,1.6,82.4,63.7,9.8,2.1,3.5,4.7,2,0,7.1,1.6,6.83,47.08,2,2
34,24.0,0,6.2,6.2,7.9,2.9,84.3,100.0,3.4,3.4,7.1,4.4,0,0,5.8,4.0,7.76,49.79,2,2
35,25.0,0,2.2,8.0,8.2,6.9,99.0,96.7,8.0,1.2,2.8,7.4,0,0,3.3,8.8,7.75,75.78,0,0
36,23.0,1,3.0,8.1,8.6,5.2,56.8,59.4,7.5,5.4,8.0,7.0,0,0,0.5,3.0,6.55,38.14,1,1
37,19.0,0,6.0,6.8,1.6,4.1,80.1,68.8,4.8,5.8,5.4,4.5,2,0,1.8,14.4,3.2,54.96,2,2
38,20.134890807516506,1,4.3,6.4,5.2,6.3,71.6,72.1,4.3,6.2,6.8,5.7,0,0,6.0,7.3,5.1,55.33,2,2
39,22.0,0,0.6,8.5,8.5,2.9,73.1,89.7,4.3,3.2008618067525094,3.5,4.5,1,0,5.9,1.4,7.27,45.9,1,1
40,20.0,1,7.7,6.5,3.7,2.9,68.9,60.4,5.2,2.9,6.7,6.4,0,1,1.2,2.2,5.87,56.57,2,2
41,17.0,0,3.1,8.0,9.0,1.1,87.0,63.0,5.2,2.2,4.2,8.4,0,0,2.1,3.7,4.89,59.13,2,2
42,20.0,1,3.4,6.8,10.5,5.3,48.1,90.8,5.7,4.1,5.2,8.3,1,1,3.1,6.8,3.39,43.07,1,1
43,16.0,1,4.7,5.6,9.0,6.5,78.2,85.1,4.9,4.7,3.1,6.9,1,1,7.5,3.6,6.97,53.16,2,2
44,24.0,0,5.5,9.1,7.7,4.6,56.3,39.9,7.8,4.0,4.7,4.7,1,0,2.6,19.8,6.68,38.64,1,1
45,18.0,0,8.1,7.2,4.9,5.6,71.0,86.8,7.1,0.6,6.1,4.4,0,1,1.1,2.5,7.99,45.5,1,1
46,21.0,0,0.9,6.1,6.7,0.0,77.2,48.5,5.6,3.4,5.5,2.9,0,1,7.7,2.5,8.85,40.12,1,1
47,19.0,1,5.9,5.2,2.6,7.2,74.7,63.6,4.8,2.9,5.542839731870811,5.8,0,0,3.8,4.2,6.489753023681269,37.31,1,1
48,20.0,1,5.7,5.3,4.0,2.8,88.9,68.4,4.8,4.6,4.2,4.5,0,0,3.5,2.1,8.44,55.48,2,2
49,20.0,0,3.9,6.5,4.2,7.2,96.2,66.6,7.0,3.4,9.0,8.2,0,0,2.7,12.2,3.85,46.75,2,2
50,18.0,2,5.8,9.5,6.2,6.1,100.0,63.3,6.1,5.9,4.7,2.9,0,0,2.2,1.9,7.41,51.79,2,2
51,25.0,0,6.1,6.2,5.0,4.4,79.9,56.3,6.4,3.9,9.1,7.6,0,0,4.9,3.9,8.82,51.07,2,2
52,20.134890807516506,1,1.4,8.9,6.7,2.4,95.1,84.2,7.9,3.9,6.2,2.8,2,1,3.4,7.4,4.76,52.12,2,2
53,24.0,0,7.7,6.8,8.2,3.3,99.0,46.0,5.9,0.4,10.0,3.7,1,1,1.7,6.6,7.26,41.02,1,1
54,24.0,1,1.1,5.5,4.2,0.0,73.8,65.4,9.0,1.1,5.8,4.3,1,0,1.9,2.3,5.45,41.12,1,1
55,21.0,0,1.9,6.4,6.4,4.7,96.0,89.2,1.6,2.3,2.1,4.1,1,1,6.2,6.0,5.56,52.04,2,2
56,24.0,1,3.7,5.3,5.0,0.0,51.7,82.2,3.1,2.1,5.0,8.4,0,1,6.5,4.9,7.86,45.84,1,1
57,17.0,1,8.0,5.9,6.5,2.5,83.9,50.1,10.0,1.1,5.5,5.9,1,0,3.1,0.4,6.65,46.75,2,2
58,18.0,0,3.6,5.8,7.7,5.8,100.0,40.3,5.1,5.4,9.1,8.5,2,1,4.1,2.9,4.58,38.94,1,1
59,16.0,0,4.1,4.5,8.3,4.3,81.3,55.4,6.7,3.7,1.6,6.1,0,1,5.1,3.9,7.49,45.42,1,1
60,19.0,1,7.1,9.0,7.7,0.2,77.5,35.8,8.8,1.2,3.5,4.3,2,0,3.9,1.1,7.63,47.08,2,2
61,19.0,1,3.6,7.3,7.0,0.6,77.5,76.7,6.8,0.7,6.0,2.9,0,0,3.3,0.7,7.91,47.43,2,2
62,18.0,1,1.8,6.1,2.4,1.9,99.1,66.7,8.0,2.8,6.2,5.2,2,0,4.0,13.2,5.51,56.61,2,2
63,23.0,0,3.4,7.3,3.3,3.1,59.3,68.1,7.4,4.0,8.3,4.6,0,0,6.5,5.3,4.39,60.96,2,2
64,19.0,1,6.9,5.9,3.9,4.6,74.9,84.2,8.2,4.2,1.2,7.1,0,0,2.8,5.6,6.48,69.3,0,0
65,18.0,1,4.3,3.5,6.9,4.1,91.0,90.7,7.1,3.6,3.9,8.2,0,1,3.4,5.2,5.04,50.62,2,2
66,20.0,0,8.1,10.0,2.8,1.1,84.1,79.3,7.6,5.7,7.4,9.1,0,1,7.5,1.8,7.9,76.22,0,0
67,17.0,0,5.7,7.2,6.8,4.1,95.4,71.0,4.7,0.9,5.4,7.0,1,1,5.3,4.1,7.32,64.24,0,0
68,23.0,0,2.9,6.2,6.7,4.3,88.9,62.4,7.2,2.8,7.1,3.9,2,0,6.9,5.3,6.86,48.7,2,2
69,17.0,0,4.3,4.5,1.2,3.9,73.9,68.7,5.9,3.6,5.2,7.5,1,0,4.4,6.4,8.88,56.38,2,2
70,25.0,0,2.5,5.1,3.3,7.5,87.6,78.7,5.8,0.4,7.8,7.5,1,0,6.4,8.6,6.78,33.05,1,1
71,22.0,0,2.9,9.2,8.6,4.3,62.8,91.7,2.3,1.2,4.0,4.2,0,1,10.0,15.2,8.8,57.98,2,2
72,18.0,0,12.0,9.0,7.7,4.7,53.8,50.0,5.1,3.0,4.9,6.5,1,0,5.2,4.2,9.05,31.26,1,1
73,16.0,0,6.2,8.0,3.9,6.4,72.1,54.7,5.7,5.0,5.4,4.8,1,1,1.1,11.3,7.23,52.35,2,2
74,23.0,1,5.9,5.6,3.4,4.5,81.0,74.9,9.4,0.9,3.9,4.1,0,0,1.9,3.5,7.15,50.36,2,2
75,22.0,2,3.0,9.0,1.0,2.0,69.4,37.0,5.4,1.4,5.8,8.1,0,0,4.3,3.1,6.8,53.23,2,2
76,20.134890807516506,1,7.3,7.6,9.7,5.2,82.3,80.1,6.6,1.8,4.5,6.3,2,0,3.9,2.6,5.83,52.68,2,2
77,22.0,1,6.4,7.9,6.1,2.3,80.8,94.0,9.0,2.4,5.542839731870811,8.2,0,0,5.9,1.6,5.23,72.11,0,0
78,17.0,1,8.0,7.6,10.7,1.2,55.8,100.0,3.3,2.8,6.1,5.6,0,1,0.1,11.7,7.17,46.79,2,2
79,19.0,1,7.9,5.0,5.5,1.4,73.0,76.5,5.2,3.7,3.9,4.6,0,0,1.3,4.4,9.31,51.17,2,2
80,17.0,2,1.2,5.4,6.7,5.2,92.2,90.5,7.9,5.9,6.7,1.8,0,1,4.0,1.2,6.29,46.5,1,1
81,23.0,0,2.0,6.3,8.2,4.1,86.3,75.4,10.0,0.7,6.0,9.8,0,0,3.8,7.7,7.76,67.26,0,0
82,21.0,0,2.2,7.8,10.1,4.9,70.9,74.2518720906699,1.6,1.6,4.2,8.4,0,1,1.1,3.4,8.8,58.14,2,2
83,19.0,0,2.3,5.2,7.3,4.1,88.0,67.4,5.7,3.5,7.4,4.1,0,1,8.7,4.4,6.41,32.17,1,1
84,16.0,0,4.8,6.8,6.0,3.3,100.0,80.9,7.4,3.2,5.8,1.0,2,1,5.2,8.4,5.58,51.83,2,2
85,19.0,1,3.1,6.8,6.1,3.6,74.5,85.9,7.9,3.1,7.9,8.3,0,1,3.3,10.1,7.18,48.79,2,2
86,19.0,0,8.3,8.0,3.4,4.1,89.6,82.0,10.0,5.9,8.6,6.7,2,0,6.1,1.8,7.51,86.79,0,0
87,22.0,0,8.0,7.9,5.0,1.9,87.6,61.1,4.6,1.8,3.1,7.8,0,0,2.3,4.1,9.77,63.53,0,0
88,21.0,1,4.2,5.7,6.1,0.7,73.8,50.3,5.5,4.9,9.2,1.6,1,0,9.5,4.9,7.1,40.84,1,1
89,24.0,0,8.1,8.9,9.5,2.1,65.3,93.4,2.4,5.3,6.7,3.2,0,0,2.3,1.6,4.01,33.06,1,1
90,20.0,1,7.2,5.5,4.9,4.0,100.0,79.5,6.3,3.2008618067525094,6.2,5.957923664122137,1,0,3.2,2.3,4.19,53.0,2,2
91,17.0,1,3.3,8.4,8.7,1.8,94.2,76.4,7.1,10.9,5.542839731870811,4.5,0,0,8.5,4.1,7.16,72.85,0,0
92,22.0,1,0.2,6.3,5.8,6.8,76.4,91.1,10.0,2.3,6.2,4.9,2,1,2.3,9.7,7.43,43.64,1,1
93,22.0,1,3.8,7.2,9.1,3.8,95.8,90.2,9.7,2.6,1.0,1.6,1,0,3.7,2.4,6.489753023681269,74.26,0,0
94,21.0,0,2.9,7.3,7.7,3.2,87.2,81.4,9.3,7.2,3.1,5.0,2,1,3.5,6.6,5.36,60.41,2,2
95,22.0,0,4.6,7.3,7.5,1.9,95.7,86.4,4.5,4.5,1.4,6.5,0,0,0.4,4.7,6.86,68.78,0,0
96,20.0,1,4.4,7.9,8.4,4.6,56.7,65.5,6.9,4.3,5.2,7.5,0,0,5.0,4.8,3.71,45.1,1,1
97,20.0,0,4.3,7.5,8.1,0.8,74.7,84.6,6.9,2.1,8.5,6.9,1,0,6.2,5.5447261663286005,6.12,56.47,2,2
98,19.0,0,5.2,8.0,8.7,3.6,100.0,46.8,7.0,3.7,6.1,5.0,1,0,5.6,10.5,9.06,59.47,2,2
99,16.0,1,1.8,7.6,11.3,2.2,100.0,75.4,5.9,2.4,6.8,7.8,1,1,4.1,6.9,7.09,54.87,2,2
100,17.0,1,5.0,5.4,10.0,3.2,74.9,88.5,8.5,3.2,5.0,5.1,1,1,0.0,1.2,2.42,39.55,1,1
101,16.0,2,3.3,7.4,7.2,3.9,74.7,62.1,5.2,0.2,5.5,10.0,0,0,5.2,10.1,4.18,53.76,2,2
102,21.0,0,4.6,6.3,4.9,0.9,88.9,77.6,6.7,5.0,1.6,6.8,0,0,2.2,3.3,7.0,68.87,0,0
103,19.0,2,6.1,5.6,6.9,0.0,84.5,80.4,9.2,1.8,7.8,5.9,1,0,1.4,12.4,5.94,57.16,2,2
104,20.0,1,1.8,6.6,1.2,1.3,86.9,59.0,10.0,5.4,6.6,6.1,0,0,4.5,1.3,6.14,51.58,2,2
105,24.0,0,3.6,7.2,8.1,4.6,51.9,95.3,4.2,0.8,7.2,4.1,0,1,2.8,10.4,4.48,35.49,1,1
106,18.0,1,4.0,7.3,3.3,3.7,76.9,80.8,7.2,4.3,6.3,7.7,0,0,2.1,8.7,8.1,76.16,0,0
107,19.0,1,3.2,8.4,8.8,2.3,90.5,44.8,7.0,1.2,4.5,4.3,0,0,7.1,0.8,7.21,48.46,2,2
108,22.0,0,6.0,8.7,11.0,6.5,49.4,76.6,8.7,3.0,6.6,8.3,0,0,3.5,7.0,9.52,55.31,2,2
109,18.0,1,2.8,7.4,2.4,5.3,59.0,100.0,9.6,3.1,4.8,6.5,2,1,3.0,8.5,6.62,71.73,0,0
110,17.0,1,3.1,7.7,5.9,4.9,56.9,74.9,5.3,1.6,5.3,4.2,1,1,5.9,4.7,2.41,42.97,1,1
111,18.0,1,2.8,7.1,3.3,1.7,88.5,63.3,5.8,1.7,8.0,6.9,0,0,3.7,15.6,3.6,63.43,0,0
112,18.0,1,6.4,8.0,1.7,4.9,67.9,65.2,6.2,3.4,7.7,4.5,0,0,5.4,4.7,8.84,59.11,2,2
113,24.0,0,3.2,6.976601980998585,5.7,3.6,64.4,72.1,7.1,3.7,4.4,4.3,0,1,0.0,5.4,7.82,46.62,1,1
114,23.0,0,5.1,6.9,7.6,1.7,80.7,53.2,5.991217524197657,1.8,6.3,6.4,1,0,0.0,4.2,7.08,55.13,2,2
115,21.0,1,8.2,9.8,7.9,2.8,63.9,100.0,5.2,1.3,7.9,6.7,0,1,1.6,4.1,7.59,47.26,2,2
116,23.0,1,4.1,6.3,6.4,1.1,85.9,91.6,10.0,1.5,2.3,5.0,1,0,3.5,5.9,6.17,80.44,0,0
117,20.134890807516506,1,6.4,8.9,1.8,1.7,100.0,94.4,2.0,1.6,5.8,5.0,0,1,6.9,8.1,6.99,65.54,0,0
118,18.0,0,7.5,5.2,6.3,0.9,75.2,47.9,3.4,2.8,5.8,5.2,0,0,0.2,10.1,5.12,26.93,1,1
119,24.0,1,6.3,8.1,2.3,4.7,54.7,77.3,7.3,1.8,1.8,7.3,0,0,0.6,7.1,5.26,64.98,0,0
120,20.0,0,4.2,8.9,2.4,2.9,74.1,94.4,5.6,1.5,3.4,7.4,1,1,6.6,11.9,6.82,65.21,0,0
121,23.0,1,5.5,4.5,3.5,1.3,86.4,58.0,4.8,0.9,2.8,7.2,1,0,1.6,2.3,5.07,37.78,1,1
122,24.0,1,1.6,7.2,8.6,3.9,85.1,73.7,8.1,2.5,5.2,4.6,0,0,1.3,10.0,8.97,56.49,2,2
123,19.0,0,2.6,7.9,7.4,3.0,90.9,55.2,7.8,2.1,6.0,10.0,0,0,6.4,7.3,3.99,68.51,0,0
124,17.0,0,3.0,7.3,6.8,4.9,72.3,90.0,8.7,4.7,2.4,1.0,1,0,0.0,3.1,10.0,74.12,0,0
125,18.0,1,8.7,7.5,3.8,3.2,76.4,71.1,3.7,0.6,3.9,4.0,0,0,5.0,5.7,7.78,61.65,2,2
126,19.0,0,2.6,7.2,5.0,3.03210685483871,48.1,73.3,7.8,2.7,5.1,7.1,0,0,6.8,13.4,4.68,45.33,1,1
127,23.0,0,2.5,5.6,2.6,2.1,88.0,54.7,7.8,1.8,9.5,9.3,0,0,3.8,6.7,5.61,60.11,2,2
128,23.0,0,2.1,10.0,9.4,0.9,63.0,100.0,3.8,0.2,4.3,6.7,1,0,3.4,7.0,8.34,55.66,2,2
129,16.0,0,5.3,6.3,11.5,4.0,82.6,75.9,6.1,1.6,5.4,5.3,1,0,6.0,1.4,8.12,61.44,2,2
130,20.0,0,4.5,7.6,7.4,5.0,68.7,89.2,8.1,3.8,6.2,8.6,0,0,4.7,4.3,6.34,65.15,0,0
131,19.0,2,6.4,6.2,7.8,0.2,78.9,81.9,5.991217524197657,0.6,9.3,4.9,1,0,0.0,10.4,6.79,51.15,2,2
132,18.0,1,5.5,4.0,5.6,2.8,92.5,58.6,5.7,3.3,5.8,4.2,1,1,0.0,17.2,6.71,40.36,1,1
133,17.0,0,1.4,5.8,2.0,5.1,74.3,45.5,3.6,5.8,9.4,7.8,0,0,5.2,8.4,5.88,42.66,1,1
134,19.0,1,2.6,5.1,6.047861775435752,0.2,70.4,71.6,9.4,1.1,2.2,9.2,0,1,1.2,5.8,5.66,65.46,0,0
135,24.0,1,6.9,8.4,4.8,2.2,80.0,94.9,6.1,5.5,7.1,2.5,0,1,4.6,6.2,5.36,58.47,2,2
136,19.0,1,3.8,6.2,5.0,3.0,71.6,39.5,1.8,2.4,3.7,9.6,0,1,5.2,2.4,7.03,44.86,1,1
137,20.0,1,6.6,6.3,4.5,4.9,67.8,100.0,5.5,2.2,5.0,8.0,0,0,4.5,11.1,7.97,66.64,0,0
138,22.0,0,3.9,5.6,6.1,4.0,100.0,90.0,8.5,0.5,4.5,7.8,0,0,1.4,6.0,6.23,60.73,2,2
139,19.0,0,2.3,7.1,6.047861775435752,4.3,55.9,78.4,3.3,0.6,3.1,7.9,0,1,3.8,5.9,8.45,43.56,1,1
140,25.0,0,3.6,6.1,11.4,4.1,88.5,72.9,6.3,2.1,7.9,7.4,0,1,1.5,2.8,5.08,43.58,1,1
141,25.0,1,2.3,8.3,2.6,2.3,78.2,90.5,5.3,3.6,3.3,7.0,1,0,3.6,6.2,8.2,73.03,0,0
142,18.0,1,3.1,7.4,8.2,6.0,69.3,53.0,5.9,1.9,4.1,5.5,0,0,3.3,12.4,5.82,46.52,1,1
143,20.134890807516506,0,4.6,6.3,5.3,1.8,84.5,83.0,5.0,2.4,5.0,3.2,1,1,2.3,1.6,5.7,52.66,2,2
144,19.0,1,5.2,8.1,7.2,0.0,80.4,80.5,7.1,1.3,4.0,4.0,0,1,5.6,6.1,6.72,71.11,0,0
145,18.0,0,1.0,7.0,7.3,0.0,97.2,100.0,5.5,1.5,6.1,6.6,1,0,8.1,1.3,7.71,64.09,0,0
146,16.0,0,4.2,7.0,6.4,2.8,65.3,68.4,7.4,1.7,1.3,6.2,0,1,4.5,7.7,5.56,67.49,0,0
147,21.0,0,3.0,5.1,3.2,2.4,73.3,75.8,5.2,4.2,3.5,4.3,0,0,1.7,4.3,5.59,48.73,2,2
148,20.0,0,2.9,6.9,5.2,2.0,93.2,73.8,8.5,5.4,3.8,4.7,2,0,1.9,2.8,8.53,69.0,0,0
149,16.0,0,4.5,7.4,6.4,3.3,77.3,65.7,6.0,0.8,3.6,5.9,0,0,1.8,4.8,8.59,43.77,1,1
150,18.0,1,3.1,8.7,6.047861775435752,5.2,87.1,100.0,5.991217524197657,2.6,8.5,4.6,1,0,4.2,4.6,7.63,63.57,0,0
151,24.0,0,7.0,6.0,3.4,3.8,95.8,74.2518720906699,4.1,5.0,4.5,4.4,0,0,1.9,5.5447261663286005,7.6,53.35,2,2
152,18.0,1,6.6,10.0,9.2,4.2,87.3,47.7,3.5,1.1,4.4,7.8,0,0,5.1,6.6,8.2,45.12,1,1
153,17.0,1,6.6,7.7,1.0,1.1,72.1,79.4,3.6,1.6,5.9,3.7,2,0,3.7,3.1,5.98,42.83,1,1
154,20.0,1,3.2,5.0,5.4,2.1,75.4,62.0,3.1,1.1,7.7,5.9,2,1,2.6,2.3,6.68,21.2,1,1
155,25.0,0,2.3,5.9,3.7,4.3,95.9,79.6,3.6,2.7,4.1,7.1,1,0,6.7,5.9,6.22,64.11,0,0
156,18.0,1,4.4,8.8,6.5,3.2,82.0,86.4,6.0,2.0,6.1,6.2,0,0,2.5,19.5,8.26,60.76,2,2
157,21.0,1,3.9,8.6,8.5,3.9,77.4,77.6,7.6,2.4,2.7,5.2,1,1,1.9,2.6,9.22,63.18,0,0
158,22.0,1,3.0,7.0,2.5,4.1,85.0,75.4,3.0,0.6,6.2,9.5,2,0,0.7,1.4,6.86,54.14,2,2
159,18.0,0,1.8,7.2,11.9,3.3,63.3,37.9,4.2,3.7,5.4,7.9,2,1,10.0,0.9,6.53,35.01,1,1
160,22.0,1,4.1,5.5,6.5,5.8,76.9,85.1,7.8,2.3,3.2,10.0,0,1,5.4,8.3,6.92,58.51,2,2
161,19.0,0,3.4,8.7,7.0,2.0,79.0,78.5,5.7,0.2,1.7,4.9,0,0,7.1,3.8,6.89,58.72,2,2
162,21.0,0,5.6,5.7,2.4,1.5,78.8,100.0,2.2,1.3,8.1,6.4,0,0,3.6,6.4,6.2,47.81,2,2
163,21.0,1,5.5,8.1,5.9,0.0,74.9,95.5,6.1,3.4,7.5,8.2,0,0,3.0,3.2,6.45,68.27,0,0
164,20.0,1,6.4,8.8,8.4,4.3,76.0,48.3,6.8,2.8,6.7,10.0,2,1,3.2,19.8,10.0,57.51,2,2
165,17.0,0,1.7,7.1,6.5,2.0,78.5,94.1,6.7,2.6,8.3,8.3,1,1,2.7,2.6,8.01,67.74,0,0
166,23.0,1,5.0,8.3,6.4,5.3,99.0,51.6,10.0,0.9,6.7,5.2,0,0,4.050203624516392,7.3,6.42,59.12,2,2
167,19.0,1,2.7,9.4,5.9,3.4,51.4,90.0,4.3,7.4,3.4,6.1,1,0,3.8,3.8,5.94,46.38,1,1
168,18.0,1,1.8,7.3,2.6,2.4,89.1,100.0,8.4,3.2008618067525094,5.9,6.0,1,0,7.6,4.7,4.62,76.33,0,0
169,16.0,0,3.3,6.8,2.5,1.1,78.9,100.0,5.9,4.1,8.9,6.3,2,0,5.2,1.2,4.01,66.33,0,0
170,21.0,1,6.3,6.9,8.9,4.5,79.2,67.9,7.0,4.1,4.3,5.4,1,0,5.7,9.4,8.01,62.18,2,2
171,21.0,0,3.5,6.0,8.2,2.9,74.7,87.7,4.6,2.5,4.8,6.4,1,0,7.6,9.7,7.63,55.02,2,2
172,16.0,1,7.3,6.0,8.6,3.5,86.5,93.2,4.5,2.3,6.3,1.0,1,0,0.1,2.2,6.66,45.52,1,1
173,20.0,0,5.3,7.6,3.9,4.1,92.4,83.5,3.2,4.0,8.8,3.9,1,0,3.0,9.7,7.13,60.06,2,2
174,18.0,1,3.4,6.8,5.6,3.5,55.3,44.9,2.8,0.8,5.542839731870811,7.6,0,1,6.7,7.9,5.57,23.36,1,1
175,21.0,1,6.5,7.4,9.1,1.5,100.0,77.8,7.5,3.6,3.6,10.0,2,1,1.9,4.7,7.91,73.64,0,0
176,18.0,1,5.1,5.1,2.9,3.9,81.9,85.2,4.8,2.3,5.7,6.5,2,1,0.3,8.1,6.61,41.72,1,1
177,22.0,0,2.3,6.9,8.8,4.5,81.4,75.0,10.0,1.9,5.7,5.2,0,1,1.0,9.2,4.74,55.04,2,2
178,19.0,1,7.9,8.3,4.5,3.6,61.9,59.5,5.0,2.6,6.9,3.4,1,0,6.4,10.3,9.43,56.88,2,2
179,24.0,0,4.7,5.5,3.9,4.1,72.6,71.4,7.5,2.4,2.5,4.3,1,1,7.4,11.5,6.29,60.15,2,2
180,17.0,0,4.2,7.0,5.9,4.3,97.7,91.2,6.1,3.4,2.5,5.9,1,0,3.6,5.4,4.52,74.71,0,0
181,19.0,0,2.5,4.6,3.2,2.3,80.9,82.1,2.0,0.2,5.3,6.7,0,1,4.9,4.1,5.72,36.66,1,1
182,17.0,1,6.6,5.3,1.3,2.2,85.4,83.4,3.0,0.7,5.5,4.4,1,0,3.9,11.6,8.71,58.24,2,2
183,24.0,1,5.2,8.0,6.2,7.0,74.0,70.5,2.7,5.9,3.6,5.9,1,0,4.5,4.3,2.23,54.57,2,2
184,23.0,1,5.5,6.6,7.3,5.4,100.0,82.7,9.2,0.6,5.7,7.2,2,0,1.8,4.3,9.22,58.63,2,2
185,18.0,0,3.2,9.4,9.0,2.9,78.0,37.1,8.9,5.7,5.6,8.1,1,1,4.050203624516392,3.0,9.27,62.39,2,2
186,21.0,0,5.9,7.6,6.047861775435752,4.2,94.7,74.2,10.0,1.4,9.5,6.5,1,1,2.6,5.1,5.45,56.79,2,2
187,23.0,0,6.0,7.7,10.9,1.3,78.0,68.1,1.1,0.6,4.6,5.0,0,0,6.5,2.8,6.96,31.23,1,1
188,20.0,0,2.9,5.6,9.4,1.9,84.5,75.5,3.0,1.1,2.9,2.8,1,0,7.2,3.8,7.45,48.87,2,2
189,20.0,1,1.4,6.5,7.8,0.8,84.6,53.9,7.3,2.2,8.7,5.3,2,0,2.1,6.6,6.66,32.18,1,1
190,18.0,1,5.4,6.0,7.2,3.5,92.0,81.7,4.3,1.8,4.3,7.8,1,1,2.6,2.3,7.86,63.69,0,0
191,17.0,0,1.1,5.6,9.1,3.5,89.6,100.0,7.5,1.9,6.4,6.5,1,0,5.1,8.3,7.5,55.52,2,2
192,24.0,1,4.5,7.9,1.0,5.0,73.8,76.5,5.0,0.9,8.0,7.1,1,0,9.0,4.8,6.76,66.5,0,0
193,24.0,1,3.3,8.1,4.8,2.6,95.1,75.8,4.8,3.3,9.2,7.8,2,1,6.7,5.5447261663286005,6.47,56.62,2,2
194,21.0,0,6.6,7.5,1.4,4.9,67.1,100.0,2.0,0.8,5.8,8.8,1,0,7.0,1.6,7.26,61.88,2,2
195,19.0,1,3.4,5.9,7.7,4.2,64.6,57.9,4.7,3.0,2.9,7.3,2,1,0.7,16.0,6.19,38.27,1,1
196,19.0,0,6.4,7.4,4.1,7.4,76.2,83.9,6.8,1.9,6.4,6.9,0,0,8.1,5.0,6.98,59.3,2,2
197,22.0,0,3.2,4.5,13.5,6.0,85.1,100.0,3.8,3.1,5.2,1.0,2,1,2.6,8.5,4.02,19.64,1,1
198,24.0,0,6.2,8.7,4.7,5.7,66.7,68.0,6.2,0.4,3.2,7.3,2,0,2.5,5.1,5.98,52.36,2,2
199,24.0,1,8.3,5.3,6.3,4.5,79.0,90.4,3.7,3.3,7.6,10.0,0,0,6.3,3.3,6.02,50.5,2,2
200,22.0,1,2.1,5.5,5.0,1.4,62.0,78.0,4.3,2.5,7.4,3.0,2,0,5.9,3.8,6.39,37.76,1,1
201,21.0,0,4.219583121504829,7.1,4.8,3.5,76.5,55.7,4.4,0.4,8.5,8.3,1,0,5.6,4.8,5.74,50.57,2,2
202,17.0,1,9.7,7.3,2.9,7.0,92.6,72.0,7.0,2.6,6.0,8.5,0,0,6.1,1.9,4.34,54.17,2,2
203,18.0,1,4.3,6.9,2.8,3.9,69.0,74.4,7.9,4.4,1.9,6.7,0,0,3.7,13.1,3.86,60.05,2,2
204,24.0,1,4.3,5.6,1.0,1.5,64.1,63.6,10.0,1.9,9.6,2.7,1,0,6.8,10.8,5.4,44.0,1,1
205,21.0,1,5.8,8.5,7.4,3.6,84.9,46.1,7.7,0.2,2.4,2.9,0,0,6.9,4.3,6.489753023681269,56.25,2,2
206,16.0,1,4.3,4.8,4.9,1.2,69.8,67.6,6.8,3.4,3.5,6.4,0,0,7.8,3.4,6.22,46.13,1,1
207,17.0,0,0.8,5.1,10.8,1.5,100.0,48.1,9.9,2.2,4.3,9.4,2,0,6.5,8.1,6.87,46.31,1,1
208,21.0,1,6.5,6.9,2.9,3.7,82.5,84.8,6.6,5.7,6.8,2.3,0,0,0.2,1.1,3.66,53.52,2,2
209,16.0,1,0.2,5.4,9.7,4.3,93.3,84.9,7.4,1.1,4.8,5.4,0,0,3.2,2.0,8.66,43.52,1,1
210,18.0,1,3.4,8.6,9.9,1.6,62.9,52.1,8.1,6.1,6.9,7.6,1,0,3.5,13.4,5.25,49.28,2,2
211,20.0,2,6.6,5.5,9.2,2.0,85.9,76.5,6.4,3.4,3.0,5.1,2,0,4.5,2.0,9.07,66.67,0,0
212,22.0,1,3.5,9.0,6.6,0.4,66.9,50.8,5.9,5.5,5.0,5.5,2,0,5.3,2.7,7.82,62.26,2,2
213,21.0,1,2.8,8.3,5.2,2.8,77.7,68.5,5.6,0.4,7.5,5.957923664122137,1,0,3.7,6.5,6.7,64.68,0,0
214,18.0,0,6.0,8.6,9.2,0.0,70.2,63.0,4.7,2.4,8.0,7.4,1,1,5.4,1.0,3.8,44.51,1,1
215,22.0,0,2.5,9.5,4.0,2.5,93.5,83.6,4.9,1.3,7.3,7.1,0,1,4.4,3.4,5.93,53.04,2,2
216,18.0,0,1.8,7.1,6.7,3.1,84.2,45.9,8.3,15.0,6.5,3.3,0,0,1.2,1.4,6.08,45.19,1,1
217,19.0,0,4.7,5.7,5.9,0.0,81.5,92.7,3.6,5.2,4.1,4.6,0,0,0.0,6.6,6.64,65.87,0,0
218,22.0,1,3.8,6.9,3.8,1.2,97.7,97.1,6.3,1.9,3.7,6.3,1,0,1.3,4.7,5.5,78.76,0,0
219,21.0,0,1.7,6.3,6.7,2.9,80.2,72.4,5.9,1.6,7.2,6.0,2,1,0.6,2.9,5.38,40.95,1,1
220,23.0,1,5.5,6.1,7.9,2.6,93.4,50.8,2.9,1.0,5.7,6.7,0,0,0.0,5.2,5.3,36.37,1,1
221,21.0,0,5.1,7.2,3.7,2.7,100.0,37.3,7.8,0.1,3.5,9.2,1,0,6.1,4.8,5.0,70.28,0,0
222,21.0,0,3.5,6.6,7.2,3.5,81.8,94.7,3.1,0.6,5.542839731870811,6.0,0,0,7.9,2.4,6.57,56.62,2,2
223,17.0,2,3.6,6.0,1.0,0.0,83.4,100.0,4.4,5.6,4.2,7.1,0,0,2.6,4.3,4.65,58.77,2,2
224,19.0,1,5.1,6.7,3.4,4.3,92.4,75.8,5.8,3.9,8.6,1.0,0,0,5.3,4.2,4.88,55.79,2,2
225,18.0,1,6.6,7.7,4.9,2.4,98.7,54.1,9.3,4.0,4.4,4.9,2,1,8.1,4.4,8.52,76.56,0,0
226,18.0,0,3.6,8.2,6.9,1.9,81.7,55.3,7.1,3.3,4.1,7.3,1,0,5.5,10.2,5.33,63.03,2,2
227,25.0,0,5.5,4.9,8.2,0.0,71.7,96.3,6.7,7.3,4.2,4.7,2,0,1.7,7.5,6.59,50.82,2,2
228,19.0,0,5.3,6.6,6.2,2.5,91.3,78.0,9.0,2.0,4.8,3.9,0,0,3.8,10.2,8.97,68.09,0,0
229,24.0,1,6.0,6.8,7.4,3.9,87.4,57.6,5.4,6.7,6.8,10.0,2,0,0.9,2.0,7.92,68.2,0,0
230,21.0,1,4.3,5.5,5.6,3.3,91.1,100.0,10.0,6.9,5.2,7.6,0,0,1.8,5.2,7.94,83.77,0,0
231,23.0,0,2.4,6.8,7.0,3.3,89.1,93.8,7.1,2.3,9.1,4.8,2,1,2.2,3.4,6.68,53.55,2,2
232,20.0,1,3.3,7.2,6.9,2.4,82.7,84.9,6.3,2.9,5.3,8.5,1,0,0.0,2.5,6.489753023681269,62.48,2,2
233,21.0,0,4.9,7.7,4.7,2.9,83.4,65.0,2.0,9.6,3.2,5.1,0,1,4.0,8.9,8.13,60.98,2,2
234,20.0,1,7.8,7.1,5.1,1.0,89.1,97.3,8.1,4.9,6.0,3.0,0,0,0.0,1.1,4.55,60.82,2,2
235,18.0,0,3.2,5.9,7.5,3.0,61.2,90.9,7.2,3.6,10.0,4.8,0,0,3.8,5.1,5.86,41.49,1,1
236,22.0,0,5.8,9.6,10.5,2.1,97.3,73.1,5.5,0.9,5.5,4.3,1,0,4.9,1.6,5.06,41.65,1,1
237,18.0,0,3.5,8.1,9.0,1.0,85.8,94.6,4.9,2.8,1.7,4.6,2,0,5.2,10.0,6.75,66.64,0,0
238,16.0,1,4.4,7.7,3.2,4.4,69.0,93.8,10.0,3.7,3.6,3.6,2,0,4.050203624516392,3.5,5.87,69.9,0,0
239,21.0,0,7.2,8.3,6.047861775435752,0.2,82.4,79.9,4.2,4.2,6.2,6.0,2,0,5.1,6.5,6.75,65.49,0,0
240,18.0,1,5.7,7.3,4.7,3.9,97.1,54.4,6.8,0.8,1.3,7.5,0,0,7.6,3.9,7.54,76.48,0,0
241,24.0,0,1.7,8.7,6.2,4.1,83.8,56.6,6.1,7.8,9.1,5.6,1,0,7.2,17.2,8.2,54.36,2,2
242,25.0,1,3.1,7.1,6.1,2.1,70.5,46.5,7.5,0.8,4.6,5.5,2,0,3.3,4.8,7.15,53.69,2,2
243,24.0,1,6.7,7.0,9.1,4.9,63.4,98.8,1.8,1.7,1.0,6.9,1,0,2.1,3.4,6.67,55.47,2,2
244,19.0,1,4.5,7.8,9.2,2.0,100.0,48.7,7.5,7.2,10.0,5.5,2,0,8.9,1.7,4.96,51.77,2,2
245,16.0,1,1.9,9.0,6.0,1.9,57.4,74.2518720906699,9.5,6.2,8.7,5.957923664122137,0,1,3.6,1.1,4.41,54.54,2,2
246,24.0,2,2.6,9.0,5.4,0.8,84.4,46.4,1.8,3.8,4.2,5.6,1,0,2.9,2.2,7.14,57.15,2,2
247,19.0,1,5.6,7.8,7.3,3.0,72.4,100.0,3.9,1.4,3.5,8.1,0,0,6.8,9.0,4.8,67.53,0,0
248,25.0,0,6.2,7.7,8.7,1.3,93.6,54.1,7.2,1.3,5.3,5.8,0,0,5.5,1.6,9.0,62.24,2,2
249,25.0,2,4.2,7.9,7.4,1.6,64.2,80.8,5.7,2.2,9.1,4.1,1,0,7.0,5.5447261663286005,7.07,60.7,2,2
250,23.0,1,9.2,8.3,4.9,2.9,100.0,46.8,7.5,2.1,5.5,7.9,0,1,4.7,13.0,5.66,60.96,2,2
251,19.0,0,5.8,8.7,4.5,3.0,78.4,90.7,7.6,1.4,2.4,9.3,2,0,7.3,2.7,4.93,80.35,0,0
252,19.0,1,3.7,6.7,3.2,5.3,77.1,74.2518720906699,6.5,4.6,8.3,4.3,0,0,2.8,4.2,6.71,51.22,2,2
253,23.0,1,2.6,8.7,6.5,4.7,75.9,75.3,9.9,1.6,6.6,7.6,0,0,2.2,9.3,9.04,76.92,0,0
254,19.0,1,2.3,7.4,7.6,4.0,72.3,73.8,7.7,5.5,2.4,3.6,1,0,1.2,7.8,6.2,56.32,2,2
255,18.0,0,4.9,7.8,7.8,2.7,75.2,89.6,3.1,1.3,4.0,1.8,1,0,9.1,2.1,5.51,47.04,2,2
256,20.0,1,3.2,8.8,6.047861775435752,2.3,89.3,64.0,7.5,1.9,5.1,7.8,1,0,1.5,12.3,9.0,63.26,0,0
257,24.0,0,7.5,8.0,9.7,3.0,57.6,94.6,5.9,2.7,5.2,7.0,1,1,2.7,5.5,6.13,57.51,2,2
258,22.0,0,7.1,8.2,2.6,2.0,70.3,80.3,7.2,1.5,7.5,6.5,0,0,4.9,5.5,3.58,60.91,2,2
259,21.0,0,5.5,6.5,7.0,1.7,99.4,46.7,8.6,0.8,5.542839731870811,6.2,0,0,5.5,1.2,7.92,64.43,0,0
260,17.0,1,1.8,8.9,7.1,2.9,78.8,100.0,9.6,5.0,6.3,8.0,2,0,7.6,0.3,4.56,63.69,0,0
261,21.0,0,2.9,7.9,5.8,1.4,72.6,78.3,6.2,3.3,7.9,4.4,1,0,2.0,3.7,4.17,53.44,2,2
262,25.0,0,6.7,7.2,3.9,1.5,63.4,68.9,7.8,6.8,6.5,9.3,1,0,0.0,8.6,6.489753023681269,70.94,0,0
263,17.0,0,3.1,8.4,9.6,4.7,64.8,78.0,3.6,4.9,3.3,7.5,1,1,5.3,9.3,5.34,53.24,2,2
264,20.0,2,6.4,10.0,4.5,0.5,92.8,62.1,5.0,1.7,5.6,3.3,1,1,9.8,6.7,6.95,61.99,2,2
265,23.0,0,5.1,5.5,6.047861775435752,1.1,69.3,72.2,4.8,7.2,4.4,3.9,1,0,4.4,8.2,5.54,53.26,2,2
266,22.0,1,4.3,6.0,6.1,5.3,90.5,89.2,8.3,4.2,8.0,3.9,1,0,3.4,1.4,3.73,41.77,1,1
267,22.0,1,2.8,10.0,5.4,2.3,67.3,87.4,9.8,0.7,4.0,7.3,2,0,8.3,0.5,7.69,61.27,2,2
268,22.0,1,4.0,7.6,10.6,5.5,78.4,86.2,10.0,4.8,6.3,6.8,1,0,4.9,1.7,5.55,64.32,0,0
269,19.0,1,4.6,7.2,7.2,0.9,79.1,64.2,7.9,1.2,4.1,4.7,1,0,1.7,6.1,5.8,52.64,2,2
270,19.0,1,6.3,6.8,5.2,3.1,70.2,59.5,8.5,7.1,1.9,6.0,2,1,0.0,2.0,5.81,61.8,2,2
271,23.0,1,2.4,8.6,5.5,4.4,81.0,82.0,2.2,3.4,5.7,8.2,1,0,0.0,0.8,5.64,58.19,2,2
272,23.0,1,3.7,10.0,5.5,1.4,52.5,88.9,2.1,1.5,6.2,7.8,1,0,1.6,2.5,6.89,50.34,2,2
273,23.0,2,4.3,6.1,11.5,6.0,78.8,61.8,4.1,2.8,7.8,6.2,1,1,5.0,4.0,6.0,46.24,1,1
274,24.0,1,5.5,6.9,7.7,2.3,85.8,70.9,3.2,0.9,7.1,7.6,1,1,4.6,5.3,5.44,57.36,2,2
275,20.0,0,2.4,6.5,2.5,3.9,69.1,82.1,7.1,1.6,2.8,9.7,0,0,0.0,1.9,7.66,68.9,0,0
276,20.0,0,1.6,8.0,5.4,1.8,82.8,73.3,9.8,0.8,5.4,7.4,1,1,4.7,5.4,7.55,60.43,2,2
277,23.0,0,5.5,8.6,5.9,5.7,82.0,74.2518720906699,6.0,3.2008618067525094,3.2,2.8,1,1,3.2,2.8,5.54,41.4,1,1
278,21.0,0,1.2,9.1,3.2,3.5,82.5,51.5,4.6,1.9,3.7,6.1,1,1,10.0,3.9,6.24,44.89,1,1
279,22.0,1,6.8,8.0,1.5,6.8,62.5,48.8,6.7,1.2,6.2,7.1,0,1,2.6,5.4,6.4,42.02,1,1
280,23.0,1,3.9,10.0,7.5,5.1,81.2,94.7,4.4,1.2,6.6,8.5,0,1,0.0,5.9,8.23,65.05,0,0
281,24.0,1,1.1,6.3,4.0,4.5,57.6,86.1,4.8,1.0,2.0,5.0,1,0,4.050203624516392,0.5,7.68,39.77,1,1
282,19.0,1,3.2,5.9,9.1,1.3,71.8,76.6,5.6,3.8,6.2,8.3,0,1,5.6,6.1,0.0,45.89,1,1
283,19.0,0,5.0,8.9,6.0,3.2,79.9,69.0,6.9,7.8,6.2,5.3,0,0,7.6,6.2,5.19,61.96,2,2
284,17.0,0,3.1,7.2,4.8,2.4,82.7,83.5,2.3,3.8,3.0,4.4,0,0,3.0,6.0,6.9,51.6,2,2
285,21.0,1,4.2,5.2,1.0,3.0,64.3,78.4,1.5,2.0,5.2,3.3,0,1,9.4,1.4,8.94,46.54,1,1
286,16.0,1,5.7,6.6,9.1,3.3,76.3,80.4,4.1,3.4,3.2,4.0,1,0,4.9,1.4,7.97,53.35,2,2
287,20.0,1,3.8,7.3,6.7,1.4,90.3,73.8,7.1,0.8,1.5,6.3,2,0,2.3,5.5447261663286005,7.22,64.81,0,0
288,20.0,1,2.3,6.2,4.9,2.7,67.3,84.6,5.991217524197657,5.1,7.8,6.0,0,1,5.2,8.1,4.96,43.79,1,1
289,18.0,0,3.6,5.7,3.8,2.8,52.0,91.5,10.0,1.9,7.5,4.9,1,0,1.5,5.2,6.23,44.82,1,1
290,21.0,1,7.0,6.7,10.0,1.2,86.9,91.3,7.9,1.0,5.1,6.0,0,0,2.4,0.3,8.68,65.21,0,0
291,16.0,0,7.6,5.6,3.3,4.4,67.8,83.2,7.5,1.5,6.5,7.8,1,1,0.5,2.0,6.19,56.13,2,2
292,16.0,1,0.2,7.8,5.1,3.4,71.7,74.9,7.9,2.1,3.0,10.0,0,0,2.9,3.9,4.95,56.94,2,2
293,23.0,1,6.4,4.5,7.4,4.5,81.7,83.0,6.9,2.8,7.4,5.7,2,0,6.1,1.4,7.69,46.37,1,1
294,19.0,0,4.219583121504829,7.1,9.6,3.9,81.0,96.5,7.1,2.4,5.9,9.7,0,0,3.1,5.4,6.24,69.44,0,0
295,17.0,0,6.0,7.7,5.5,0.0,93.3,72.2,8.7,5.3,2.8,6.1,0,0,5.4,3.1,5.83,87.2,0,0
296,20.0,2,3.1,6.9,4.2,1.5,76.9,70.1,8.2,3.7,6.2,4.5,2,0,5.5,7.6,7.36,62.08,2,2
297,22.0,0,0.7,8.4,5.7,6.0,80.9,83.9,6.7,6.1,6.3,9.2,0,0,4.9,10.8,5.47,62.66,2,2
298,18.0,1,5.4,5.2,8.3,4.4,58.0,88.3,10.0,3.5,4.4,4.5,1,0,2.5,6.3,8.29,63.48,0,0
299,21.0,1,2.3,6.1,8.8,0.1,88.2,73.2,6.2,1.5,2.2,5.7,0,0,1.8,0.6,4.67,52.94,2,2
300,17.0,0,1.4,6.6,2.6,3.8,71.0,83.1,5.991217524197657,2.4,4.4,5.1,0,0,3.4,4.1,8.27,61.97,2,2
301,16.0,0,1.6,7.9,6.3,1.5,100.0,59.9,2.7,1.2,8.0,10.0,1,0,7.8,1.2,6.07,59.38,2,2
302,20.0,1,5.4,7.3,2.4,0.0,77.2,74.8,4.4,0.3,7.0,4.6,1,0,7.1,2.7,4.26,50.88,2,2
303,20.0,1,4.5,9.8,8.2,6.0,85.5,100.0,8.6,5.3,6.2,4.0,0,0,5.8,2.4,7.74,57.23,2,2
304,21.0,2,5.8,6.0,7.1,3.1,88.3,85.9,5.9,3.2,4.0,9.2,0,0,1.6,6.0,8.08,56.08,2,2
305,22.0,1,5.5,5.2,3.7,3.4,78.8,63.4,7.1,5.2,4.2,5.1,2,0,3.8,3.3,3.96,44.48,1,1
306,25.0,0,3.4,9.3,9.8,0.7,85.7,65.8,6.2,5.2,3.5,2.9,0,0,7.3,0.2,5.81,55.02,2,2
307,20.0,0,4.1,5.1,6.8,0.9,100.0,52.6,3.4,11.6,5.9,8.2,0,0,4.1,2.8,6.01,58.29,2,2
308,19.0,1,3.2,7.9,6.6,0.1,70.2,100.0,5.4,1.4,6.0,3.8,1,0,6.4,3.6,5.92,54.29,2,2
309,23.0,0,3.8,5.7,5.6,5.6,50.8,57.1,4.2,2.2,8.0,5.3,0,1,1.7,3.7,5.95,32.15,1,1
310,18.0,1,2.3,4.3,6.0,0.0,63.1,29.5,5.0,3.9,2.2,7.6,2,0,1.4,9.0,7.77,29.7,1,1
311,20.0,2,5.0,6.5,5.0,5.9,93.0,49.7,4.0,3.1,5.0,6.7,0,0,1.6,13.6,4.88,47.81,2,2
312,17.0,1,6.4,8.2,4.1,1.2,73.8,76.0,7.1,1.2,4.0,4.4,2,0,0.0,4.5,5.32,58.41,2,2
313,16.0,2,2.6,5.4,9.1,0.8,100.0,62.1,7.8,0.9,5.6,5.6,0,0,1.9,4.7,6.48,53.11,2,2
314,25.0,1,6.8,7.7,4.8,2.9,89.5,77.3,6.1,10.5,7.0,4.1,1,0,3.7,2.0,8.89,70.85,0,0
315,23.0,0,4.4,8.0,4.7,1.8,71.5,81.1,1.6,2.5,4.0,8.6,0,1,4.0,4.1,3.58,55.29,2,2
316,22.0,0,4.7,5.3,5.7,3.2,69.9,63.8,3.0,0.7,7.1,6.7,2,0,2.0,3.2,4.81,22.38,1,1
317,19.0,1,4.219583121504829,6.7,9.6,1.4,74.2,58.4,7.4,0.7,6.8,1.5,1,1,3.0,5.4,9.24,39.13,1,1
318,18.0,1,0.6,9.1,8.8,2.4,53.2,91.4,4.3,6.7,4.8,1.0,2,0,0.0,13.8,7.42,33.73,1,1
319,17.0,0,4.5,7.8,5.0,1.6,83.6,80.4,4.3,6.5,7.6,7.3,0,1,6.7,7.9,7.08,74.49,0,0
320,18.0,1,5.8,6.7,9.1,4.6,89.0,26.8,6.2,6.5,6.6,6.2,0,1,3.1,4.2,6.2,36.95,1,1
321,20.0,0,2.9,7.5,6.3,3.9,67.4,47.3,4.3,0.8,4.0,7.9,1,1,3.8,7.1,3.88,37.19,1,1
322,22.0,1,7.5,6.1,3.9,3.4,59.8,42.7,1.3,3.0,3.8,3.1,0,0,0.0,4.7,6.86,29.43,1,1
323,21.0,2,5.7,8.4,6.047861775435752,4.9,68.2,72.1,4.0,6.1,7.4,5.9,1,0,5.8,4.0,4.8,48.78,2,2
324,18.0,1,2.4,8.4,9.4,3.5,93.0,78.7,5.1,0.2,4.3,7.2,1,1,4.6,3.1,8.76,62.02,2,2
325,25.0,1,4.219583121504829,7.2,11.2,3.3,90.4,71.9,4.8,4.4,7.0,3.4,0,0,3.3,5.3,7.69,52.68,2,2
326,22.0,1,9.2,7.3,6.8,2.8,82.8,63.7,7.5,4.1,3.1,3.8,1,0,1.9,2.6,8.2,57.65,2,2
327,20.0,1,1.7,5.7,4.6,1.7,100.0,93.4,6.2,2.0,7.7,5.957923664122137,0,0,5.1,2.9,6.21,59.45,2,2
328,21.0,1,5.3,5.2,5.7,1.7,58.0,80.8,6.0,3.3,2.0,10.0,1,0,1.5,3.5,3.95,48.71,2,2
329,19.0,0,3.6,6.5,4.1,3.3,79.81730107309173,58.6,8.5,0.7,2.0,4.9,2,0,6.8,5.8,10.0,57.75,2,2
330,18.0,0,4.219583121504829,6.9,4.5,4.8,87.3,59.8,2.6,2.3,4.5,7.5,2,0,7.5,0.8,4.94,39.22,1,1
331,19.0,0,4.219583121504829,8.4,4.2,4.0,90.3,61.3,9.4,0.9,8.3,8.1,0,0,1.6,7.6,8.19,58.66,2,2
332,22.0,0,3.4,8.2,5.8,4.0,90.4,68.7,9.6,0.6,7.8,5.2,1,0,5.0,3.2,6.92,67.36,0,0
333,16.0,1,6.4,7.2,6.3,1.0,89.4,75.6,5.7,4.5,7.0,6.4,0,0,1.7,5.0,3.49,58.89,2,2
334,17.0,0,8.6,8.5,5.6,3.9,97.2,82.4,5.1,3.2008618067525094,6.7,1.6,2,1,0.0,3.5,3.55,40.68,1,1
335,16.0,1,4.3,5.8,5.4,2.3,89.9,60.2,9.0,3.8,3.9,10.0,1,0,2.4,6.3,4.23,67.71,0,0
336,16.0,0,5.8,8.4,7.9,3.3,79.81730107309173,50.6,5.4,0.9,2.3,6.2,1,0,3.3,16.1,4.65,50.0,2,2
337,23.0,1,3.0,6.0,5.4,4.0,74.1,82.1,6.8,1.4,8.4,5.6,2,1,1.1,9.6,8.13,41.22,1,1
338,22.0,1,4.2,8.6,5.6,0.9,58.0,89.9,6.6,2.1,8.0,3.0,0,0,4.7,15.4,9.03,56.93,2,2
339,20.0,1,3.8,7.0,5.6,3.3,93.0,100.0,7.1,5.5,3.4,4.6,1,1,4.8,0.6,5.18,74.17,0,0
340,17.0,0,5.8,4.4,9.9,3.4,95.5,82.3,3.6,1.4,5.9,10.0,0,0,7.9,4.1,7.89,46.55,1,1
341,20.0,1,6.6,7.9,4.8,4.8,64.1,61.9,7.0,1.1,5.1,5.6,0,1,5.5,3.5,3.13,51.33,2,2
342,20.0,0,4.0,8.1,7.5,2.1,75.1,86.0,4.1,1.1,3.2,4.6,0,0,7.1,3.0,6.7,62.35,2,2
343,18.0,1,7.3,6.976601980998585,4.1,2.9,57.2,72.3,4.7,2.6,2.4,4.8,2,0,3.4,5.1,4.77,52.34,2,2
344,20.0,0,7.3,6.5,6.9,3.3,78.4,50.8,8.0,7.5,6.1,1.0,2,0,5.2,4.2,7.1,43.28,1,1
345,19.0,0,5.9,6.8,7.4,2.1,69.2,74.1,4.9,1.2,5.1,5.9,1,1,5.0,0.7,5.9,53.55,2,2
346,21.0,1,3.2,4.5,8.7,2.0,64.8,80.1,4.6,1.1,4.5,6.8,0,0,1.9,3.4,8.05,40.83,1,1
347,21.0,0,3.0,3.9,5.0,2.0,79.7,100.0,6.4,4.0,5.3,4.0,0,0,4.4,2.5,5.78,36.13,1,1
348,16.0,0,2.6,8.7,3.2,2.8,100.0,76.3,9.0,3.2,5.3,6.6,1,0,5.7,6.0,5.53,71.45,0,0
349,19.0,0,6.1,5.9,4.0,6.1,90.3,60.3,10.0,1.7,6.2,6.6,0,0,4.3,8.8,6.99,57.48,2,2
350,21.0,0,1.8,9.4,8.4,2.8,76.7,41.0,8.5,0.7,8.2,1.0,2,0,4.3,3.5,8.51,20.43,1,1
351,20.0,0,5.6,8.8,11.2,3.9,79.4,52.9,8.5,2.4,7.6,6.5,0,0,1.9,4.7,6.14,45.14,1,1
352,23.0,0,2.0,9.0,8.1,3.1,100.0,74.2518720906699,5.9,0.6,7.2,7.1,0,0,8.9,1.5,3.76,45.41,1,1
353,20.134890807516506,1,5.8,6.2,2.8,2.4,96.4,100.0,10.0,6.5,4.5,3.9,2,0,2.3,3.0,5.38,76.43,0,0
354,18.0,0,4.2,4.9,8.0,3.0,76.0,71.6,6.4,4.0,4.0,7.6,0,0,3.1,8.1,7.16,45.44,1,1
355,17.0,1,6.9,5.6,3.6,4.4,86.5,73.4,5.9,0.9,4.0,3.4,2,0,7.5,7.8,5.84,47.36,2,2
356,21.0,1,6.5,6.4,5.1,2.9,67.0,94.8,6.8,0.7,7.4,6.3,2,0,7.8,5.5,7.4,61.54,2,2
357,16.0,0,7.1,3.9,6.5,2.7,80.3,85.8,6.6,0.6,7.2,6.3,1,0,3.4,4.1,7.89,32.49,1,1
358,21.0,1,7.1,6.4,6.9,2.6,89.9,70.3,3.1,5.7,1.7,8.2,2,0,3.8,4.2,5.65,62.01,2,2
359,24.0,1,4.5,6.7,6.2,1.2,93.3,95.6,4.5,9.8,7.7,7.2,2,0,6.6,2.0,7.65,74.26,0,0
360,21.0,0,1.9,5.3,4.5,4.9,71.7,62.7,6.8,2.5,6.1,5.4,0,0,6.7,2.6,4.01,32.01,1,1
361,19.0,0,2.1,5.6,8.6,2.2,93.0,80.1,4.3,5.9,5.5,10.0,0,0,4.9,7.6,7.03,58.04,2,2
362,21.0,0,0.0,6.7,4.7,5.6,81.9,52.4,7.4,6.4,7.9,9.2,1,0,5.7,15.7,7.51,49.42,2,2
363,20.0,2,2.0,7.5,9.1,3.4,76.2,79.7,6.1,2.6,6.1,3.9,1,0,4.6,4.0,6.95,52.6,2,2
364,20.0,0,4.3,5.8,2.6,5.5,100.0,93.3,8.1,2.5,3.5,5.4,2,0,0.0,2.4,9.65,69.92,0,0
365,24.0,1,3.1,7.4,6.5,2.6,75.3,90.7,5.7,2.9,3.8,5.7,1,0,6.2,2.4,6.65,71.08,0,0
366,19.0,1,3.8,7.2,2.9,1.7,65.6,91.2,7.1,3.5,6.0,2.7,1,0,4.050203624516392,7.1,7.7,60.08,2,2
367,25.0,0,5.2,7.1,3.9,4.9,71.3,100.0,2.0,5.8,5.9,4.0,0,0,1.4,6.9,5.81,62.41,2,2
368,24.0,1,3.6,6.2,4.7,2.0,89.4,70.2,2.5,2.3,6.9,7.4,1,0,3.4,9.0,7.75,57.58,2,2
369,18.0,0,2.0,5.3,9.8,5.3,67.2,58.7,4.2,3.9,10.0,6.2,2,1,2.6,1.6,7.45,22.48,1,1
370,16.0,0,4.1,9.2,9.3,4.0,90.8,83.2,6.7,5.1,8.3,3.3,1,0,2.5,2.0,7.46,47.04,2,2
371,17.0,1,2.4,7.8,8.2,5.6,68.9,59.2,4.3,3.9,3.5,5.6,1,0,9.2,4.4,10.0,73.75,0,0
372,16.0,0,3.7,8.3,6.1,1.2,79.0,54.6,7.6,0.4,5.6,3.7,0,0,6.8,8.9,5.61,45.84,1,1
373,17.0,0,6.9,6.9,6.5,4.7,100.0,70.5,6.9,3.8,4.9,4.8,1,0,5.0,6.5,5.78,71.85,0,0
374,22.0,1,3.7,6.8,9.2,1.7,68.5,100.0,5.0,3.7,6.1,10.0,1,0,6.6,5.0,2.67,57.29,2,2
375,17.0,2,7.7,7.6,7.8,0.0,53.7,87.4,6.5,3.0,3.3,6.5,0,0,8.3,4.0,5.05,56.14,2,2
376,19.0,0,7.1,4.6,6.0,4.6,97.8,81.8,5.0,5.1,2.3,7.7,0,0,1.7,3.3,5.3,56.91,2,2
377,23.0,1,3.0,6.976601980998585,9.7,3.0,61.8,44.9,6.7,3.3,2.5,8.2,1,0,2.9,11.5,7.39,47.64,2,2
378,16.0,0,2.0,6.0,8.0,4.7,69.4,63.8,4.9,4.7,1.0,6.5,0,0,5.1,13.7,4.39,33.29,1,1
379,23.0,0,4.1,6.4,6.6,3.2,89.5,100.0,6.9,1.8,3.9,6.4,2,1,4.1,3.2,7.9,73.23,0,0
380,18.0,0,6.5,5.9,4.9,3.0,89.0,70.1,9.0,4.6,10.0,7.4,1,1,3.0,2.7,6.14,58.9,2,2
381,17.0,0,3.2,7.4,4.6,5.7,49.1,100.0,3.3,3.9,4.5,6.2,0,0,6.6,0.8,4.44,49.13,2,2
382,22.0,0,6.0,7.1,5.2,3.2,75.5,83.1,4.5,1.7,6.2,6.5,0,1,3.4,15.3,6.08,54.95,2,2
383,21.0,1,6.6,8.8,7.1,2.1,91.1,72.3,4.6,3.0,5.542839731870811,5.8,2,1,0.8,6.0,8.57,63.01,2,2
384,23.0,0,2.7,10.0,8.1,2.8,100.0,69.3,6.7,2.4,3.7,4.9,0,0,7.5,2.0,5.48,57.54,2,2
385,22.0,0,2.8,5.4,2.4,3.3,63.9,73.8,7.8,2.8,3.3,2.3,1,0,7.9,5.3,5.04,37.88,1,1
386,23.0,1,5.6,7.2,1.1,0.0,93.9,48.9,2.2,0.7,4.1,3.9,1,0,9.0,20.7,8.13,66.06,0,0
387,18.0,1,4.5,7.2,3.6,3.9,71.4,92.5,5.6,2.9,5.4,5.3,1,1,8.9,5.0,7.09,62.92,2,2
388,18.0,2,2.8,7.0,5.0,5.4,93.5,83.0,6.1,3.9,7.9,5.5,1,1,3.3,1.8,5.94,60.61,2,2
389,22.0,1,3.5,5.6,9.0,2.9,66.5,70.4,7.9,6.1,8.5,8.6,1,1,3.1,2.6,5.3,49.34,2,2
390,23.0,0,4.1,5.8,5.3,2.2,77.0,73.0,4.0,0.3,7.0,6.6,0,1,0.0,1.5,7.91,50.47,2,2
391,25.0,0,1.1,7.3,6.6,3.7,85.0,89.6,7.6,3.4,7.1,6.7,1,0,1.6,6.2,4.81,49.25,2,2
392,19.0,0,5.7,5.8,7.0,6.1,92.4,100.0,6.6,3.0,4.7,2.8,0,0,4.9,3.6,5.92,55.37,2,2
393,19.0,0,3.2,7.2,3.4,3.8,87.4,100.0,9.9,2.1,10.0,5.5,1,0,0.1,3.2,7.3,71.15,0,0
394,22.0,0,0.0,6.7,9.6,3.4,74.4,78.3,10.0,0.8,3.8,3.8,0,0,5.5,0.6,7.4,34.6,1,1
395,19.0,1,4.2,7.2,4.3,2.3,73.5,60.2,7.8,0.7,5.4,9.9,1,0,5.1,3.1,4.89,62.07,2,2
396,24.0,0,2.7,5.8,9.9,1.1,100.0,47.4,5.4,0.8,4.6,3.9,0,1,2.1,5.8,2.57,44.05,1,1
397,23.0,1,7.6,7.2,5.7,3.0,83.6,77.2,7.1,0.7,7.7,7.0,1,0,5.5,8.4,8.15,55.4,2,2
398,19.0,0,3.0,5.9,5.2,3.1,73.8,60.9,7.3,2.1,4.5,10.0,1,0,5.6,1.6,5.92,64.91,0,0
399,22.0,0,2.0,7.2,3.2,0.0,87.0,77.8,7.2,1.2,5.9,7.0,0,0,1.3,6.2,7.22,70.77,0,0
400,22.0,0,5.2,8.7,6.5,1.7,88.1,80.2,6.9,1.5,7.6,1.0,1,1,2.8,4.3,4.81,42.8,1,1
401,17.0,1,2.9,7.3,11.6,5.1,62.4,87.9,7.2,1.0,3.2,8.3,1,0,4.6,4.7,4.57,59.91,2,2
402,24.0,1,2.6,7.4,7.0,2.5,86.3,53.9,8.3,2.1,6.8,5.8,0,0,1.6,4.7,7.47,56.22,2,2
403,20.0,1,5.2,8.1,6.7,0.0,60.4,59.0,10.0,2.7,6.3,2.6,0,0,0.0,5.6,6.01,48.09,2,2
404,23.0,1,2.1,5.2,4.3,5.9,71.6,69.3,2.0,6.2,3.7,6.3,1,0,4.5,6.6,6.94,36.38,1,1
405,19.0,2,1.3,9.2,7.5,1.4,67.2,79.7,8.9,5.3,4.3,7.5,0,0,1.8,2.0,8.37,72.01,0,0
406,24.0,1,7.7,5.6,6.4,2.2,78.3,78.6,6.3,3.7,5.2,3.2,0,0,0.0,3.4,5.26,53.47,2,2
407,19.0,1,5.4,8.1,5.8,4.9,74.3,100.0,4.3,5.4,6.0,7.0,2,1,1.4,6.5,6.89,63.02,2,2
408,16.0,0,3.7,8.0,7.2,1.7,77.4,34.3,3.0,3.9,8.7,6.8,0,1,0.2,6.0,8.03,36.9,1,1
409,24.0,0,4.2,5.8,1.5,0.0,55.4,95.0,6.7,3.9,9.5,8.9,1,0,3.1,12.2,4.03,54.17,2,2
410,17.0,1,5.2,8.3,5.7,3.4,79.0,94.1,6.1,10.7,3.9,6.1,0,1,8.1,13.0,6.01,74.82,0,0
411,19.0,0,6.1,7.6,3.0,4.4,65.7,58.5,3.6,4.9,10.0,7.0,1,1,6.5,1.1,7.75,57.39,2,2
412,25.0,0,2.7,9.5,6.1,2.2,100.0,66.5,5.9,3.8,4.5,2.5,2,1,4.8,2.6,5.94,49.07,2,2
413,25.0,1,4.9,7.3,4.2,2.8,74.8,100.0,8.3,0.4,9.5,6.9,0,0,2.8,6.8,8.23,58.22,2,2
414,21.0,1,3.2,6.9,4.4,0.9,76.6,63.8,9.4,4.0,8.7,6.7,0,0,4.6,8.5,7.36,59.34,2,2
415,21.0,0,3.8,6.3,2.7,3.03210685483871,89.0,64.1,6.3,1.5,3.3,5.3,1,0,5.9,1.8,4.86,63.31,0,0
416,20.0,0,4.5,4.7,8.8,2.4,97.2,77.2,6.3,6.2,2.4,7.2,0,0,6.9,1.3,8.24,60.25,2,2
417,19.0,0,4.2,6.6,4.3,4.2,64.7,84.2,7.4,2.5,5.8,8.3,2,0,2.1,5.8,7.2,51.95,2,2
418,19.0,1,5.7,6.6,4.4,3.2,87.4,93.0,8.6,3.3,7.5,4.7,0,0,0.0,5.6,6.8,78.1,0,0
419,20.134890807516506,1,5.2,7.3,9.8,4.8,92.6,93.7,6.4,1.2,5.6,5.2,1,0,8.8,4.3,8.69,75.81,0,0
420,22.0,0,1.2,5.1,7.4,6.0,82.4,89.1,6.8,4.2,5.6,10.0,2,0,7.2,8.7,5.55,41.34,1,1
421,23.0,1,1.5,6.7,1.0,4.6,82.1,40.7,5.1,2.5,6.5,2.1,0,1,4.0,1.5,5.78,31.56,1,1
422,22.0,1,3.5,7.7,9.5,0.1,73.3,74.3,5.7,0.4,2.1,8.6,0,0,2.7,4.6,7.23,71.32,0,0
423,17.0,0,7.9,7.9,10.1,2.5,75.8,87.0,4.6,2.8,5.7,10.0,1,0,2.5,1.4,5.98,52.6,2,2
424,20.0,1,2.5,4.6,9.9,4.6,78.6,87.3,3.7,1.6,3.7,2.6,0,1,2.4,9.9,5.84,29.74,1,1
425,16.0,0,3.8,7.9,7.7,2.8,74.5,62.2,3.3,3.3,4.7,9.4,1,0,0.0,4.5,5.66,53.08,2,2
426,20.0,0,3.1,6.7,3.2,0.1,91.5,56.6,4.1,3.2008618067525094,2.7,7.8,0,0,3.2,4.4,6.88,64.94,0,0
427,20.0,1,3.1,6.8,5.9,2.0,68.7,55.4,4.0,2.1,2.6,8.2,2,0,3.5,6.5,5.57,51.31,2,2
428,24.0,0,4.6,3.9,2.4,0.0,91.1,83.4,6.7,1.1,6.2,6.6,1,1,1.1,5.7,6.73,42.77,1,1
429,19.0,1,7.0,8.9,3.8,2.5,97.3,93.1,7.0,4.8,5.2,4.6,2,0,4.1,16.5,5.76,59.92,2,2
430,17.0,0,5.1,7.2,3.2,1.8,84.8,77.6,5.1,1.4,9.1,4.1,2,0,6.6,5.8,4.24,54.62,2,2
431,17.0,1,2.6,5.0,4.4,2.4,56.7,55.7,4.2,2.2,4.7,5.4,2,0,2.6,14.4,8.5,33.76,1,1
432,22.0,1,9.7,7.5,6.4,5.1,88.0,78.2,10.0,1.1,7.1,8.5,0,1,6.8,1.9,5.36,60.68,2,2
433,21.0,0,4.4,7.4,4.9,0.6,71.6,57.9,5.0,3.2,8.1,9.5,0,1,4.8,3.3,6.03,65.43,0,0
434,17.0,1,3.0,8.6,4.8,1.7,73.1,61.7,4.7,5.2,5.9,9.7,2,0,4.7,7.6,5.98,55.12,2,2
435,20.134890807516506,0,7.0,6.6,5.3,0.9,84.7,68.4,2.5,4.3,6.0,5.4,1,0,1.6,2.0,6.35,56.8,2,2
436,22.0,1,3.3,7.0,9.7,4.9,94.4,60.6,7.1,2.3,8.2,3.8,0,0,7.6,12.6,7.05,40.66,1,1
437,17.0,1,7.5,6.2,11.4,5.0,58.4,54.7,10.0,3.9,8.4,5.9,0,1,4.9,8.9,6.42,49.32,2,2
438,23.0,0,2.5,7.8,4.9,3.6,80.7,100.0,5.6,6.8,6.8,10.0,1,0,5.2,5.3,6.03,70.87,0,0
439,22.0,1,7.1,6.0,6.8,3.6,100.0,41.0,5.2,1.3,8.6,6.0,0,0,6.4,2.5,4.17,42.4,1,1
440,17.0,1,4.6,5.8,3.9,0.8,65.7,64.4,6.6,6.2,5.9,5.0,2,0,1.7,4.2,5.86,46.6,1,1
441,17.0,0,6.8,6.9,7.9,3.4,77.4,71.1,6.7,4.6,3.1,9.5,2,0,6.1,14.6,5.88,65.14,0,0
442,25.0,0,8.0,5.4,4.8,1.0,72.0,97.1,0.5,4.8,6.2,3.2,0,1,2.9,3.8,8.08,35.45,1,1
443,19.0,0,1.9,9.1,4.2,3.1,89.1,80.3,7.4,1.6,4.0,4.8,1,0,2.8,5.2,4.41,51.2,2,2
444,19.0,2,6.8,9.5,11.0,2.4,63.7,69.9,10.0,2.9,8.3,3.4,0,0,4.2,9.5,7.33,49.08,2,2
445,23.0,1,1.4,6.4,2.6,1.9,59.6,61.7,6.1,2.0,4.9,9.2,1,0,4.050203624516392,3.2,5.54,48.48,2,2
446,24.0,0,2.1,5.2,1.0,3.1,90.8,95.7,5.8,2.7,7.5,7.2,2,0,2.5,5.0,6.78,53.09,2,2
447,25.0,1,2.6,7.4,7.8,4.2,83.1,60.5,7.7,0.4,3.7,8.2,0,0,2.3,3.4,9.51,67.85,0,0
448,22.0,0,5.2,6.4,5.1,6.2,64.6,78.8,7.5,1.8,3.2,3.8,1,0,3.6,12.4,8.69,62.87,2,2
449,19.0,1,4.3,8.5,6.047861775435752,4.0,79.1,72.0,6.4,1.7,5.0,8.9,1,0,0.7,3.0,7.02,68.4,0,0
450,17.0,2,3.9,6.0,12.8,7.1,63.3,83.6,7.7,5.9,2.6,1.0,0,1,2.1,6.0,5.67,34.27,1,1
451,22.0,0,4.5,7.7,7.8,3.4,92.0,100.0,7.8,3.6,7.2,3.2,0,0,5.1,1.7,4.55,57.17,2,2
452,20.0,2,5.4,7.1,5.9,6.2,83.6,87.7,3.4,5.3,8.2,6.4,0,0,1.5,14.6,6.489753023681269,59.49,2,2
453,19.0,0,5.5,6.1,4.2,3.8,70.7,72.7,3.5,1.3,6.8,8.0,2,0,5.0,3.4,8.93,50.63,2,2
454,24.0,0,6.4,7.3,7.1,3.4,72.5,100.0,3.2,7.6,8.6,4.5,2,0,8.2,9.2,7.98,64.43,0,0
455,17.0,0,7.8,8.1,1.7,2.7,74.0,100.0,2.7,5.5,7.0,1.7,0,1,8.2,9.2,6.55,72.09,0,0
456,20.0,1,4.2,7.1,4.7,3.5,66.0,95.5,7.8,4.3,4.6,4.0,1,1,0.0,2.7,7.01,50.6,2,2
457,16.0,1,3.2,7.1,5.9,3.8,97.4,80.1,7.8,2.6,5.7,3.5,0,0,4.6,4.3,6.489753023681269,54.97,2,2
458,20.0,1,5.4,5.9,6.5,0.4,95.1,61.1,7.0,3.2008618067525094,5.8,10.0,1,0,1.4,1.8,7.06,63.68,0,0
459,16.0,1,1.9,8.5,5.6,4.3,74.8,74.2518720906699,9.7,4.9,8.1,7.5,0,0,1.1,4.4,6.17,50.8,2,2
460,17.0,0,2.8,8.4,4.3,0.3,75.9,78.8,5.3,1.1,5.7,3.8,1,0,4.1,6.2,6.24,61.24,2,2
461,17.0,0,6.2,6.5,8.3,4.3,65.4,88.9,4.5,1.9,3.1,2.5,0,0,6.6,1.3,6.44,46.35,1,1
462,21.0,0,4.0,6.8,1.9,4.1,77.9,50.9,6.3,3.7,2.6,4.2,0,0,6.4,1.8,4.83,57.19,2,2
463,22.0,2,1.8,8.8,5.3,5.6,86.4,82.5,8.5,1.2,5.1,6.4,0,0,0.0,10.6,7.22,57.57,2,2
464,21.0,1,1.2,5.5,4.7,1.4,95.4,67.0,4.7,3.2008618067525094,5.6,4.9,0,0,4.7,4.5,6.11,39.45,1,1
465,25.0,1,4.3,7.8,8.5,1.2,68.4,84.2,10.0,0.1,2.6,10.0,0,0,3.2,5.1,6.97,77.34,0,0
466,19.0,1,6.5,6.3,4.9,5.0,58.1,63.9,5.8,7.2,8.0,4.4,1,0,0.0,6.3,7.63,50.92,2,2
467,18.0,1,6.5,9.3,7.1,1.1,66.9,61.9,7.1,2.8,5.1,7.4,1,0,5.7,3.6,4.51,49.68,2,2
468,23.0,1,4.4,7.1,6.8,0.9,79.81730107309173,73.9,6.4,9.0,7.5,4.4,0,0,0.3,0.4,4.73,46.56,1,2
469,18.0,0,8.2,8.6,1.4,3.4,79.4,53.8,5.1,3.0,3.6,7.8,1,0,3.9,5.8,6.21,63.96,0,0
470,25.0,0,4.0,6.0,5.8,2.9,92.9,92.3,8.0,3.8,7.5,5.0,1,0,6.1,9.1,9.17,73.11,0,0
471,16.0,0,3.9,5.4,1.6,3.3,80.5,75.4,0.0,7.9,3.3,8.3,0,1,4.3,5.0,5.97,59.05,2,2
472,25.0,0,0.0,6.7,6.9,4.0,100.0,54.4,5.3,1.2,4.3,6.9,1,0,3.6,3.2,5.59,38.72,1,1
473,16.0,0,3.3,7.3,4.2,4.0,59.4,63.9,7.7,2.5,4.6,10.0,0,0,5.2,3.4,3.97,62.66,2,2
474,24.0,1,5.9,6.3,9.0,2.9,47.6,85.6,2.8,0.9,4.9,6.5,0,1,5.0,1.1,5.58,35.4,1,1
475,20.0,0,7.3,8.0,5.5,3.1,97.6,69.6,4.5,2.3,7.9,7.2,1,0,6.3,2.5,8.5,76.68,0,0
476,25.0,1,2.5,6.7,4.1,2.9,69.7,87.8,4.9,6.9,6.3,3.2,0,1,4.5,6.1,7.54,56.13,2,2
477,17.0,1,5.1,4.3,9.0,3.1,81.8,57.1,5.3,4.0,3.3,2.7,1,1,6.2,2.4,5.83,33.87,1,1
478,20.0,1,6.3,7.7,3.8,0.5,81.7,70.0,4.7,0.9,3.1,7.5,1,0,6.1,0.9,9.42,72.99,0,0
479,25.0,0,4.2,5.9,8.2,4.4,84.2,73.7,3.8,6.8,5.8,5.7,0,0,6.4,7.0,7.79,59.75,2,2
480,20.0,1,0.0,6.5,7.2,4.9,73.8,100.0,5.8,5.3,5.0,7.7,1,1,0.0,4.4,4.3,41.64,1,1
481,21.0,1,4.7,9.0,5.1,4.1,67.6,61.9,7.8,2.7,6.0,4.9,0,0,2.5,16.1,5.88,51.29,2,2
482,22.0,0,5.7,9.3,2.7,4.0,66.6,86.3,6.8,4.1,1.9,6.6,0,1,6.3,3.0,5.65,72.14,0,0
483,20.0,0,2.3,6.3,9.1,1.2,87.8,83.5,8.3,1.3,10.0,4.3,0,0,5.4,5.0,5.64,43.51,1,1
484,21.0,1,3.7,7.8,7.3,0.5,90.0,100.0,5.6,8.7,1.7,7.0,1,1,4.4,4.6,7.77,92.0,0,0
485,21.0,1,1.9,6.3,4.1,4.5,76.7,99.5,8.8,1.1,5.0,4.0,0,1,5.5,11.5,4.09,44.54,1,1
486,24.0,0,0.0,6.6,6.6,3.1,72.2,66.7,3.2,4.1,3.9,6.3,0,1,6.1,5.6,5.67,36.99,1,1
487,16.0,1,6.3,6.2,8.5,3.3,87.4,56.1,5.991217524197657,10.9,2.8,4.7,0,1,3.8,2.7,6.92,53.35,2,2
488,18.0,0,4.2,4.8,6.3,3.4,60.7,49.5,8.4,2.7,6.9,8.8,1,0,0.2,7.0,5.46,32.83,1,1
489,25.0,0,7.4,7.1,6.6,3.5,100.0,79.2,2.5,1.0,5.1,4.4,1,1,9.2,4.6,4.66,54.29,2,2
490,24.0,1,5.9,7.4,8.6,4.2,85.9,93.2,7.0,7.2,3.0,4.7,1,0,3.4,17.6,3.93,69.23,0,0
491,20.0,1,3.5,6.1,6.047861775435752,2.8,77.9,95.6,5.7,1.3,4.5,5.4,0,0,4.5,2.1,7.94,42.91,1,1
492,21.0,1,4.0,8.4,5.7,0.0,90.8,70.3,5.8,0.3,7.0,8.0,0,0,0.0,13.8,5.23,63.94,0,0
493,18.0,1,5.3,6.4,2.7,4.2,88.2,75.8,6.1,1.9,7.7,5.9,0,0,5.7,1.0,6.31,54.76,2,2
494,18.0,1,6.1,6.2,2.7,4.0,83.1,100.0,5.991217524197657,6.1,9.0,5.6,0,0,1.9,11.0,7.0,52.85,2,2
495,20.0,0,4.8,7.7,4.3,0.7,55.4,61.3,8.1,3.9,6.2,5.2,0,0,3.1,2.1,7.28,62.29,2,2
496,19.0,1,6.4,5.0,3.7,0.9,85.3,30.4,6.0,5.4,4.4,6.5,2,1,3.6,2.5,6.08,47.79,2,2
497,21.0,0,3.6,8.2,1.8,4.6,98.9,95.8,3.5,1.8,4.1,4.7,1,1,7.4,4.1,5.77,64.18,0,0
498,17.0,0,2.2,6.5,10.6,5.0,72.8,54.1,5.9,3.7,6.6,4.2,2,0,8.6,3.2,5.7,33.22,1,1
499,25.0,1,4.1,8.3,7.3,0.0,92.5,69.8,5.0,12.9,8.4,5.6,1,0,4.9,1.6,5.75,63.35,0,0
500,25.0,1,4.6,8.7,4.7,3.8,91.0,83.2,7.4,1.1,1.2,4.7,1,0,5.5,4.7,5.28,65.67,0,0
501,22.0,1,1.8,7.8,5.9,2.6,83.8,66.7,3.1,3.2008618067525094,5.5,5.0,1,0,4.8,6.2,7.12,51.8,2,2
502,20.0,1,1.5,5.9,1.5,3.1,82.2,94.4,10.0,3.2008618067525094,2.7,1.4,0,0,2.8,1.7,6.13,58.99,2,2
503,19.0,0,5.1,5.4,8.9,3.2,87.3,100.0,6.3,1.8,5.7,8.9,1,0,0.0,5.4,8.12,63.61,0,0
504,23.0,1,3.4,5.1,1.1,1.6,85.4,60.5,3.3,2.0,9.3,6.0,0,0,7.5,3.5,8.06,46.73,2,2
505,22.0,0,3.9,8.4,7.3,4.2,100.0,77.4,5.6,4.4,1.6,6.0,0,0,4.9,6.6,7.58,85.27,0,0
506,18.0,1,3.5,6.8,1.4,1.8,92.6,75.1,4.9,2.9,1.8,4.2,0,0,4.7,5.6,8.63,69.55,0,0
507,24.0,1,7.2,6.2,5.0,4.3,89.2,80.6,4.3,2.8,8.8,5.0,0,0,7.0,3.2,6.31,50.38,2,2
508,23.0,0,6.7,6.8,9.1,4.7,93.7,64.1,6.9,0.4,6.2,3.5,2,0,1.3,1.2,6.68,46.32,1,1
509,24.0,0,1.7,8.4,1.9,1.4,89.2,63.3,10.0,1.4,5.5,4.1,0,0,1.9,4.1,5.81,62.9,2,2
510,22.0,1,3.1,8.0,5.6,1.5,52.9,63.7,10.0,4.9,7.5,5.5,2,1,4.3,6.9,4.93,54.09,2,2
511,21.0,1,5.9,7.6,7.6,3.2,78.5,66.7,6.4,9.7,9.4,6.3,2,1,5.6,11.7,9.0,63.28,0,0
512,19.0,0,5.4,7.8,7.2,5.7,71.9,67.0,4.3,2.1,6.1,7.1,2,1,5.3,4.4,5.36,34.22,1,1
513,24.0,1,4.1,7.2,6.2,1.9,84.3,29.9,6.6,6.0,5.5,7.8,1,0,6.2,7.7,7.35,70.39,0,0
514,23.0,1,1.9,7.4,7.2,2.3,72.8,76.6,7.6,2.0,1.3,8.6,2,1,7.1,3.5,5.46,57.47,2,2
515,16.0,0,2.8,7.3,4.5,3.6,87.7,69.6,6.4,4.0,3.5,7.4,0,1,2.5,13.4,9.78,67.41,0,0
516,16.0,0,3.2,7.0,10.8,4.2,74.5,62.1,7.6,3.8,1.4,5.8,0,0,10.0,10.7,7.18,66.89,0,0
517,19.0,0,4.8,8.0,2.0,3.9,100.0,76.7,7.0,3.9,5.6,7.0,0,0,2.4,9.4,5.11,73.0,0,0
518,23.0,0,7.6,7.5,8.9,3.1,100.0,74.9,6.6,5.9,8.6,5.6,1,0,5.0,13.9,6.55,67.07,0,0
519,25.0,0,2.8,5.9,6.5,2.5,61.2,67.8,3.3,12.9,4.6,3.9,0,0,4.0,13.2,6.66,45.21,1,1
520,17.0,0,2.1,7.7,7.5,3.6,84.2,75.2,5.7,2.6,6.5,10.0,1,0,3.6,4.9,9.77,68.01,0,0
521,21.0,0,4.0,7.3,8.0,0.0,74.0,64.5,10.0,3.5,7.4,8.1,1,1,9.1,6.9,7.2,71.32,0,0
522,20.134890807516506,0,6.3,7.8,7.4,6.4,83.3,54.0,7.1,1.9,6.4,7.1,0,1,7.6,5.4,2.98,51.05,2,2
523,25.0,0,1.3,6.9,4.0,2.7,87.6,100.0,8.6,1.9,5.3,6.4,0,0,4.6,6.8,4.69,66.19,0,0
524,23.0,1,7.1,8.1,5.3,3.3,63.4,66.1,10.0,4.1,2.5,7.5,0,0,4.5,4.2,4.86,66.6,0,0
525,23.0,1,3.9,6.9,2.4,6.8,67.3,79.8,3.4,1.6,7.1,6.7,1,1,0.0,5.1,7.82,56.28,2,2
526,20.0,0,2.7,7.9,5.3,1.7,69.0,100.0,10.0,3.0,8.1,6.3,1,0,2.4,7.5,4.09,64.12,0,0
527,19.0,0,1.0,6.4,6.8,7.2,72.8,67.6,8.1,3.7,5.6,8.3,0,0,3.5,1.2,8.46,47.99,2,2
528,18.0,1,5.6,6.5,7.5,4.3,73.2,83.3,8.6,0.8,4.8,6.1,0,0,2.9,3.6,8.91,69.85,0,0
529,16.0,0,3.9,7.8,7.0,3.8,90.4,100.0,4.5,1.5,7.3,8.7,0,1,4.7,10.0,6.96,66.95,0,0
530,23.0,1,4.5,6.6,1.6,4.2,82.9,45.3,7.6,6.8,6.3,6.3,0,1,3.4,7.4,7.43,57.13,2,2
531,23.0,0,2.4,9.9,4.6,1.5,68.7,99.0,4.2,4.1,9.1,2.8,1,1,4.7,5.5447261663286005,6.22,47.03,2,2
532,25.0,0,3.6,7.7,4.3,0.0,75.8,79.0,6.3,13.6,4.5,7.1,2,0,4.2,4.0,7.94,77.65,0,0
533,25.0,2,3.2,7.0,2.7,0.9,49.2,65.9,6.7,1.9,7.1,4.7,0,1,5.7,3.8,6.01,40.01,1,1
534,20.0,1,4.0,8.1,3.9,5.0,100.0,75.9,5.5,5.2,6.4,3.8,0,0,4.8,7.0,9.17,79.43,0,0
535,22.0,0,2.9,6.4,6.0,1.3,80.2,68.5,8.5,2.0,5.6,4.6,2,0,8.4,9.6,3.7,51.4,2,2
536,24.0,1,1.1,8.2,9.5,0.0,92.9,100.0,4.9,5.0,4.2,2.6,1,0,3.9,2.4,6.65,53.62,2,2
537,23.0,1,9.7,8.2,3.6,2.9,90.3,74.7,1.6,3.7,7.2,7.7,0,1,7.0,17.5,5.03,54.16,2,2
538,18.0,1,1.5,8.6,3.2,4.0,79.5,87.6,5.5,1.8,9.0,6.9,2,1,1.0,7.2,4.48,47.31,2,2
539,20.0,0,4.6,6.4,4.5,3.1,49.0,65.5,8.8,12.2,1.1,6.5,0,0,2.3,16.0,6.62,61.28,2,2
540,17.0,1,0.7,5.4,6.8,4.1,72.7,80.3,10.0,4.2,5.9,3.4,1,0,0.7,6.3,5.52,42.36,1,1
541,25.0,1,0.2,6.2,9.1,5.1,84.6,68.1,8.9,1.4,6.8,7.1,1,1,8.7,6.3,4.5,45.94,1,1
542,21.0,0,4.4,6.6,5.8,4.0,80.8,49.4,8.3,1.6,3.6,10.0,2,1,4.2,15.6,8.64,73.48,0,0
543,18.0,0,4.219583121504829,9.2,2.4,2.7,93.5,98.6,5.2,0.9,6.5,6.4,0,0,0.0,7.1,5.73,63.3,0,0
544,21.0,0,6.7,9.9,2.9,2.0,80.0,81.3,10.0,2.5,6.3,4.7,1,0,1.5,13.5,4.02,67.51,0,0
545,21.0,0,5.0,7.4,6.5,4.4,100.0,74.2518720906699,7.5,5.5,7.1,3.5,2,1,5.0,3.5,7.55,64.54,0,0
546,19.0,1,3.9,7.0,8.5,3.5,66.2,61.9,7.6,3.0,4.8,4.4,0,1,2.8,7.2,7.87,46.57,1,1
547,17.0,2,2.3,6.5,10.5,1.5,86.7,96.3,7.4,7.5,2.6,9.8,2,0,2.3,5.8,8.35,82.57,0,0
548,20.134890807516506,0,7.2,8.1,3.0,5.3,66.6,83.4,3.5,10.8,5.6,5.0,2,0,0.8,2.1,8.81,59.9,2,2
549,20.0,1,6.1,9.8,6.3,3.5,91.9,77.7,6.8,0.9,8.4,2.4,0,1,7.1,4.1,8.02,47.78,2,2
550,22.0,1,1.7,9.3,3.4,4.2,70.2,93.5,2.8,2.6,7.4,6.7,0,1,7.6,2.0,7.6,49.36,2,2
551,20.0,1,4.3,8.5,3.8,2.3,57.2,69.1,7.8,2.7,2.6,5.957923664122137,0,0,6.8,2.6,6.35,58.05,2,2
552,23.0,1,4.5,8.5,3.5,5.0,60.7,98.3,6.7,1.7,5.1,3.8,2,0,7.6,2.7,4.92,63.61,0,0
553,20.0,0,3.5,8.1,5.2,0.1,73.9,63.1,4.6,2.1,5.3,7.4,0,0,4.8,1.2,8.23,63.49,0,0
554,21.0,0,5.7,6.9,3.8,6.0,100.0,75.6,8.5,2.9,6.8,5.2,1,1,3.2,4.8,3.54,53.08,2,2
555,23.0,0,5.9,6.0,12.2,0.0,89.6,58.1,5.2,0.2,5.3,6.4,1,0,0.0,4.6,6.02,47.54,2,2
556,19.0,0,3.8,7.0,4.9,0.5,85.8,54.3,5.3,4.3,5.1,6.2,1,0,1.9,1.6,4.16,59.69,2,2
557,17.0,1,3.6,7.5,8.5,3.5,79.2,66.6,7.2,2.0,4.2,9.3,2,0,3.8,2.0,5.76,61.19,2,2
558,16.0,0,7.2,5.1,4.4,2.0,65.4,72.1,6.0,4.1,10.0,7.0,0,0,5.3,9.1,5.86,48.71,2,2
559,22.0,1,6.1,6.8,11.6,2.4,67.9,84.9,6.5,3.9,1.6,7.1,0,0,3.3,22.0,8.49,47.7,2,2
560,21.0,2,4.3,5.9,6.8,2.0,72.8,63.4,8.3,1.7,5.6,3.8,1,0,3.8,5.5447261663286005,7.65,55.26,2,2
561,22.0,1,0.9,8.3,8.1,1.6,71.6,85.6,4.4,4.5,5.8,2.4,0,0,1.1,2.9,5.47,44.11,1,1
562,18.0,2,4.9,6.3,4.5,3.6,71.5,69.2,4.2,4.9,6.9,10.0,2,0,7.7,2.2,3.56,50.38,2,2
563,17.0,1,5.6,7.4,8.4,2.9,67.6,66.1,5.5,1.8,4.6,7.6,1,1,4.0,1.8,5.87,54.91,2,2
564,16.0,1,0.0,6.1,6.8,4.6,80.1,86.3,5.9,4.7,5.542839731870811,3.7,0,1,3.0,5.9,4.96,46.71,2,2
565,19.0,1,4.7,9.1,5.1,3.1,70.2,65.2,7.4,2.7,6.7,8.5,1,0,0.6,3.5,3.67,51.5,2,2
566,21.0,0,3.4,4.8,3.3,2.2,94.7,100.0,10.0,3.2,4.7,6.1,0,0,7.8,6.1,3.82,63.28,0,0
567,19.0,0,4.219583121504829,7.6,5.4,4.4,94.6,82.8,5.9,5.0,4.0,5.3,0,0,0.0,5.2,5.49,67.21,0,0
568,20.0,1,2.4,5.3,5.2,0.0,87.8,50.4,6.1,3.9,7.9,4.5,1,1,4.7,7.2,6.52,51.49,2,2
569,24.0,0,3.9,6.3,8.2,0.0,86.3,72.9,4.6,4.5,3.3,6.6,2,0,2.5,0.5,6.69,53.1,2,2
570,19.0,0,7.0,7.3,5.4,0.1,59.8,63.4,4.3,2.2,3.9,8.9,1,0,3.9,11.6,2.37,53.78,2,2
571,20.0,0,3.3,7.3,1.2,2.4,100.0,45.5,7.5,1.0,6.3,8.3,0,0,3.8,5.2,7.96,70.22,0,0
572,22.0,0,6.1,7.3,7.6,3.7,76.3,94.0,6.1,2.3,7.1,10.0,0,0,5.2,10.7,5.92,61.52,2,2
573,19.0,1,2.6,7.2,9.2,0.0,90.3,94.5,8.7,2.2,5.0,5.5,2,1,4.1,8.3,6.91,61.14,2,2
574,21.0,1,5.7,6.2,1.8,3.0,90.8,62.0,8.5,3.3,6.5,6.1,1,0,4.9,15.5,5.69,68.09,0,0
575,23.0,0,4.2,6.8,10.5,2.4,66.5,87.8,7.9,1.8,6.0,8.1,0,1,3.1,1.1,7.36,58.76,2,2
576,24.0,0,4.9,7.0,9.5,3.2,71.8,90.8,2.8,0.3,4.9,7.5,2,0,3.3,1.1,7.64,51.17,2,2
577,17.0,2,4.2,7.3,4.4,0.0,85.2,74.8,7.5,5.6,3.4,10.0,1,1,6.2,8.1,7.22,94.2,0,0
578,24.0,0,5.5,6.9,3.2,7.7,59.9,92.1,3.9,2.9,7.7,10.0,0,1,4.7,3.5,9.17,64.17,0,0
579,20.0,1,0.0,7.9,8.6,3.1,78.8,80.3,1.9,8.2,3.3,5.3,1,0,6.3,0.5,6.44,54.19,2,2
580,18.0,0,1.4,7.1,2.6,0.8,48.9,95.6,6.5,1.8,10.0,1.6,2,0,2.0,3.7,6.62,43.38,1,1
581,20.0,1,5.0,7.3,4.3,3.2,80.1,53.9,9.0,2.0,4.4,1.0,0,0,3.7,3.3,6.9,58.02,2,2
582,25.0,2,0.1,6.5,2.7,5.7,97.9,77.7,7.6,0.8,9.0,7.0,1,1,2.3,3.9,8.0,49.19,2,2
583,20.0,1,3.1,5.6,6.0,0.7,80.0,78.6,4.1,2.0,7.9,5.2,0,0,3.7,9.6,6.13,48.25,2,2
584,19.0,0,4.1,7.2,9.7,0.3,61.0,54.2,10.0,3.6,4.9,7.6,2,1,1.7,1.5,7.55,68.0,0,0
585,21.0,0,2.5,8.6,6.9,2.8,72.8,55.9,7.8,6.6,7.8,4.7,1,1,2.2,3.1,6.489753023681269,36.72,1,1
586,18.0,1,2.8,7.6,8.5,2.9,88.0,46.5,4.1,2.4,7.6,9.6,0,0,5.9,2.2,6.489753023681269,49.94,2,2
587,17.0,1,4.7,5.9,5.1,4.3,82.2,75.8,1.5,1.8,4.8,3.2,0,0,1.6,9.9,6.19,51.09,2,2
588,17.0,0,6.2,8.1,6.2,5.7,85.9,67.1,5.5,3.9,1.7,4.9,1,0,4.5,0.5,6.93,61.29,2,2
589,17.0,0,2.3,6.6,2.9,4.4,77.8,51.8,1.7,1.1,2.2,4.9,2,0,7.1,6.2,7.82,46.34,1,1
590,20.134890807516506,1,3.0,7.9,5.8,0.5,70.0,96.9,3.7,0.5,5.542839731870811,7.2,0,1,1.7,13.7,8.14,63.62,0,0
591,17.0,0,2.7,6.5,4.1,1.1,81.6,82.2,2.3,0.9,5.5,4.9,1,0,6.2,7.6,5.34,44.74,1,1
592,21.0,0,0.0,7.5,5.6,1.6,80.9,62.0,4.3,3.2008618067525094,5.9,5.1,2,0,2.0,4.6,7.57,39.47,1,1
593,18.0,1,4.5,6.3,5.4,4.4,93.4,78.7,4.8,1.0,7.7,8.7,2,1,3.4,5.7,5.56,54.75,2,2
594,19.0,1,6.1,6.4,5.2,4.1,73.9,70.7,4.1,5.6,4.7,8.4,0,0,6.5,4.8,7.24,66.04,0,0
595,24.0,0,6.2,5.0,11.3,5.3,80.6,46.9,10.0,5.0,7.2,6.8,1,1,1.3,0.1,6.03,37.96,1,1
596,20.0,0,2.5,7.7,10.4,4.0,78.1,79.9,5.6,2.2,4.1,3.7,0,0,10.0,1.1,4.35,41.39,1,1
597,21.0,0,1.7,7.5,9.5,1.9,79.81730107309173,100.0,8.9,4.2,5.7,6.9,0,1,3.8,4.7,6.63,68.6,0,0
598,18.0,0,4.2,7.6,10.5,2.6,70.2,100.0,7.3,2.7,5.9,7.8,2,0,9.5,6.2,3.5,57.5,2,2
599,18.0,1,5.9,7.4,9.5,0.4,75.0,76.9,5.5,1.6,3.2,5.7,0,0,8.2,2.6,5.45,54.96,2,2
600,16.0,1,4.5,6.0,5.9,4.1,67.6,67.2,4.9,5.3,5.5,4.3,0,0,4.8,0.1,6.4,47.55,2,2
601,18.0,1,4.8,8.3,5.7,1.9,96.9,85.1,9.0,3.9,7.4,4.9,1,0,0.6,5.2,6.33,62.93,2,2
602,18.0,1,6.5,8.3,6.6,5.2,97.9,79.8,3.7,3.2,6.6,6.6,2,1,5.8,0.8,3.67,53.15,2,2
603,18.0,0,2.7,6.0,5.5,4.1,77.2,72.5,4.6,3.8,8.7,9.0,0,1,1.4,4.3,6.05,47.13,2,2
604,17.0,0,3.8,7.7,3.4,6.5,95.4,100.0,4.6,3.1,4.5,4.0,0,0,4.0,8.2,5.1,59.81,2,2
605,17.0,1,7.5,8.1,6.7,3.8,84.3,67.9,6.2,1.2,8.8,6.9,0,0,4.0,3.7,6.37,50.39,2,2
606,20.0,1,3.8,6.4,2.1,3.7,89.1,92.2,4.0,3.0,6.0,8.3,0,0,3.8,5.0,5.63,67.61,0,0
607,18.0,0,1.7,6.6,6.3,2.7,67.1,77.6,8.1,3.1,4.5,7.0,0,1,3.7,2.3,6.78,56.78,2,2
608,19.0,0,2.9,7.7,3.5,2.3,82.1,77.7,8.4,1.1,5.9,8.2,1,0,2.6,5.4,7.02,59.5,2,2
609,20.0,0,2.3,5.0,5.8,2.5,100.0,45.3,4.4,6.3,3.9,4.8,1,0,2.2,3.5,7.28,54.31,2,2
610,22.0,0,4.9,5.6,6.5,4.8,99.2,94.8,7.2,2.3,5.542839731870811,5.6,0,0,2.7,2.3,7.53,66.1,0,0
611,16.0,0,2.4,5.7,5.1,0.6,79.81730107309173,90.1,4.2,3.1,1.9,3.0,0,1,6.7,9.5,7.05,62.15,2,2
612,23.0,0,4.7,4.7,1.9,3.1,92.4,78.4,6.4,2.3,8.2,4.6,0,0,0.6,8.8,5.81,40.31,1,1
613,21.0,1,2.7,8.4,3.0,0.0,100.0,93.6,8.6,3.1,4.1,4.2,1,0,2.3,1.2,5.93,78.13,0,0
614,17.0,1,0.0,4.4,7.1,3.7,90.2,82.5,6.2,2.6,5.6,3.8,0,0,9.0,4.5,5.81,20.84,1,1
615,23.0,1,4.8,6.976601980998585,4.6,2.2,71.4,51.6,5.8,5.1,8.1,7.4,0,0,3.5,7.6,6.49,58.57,2,2
616,24.0,0,4.5,8.1,7.4,3.9,95.8,57.5,10.0,15.0,4.1,2.3,1,1,5.7,2.8,7.0,68.58,0,0
617,16.0,0,5.2,6.6,6.0,1.7,79.0,73.9,6.8,0.4,7.0,3.2,1,1,2.0,1.9,4.83,46.24,1,1
618,18.0,0,2.9,6.1,5.5,2.5,86.4,44.6,4.1,0.8,8.0,7.7,1,0,0.8,4.6,3.31,41.55,1,1
619,23.0,1,4.219583121504829,7.3,6.9,4.1,81.5,95.2,4.0,2.6,5.8,5.4,2,0,5.0,1.1,8.39,59.25,2,2
620,22.0,1,5.0,7.0,4.3,3.2,70.8,71.1,10.0,2.3,6.4,3.6,2,0,3.1,8.0,4.8,59.56,2,2
621,18.0,1,7.2,8.3,7.0,5.8,84.0,77.5,4.4,4.5,8.4,7.1,0,0,6.7,11.1,3.9,60.93,2,2
622,18.0,1,4.2,3.6,5.0,2.1,92.6,57.3,4.5,1.6,3.0,5.5,2,0,2.5,0.7,6.489753023681269,32.14,1,1
623,19.0,0,5.0,5.8,12.3,2.0,89.6,86.6,6.1,6.7,8.1,6.6,0,0,4.0,4.6,4.35,55.86,2,2
624,20.0,0,3.6,7.7,3.2,5.2,86.2,72.4,7.6,3.2008618067525094,1.9,6.4,1,0,7.7,5.1,6.12,68.61,0,0
625,21.0,2,1.1,7.1,5.1,2.3,77.4,69.1,3.3,7.7,4.4,5.5,1,0,5.9,10.9,6.49,57.05,2,2
626,19.0,0,6.1,8.0,5.2,2.3,58.4,100.0,5.4,2.1,9.9,4.2,0,1,3.9,5.6,9.77,62.92,2,2
627,20.0,0,6.0,7.3,2.6,3.7,79.4,98.6,3.0,2.0,7.6,5.3,2,0,4.8,10.8,6.68,60.25,2,2
628,22.0,0,5.6,6.8,7.8,2.7,87.2,88.5,5.7,6.3,5.5,5.957923664122137,0,0,6.1,17.5,7.18,69.02,0,0
629,16.0,1,3.8,6.6,4.9,2.4,51.9,78.8,7.8,5.7,10.0,6.9,0,0,3.6,5.6,6.62,49.5,2,2
630,18.0,0,5.4,10.0,1.0,1.8,79.1,65.7,5.4,1.8,3.1,6.7,1,1,0.0,2.2,3.79,54.57,2,2
631,22.0,0,6.0,9.0,7.7,5.5,78.8,69.8,10.0,4.7,6.7,5.3,1,0,0.0,7.5,6.39,54.58,2,2
632,24.0,0,7.4,7.6,4.4,2.7,68.1,69.0,4.1,2.5,5.3,6.7,1,1,4.1,10.4,7.74,56.36,2,2
633,20.0,1,4.219583121504829,7.1,5.7,2.0,89.9,82.1,5.991217524197657,4.9,5.6,2.8,0,0,4.050203624516392,0.7,5.37,58.47,2,2
634,20.0,1,4.3,7.7,7.7,2.5,92.3,74.4,8.9,1.1,7.2,6.9,0,0,6.5,7.3,6.04,64.76,0,0
635,17.0,1,1.6,8.1,5.1,3.6,100.0,74.9,8.2,1.6,6.9,7.8,1,0,7.4,1.2,4.78,57.17,2,2
636,20.0,2,4.5,7.5,5.1,5.6,79.6,100.0,10.0,2.5,5.7,1.0,0,0,5.5,2.4,8.56,68.23,0,0
637,20.0,1,4.7,6.0,12.2,2.7,96.8,95.6,6.7,1.8,7.2,8.3,1,0,5.7,6.7,7.18,66.38,0,0
638,18.0,0,5.6,9.3,1.0,1.4,69.3,60.9,4.0,2.2,8.5,9.4,0,1,7.9,2.7,8.96,68.95,0,0
639,18.0,0,6.9,7.3,2.8,6.5,75.2,80.3,6.2,0.6,6.3,7.0,1,0,0.0,6.2,4.23,52.1,2,2
640,19.0,1,4.0,9.6,3.3,3.2,88.8,61.0,4.2,2.9,7.3,1.3,1,0,0.3,12.6,4.91,41.76,1,1
641,16.0,0,8.4,7.2,10.5,2.8,71.5,85.8,6.3,6.9,6.0,6.2,0,1,1.2,6.2,7.3,44.86,1,1
642,19.0,0,0.7,6.7,4.4,3.1,77.9,100.0,8.7,2.6,4.5,4.3,0,1,0.8,6.4,10.0,71.38,0,0
643,18.0,1,5.0,8.8,6.6,0.8,90.9,68.6,7.5,3.9,5.6,6.1,1,1,3.6,5.6,6.19,68.97,0,0
644,19.0,2,2.6,7.4,4.8,2.9,79.9,89.2,5.8,1.5,7.0,6.8,0,0,4.6,2.9,6.26,64.94,0,0
645,17.0,1,0.4,7.2,7.5,4.4,68.0,100.0,4.5,6.6,1.6,7.5,2,0,4.7,14.8,4.6,53.18,2,2
646,24.0,1,3.8,5.4,6.0,5.2,72.3,72.5,6.7,4.5,6.2,6.5,0,0,5.3,9.7,6.78,59.58,2,2
647,21.0,0,1.3,7.9,6.6,2.4,76.4,83.9,7.2,1.6,7.0,5.4,1,0,4.7,5.3,7.8,59.4,2,2
648,21.0,0,3.9,6.4,9.2,3.3,87.6,100.0,3.2,3.3,5.7,9.1,0,0,4.050203624516392,4.4,8.41,54.41,2,2
649,22.0,2,4.3,6.4,7.1,5.2,75.8,58.2,3.8,3.9,3.4,4.1,0,0,2.7,3.7,6.17,33.4,1,1
650,20.0,0,6.4,6.4,4.2,3.1,48.2,56.3,5.4,4.1,7.1,3.2,2,1,0.5,2.9,5.02,37.25,1,1
651,17.0,0,1.2,7.6,6.8,4.3,90.2,52.6,3.1,11.1,4.1,5.4,0,0,3.8,5.5447261663286005,6.49,52.05,2,2
652,20.0,0,6.0,5.0,12.0,3.8,88.4,88.6,2.0,4.0,9.3,5.2,0,0,5.4,5.3,6.489753023681269,39.8,1,1
653,21.0,0,4.4,6.7,7.4,1.8,66.1,56.8,3.7,1.6,7.8,4.2,0,0,6.8,3.9,6.489753023681269,47.14,2,2
654,22.0,0,6.3,8.3,6.4,1.4,65.3,85.1,6.8,1.3,6.1,7.2,1,1,2.0,2.1,9.02,74.37,0,0
655,20.0,1,3.3,5.4,2.6,4.9,97.6,99.5,6.2,1.5,4.9,4.9,0,0,9.7,3.9,5.64,58.81,2,2
656,17.0,0,1.5,7.2,7.8,0.0,76.9,63.1,5.0,2.0,2.3,7.5,1,0,6.2,4.0,9.29,62.61,2,2
657,18.0,1,1.8,6.2,8.2,1.8,89.8,61.3,3.9,1.9,9.5,2.4,0,0,5.7,5.0,8.77,39.42,1,1
658,19.0,0,1.6,6.5,6.8,0.5,71.0,87.1,6.8,2.4,4.2,4.3,1,0,4.6,1.8,6.35,50.2,2,2
659,21.0,1,5.2,9.2,6.3,4.9,88.5,75.9,6.7,0.6,9.1,8.2,0,1,0.0,6.2,8.17,62.56,2,2
660,21.0,0,7.2,4.9,13.1,5.5,68.0,32.5,8.7,2.1,1.0,4.8,0,1,5.0,5.7,4.92,27.51,1,1
661,19.0,1,3.1,8.0,8.1,1.7,85.5,100.0,0.5,2.2,5.3,4.3,2,0,3.4,7.1,4.67,40.68,1,1
662,25.0,1,5.5,6.4,9.1,8.0,84.6,84.9,2.2,5.1,4.2,5.957923664122137,1,0,7.2,22.1,8.96,58.12,2,2
663,21.0,0,1.2,6.3,6.2,5.5,53.2,68.2,8.1,1.7,3.4,9.1,2,1,3.9,3.3,6.64,49.07,2,2
664,18.0,1,4.6,5.6,5.7,3.4,81.6,67.4,7.0,5.4,6.2,3.5,0,0,7.0,0.7,6.57,48.77,2,2
665,17.0,0,5.5,8.0,7.6,5.7,70.7,74.2518720906699,8.1,3.5,9.1,5.5,2,0,2.3,11.9,6.55,63.85,0,0
666,17.0,1,1.3,6.8,5.7,1.8,94.2,74.2,4.0,3.2,4.6,6.2,0,0,3.1,8.2,5.0,59.83,2,2
667,18.0,1,3.8,6.6,5.9,2.5,79.81730107309173,76.0,5.1,2.8,6.0,6.9,2,0,3.1,18.4,4.43,42.1,1,1
668,18.0,1,5.6,7.1,7.2,3.8,76.8,77.7,3.2,0.5,3.8,2.9,2,1,5.2,7.5,4.8,42.55,1,1
669,18.0,0,0.0,6.8,4.7,1.8,99.7,60.3,0.9,5.9,3.5,3.2,1,0,6.3,1.6,7.91,45.91,1,1
670,18.0,1,6.9,4.4,6.6,0.7,55.3,68.5,6.3,2.6,1.0,6.8,2,0,3.7,6.5,8.05,45.58,1,1
671,18.0,0,4.9,6.4,6.2,1.3,100.0,71.6,9.1,5.8,4.0,8.1,0,0,6.2,11.8,9.09,81.02,0,0
672,24.0,1,5.6,8.2,8.4,2.6,100.0,61.3,5.6,3.9,5.0,5.1,1,0,4.7,5.1,4.03,58.09,2,2
673,17.0,1,3.4,5.0,4.5,3.8,74.9,79.9,4.4,2.4,2.3,4.9,1,0,0.3,6.7,6.16,53.14,2,2
674,20.0,1,4.219583121504829,5.6,1.0,2.4,91.5,83.7,3.5,2.0,9.6,6.3,0,1,6.2,1.9,7.83,56.45,2,2
675,19.0,1,5.3,6.4,5.2,0.0,86.3,100.0,8.5,2.7,6.6,6.3,2,0,0.6,1.1,5.68,66.0,0,0
676,25.0,0,4.0,6.1,7.0,3.8,47.7,61.3,6.2,4.6,7.1,6.5,1,0,0.0,0.8,6.34,34.7,1,1
677,17.0,0,4.3,7.0,8.4,5.3,78.6,91.0,6.3,5.8,2.2,10.0,0,0,2.6,4.8,6.62,72.48,0,0
678,19.0,0,6.4,5.6,4.3,1.8,63.6,100.0,2.8,3.2,6.5,4.0,0,0,1.2,6.7,5.52,52.04,2,2
679,25.0,1,5.7,6.5,7.4,6.0,62.4,92.1,4.0,7.4,8.9,4.1,0,1,5.0,0.9,5.35,45.2,1,1
680,23.0,1,8.0,6.9,8.8,4.6,76.3,66.0,7.6,4.1,5.3,5.957923664122137,0,0,5.4,5.5,7.46,50.71,2,2
681,23.0,1,4.5,7.8,7.9,1.1,76.7,69.4,4.8,5.4,6.3,6.1,0,0,5.8,6.1,4.57,51.7,2,2
682,18.0,2,2.8,8.6,4.0,1.8,95.8,100.0,4.6,1.8,4.9,4.5,1,1,3.6,6.1,6.14,69.77,0,0
683,18.0,1,3.8,6.7,4.3,2.4,70.2,71.6,10.0,2.9,6.5,4.9,0,0,2.4,8.1,6.12,62.1,2,2
684,21.0,0,5.0,9.5,6.047861775435752,2.7,74.9,74.5,6.2,1.7,5.5,3.6,2,1,2.5,7.4,7.47,48.64,2,2
685,24.0,1,6.2,6.8,10.1,0.0,97.8,66.2,5.6,1.6,4.9,4.0,2,0,3.8,6.2,8.09,45.83,1,1
686,20.0,1,1.3,8.1,6.0,1.6,77.6,88.9,5.7,4.9,6.4,2.8,2,1,4.6,2.6,6.49,49.82,2,2
687,21.0,1,4.2,9.5,5.6,2.0,73.3,30.7,4.5,3.2,5.5,7.1,0,0,6.6,1.3,4.9,41.47,1,1
688,18.0,1,7.4,7.2,2.6,6.4,91.1,60.4,5.8,15.0,6.2,4.8,1,1,0.1,8.0,4.68,59.41,2,2
689,22.0,0,3.7,5.2,5.1,3.4,86.9,57.4,10.0,2.7,5.3,5.957923664122137,0,1,6.0,2.1,7.46,65.97,0,0
690,18.0,1,4.219583121504829,7.1,4.2,1.6,81.3,100.0,6.9,6.3,7.9,7.3,0,0,4.7,9.4,5.13,70.69,0,0
691,19.0,0,5.2,6.2,6.1,2.2,92.0,79.2,2.5,2.2,9.7,10.0,0,0,9.2,3.4,4.61,43.56,1,1
692,19.0,1,6.1,6.6,2.2,3.8,63.8,71.4,5.0,5.8,6.1,5.7,1,0,4.6,10.7,3.08,50.88,2,2
693,20.0,2,2.6,9.6,5.2,2.3,72.4,71.3,6.2,4.9,6.7,6.6,1,0,7.9,11.9,6.85,67.88,0,0
694,18.0,1,2.6,5.4,3.5,1.9,100.0,50.1,2.7,1.6,4.6,3.7,0,1,4.1,16.7,5.25,41.89,1,1
695,17.0,0,4.2,7.4,8.4,2.0,40.6,99.4,5.0,4.7,6.9,5.6,0,0,4.8,3.2,4.35,43.11,1,1
696,21.0,0,1.1,5.9,3.9,3.9,71.3,68.7,3.9,7.0,2.1,6.9,0,0,4.6,1.5,6.8,48.97,2,2
697,18.0,2,3.7,6.6,4.6,0.5,64.6,85.7,5.1,2.1,6.7,3.1,1,0,4.1,7.8,7.81,52.81,2,2
698,21.0,1,4.7,8.0,6.7,1.0,80.9,63.2,6.2,2.5,3.5,7.2,0,1,4.6,7.8,6.57,53.1,2,2
699,17.0,0,7.8,7.4,4.9,3.03210685483871,87.9,73.9,7.5,4.3,8.5,6.4,0,0,6.5,0.2,4.67,56.45,2,2
700,20.0,1,5.0,6.7,11.9,1.0,94.4,58.5,3.5,4.1,7.3,5.8,1,0,7.1,3.7,4.27,45.4,1,1
701,20.0,1,5.5,6.2,8.3,1.5,74.7,70.5,5.8,3.8,5.2,5.957923664122137,0,1,5.0,7.1,4.67,52.69,2,2
702,16.0,1,6.5,7.4,6.0,4.6,68.0,93.7,5.3,6.1,6.9,5.5,0,0,6.1,5.4,8.53,64.51,0,0
703,19.0,1,2.3,9.2,6.9,4.9,61.1,76.9,5.5,3.3,9.7,6.6,0,0,2.8,7.5,8.53,40.34,1,1
704,17.0,2,3.9,5.8,1.0,3.5,79.81730107309173,81.7,4.2,1.7,5.3,8.1,0,0,6.8,6.9,5.69,63.23,0,0
705,16.0,1,9.1,9.5,9.1,3.4,100.0,76.1,5.9,2.6,6.2,9.1,2,0,4.1,4.5,7.61,67.31,0,0
706,25.0,0,4.0,8.6,7.3,1.8,72.4,100.0,7.1,2.8,6.6,4.8,0,0,6.7,9.3,9.15,64.26,0,0
707,19.0,0,6.4,8.8,5.8,0.0,79.1,60.3,2.9,2.9,6.8,6.7,1,0,6.2,9.6,6.33,59.59,2,2
708,23.0,0,6.1,7.4,7.4,3.3,81.8,72.5,9.8,3.2,4.8,3.9,1,1,1.8,1.4,6.22,53.81,2,2
709,18.0,0,1.2,8.5,7.7,3.5,74.5,78.4,8.1,1.2,7.4,10.0,1,1,3.5,19.3,6.71,47.69,2,2
710,22.0,1,4.8,5.7,5.0,1.8,98.5,57.1,2.5,0.1,5.5,7.8,0,0,4.6,3.2,7.13,52.52,2,2
711,22.0,0,4.5,6.1,7.0,3.03210685483871,95.7,77.3,9.2,3.5,5.9,4.0,0,0,0.2,3.3,6.52,51.64,2,2
712,21.0,1,4.9,8.0,8.6,0.7,90.6,75.5,9.3,1.0,4.3,9.3,0,0,0.3,9.9,7.62,70.07,0,0
713,20.0,2,2.7,7.4,7.1,3.3,92.5,77.1,4.9,1.4,7.8,2.4,0,0,4.9,5.1,5.47,53.21,2,2
714,19.0,0,2.0,6.8,5.4,3.1,71.1,77.1,6.5,5.3,3.6,4.1,0,0,2.3,4.0,6.28,51.01,2,2
715,19.0,2,3.2,3.7,6.7,5.2,65.1,62.9,6.2,0.9,2.3,4.7,0,1,2.0,1.0,6.489753023681269,23.01,1,1
716,24.0,1,4.0,6.4,9.5,1.6,71.2,45.8,3.0,0.9,1.0,5.5,1,0,6.7,4.5,6.48,41.42,1,1
717,23.0,1,6.6,6.976601980998585,8.0,2.5,83.6,78.3,8.3,7.2,7.3,7.3,1,0,9.0,4.0,6.489753023681269,68.64,0,0
718,25.0,1,7.8,7.6,3.1,3.0,75.8,58.9,1.9,2.6,4.4,4.0,0,0,4.4,9.3,4.4,43.87,1,1
719,17.0,1,7.0,6.8,7.5,2.0,87.4,73.3,6.6,6.0,4.2,5.0,2,0,6.6,1.2,7.97,73.08,0,0
720,22.0,1,5.9,6.2,7.1,4.5,81.4,61.5,9.4,4.7,5.6,5.7,0,0,7.3,5.5,6.42,61.66,2,2
721,24.0,0,2.2,10.0,6.047861775435752,5.2,62.6,48.3,2.3,0.8,2.8,7.4,0,1,0.0,3.6,4.93,28.95,1,1
722,18.0,1,3.4,8.3,6.1,1.0,96.1,81.5,5.4,3.8,6.3,5.2,0,1,4.9,6.5,7.68,66.27,0,0
723,16.0,0,4.6,8.4,5.1,2.2,73.4,87.6,8.5,1.3,10.0,6.6,0,0,7.4,5.8,6.22,62.64,2,2
724,22.0,0,2.9,9.9,2.6,5.4,90.2,94.9,6.9,2.5,7.1,6.9,1,0,6.7,10.3,10.0,72.13,0,0
725,21.0,0,5.4,8.0,4.3,3.6,69.0,67.0,7.8,3.7,6.4,7.1,0,0,5.0,4.6,5.66,56.43,2,2
726,23.0,1,5.6,6.0,9.0,3.2,68.5,75.7,4.5,3.8,7.5,1.0,1,0,2.8,15.7,7.89,45.6,1,1
727,17.0,1,5.3,5.8,6.5,3.03210685483871,67.9,81.1,3.9,1.6,10.0,6.6,1,0,6.8,4.2,6.2,47.8,2,2
728,23.0,1,6.3,8.3,5.8,4.2,61.4,93.4,5.6,0.5,4.6,2.1,0,0,4.3,1.0,7.62,52.2,2,2
729,18.0,1,2.4,4.3,9.2,3.7,61.7,43.5,6.6,3.0,4.7,6.0,0,1,4.4,6.3,6.44,24.19,1,1
730,18.0,0,6.1,6.9,8.7,3.4,84.9,48.6,7.3,6.2,5.542839731870811,5.6,1,0,0.0,1.2,3.76,56.91,2,2
731,18.0,1,2.8,4.2,4.2,3.0,67.9,100.0,7.0,6.5,2.2,7.4,1,0,6.0,5.1,3.35,59.01,2,2
732,23.0,0,2.3,7.1,9.0,5.4,84.5,44.7,8.2,5.1,5.8,1.8,2,0,2.2,7.3,7.44,42.68,1,1
733,21.0,0,5.3,8.1,1.9,2.5,81.3,91.5,6.3,1.0,5.6,3.5,0,0,4.0,7.4,5.24,66.99,0,0
734,20.0,0,6.6,7.4,7.1,3.0,91.4,99.0,3.7,5.3,6.2,5.0,2,1,3.8,5.3,5.76,53.01,2,2
735,19.0,1,5.2,8.2,6.9,5.8,66.8,89.5,3.0,0.5,3.2,5.1,0,0,6.1,6.6,7.9,50.13,2,2
736,23.0,1,4.2,9.6,8.9,3.6,93.8,56.9,7.7,3.6,1.3,6.6,1,1,1.2,3.4,8.72,58.79,2,2
737,19.0,0,4.8,6.8,7.0,2.9,68.2,58.9,8.2,1.1,1.2,3.4,0,0,3.0,5.0,6.17,56.7,2,2
738,23.0,0,4.5,10.0,5.4,4.1,44.3,74.0,5.991217524197657,1.2,6.2,6.5,0,0,3.3,8.2,7.88,52.36,2,2
739,20.0,1,1.9,7.3,5.6,3.4,82.5,100.0,10.0,1.4,6.3,5.7,0,0,0.9,2.5,4.93,63.66,0,0
740,19.0,1,1.7,8.2,12.7,1.7,68.6,100.0,8.1,0.8,9.3,9.1,2,0,7.5,9.5,7.33,58.38,2,2
741,20.0,1,4.0,6.2,6.2,3.4,99.5,80.4,6.8,4.0,8.1,3.6,0,1,4.1,9.5,5.79,56.79,2,2
742,19.0,0,4.4,9.1,7.5,1.5,83.9,46.3,5.1,3.2008618067525094,2.6,7.9,1,0,0.1,3.6,5.25,55.88,2,2
743,22.0,1,4.2,8.4,1.0,6.3,78.9,77.9,4.1,4.8,3.1,5.5,0,1,0.0,3.1,6.05,65.23,0,0
744,20.0,0,5.6,8.9,3.9,3.4,82.6,71.3,6.1,5.6,6.6,4.6,0,0,5.0,2.7,6.84,58.44,2,2
745,18.0,1,3.8,7.1,7.3,1.3,73.5,75.4,5.8,1.4,5.6,9.3,1,0,3.5,6.2,5.05,59.57,2,2
746,24.0,0,5.3,5.4,2.0,2.3,100.0,45.2,10.0,1.3,7.7,5.0,0,1,5.3,5.1,5.7,56.44,2,2
747,19.0,0,3.9,7.6,7.4,4.4,72.9,79.4,7.3,8.2,8.5,5.957923664122137,0,0,5.0,4.7,5.87,64.82,0,0
748,20.0,0,7.8,4.8,4.2,1.0,86.0,47.9,5.5,4.0,6.3,5.5,0,1,2.3,3.9,7.91,38.27,1,1
749,24.0,1,4.4,6.6,3.4,7.9,69.4,29.5,4.1,5.5,5.6,5.5,0,0,0.5,5.6,4.86,38.91,1,1
750,21.0,1,8.9,7.2,4.2,0.4,80.0,79.0,7.2,0.9,3.3,7.3,0,1,6.8,1.4,2.3,51.25,2,2
751,17.0,1,4.9,10.0,9.8,4.7,63.9,100.0,6.3,4.5,3.3,7.6,0,0,4.1,3.8,5.24,52.96,2,2
752,24.0,0,3.8,7.4,6.8,2.1,83.0,60.0,5.0,6.2,6.9,4.3,0,0,0.0,9.5,5.65,51.01,2,2
753,21.0,0,2.4,7.2,3.7,1.5,80.8,66.5,4.5,0.8,2.8,4.5,0,0,8.6,2.9,10.0,63.72,0,0
754,19.0,0,1.3,6.9,7.9,4.0,87.1,91.1,7.2,0.6,4.7,1.0,1,0,4.3,9.4,7.97,53.92,2,2
755,17.0,1,2.2,5.3,8.1,2.2,86.1,95.9,5.1,1.6,3.0,5.3,1,0,0.4,2.0,6.19,47.68,2,2
756,23.0,0,2.4,7.1,5.0,5.9,80.4,76.9,5.3,9.4,3.3,9.1,0,0,1.7,2.2,7.93,72.9,0,0
757,21.0,1,5.0,7.1,8.4,0.5,100.0,62.2,4.9,5.8,5.1,9.4,0,0,5.3,1.7,4.7,69.79,0,0
758,20.0,0,3.1,5.7,8.5,4.0,79.8,98.9,10.0,0.8,4.9,6.0,1,1,0.6,5.5,6.67,61.96,2,2
759,24.0,1,4.6,5.5,8.1,2.5,80.5,52.9,6.3,1.5,6.8,9.4,0,0,1.7,8.1,7.27,54.87,2,2
760,22.0,0,6.8,6.4,4.3,3.5,78.9,65.6,4.2,2.0,8.2,8.5,0,1,2.5,13.4,6.99,54.78,2,2
761,17.0,1,4.0,7.1,3.1,3.9,82.6,85.6,0.3,3.9,5.0,7.4,2,1,4.0,5.8,5.09,57.48,2,2
762,19.0,1,8.4,6.4,1.8,0.0,76.3,46.8,2.4,5.8,2.8,3.2,1,0,5.2,15.2,4.84,45.43,1,1
763,18.0,0,1.8,5.6,4.4,3.4,75.2,82.0,5.4,4.7,4.8,5.4,0,0,4.0,3.0,6.7,47.76,2,2
764,22.0,1,3.9,7.4,5.1,5.0,89.8,95.5,9.7,2.0,7.6,3.8,0,1,0.0,10.6,6.78,58.31,2,2
765,16.0,0,3.1,7.7,5.3,3.8,79.4,100.0,10.0,1.3,3.3,3.7,2,0,6.6,1.5,4.41,61.06,2,2
766,21.0,0,6.1,7.2,5.9,2.3,93.7,68.0,5.5,6.0,3.2,6.7,2,1,4.4,3.4,4.2,70.55,0,0
767,22.0,0,0.0,6.3,10.3,0.5,55.4,67.1,6.8,0.7,2.3,7.3,0,0,0.5,13.3,2.31,20.37,1,1
768,23.0,1,1.3,7.8,5.2,3.9,99.8,87.9,5.6,2.2,8.6,1.1,0,0,6.6,4.2,5.28,42.98,1,1
769,19.0,0,4.0,6.8,5.9,6.4,91.6,63.9,7.0,0.7,1.0,5.0,1,1,4.3,6.9,8.64,62.27,2,2
770,23.0,0,7.3,5.5,1.5,4.2,79.3,69.4,5.5,1.7,3.1,3.7,0,0,6.0,2.0,5.82,55.82,2,2
771,17.0,1,4.7,8.3,11.6,5.1,79.0,80.8,4.8,5.2,3.1,6.0,2,1,3.4,2.5,5.18,62.5,2,2
772,23.0,0,1.5,7.5,2.7,4.7,88.3,81.7,5.991217524197657,2.4,4.7,4.4,1,0,1.1,2.7,6.19,62.35,2,2
773,17.0,1,1.8,6.8,4.2,2.3,66.7,40.7,7.6,1.0,4.1,6.6,2,1,2.0,5.3,7.48,51.63,2,2
774,19.0,1,7.5,5.0,6.047861775435752,3.2,80.5,54.0,8.9,5.7,5.8,8.6,2,0,4.4,14.9,7.29,45.05,1,1
775,23.0,1,3.0,6.0,6.6,4.6,82.0,42.0,5.0,3.1,4.3,6.2,2,0,2.8,4.3,6.79,41.71,1,1
776,17.0,1,2.3,9.6,10.1,0.2,53.4,45.0,7.6,3.4,3.3,7.7,0,0,2.4,4.6,8.09,40.96,1,1
777,18.0,1,7.2,5.0,7.8,4.2,84.5,54.9,6.3,4.1,4.5,8.9,2,1,0.0,4.5,7.48,43.77,1,1
778,22.0,0,6.2,6.7,5.8,5.3,62.4,71.0,5.2,2.4,2.8,6.3,0,0,0.8,14.6,3.57,48.12,2,2
779,22.0,0,6.7,7.0,8.6,2.9,94.1,72.7,7.5,1.7,7.8,3.0,1,1,2.2,13.2,7.34,52.35,2,2
780,21.0,1,2.3,7.4,8.9,4.5,97.4,36.3,9.0,0.8,8.5,3.4,0,0,5.4,3.2,8.9,50.95,2,2
781,22.0,2,1.1,5.1,4.3,2.0,99.6,58.2,4.2,4.2,1.4,5.8,2,0,5.1,3.2,8.72,61.8,2,2
782,20.0,0,4.5,7.2,8.4,3.1,75.8,47.7,5.3,3.3,6.5,10.0,0,1,4.9,4.3,6.39,58.07,2,2
783,18.0,0,4.9,4.8,5.4,2.5,75.6,71.4,9.2,1.5,5.7,2.0,0,1,6.0,1.7,6.58,35.18,1,1
784,19.0,0,4.9,7.1,5.7,3.8,54.3,63.2,5.9,0.7,5.7,6.9,0,0,5.3,2.5,4.5,41.8,1,1
785,18.0,0,7.2,6.2,6.4,2.8,88.8,97.7,4.3,5.2,4.4,6.5,2,1,1.0,2.6,6.489753023681269,74.06,0,0
786,24.0,1,0.7,5.9,5.0,0.0,60.4,72.5,6.4,2.4,3.9,7.3,0,0,3.4,1.1,7.08,40.21,1,1
787,21.0,1,5.9,8.1,4.9,1.7,61.2,64.1,6.0,8.3,7.6,5.8,1,0,4.0,4.6,6.55,61.32,2,2
788,19.0,1,2.0,6.7,8.5,6.5,76.1,70.3,8.3,4.4,7.6,6.0,0,0,6.0,3.5,6.53,51.57,2,2
789,20.0,0,5.9,7.6,2.2,4.0,65.6,63.4,5.9,2.0,5.8,5.9,1,0,1.3,2.6,4.34,60.62,2,2
790,24.0,1,3.3,7.7,3.3,0.0,67.5,99.1,6.0,2.0,2.0,3.7,1,1,2.6,0.7,6.58,67.71,0,0
791,17.0,0,2.6,8.7,7.7,5.2,80.6,69.0,5.9,1.6,5.6,1.3,0,0,5.1,2.3,9.76,46.98,2,2
792,21.0,1,3.0,5.4,5.8,0.9,91.5,83.2,6.4,2.4,4.6,10.0,1,0,3.6,1.3,4.49,50.84,2,2
793,20.0,0,1.3,8.2,8.5,4.6,87.0,89.2,9.3,2.1,5.4,5.4,0,0,8.2,11.1,7.62,64.2,0,0
794,21.0,1,4.3,7.0,6.9,5.3,82.5,63.1,7.6,6.9,5.8,3.6,0,0,1.5,3.7,6.24,51.77,2,2
795,16.0,1,2.7,6.5,2.7,3.2,94.9,42.5,3.7,4.4,5.3,8.4,0,0,6.3,6.2,5.27,58.33,2,2
796,23.0,1,5.8,5.5,6.2,1.2,81.7,66.3,6.6,6.8,7.7,4.9,0,0,3.7,8.1,10.0,58.68,2,2
797,24.0,1,5.5,7.8,7.3,1.7,73.2,86.5,6.8,8.0,4.0,6.6,0,0,2.9,2.1,6.2,71.58,0,0
798,21.0,1,7.6,5.8,6.6,4.1,70.0,44.5,6.8,2.0,7.6,7.0,0,0,6.0,6.9,6.13,52.72,2,2
799,22.0,0,4.9,7.7,4.8,1.0,87.2,79.6,2.7,0.7,4.7,4.5,1,0,9.7,17.0,6.36,62.46,2,2
800,24.0,1,5.2,9.5,5.3,2.0,65.7,90.1,6.3,0.8,7.3,7.4,1,0,0.0,3.9,6.29,58.83,2,2
801,22.0,1,7.0,8.3,4.6,3.9,84.5,100.0,4.8,5.4,7.5,5.5,1,1,2.5,6.1,5.16,64.69,0,0
802,17.0,0,2.9,8.8,2.7,1.8,74.4,87.2,2.7,1.8,6.4,8.0,2,0,0.3,11.7,5.53,52.41,2,2
803,21.0,1,1.2,6.1,2.3,5.6,69.1,80.3,8.7,0.7,4.2,5.957923664122137,0,1,4.4,2.0,8.99,51.47,2,2
804,21.0,2,4.6,8.0,7.0,1.1,68.9,78.3,5.4,1.9,1.5,7.6,0,1,2.8,3.0,9.26,62.62,2,2
805,19.0,2,1.4,5.5,3.8,0.0,92.5,53.3,5.4,2.2,6.5,1.0,1,0,5.6,1.8,3.77,28.11,1,1
806,22.0,1,9.1,6.7,7.4,1.6,68.9,58.0,7.9,0.4,4.6,6.8,0,1,0.0,5.2,8.39,43.25,1,1
807,24.0,1,7.1,9.3,4.5,3.6,76.4,43.8,8.3,0.8,5.7,8.3,1,1,1.1,3.7,5.26,42.7,1,1
808,24.0,1,8.5,6.2,2.7,4.6,73.9,76.3,5.5,2.5,7.6,5.5,1,0,2.7,3.5,7.02,47.15,2,2
809,20.0,0,4.3,8.4,5.0,2.3,93.8,82.9,6.1,1.8,4.0,2.5,1,1,1.3,9.3,7.72,59.51,2,2
810,17.0,0,5.3,8.3,11.2,2.5,100.0,77.1,3.8,2.9,5.8,5.5,1,1,0.0,5.4,7.35,56.46,2,2
811,25.0,0,3.3,8.4,5.8,2.9,91.8,80.1,3.9,4.5,1.9,3.5,0,0,3.5,1.2,7.07,56.39,2,2
812,23.0,0,6.0,5.4,7.6,6.1,75.1,88.7,8.9,2.0,6.3,6.0,0,1,5.1,2.7,6.83,55.73,2,2
813,17.0,1,1.8,7.7,6.4,3.7,84.4,51.1,6.1,3.1,4.2,5.1,0,0,3.5,6.9,5.43,49.94,2,2
814,24.0,0,0.0,6.8,2.5,2.1,68.2,76.1,8.1,7.6,1.0,6.7,2,1,8.0,7.5,6.489753023681269,71.75,0,0
815,23.0,0,2.6,8.4,9.6,3.03210685483871,82.7,79.4,5.6,2.0,6.4,1.0,2,0,3.8,2.1,5.14,39.27,1,1
816,20.0,0,1.3,4.8,5.4,3.0,57.2,66.6,6.9,1.5,10.0,8.8,2,0,5.3,1.4,3.02,22.0,1,1
817,21.0,0,7.2,7.5,2.7,0.0,83.1,36.7,2.2,0.7,5.4,7.5,0,0,4.2,7.8,7.85,57.8,2,2
818,19.0,0,7.8,7.3,4.7,0.5,79.3,56.6,7.9,3.1,3.2,3.4,0,0,4.8,6.7,7.27,64.05,0,0
819,16.0,1,1.4,4.4,5.5,4.0,85.7,65.9,5.9,1.4,6.9,6.3,1,0,5.0,2.3,8.27,26.54,1,1
820,19.0,1,6.8,5.8,7.9,0.0,79.8,77.7,5.0,4.7,4.7,7.9,0,1,6.4,0.5,8.97,64.74,0,0
821,23.0,0,6.1,4.6,4.3,3.9,90.9,75.6,7.4,1.1,6.5,4.7,0,0,2.8,6.6,5.56,42.95,1,1
822,16.0,1,1.1,6.1,12.6,1.6,70.1,100.0,8.2,5.3,3.3,5.8,0,1,3.6,6.6,4.86,48.42,2,2
823,19.0,2,3.4,7.7,3.7,5.1,89.8,92.0,5.1,6.2,2.1,1.7,2,0,3.8,2.7,8.58,70.08,0,0
824,19.0,1,3.0,7.3,7.5,3.3,86.1,74.6,3.4,1.9,6.2,1.3,2,1,3.7,3.3,6.37,42.04,1,1
825,20.0,0,5.7,7.2,1.1,0.1,94.2,77.2,9.7,2.4,4.2,3.2,1,0,1.9,5.5,7.44,68.7,0,0
826,24.0,0,1.7,5.6,5.7,4.6,95.0,97.9,5.5,0.4,4.0,4.7,0,1,0.0,1.3,7.27,35.45,1,1
827,19.0,1,4.0,8.5,6.9,5.5,67.6,98.6,1.8,1.3,7.6,9.6,2,1,0.7,7.2,10.0,56.72,2,2
828,19.0,0,2.8,7.0,3.2,0.7,86.7,81.0,5.1,5.4,4.5,5.9,1,0,5.7,1.0,6.18,65.83,0,0
829,22.0,0,5.1,7.0,9.7,1.6,64.8,100.0,7.0,3.9,6.5,1.4,1,0,5.0,12.5,7.65,51.3,2,2
830,20.0,0,3.8,8.2,7.1,3.9,95.1,58.8,5.8,3.2008618067525094,4.3,6.3,0,0,4.4,10.6,3.97,52.86,2,2
831,18.0,1,3.1,5.7,5.2,4.2,68.9,74.5,5.7,1.6,8.1,6.8,1,1,5.0,4.3,6.489753023681269,48.42,2,2
832,20.0,1,3.8,7.3,7.1,7.2,75.1,100.0,5.2,4.6,9.3,4.2,1,1,4.7,0.7,6.91,52.35,2,2
833,17.0,1,8.3,7.6,4.5,4.6,82.8,87.8,5.1,7.2,7.0,6.0,0,1,8.9,2.2,3.84,50.63,2,2
834,18.0,1,3.4,6.3,9.1,7.3,89.6,72.5,3.2,4.9,3.4,8.5,1,1,4.0,4.0,8.45,59.37,2,2
835,20.0,0,2.1,7.8,8.5,3.0,84.8,76.9,3.1,3.0,7.3,5.2,0,0,6.9,6.3,7.35,47.36,2,2
836,19.0,2,5.4,7.6,6.9,3.7,90.0,78.2,6.8,2.5,5.5,4.9,1,1,6.0,6.0,6.17,57.47,2,2
837,24.0,0,3.9,6.9,7.5,2.0,80.2,100.0,8.7,2.8,6.5,4.4,0,0,2.9,11.4,7.96,70.6,0,0
838,19.0,0,1.4,6.8,2.3,2.1,83.2,89.5,5.4,7.4,4.8,6.9,1,1,1.7,11.0,8.28,69.64,0,0
839,21.0,0,8.7,7.7,9.7,3.3,57.0,73.6,9.0,3.2008618067525094,4.6,4.9,0,0,3.2,12.2,7.02,51.84,2,2
840,21.0,1,3.5,8.0,5.8,2.0,93.3,44.8,8.4,4.5,6.0,6.0,2,1,3.7,14.4,5.56,61.34,2,2
841,16.0,0,3.4,7.1,8.6,0.0,76.2,61.9,5.7,2.0,9.7,4.0,2,0,2.9,13.7,8.33,52.35,2,2
842,21.0,1,4.5,8.5,7.9,1.8,74.4,76.1,7.4,2.6,6.1,4.8,0,0,3.7,1.4,5.35,53.95,2,2
843,18.0,0,7.7,7.9,8.5,4.9,100.0,72.7,7.1,5.0,5.0,10.0,2,1,1.9,5.4,8.86,85.07,0,0
844,25.0,1,0.8,4.7,3.4,3.1,44.8,94.7,4.9,3.2,4.0,4.2,0,0,3.1,2.0,8.24,37.8,1,1
845,17.0,1,4.8,5.2,3.7,3.1,81.2,70.8,1.3,1.7,4.7,9.3,0,1,4.1,3.3,7.94,55.88,2,2
846,19.0,0,8.4,8.5,11.6,1.6,50.9,90.1,6.3,2.5,8.9,3.6,0,0,3.7,7.8,8.82,43.87,1,1
847,17.0,0,4.5,6.7,2.2,3.6,84.4,48.5,7.5,1.2,4.4,9.5,1,0,4.6,3.8,5.84,67.18,0,0
848,25.0,0,1.7,7.2,3.3,6.0,70.9,65.6,4.8,1.6,4.6,5.7,2,0,2.8,7.6,5.51,37.59,1,1
849,20.0,0,3.0,8.5,6.1,5.5,79.81730107309173,87.5,10.0,1.1,3.0,6.8,0,0,2.6,4.1,7.32,50.83,2,2
850,21.0,1,4.6,7.0,6.1,3.7,94.2,100.0,8.3,0.3,7.1,3.9,1,0,4.3,2.8,6.63,67.32,0,0
851,16.0,0,6.9,7.0,4.6,1.5,63.2,72.4,2.8,3.0,6.8,6.6,0,0,6.0,7.1,9.3,68.83,0,0
852,22.0,1,3.5,5.9,7.5,6.2,92.3,89.9,5.6,0.7,8.5,6.8,1,1,3.9,2.9,8.71,51.13,2,2
853,18.0,0,5.9,7.5,8.3,4.9,67.3,99.1,4.2,4.0,7.2,6.0,2,0,4.6,9.5,4.05,38.49,1,1
854,24.0,0,1.3,7.8,6.0,0.3,74.0,92.2,5.2,4.6,5.2,2.9,2,0,4.6,3.3,5.84,47.82,2,2
855,18.0,1,1.3,6.2,5.3,0.0,50.3,88.5,7.4,1.4,8.8,4.1,2,0,3.8,10.9,4.86,35.46,1,1
856,18.0,0,3.2,5.8,5.9,0.4,85.5,68.6,5.991217524197657,2.8,8.4,3.2,0,0,5.6,7.0,6.92,34.64,1,1
857,16.0,0,7.1,10.0,4.8,2.1,72.5,100.0,4.7,1.4,5.8,5.9,0,0,4.1,7.6,6.55,51.28,2,2
858,20.0,1,4.3,6.9,1.8,4.6,75.2,74.2518720906699,6.2,3.2008618067525094,6.4,3.8,0,1,7.3,7.7,9.95,66.12,0,0
859,21.0,0,4.8,6.1,6.8,4.6,78.8,52.2,7.7,1.1,1.9,3.4,1,1,2.5,0.6,9.89,50.54,2,2
860,16.0,0,4.8,7.9,7.9,3.6,58.6,100.0,7.6,2.0,6.1,3.4,1,0,4.4,10.3,6.03,57.73,2,2
861,22.0,2,6.4,6.9,5.6,2.7,89.0,81.5,7.4,1.5,5.7,4.0,1,1,3.4,4.8,6.72,62.19,2,2
862,20.0,1,3.0,5.6,1.0,7.3,72.7,52.7,9.0,0.8,5.3,10.0,0,0,3.1,5.4,5.49,47.17,2,2
863,20.0,1,5.6,7.6,4.6,3.1,100.0,49.2,5.8,0.8,6.5,6.9,0,0,2.4,5.6,4.92,49.98,2,2
864,20.0,0,2.5,5.9,8.3,2.8,73.8,48.4,5.2,3.1,3.5,6.1,0,0,5.7,3.7,6.34,39.03,1,1
865,19.0,1,8.2,9.0,2.4,2.1,74.9,100.0,5.7,4.3,10.0,6.6,2,1,4.8,1.2,8.54,62.91,2,2
866,20.0,2,2.6,7.6,7.7,7.0,62.4,73.5,4.2,1.1,7.2,1.5,0,0,8.0,3.2,7.67,32.49,1,1
867,17.0,1,2.4,6.6,4.9,4.3,59.0,65.7,4.2,1.2,7.1,7.8,1,1,4.0,1.3,10.0,48.02,2,2
868,18.0,0,5.3,7.1,6.0,1.1,91.4,100.0,7.6,4.9,7.1,7.6,0,0,5.9,2.2,9.09,84.86,0,0
869,23.0,0,4.4,8.2,4.3,0.9,93.8,79.5,7.8,2.4,7.7,6.9,0,0,2.6,9.5,5.62,64.21,0,0
870,24.0,1,4.219583121504829,7.2,3.2,0.0,72.6,69.1,0.2,3.5,5.8,7.3,0,0,3.7,10.1,2.92,49.46,2,2
871,19.0,1,4.7,9.8,9.6,2.8,81.6,94.1,8.1,4.6,4.2,6.2,0,0,1.3,6.2,5.9,63.63,0,0
872,18.0,0,2.0,8.5,8.0,0.3,96.1,85.8,5.1,5.6,2.1,5.7,0,0,4.7,2.9,6.45,70.87,0,0
873,21.0,0,7.4,7.6,7.6,0.9,83.8,85.8,4.6,1.9,7.8,6.1,0,0,6.1,4.2,9.92,60.12,2,2
874,19.0,1,6.0,5.8,8.3,4.9,86.3,70.1,5.3,2.6,6.8,1.0,1,0,7.7,8.1,4.06,44.24,1,1
875,16.0,0,6.9,6.8,7.3,4.6,81.1,58.9,3.2,1.1,2.8,10.0,1,0,3.7,1.9,9.49,58.67,2,2
876,17.0,1,3.1,7.6,8.4,5.7,71.5,56.8,5.6,2.2,2.6,2.3,1,1,4.3,1.4,4.83,31.58,1,1
877,22.0,1,5.0,5.9,4.3,0.4,85.0,76.9,10.0,5.4,1.5,8.5,2,0,6.5,5.5447261663286005,6.39,90.18,0,0
878,21.0,1,4.6,8.7,9.4,1.2,100.0,75.1,2.6,8.6,4.8,7.9,2,0,7.7,4.1,5.51,57.78,2,2
879,16.0,1,6.5,5.7,9.2,1.9,73.2,83.7,7.4,4.5,8.0,6.4,2,0,3.0,5.5447261663286005,9.63,52.65,2,2
880,18.0,0,6.5,6.2,7.0,6.0,91.3,67.4,8.1,0.4,2.3,1.0,1,1,6.6,2.7,4.4,41.97,1,1
881,18.0,1,4.6,6.3,5.3,3.1,82.4,98.0,7.3,0.6,5.7,6.6,2,1,5.1,0.0,6.32,60.92,2,2
882,21.0,1,1.2,8.0,2.9,6.3,72.3,51.1,9.4,2.3,2.2,9.7,0,1,4.8,1.7,2.62,52.43,2,2
883,16.0,1,7.8,6.0,6.6,4.1,91.6,82.5,8.2,1.7,2.3,6.2,0,0,8.0,6.8,8.46,68.98,0,0
884,17.0,0,5.3,6.976601980998585,10.2,2.8,90.1,58.6,7.5,1.3,4.0,5.3,0,1,0.0,0.4,8.26,35.17,1,1
885,23.0,0,3.0,8.4,3.1,4.0,87.5,70.6,8.3,3.0,9.5,5.6,1,1,2.2,4.0,4.73,41.75,1,1
886,18.0,0,5.0,6.4,8.5,0.0,100.0,58.4,8.2,5.1,3.7,6.6,0,0,2.9,1.9,7.14,82.94,0,0
887,21.0,1,1.2,5.6,4.8,0.0,100.0,68.4,5.2,2.7,2.4,1.0,1,0,5.4,13.9,6.58,39.71,1,1
888,18.0,1,6.3,6.0,5.0,3.5,80.7,55.7,7.4,1.6,4.3,7.2,1,0,1.6,5.5,9.05,69.98,0,0
889,17.0,0,1.3,9.2,3.1,3.0,78.6,57.0,5.4,1.4,4.3,3.9,2,1,5.5,13.9,6.7,39.11,1,1
890,18.0,1,3.8,6.1,4.1,6.5,61.4,92.3,3.1,1.2,5.0,6.8,0,1,2.4,6.0,6.75,46.04,1,1
891,22.0,0,4.7,6.8,7.6,0.5,99.9,50.0,10.0,0.1,4.0,10.0,1,1,5.5,4.4,6.77,66.42,0,0
892,23.0,1,6.3,6.4,7.9,3.7,79.1,86.7,4.8,6.4,4.3,4.7,0,0,3.8,4.6,5.56,57.82,2,2
893,23.0,0,4.4,5.4,6.6,4.3,72.1,90.3,8.4,3.0,6.4,3.7,0,0,8.6,3.5,7.76,58.35,2,2
894,19.0,1,5.5,6.0,4.7,3.6,67.9,88.1,7.2,3.3,5.4,6.2,1,0,1.3,3.3,6.8,56.11,2,2
895,21.0,0,4.1,5.3,3.2,5.0,67.8,74.5,4.0,4.9,3.3,9.7,0,0,5.7,5.9,6.56,66.3,0,0
896,18.0,1,4.1,8.2,6.2,1.9,100.0,55.3,4.3,5.8,6.8,6.6,1,0,4.8,6.3,6.489753023681269,59.54,2,2
897,19.0,1,4.4,7.1,5.1,4.5,91.7,47.2,6.9,2.8,10.0,8.5,0,0,3.3,7.2,6.74,60.35,2,2
898,24.0,1,3.8,10.0,6.5,4.0,60.7,53.8,6.9,4.3,6.4,7.4,1,0,5.1,4.0,3.72,37.82,1,1
899,16.0,1,0.8,6.1,5.2,5.1,61.2,53.9,5.2,0.6,8.1,8.6,0,1,2.6,10.8,5.47,26.42,1,1
900,17.0,1,2.7,5.9,5.3,2.1,81.6,80.0,2.5,7.7,4.3,4.6,2,0,4.3,4.8,8.66,49.57,2,2
901,18.0,0,4.7,9.0,6.4,0.9,66.8,49.5,7.8,6.2,5.542839731870811,9.3,1,1,2.6,8.6,3.6,56.51,2,2
902,16.0,0,3.7,8.4,6.9,1.9,76.7,71.3,0.0,0.6,3.1,7.4,0,1,4.5,3.1,6.489753023681269,41.54,1,1
903,18.0,0,3.9,7.5,9.1,1.1,100.0,75.7,6.8,1.7,1.0,3.0,0,0,4.9,9.3,3.46,52.78,2,2
904,21.0,0,3.6,5.6,5.2,2.0,93.9,69.5,8.5,0.7,3.9,5.6,0,0,3.7,4.5,8.0,64.84,0,0
905,19.0,0,2.5,9.3,7.4,2.4,57.8,70.1,1.9,7.1,4.5,6.4,1,0,5.5,3.4,6.91,53.81,2,2
906,24.0,1,3.2,6.9,10.5,1.4,66.9,98.0,6.4,4.2,3.0,6.2,2,1,3.2,3.8,5.73,55.46,2,2
907,23.0,1,3.6,6.4,7.4,3.0,83.2,84.0,5.2,1.1,5.0,5.8,1,1,4.7,1.1,5.35,53.27,2,2
908,19.0,1,4.2,8.5,8.9,0.9,94.7,87.7,6.4,3.0,2.8,6.6,1,0,1.1,12.0,6.42,70.53,0,0
909,18.0,0,5.0,7.0,4.4,2.9,69.3,68.3,8.2,1.8,9.6,6.6,1,1,2.9,6.2,8.21,55.86,2,2
910,20.134890807516506,1,3.8,5.5,4.2,2.1,84.8,89.1,3.0,3.1,2.7,4.8,2,0,3.7,2.5,6.61,59.41,2,2
911,21.0,1,2.1,7.1,5.6,2.8,74.1,80.5,5.5,7.9,3.6,6.9,1,0,7.7,7.2,7.34,66.31,0,0
912,18.0,0,1.4,6.0,5.9,3.7,100.0,78.8,5.6,1.4,4.1,7.7,2,0,4.5,5.5,7.18,44.66,1,1
913,21.0,1,4.219583121504829,3.1,6.047861775435752,2.2,88.1,68.0,1.7,3.8,7.5,9.9,1,1,4.2,4.0,8.64,14.06,1,1
914,19.0,0,1.9,5.9,4.2,1.6,77.5,79.3,7.3,1.1,7.0,10.0,2,0,6.3,1.1,7.38,60.01,2,2
915,20.0,0,3.2,6.3,5.8,1.8,60.6,100.0,9.6,1.7,5.6,5.2,0,0,1.9,3.6,7.58,62.53,2,2
916,20.0,1,5.2,5.5,8.7,4.8,66.2,85.9,7.5,3.2008618067525094,4.1,5.0,1,0,5.2,5.9,6.93,45.97,1,1
917,19.0,1,4.9,7.7,6.5,5.3,47.2,100.0,6.3,1.3,1.0,5.3,1,0,5.1,5.4,4.38,52.18,2,2
918,24.0,0,5.2,6.0,6.0,2.1,83.5,41.0,7.9,5.8,3.6,3.4,2,0,2.6,5.3,4.43,54.85,2,2
919,22.0,0,3.3,7.6,6.6,2.7,88.7,76.3,4.7,0.4,5.6,6.4,1,0,5.4,2.0,7.36,69.97,0,0
920,17.0,1,4.7,5.4,3.2,0.0,89.3,89.8,4.1,2.9,4.6,10.0,0,0,0.6,1.3,7.09,68.16,0,0
921,23.0,0,4.3,8.2,3.1,2.7,79.81730107309173,82.0,7.1,1.4,7.9,4.1,0,1,5.2,3.0,7.7,60.87,2,2
922,20.0,0,3.6,5.3,2.0,0.4,96.6,74.2518720906699,6.5,2.7,6.5,4.6,0,1,8.4,7.6,5.74,61.83,2,2
923,24.0,1,4.7,4.0,6.5,2.1,100.0,68.0,6.7,3.4,4.0,2.3,0,1,6.0,4.4,7.6,37.82,1,1
924,23.0,1,6.3,8.6,8.3,4.9,71.4,96.8,4.1,3.4,7.0,8.1,2,1,4.1,1.7,5.02,52.05,2,2
925,19.0,0,4.2,5.9,7.9,0.3,95.4,46.2,2.7,4.5,2.2,6.4,0,0,2.6,7.9,4.31,53.92,2,2
926,16.0,1,4.2,9.3,8.9,1.4,81.8,72.3,3.7,4.6,6.1,4.2,1,0,4.050203624516392,2.9,7.84,61.2,2,2
927,18.0,0,6.3,7.7,9.6,1.4,73.2,77.2,4.1,5.6,7.7,3.7,2,1,0.0,8.1,4.96,30.83,1,1
928,20.134890807516506,1,6.1,8.0,6.4,0.0,96.0,64.7,1.5,4.3,6.8,4.7,1,0,2.7,1.8,10.0,70.09,0,0
929,21.0,0,7.4,8.4,5.8,4.6,64.3,75.5,7.0,9.1,4.2,7.5,2,1,3.6,3.9,8.6,68.37,0,0
930,18.0,0,0.7,7.1,9.7,3.5,60.7,39.6,3.2,5.3,7.3,6.8,2,1,2.5,3.2,3.89,21.28,1,1
931,17.0,0,6.0,7.2,4.2,6.3,74.8,51.7,3.0,6.4,1.6,4.1,0,0,3.0,4.0,6.46,58.21,2,2
932,23.0,1,5.4,8.7,3.1,1.2,77.0,97.9,5.4,2.8,3.0,4.7,1,0,6.9,7.0,7.46,77.48,0,0
933,25.0,1,2.4,7.1,5.2,0.0,58.6,79.4,5.991217524197657,3.2,3.4,8.1,1,1,3.0,8.8,7.7,65.86,0,0
934,20.0,0,4.7,6.1,4.9,4.7,86.4,68.2,2.5,3.7,1.5,1.8,0,0,5.1,9.9,6.04,47.81,2,2
935,18.0,1,6.3,7.8,6.1,2.4,69.9,92.6,2.8,5.2,7.8,3.6,1,0,3.8,5.4,8.06,67.14,0,0
936,18.0,1,2.5,4.3,3.9,2.2,63.0,100.0,7.2,9.1,8.8,6.3,1,0,2.6,5.2,6.62,28.65,1,1
937,16.0,0,5.1,8.7,6.9,5.7,88.4,100.0,5.3,1.6,5.0,6.2,0,0,7.4,3.1,4.99,69.56,0,0
938,24.0,1,5.9,8.7,4.6,3.3,74.4,41.0,2.7,3.4,8.2,7.5,2,1,3.0,2.1,7.24,46.79,2,2
939,17.0,1,2.1,8.6,9.1,4.6,93.7,99.9,9.2,3.5,3.3,7.8,1,0,7.0,2.2,7.68,78.95,0,0
940,21.0,1,3.9,8.5,3.0,1.9,86.0,54.1,4.4,1.0,4.5,7.4,0,1,6.4,4.8,6.01,57.28,2,2
941,18.0,0,4.8,6.9,5.7,1.7,77.4,80.4,7.2,3.7,4.7,1.8,0,0,1.7,2.4,5.97,56.48,2,2
942,20.0,0,2.6,6.9,5.2,2.3,94.3,86.0,5.8,0.2,3.0,7.8,0,0,3.8,6.2,6.37,65.65,0,0
943,21.0,1,2.4,5.4,6.6,4.2,85.5,100.0,6.2,1.0,6.6,6.9,0,0,9.5,2.4,7.22,51.94,2,2
944,23.0,1,3.9,9.3,8.3,3.1,79.7,83.4,5.991217524197657,5.7,5.3,6.1,0,0,2.7,9.9,4.97,58.59,2,2
945,18.0,1,5.8,6.4,6.7,3.8,86.7,80.0,3.0,0.4,4.4,8.2,0,0,5.6,5.8,7.27,59.35,2,2
946,16.0,0,5.5,7.4,5.7,0.0,87.1,59.9,10.0,2.6,5.7,8.8,1,0,5.8,10.8,4.18,74.75,0,0
947,17.0,1,2.5,7.3,7.7,0.0,65.8,44.6,4.3,0.4,7.4,4.6,0,0,2.8,6.3,7.39,39.76,1,1
948,24.0,0,5.5,5.3,8.1,0.0,100.0,59.5,7.8,0.9,4.6,2.0,0,0,5.7,6.9,6.489753023681269,57.09,2,2
949,23.0,1,2.5,4.7,6.7,2.3,80.9,100.0,4.3,3.3,10.0,5.0,2,0,0.5,3.3,7.05,34.31,1,1
950,21.0,2,1.0,7.0,7.0,0.5,81.1,75.6,3.6,2.0,7.0,3.5,0,0,6.2,5.3,8.32,49.7,2,2
951,21.0,1,3.5,6.4,7.6,6.0,57.2,100.0,9.0,4.2,6.2,5.6,1,1,4.3,4.7,4.16,50.59,2,2
952,21.0,0,6.4,6.9,1.9,3.0,81.7,62.1,9.4,0.9,5.7,7.4,1,0,0.0,3.5,4.79,57.62,2,2
953,18.0,1,4.219583121504829,8.4,5.1,3.4,82.2,89.1,7.0,4.1,9.6,4.5,2,0,3.2,1.9,10.0,55.26,2,2
954,24.0,1,4.2,7.3,6.9,1.0,65.1,78.0,7.8,4.2,6.2,4.2,1,0,0.3,12.8,6.19,57.4,2,2
955,19.0,0,3.4,8.0,5.3,1.0,66.5,98.3,3.2,1.0,5.2,1.0,0,0,1.8,6.9,6.18,48.44,2,2
956,19.0,0,3.4,7.6,5.3,5.8,68.3,71.0,7.5,3.8,3.5,7.0,0,1,3.0,13.9,7.08,58.15,2,2
957,20.0,1,4.4,6.6,6.9,6.2,76.2,72.7,7.4,1.4,6.2,7.8,1,0,5.7,6.1,6.86,55.96,2,2
958,16.0,0,2.1,5.7,7.0,3.7,82.8,96.9,7.0,1.2,6.8,4.0,0,0,1.2,5.1,5.52,33.91,1,1
959,18.0,0,3.5,7.3,7.2,0.0,77.1,37.4,9.6,3.0,9.3,3.8,0,0,2.9,14.9,7.8,51.04,2,2
960,22.0,0,3.8,7.1,4.0,2.2,83.9,72.4,1.0,2.3,5.0,5.7,1,0,1.0,5.0,6.28,54.11,2,2
961,17.0,1,1.5,8.2,2.5,3.6,88.8,45.1,5.6,3.4,6.0,2.2,0,1,1.9,1.7,7.22,45.18,1,1
962,21.0,0,2.5,6.8,8.0,2.6,87.1,74.5,9.3,3.5,4.9,8.3,1,0,7.6,1.5,5.08,66.82,0,0
963,18.0,0,5.0,6.6,4.1,0.0,84.7,67.4,3.6,4.4,6.8,4.2,1,0,4.7,2.1,7.38,66.65,0,0
964,20.134890807516506,1,4.2,6.7,4.0,6.3,83.7,74.2518720906699,7.4,2.9,5.542839731870811,7.8,0,0,0.5,2.6,6.489753023681269,63.61,0,0
965,18.0,0,3.6,5.8,3.7,1.5,83.8,83.4,4.9,2.7,4.3,5.8,0,0,6.9,5.5447261663286005,7.42,54.12,2,2
966,20.134890807516506,1,2.4,8.9,8.9,0.6,78.1,69.9,6.2,4.5,5.6,2.1,0,1,6.7,3.8,6.62,45.86,1,1
967,22.0,1,7.4,8.5,6.5,2.9,71.4,57.7,3.7,1.8,5.7,3.9,0,0,3.3,7.1,7.72,47.52,2,2
968,19.0,0,2.5,5.4,6.9,5.1,78.8,76.4,10.0,2.9,6.2,1.4,1,0,6.1,1.1,6.07,45.09,1,1
969,21.0,0,4.7,8.0,7.7,3.9,88.5,98.5,3.5,2.9,7.8,6.2,0,0,8.1,2.5,9.61,66.82,0,0
970,20.0,1,3.2,4.6,5.9,0.6,88.4,57.4,5.7,3.0,8.8,4.3,0,0,4.2,12.5,7.81,47.04,2,2
971,21.0,1,4.3,8.3,8.5,0.3,86.6,47.9,5.4,8.8,2.3,5.2,0,0,1.8,4.7,6.92,63.37,0,0
972,24.0,2,5.1,6.1,3.0,0.0,73.8,41.8,8.4,2.3,7.6,9.0,0,0,6.0,7.5,7.1,66.38,0,0
973,22.0,1,1.5,7.5,3.3,2.5,77.2,47.4,6.2,0.1,3.4,8.0,1,0,2.4,5.2,3.89,45.74,1,1
974,18.0,0,4.2,4.5,3.1,2.1,77.2,74.9,2.5,3.0,6.8,5.2,1,0,2.3,1.8,7.96,35.91,1,1
975,16.0,0,6.6,5.4,7.1,3.9,72.1,49.7,4.6,1.7,6.2,5.8,2,1,1.8,8.4,6.65,35.17,1,1
976,18.0,1,7.7,7.6,7.3,1.8,91.6,68.3,1.2,2.9,4.1,4.2,0,0,5.6,6.7,5.15,49.9,2,2
977,21.0,0,3.9,6.1,4.8,4.8,56.1,83.3,6.2,5.9,8.9,7.4,0,0,6.6,10.0,5.74,45.94,1,1
978,16.0,0,4.3,5.9,5.4,4.2,100.0,36.7,9.9,3.0,4.5,10.0,0,0,3.2,7.6,5.98,66.83,0,0
979,20.0,1,8.6,8.8,9.2,1.7,100.0,92.8,5.6,1.5,7.7,4.1,0,1,7.1,6.2,6.53,53.95,2,2
980,21.0,0,6.5,9.9,4.3,3.7,80.7,100.0,6.7,0.9,5.6,6.8,0,0,3.0,5.2,6.65,60.02,2,2
981,19.0,0,3.0,8.2,6.7,5.4,85.3,100.0,8.4,4.2,1.9,4.2,1,0,3.7,2.1,5.41,69.55,0,0
982,22.0,0,3.0,5.6,4.3,1.3,91.0,100.0,4.5,4.4,5.2,7.9,2,1,1.7,7.5,6.46,56.65,2,2
983,17.0,0,6.1,9.3,8.7,2.6,70.1,100.0,8.4,9.5,7.0,7.3,2,0,2.7,3.1,7.28,51.52,2,2
984,17.0,1,2.2,5.0,7.6,2.6,87.4,79.1,10.0,3.2008618067525094,4.8,7.1,0,0,6.6,3.6,8.63,61.76,2,2
985,22.0,1,6.4,6.6,2.5,2.4,97.1,89.5,2.1,2.0,3.5,2.6,1,1,2.7,8.0,6.489753023681269,68.75,0,0
986,20.0,1,4.9,7.1,5.3,4.4,56.6,70.5,8.5,0.7,6.8,1.1,0,0,1.9,8.2,7.31,44.48,1,1
987,22.0,1,5.2,9.5,1.0,4.6,61.3,86.9,2.7,4.3,4.9,6.9,0,1,1.6,4.0,6.88,58.22,2,2
988,20.0,1,3.7,8.2,8.3,3.7,89.8,77.5,4.3,2.1,5.3,3.0,0,1,0.0,7.5,5.92,46.76,2,2
989,18.0,0,2.9,6.4,11.1,3.6,76.5,45.1,8.5,5.9,2.6,5.5,1,0,1.6,10.4,6.12,51.06,2,2
990,23.0,0,7.1,5.8,1.0,2.0,75.0,47.9,6.7,4.7,8.7,4.9,1,1,0.4,3.2,6.489753023681269,43.7,1,1
991,23.0,0,3.7,8.3,2.4,3.6,75.7,100.0,5.0,2.1,9.0,8.3,0,0,2.3,3.7,6.66,68.19,0,0
992,22.0,0,3.4,6.3,6.4,0.7,65.3,77.8,10.0,2.1,4.6,7.8,1,0,3.4,7.4,8.11,65.79,0,0
993,18.0,0,4.0,7.3,6.0,7.5,74.7,100.0,5.3,2.1,3.9,5.957923664122137,1,0,3.3,12.4,8.09,61.97,2,2
994,21.0,0,4.6,5.2,5.0,5.4,62.8,74.2518720906699,8.4,2.9,10.0,6.7,0,0,4.5,1.3,6.45,34.39,1,1
995,19.0,0,2.1,7.7,1.7,4.7,97.0,58.9,5.3,7.0,6.1,6.8,0,0,5.0,0.9,5.16,59.28,2,2
996,17.0,1,3.1,7.6,6.8,3.7,81.7,74.2518720906699,7.0,1.7,3.7,7.9,0,0,1.4,0.7,7.59,60.64,2,2
997,24.0,0,3.0,5.4,8.2,3.7,81.4,89.1,7.1,1.2,6.1,1.6,0,0,7.2,7.8,8.19,41.42,1,1
998,17.0,0,5.9,8.3,13.1,0.0,88.7,100.0,6.2,2.8,5.6,4.1,0,1,5.7,4.1,8.92,62.58,2,2
999,25.0,1,2.4,6.976601980998585,9.3,0.7,100.0,78.4,2.9,3.0,8.1,8.0,1,1,6.0,4.3,4.21,64.1,0,0
1000,20.0,0,0.7,8.0,2.8,1.0,66.3,86.8,6.6,2.0,10.0,3.0,0,1,3.9,1.4,7.53,41.07,1,1
1001,18.0,0,0.3,6.5,6.0,3.1,56.1,72.4,4.7,1.4,5.4,3.2,2,0,6.0,14.1,8.5,29.26,1,1
1002,20.0,1,1.3,7.2,7.5,2.5,79.6,100.0,5.0,4.0,7.1,5.6,2,0,8.7,7.1,2.96,51.08,2,2
1003,23.0,0,6.9,7.1,4.3,4.5,56.3,100.0,7.3,6.8,4.5,4.7,1,0,6.5,11.0,5.91,62.38,2,2
1004,22.0,1,4.2,6.8,8.0,1.3,75.6,60.9,7.2,2.2,2.7,7.0,0,0,5.7,9.9,5.48,59.52,2,2
1005,23.0,1,5.2,7.2,7.8,4.8,91.4,81.9,4.3,3.0,5.6,8.7,1,0,0.0,0.4,8.12,70.22,0,0
1006,21.0,2,5.3,8.6,9.1,1.5,99.9,57.1,6.5,2.2,1.4,1.6,1,0,5.6,1.3,8.16,56.49,2,2
1007,22.0,0,4.3,8.4,8.0,2.2,59.6,89.7,6.0,6.9,10.0,5.957923664122137,1,0,4.8,3.2,8.22,61.62,2,2
1008,23.0,0,4.1,5.5,6.7,4.6,67.7,67.9,4.1,2.5,7.8,5.6,2,1,2.7,10.0,9.06,35.86,1,1
1009,18.0,0,6.3,8.3,4.4,3.9,84.7,60.6,4.2,6.3,6.2,3.3,0,0,2.4,0.1,6.75,59.21,2,2
1010,20.0,1,4.5,8.5,2.8,0.7,89.8,38.3,4.3,2.4,1.6,1.0,2,0,5.9,6.0,4.05,41.54,1,1
1011,18.0,0,7.0,6.8,6.5,4.9,90.5,94.5,6.0,1.4,5.7,4.0,0,0,7.8,6.0,6.96,58.21,2,2
1012,25.0,0,5.4,7.7,5.0,3.2,99.2,78.5,5.3,1.8,2.4,2.3,1,1,3.7,8.3,6.03,63.71,0,0
1013,24.0,2,3.0,7.6,5.2,0.0,89.5,79.5,5.991217524197657,5.8,7.2,6.5,0,1,2.8,6.9,8.72,68.97,0,0
1014,16.0,1,3.2,5.9,8.8,1.5,78.4,90.0,4.1,3.6,8.2,4.4,2,0,1.7,9.7,7.04,39.05,1,1
1015,22.0,0,2.7,6.5,9.4,2.3,93.8,61.3,5.6,2.0,5.6,4.3,0,1,0.1,4.2,7.9,47.38,2,2
1016,24.0,0,6.6,8.0,2.9,0.9,80.9,58.5,5.991217524197657,1.6,1.9,7.5,0,1,3.7,2.2,6.0,65.69,0,0
1017,18.0,0,3.4,6.4,5.5,5.4,83.6,84.9,6.7,2.0,2.1,10.0,0,0,5.8,4.8,5.72,69.82,0,0
1018,21.0,0,2.6,8.3,4.9,2.3,73.6,95.8,9.2,2.7,1.9,5.3,2,1,5.3,5.5447261663286005,3.84,63.31,0,0
1019,24.0,1,4.219583121504829,8.7,6.8,3.8,82.0,84.6,8.4,3.9,3.7,7.2,0,0,1.6,2.2,4.2,64.14,0,0
1020,16.0,2,4.0,8.5,1.0,3.4,58.8,100.0,5.8,2.7,2.9,8.0,0,0,5.3,5.5,7.83,78.0,0,0
1021,22.0,0,4.8,9.6,2.3,4.3,93.5,85.2,2.5,3.5,4.1,3.1,1,1,3.5,1.3,6.16,53.52,2,2
1022,19.0,1,8.0,6.9,5.7,6.0,66.9,84.2,4.9,3.9,8.7,2.5,0,0,0.5,5.0,5.09,43.0,1,1
1023,24.0,0,6.0,7.2,8.0,4.2,68.5,89.8,8.0,4.6,4.1,5.4,2,0,0.0,0.8,6.36,66.46,0,0
1024,25.0,0,4.3,7.4,6.2,6.1,79.81730107309173,70.8,5.9,1.9,4.0,7.0,1,1,4.5,0.8,5.61,45.49,1,1
1025,24.0,1,1.4,6.9,7.7,4.3,69.3,52.6,3.2,3.9,5.8,4.3,1,1,8.1,3.3,3.59,32.85,1,1
1026,20.0,0,3.2,7.7,6.5,3.2,67.5,75.3,5.5,7.4,6.9,2.0,0,1,0.0,1.6,4.54,36.56,1,1
1027,23.0,1,5.6,4.8,9.2,3.6,82.8,87.8,5.0,2.5,7.9,9.1,0,1,4.9,3.9,5.36,41.7,1,1
1028,23.0,1,1.9,7.3,9.7,0.0,63.2,59.5,8.8,4.7,9.6,7.5,1,1,3.8,6.0,7.99,58.16,2,2
1029,19.0,0,8.5,5.2,4.1,2.2,74.2,49.7,4.7,0.6,4.0,5.4,0,1,3.5,8.7,6.19,28.71,1,1
1030,23.0,1,4.2,5.7,8.2,2.7,71.2,61.9,6.9,7.6,5.1,3.7,1,0,5.4,11.8,3.58,51.47,2,2
1031,16.0,1,4.3,8.0,7.3,3.8,57.1,99.0,7.5,2.0,1.1,5.957923664122137,1,0,2.1,5.9,4.83,55.41,2,2
1032,21.0,1,2.9,6.7,6.047861775435752,3.0,83.1,83.9,3.3,3.1,2.9,3.9,0,1,5.9,2.9,9.37,45.88,1,1
1033,18.0,1,5.2,7.9,4.0,3.6,77.1,72.7,4.4,3.9,4.9,9.7,0,0,6.2,2.8,5.17,70.76,0,0
1034,17.0,0,1.9,6.7,5.7,0.6,80.5,57.6,5.1,2.2,3.9,5.2,1,0,6.4,4.0,9.35,54.73,2,2
1035,17.0,0,8.5,8.4,3.4,0.2,90.8,80.0,6.3,2.2,3.7,6.5,0,0,5.8,5.0,5.71,63.61,0,0
1036,22.0,2,6.8,6.7,3.6,0.9,80.1,78.3,4.7,4.0,3.4,10.0,2,0,2.0,3.5,6.489753023681269,78.1,0,0
1037,19.0,0,6.2,4.5,7.0,5.8,75.7,83.2,3.0,1.4,7.4,10.0,0,0,3.3,11.2,5.71,36.68,1,1
1038,22.0,1,1.4,7.3,6.5,0.7,92.0,100.0,3.8,5.9,2.3,6.3,0,0,1.6,9.8,9.3,77.83,0,0
1039,16.0,0,4.6,4.2,7.4,1.6,75.8,83.9,8.1,2.3,8.8,9.9,2,1,3.0,5.9,6.489753023681269,31.9,1,1
1040,19.0,0,6.6,5.1,7.3,3.2,73.4,62.5,10.0,3.3,3.1,5.957923664122137,0,0,3.0,2.0,6.72,54.59,2,2
1041,20.0,0,5.4,5.9,5.4,0.1,88.7,50.1,6.7,4.0,5.542839731870811,10.0,1,0,5.8,5.1,5.73,63.24,0,0
1042,23.0,0,2.2,5.7,5.4,1.4,69.9,64.9,8.4,7.6,2.5,6.1,1,0,3.9,1.4,10.0,57.76,2,2
1043,19.0,0,2.9,6.3,3.6,4.2,95.2,66.8,6.8,1.0,2.7,7.6,0,1,0.0,0.7,6.18,58.59,2,2
1044,21.0,0,3.3,5.6,4.2,2.2,82.1,89.9,7.5,2.0,5.9,7.3,1,1,4.8,2.0,4.67,46.47,1,1
1045,24.0,1,3.0,5.2,5.9,6.0,100.0,63.9,7.6,2.6,5.4,4.2,0,1,3.3,2.5,6.8,42.82,1,1
1046,21.0,0,7.3,9.0,6.5,0.0,79.2,57.1,7.5,3.0,7.2,7.7,1,1,6.2,8.7,7.07,68.13,0,0
1047,18.0,1,0.4,6.1,7.8,2.4,92.3,84.7,6.8,8.5,3.4,3.7,1,0,5.3,5.2,6.59,55.32,2,2
1048,16.0,1,5.5,4.1,7.5,2.2,58.7,63.9,6.3,2.4,4.7,4.8,2,1,2.5,13.9,7.06,13.07,1,1
1049,23.0,1,1.6,6.5,9.9,3.0,96.7,85.4,5.1,5.5,5.4,7.8,1,0,4.6,4.0,5.6,59.24,2,2
1050,16.0,1,2.3,5.5,3.6,0.8,89.0,59.8,7.2,10.7,6.7,6.9,0,1,7.9,3.3,5.68,55.91,2,2
1051,23.0,1,0.2,5.8,5.4,2.0,71.6,66.5,6.7,3.5,6.5,6.1,0,0,0.0,2.3,7.63,40.02,1,1
1052,20.0,1,3.1,7.9,3.8,4.4,91.2,64.5,4.0,3.9,7.2,6.7,0,0,5.5,10.7,5.36,48.25,2,2
1053,24.0,0,7.2,6.4,9.2,2.5,63.5,82.4,8.6,4.0,8.3,5.9,0,0,1.9,3.7,4.72,48.46,2,2
1054,23.0,0,4.7,5.5,4.7,1.1,73.5,72.4,8.2,1.9,5.2,8.3,0,1,0.9,12.4,6.42,58.46,2,2
1055,25.0,2,1.8,7.6,8.9,6.7,68.9,53.0,6.4,1.7,5.542839731870811,10.0,0,1,3.7,14.8,7.16,32.87,1,1
1056,19.0,1,6.2,8.5,9.6,3.1,92.0,51.5,8.6,1.0,5.2,9.1,1,0,3.6,1.6,5.62,59.26,2,2
1057,22.0,0,6.7,7.7,7.0,4.1,96.2,69.3,7.6,4.4,5.8,5.957923664122137,0,0,4.0,8.6,7.29,62.22,2,2
1058,19.0,0,4.4,3.8,6.7,4.4,74.2,49.5,5.0,2.6,6.3,7.1,0,0,3.9,4.2,6.21,25.1,1,1
1059,20.0,1,8.3,5.6,6.1,2.9,63.5,67.5,2.0,2.5,5.6,4.2,0,1,1.6,5.4,5.32,19.52,1,1
1060,21.0,0,5.8,7.1,5.2,1.6,67.3,79.6,1.9,1.5,7.1,8.7,0,0,6.0,2.0,9.16,66.64,0,0
1061,23.0,0,5.6,6.7,4.9,3.4,81.2,53.7,8.8,2.5,6.3,6.0,0,0,2.9,5.2,7.57,69.95,0,0
1062,25.0,1,2.6,6.6,5.6,1.7,80.4,90.3,5.9,7.7,2.2,7.8,0,0,8.8,5.1,6.03,72.7,0,0
1063,22.0,0,5.5,5.7,10.6,3.7,75.6,99.9,5.2,2.0,1.8,6.7,0,0,5.5,1.0,6.95,69.55,0,0
1064,19.0,0,4.6,5.2,3.4,2.7,69.2,94.5,4.5,0.4,6.2,1.0,0,0,6.3,4.6,7.44,42.2,1,1
1065,19.0,1,5.2,9.6,6.5,4.9,100.0,87.0,6.1,1.2,3.6,6.0,0,1,4.5,5.8,7.62,71.53,0,0
1066,22.0,1,4.219583121504829,7.0,7.8,0.9,71.9,82.6,8.0,3.6,6.5,6.6,0,1,8.7,6.9,8.18,70.81,0,0
1067,18.0,1,4.5,7.8,5.3,4.3,69.2,79.3,4.2,1.8,1.9,6.9,0,1,5.9,10.5,6.65,65.9,0,0
1068,17.0,1,2.6,7.0,7.0,4.1,94.9,81.7,6.2,4.8,5.3,4.0,1,0,7.3,9.6,4.34,63.27,0,0
1069,19.0,0,0.0,7.1,2.2,2.6,76.3,64.1,10.0,5.0,3.9,3.1,1,0,5.7,0.2,8.13,47.14,2,2
1070,18.0,0,6.2,6.9,9.3,4.3,86.7,74.5,10.0,0.5,6.6,6.5,2,0,4.5,4.3,8.21,55.08,2,2
1071,19.0,1,1.2,5.5,8.8,3.8,68.6,77.7,1.1,5.6,2.9,6.2,2,1,3.8,11.6,4.13,28.33,1,1
1072,18.0,0,4.4,5.0,5.8,4.2,86.6,86.5,2.0,6.4,6.7,5.1,0,0,4.7,6.2,5.14,40.73,1,1
1073,16.0,1,4.9,7.5,3.8,4.1,89.6,46.4,10.0,0.4,7.8,4.8,0,0,3.7,4.6,7.98,62.77,2,2
1074,16.0,1,4.9,7.2,8.0,3.1,65.5,78.8,8.0,1.0,6.5,8.7,2,0,6.4,3.1,9.71,64.84,0,0
1075,25.0,1,3.6,8.2,3.1,1.9,73.1,94.1,6.1,0.7,6.2,4.3,2,0,4.7,5.6,9.01,71.52,0,0
1076,19.0,0,4.7,8.0,3.5,1.9,68.2,64.2,7.2,5.4,7.6,4.7,2,0,6.0,3.2,7.18,54.76,2,2
1077,20.134890807516506,1,5.1,6.976601980998585,5.9,2.6,73.1,73.0,5.991217524197657,1.8,7.3,1.0,2,0,5.4,3.2,9.02,46.45,1,1
1078,21.0,1,5.7,8.5,9.8,4.5,100.0,41.5,4.5,2.8,1.4,7.8,0,0,3.2,2.5,10.0,65.85,0,0
1079,18.0,1,7.7,8.0,7.6,4.1,83.3,76.2,7.6,7.3,7.9,6.3,2,1,2.3,0.5,10.0,60.85,2,2
1080,24.0,0,4.7,7.9,4.4,4.8,100.0,48.2,5.8,1.2,8.9,9.4,1,0,6.4,7.4,4.8,58.42,2,2
1081,22.0,2,4.3,9.9,1.8,5.0,99.3,65.0,7.9,7.3,6.8,4.0,0,1,5.8,8.7,10.0,82.99,0,0
1082,17.0,1,2.4,9.7,6.1,2.6,94.7,74.1,4.8,3.0,2.5,2.6,2,0,4.050203624516392,1.4,4.3,47.48,2,2
1083,19.0,1,5.1,7.9,6.6,6.5,98.9,74.2518720906699,7.6,3.4,2.8,4.2,0,0,0.0,11.5,4.51,46.67,2,2
1084,23.0,0,5.5,7.7,5.8,2.8,95.1,72.0,6.7,7.3,1.0,8.0,1,0,5.6,6.9,6.69,90.16,0,0
1085,24.0,0,3.8,8.4,10.5,2.1,100.0,81.7,3.1,1.2,7.8,8.4,0,0,7.1,0.6,5.99,55.55,2,2
1086,20.0,1,5.3,6.2,5.7,3.6,87.1,74.3,9.2,1.9,8.4,6.2,2,1,1.7,4.4,7.08,54.34,2,2
1087,21.0,0,3.6,6.3,1.0,3.9,88.9,77.5,2.9,3.4,6.5,6.1,2,0,5.1,3.8,7.29,58.16,2,2
1088,18.0,0,5.5,7.9,5.0,1.7,88.6,41.3,8.9,8.4,7.2,9.5,0,1,7.0,3.1,8.04,80.01,0,0
1089,25.0,1,6.0,5.9,7.1,2.7,74.3,72.2,7.0,3.9,4.8,7.3,2,1,2.3,1.3,6.489753023681269,53.01,2,2
1090,18.0,0,6.0,7.8,7.0,2.2,91.0,35.0,7.4,1.9,6.7,6.0,2,0,0.0,5.8,5.27,55.06,2,2
1091,24.0,2,4.4,7.2,5.6,3.3,96.4,67.9,4.9,3.3,5.4,4.4,1,0,7.3,9.8,9.8,67.61,0,0
1092,21.0,0,2.1,5.9,5.1,4.4,72.2,100.0,5.2,0.8,6.1,7.5,0,0,0.1,6.4,5.84,52.4,2,2
1093,21.0,1,3.0,7.0,1.0,2.5,68.9,91.9,6.0,1.4,6.0,3.3,0,0,4.4,5.4,6.79,67.16,0,0
1094,20.0,1,5.4,8.7,6.2,4.0,72.8,49.3,3.2,0.4,7.0,3.3,1,0,5.4,2.4,8.37,44.51,1,1
1095,18.0,1,9.1,7.1,5.2,0.5,97.6,65.2,7.3,3.3,3.5,5.6,1,0,3.3,4.6,6.86,59.94,2,2
1096,18.0,1,3.5,7.1,6.6,4.6,76.9,71.8,5.2,2.3,2.8,9.4,1,0,9.4,4.8,5.93,66.79,0,0
1097,18.0,0,5.1,7.4,7.2,2.2,65.6,84.1,1.3,3.2008618067525094,8.7,3.3,0,0,4.3,13.3,4.72,41.77,1,1
1098,18.0,0,3.1,7.6,9.1,2.2,66.5,90.3,10.0,3.6,7.9,8.5,0,0,5.3,8.3,1.93,52.55,2,2
1099,22.0,0,4.219583121504829,6.6,3.6,3.7,68.3,100.0,6.6,0.7,6.9,7.5,0,0,3.1,6.3,5.49,62.46,2,2
1100,19.0,2,2.8,7.5,2.8,3.8,70.7,57.8,6.7,2.0,5.7,3.5,0,0,4.9,2.4,5.7,50.46,2,2
1101,16.0,1,0.0,5.6,4.6,2.8,61.8,78.9,4.5,9.4,3.3,6.7,0,1,5.1,4.5,7.34,53.35,2,2
1102,25.0,0,6.9,6.0,4.2,1.4,87.9,43.3,6.7,2.4,6.5,4.4,2,1,3.4,3.6,8.06,51.92,2,2
1103,24.0,0,0.0,6.1,3.9,2.1,77.5,82.4,7.6,1.1,3.5,4.4,2,0,1.7,10.3,3.87,33.68,1,1
1104,24.0,1,3.7,7.6,9.6,3.2,86.9,83.9,2.8,0.9,7.8,8.6,0,0,0.6,12.5,4.72,42.97,1,1
1105,25.0,0,1.8,7.2,6.4,3.9,50.1,75.4,7.3,3.9,2.7,5.7,0,1,2.2,7.4,6.45,47.92,2,2
1106,18.0,1,2.4,6.8,10.9,1.5,93.9,86.8,5.991217524197657,2.0,5.5,5.6,1,0,8.2,5.8,3.0,49.46,2,2
1107,19.0,0,7.0,7.9,6.0,1.8,78.9,59.5,3.2,3.7,5.542839731870811,6.0,2,0,0.0,9.7,6.43,54.81,2,2
1108,22.0,0,4.6,7.5,3.1,3.5,86.5,51.2,4.1,0.8,6.4,8.9,2,0,8.1,22.6,4.59,52.99,2,2
1109,22.0,1,2.3,6.6,4.0,2.9,99.8,57.9,10.0,2.3,7.6,5.4,0,0,8.6,2.3,7.11,72.15,0,0
1110,17.0,0,3.0,5.7,8.6,3.3,84.8,81.7,7.7,2.8,3.4,7.7,1,1,3.9,10.7,7.82,59.71,2,2
1111,23.0,0,2.7,5.9,3.2,0.0,100.0,98.6,6.0,4.9,6.8,7.7,1,0,7.8,5.2,7.52,70.52,0,0
1112,18.0,1,4.1,5.1,7.4,2.5,55.6,59.5,9.7,3.7,4.8,2.4,0,0,3.9,6.3,6.62,47.04,2,2
1113,18.0,1,4.5,7.2,5.1,4.5,75.9,62.7,4.0,1.9,5.542839731870811,8.4,2,0,3.0,1.5,7.12,44.88,1,1
1114,20.0,1,8.0,5.9,3.7,1.9,56.6,77.1,3.7,3.5,1.4,8.7,1,0,2.3,7.6,8.34,64.29,0,0
1115,21.0,0,0.4,6.976601980998585,9.5,3.9,84.1,100.0,4.0,4.0,7.8,7.5,0,0,3.1,6.8,7.09,50.97,2,2
1116,21.0,0,4.1,6.8,4.5,0.8,81.0,66.9,10.0,0.9,3.3,5.0,1,0,5.3,0.5,8.79,77.59,0,0
1117,17.0,0,3.6,8.4,3.9,0.2,65.8,92.4,7.9,2.8,6.2,4.2,2,0,3.9,3.1,8.16,63.89,0,0
1118,23.0,0,6.1,8.2,5.8,3.8,100.0,71.8,4.2,2.3,8.5,5.8,0,0,2.9,0.8,9.32,62.65,2,2
1119,18.0,0,4.9,6.9,4.7,2.9,75.3,65.3,4.5,5.8,10.0,2.1,1,1,1.1,4.8,5.97,47.91,2,2
1120,17.0,1,5.4,8.6,11.5,2.4,51.3,51.1,6.6,2.6,7.2,6.9,1,0,0.3,2.9,6.47,41.38,1,1
1121,24.0,0,4.9,4.4,8.7,4.5,88.8,69.5,3.5,3.5,6.7,3.2,0,0,0.8,4.0,7.43,28.07,1,1
1122,25.0,1,2.3,9.4,4.5,2.4,89.0,90.3,5.6,1.4,7.4,6.8,1,0,2.2,7.0,5.12,60.52,2,2
1123,23.0,1,6.6,7.9,4.8,1.9,73.8,59.3,3.8,1.0,4.4,5.1,1,1,10.0,2.7,8.7,61.73,2,2
1124,23.0,1,5.8,7.1,1.0,1.7,90.2,76.7,5.8,5.1,5.5,6.9,1,0,6.8,3.3,4.46,78.53,0,0
1125,21.0,1,6.0,5.8,6.3,1.3,67.6,59.6,7.8,5.7,7.4,5.0,0,0,7.4,1.0,6.16,49.5,2,2
1126,20.0,0,6.7,6.4,4.1,3.8,74.6,67.5,9.8,3.1,5.0,5.8,0,0,4.2,8.8,8.38,66.57,0,0
1127,17.0,1,5.0,7.8,6.2,2.4,85.1,47.7,2.6,1.9,1.4,4.4,1,1,1.4,3.3,8.54,54.96,2,2
1128,19.0,1,7.2,7.8,1.1,5.1,92.0,100.0,7.3,3.9,8.2,6.6,1,0,0.0,3.3,6.87,77.24,0,0
1129,19.0,1,5.0,7.9,5.9,0.0,77.1,80.5,7.5,2.9,7.1,8.0,1,0,5.2,4.8,8.28,67.74,0,0
1130,18.0,0,3.8,6.1,10.2,4.7,73.7,69.1,5.5,6.7,3.0,8.7,2,1,4.050203624516392,6.7,5.74,51.47,2,2
1131,22.0,0,4.2,5.8,6.1,3.6,79.5,98.2,5.991217524197657,2.0,2.9,5.2,1,0,3.6,4.3,3.11,53.65,2,2
1132,20.0,1,4.2,7.3,4.1,2.8,53.4,73.4,4.7,0.5,6.2,1.0,1,0,2.1,8.9,6.97,40.1,1,1
1133,17.0,1,3.2,8.0,5.9,0.7,76.4,83.3,1.9,2.3,10.0,4.9,2,0,3.3,5.5447261663286005,5.12,51.34,2,2
1134,18.0,0,7.5,7.0,5.8,0.0,54.3,100.0,5.991217524197657,1.2,5.6,7.5,1,1,0.0,5.3,6.28,66.31,0,0
1135,20.134890807516506,0,4.8,8.9,11.5,4.4,69.1,100.0,4.3,3.5,4.3,8.2,1,0,2.0,8.9,6.53,69.77,0,0
1136,17.0,1,4.4,7.0,5.2,3.4,61.5,54.4,2.3,6.6,1.5,10.0,2,0,3.2,2.6,9.25,65.59,0,0
1137,23.0,1,5.0,7.0,6.047861775435752,3.4,86.9,75.2,6.7,1.2,6.3,4.5,0,1,6.7,4.5,8.73,70.11,0,0
1138,20.0,0,10.2,7.9,6.1,2.8,70.5,98.0,6.7,0.3,7.0,9.4,0,0,2.8,5.2,7.36,56.51,2,2
1139,20.0,0,1.9,8.6,6.5,4.5,96.1,55.5,7.9,0.6,4.7,5.3,2,0,7.2,3.7,7.63,60.56,2,2
1140,21.0,2,2.5,5.2,7.4,1.9,56.0,70.4,10.0,1.6,5.1,7.0,0,1,3.8,13.8,5.74,45.04,1,1
1141,23.0,0,1.4,5.5,7.9,2.4,76.8,69.7,6.1,1.9,4.8,6.9,1,1,1.1,0.4,5.08,32.91,1,1
1142,19.0,2,3.7,6.6,10.9,2.7,81.1,84.0,5.3,5.0,3.3,8.8,0,0,3.2,10.0,5.53,69.4,0,0
1143,21.0,1,4.7,10.0,4.5,2.6,86.4,89.4,5.1,3.1,3.4,2.5,0,0,5.8,9.2,7.77,57.42,2,2
1144,21.0,1,3.3,6.7,4.3,5.4,100.0,74.2518720906699,5.4,2.0,1.0,3.0,1,0,5.5,1.6,7.15,66.84,0,0
1145,18.0,1,3.1,6.8,1.4,0.7,54.4,76.5,4.4,2.3,3.1,6.3,1,0,1.9,3.1,6.71,57.76,2,2
1146,23.0,0,4.5,7.8,7.7,0.0,70.2,56.3,5.0,2.5,6.4,3.6,0,0,8.1,7.6,5.28,56.16,2,2
1147,23.0,1,3.2,8.3,3.8,0.4,100.0,68.6,4.4,1.8,3.4,6.2,1,0,5.6,5.4,3.85,57.08,2,2
1148,21.0,1,4.8,7.2,8.2,4.2,68.0,56.0,3.7,1.4,6.4,8.0,0,1,7.6,3.7,4.52,41.8,1,1
1149,23.0,0,6.4,8.5,4.8,2.8,85.7,62.7,9.8,1.8,1.7,9.2,0,0,4.8,5.3,6.48,78.12,0,0
1150,23.0,0,5.6,5.4,10.3,0.1,67.8,87.8,9.0,1.5,6.3,4.0,0,1,7.4,6.9,2.68,51.69,2,2
1151,22.0,1,6.0,6.0,2.4,3.2,61.9,49.2,1.9,5.3,4.2,3.6,0,1,3.1,4.1,6.07,36.95,1,1
1152,23.0,0,6.4,8.5,8.6,2.4,69.4,74.2518720906699,6.7,5.6,5.542839731870811,7.1,2,0,6.0,4.3,8.94,55.99,2,2
1153,22.0,1,4.8,7.0,8.3,4.0,100.0,91.0,5.9,3.2,8.4,7.8,2,1,2.2,1.0,6.09,55.18,2,2
1154,22.0,1,3.9,5.4,7.3,4.4,64.8,87.3,6.3,0.8,1.0,4.5,2,1,7.7,6.1,7.87,46.39,1,1
1155,21.0,0,2.7,5.3,3.2,7.5,76.1,60.6,2.8,1.8,6.7,4.2,0,0,0.0,14.8,5.54,26.83,1,1
1156,22.0,1,3.4,5.9,7.3,0.9,76.7,58.8,1.9,2.1,7.2,7.7,1,0,8.1,7.5,7.16,45.39,1,1
1157,17.0,2,3.2,7.0,6.3,0.0,91.9,100.0,5.9,4.8,4.8,8.3,2,1,0.0,14.7,5.95,72.74,0,0
1158,24.0,1,5.7,7.6,1.4,4.1,94.7,81.7,5.2,2.0,2.4,6.0,0,1,0.0,2.4,6.7,73.27,0,0
1159,23.0,0,4.9,6.6,9.9,4.8,81.4,60.4,4.8,6.1,5.7,7.2,2,0,1.0,0.8,7.31,53.6,2,2
1160,16.0,0,5.6,7.5,5.1,0.7,40.0,74.3,5.5,2.5,4.5,4.2,0,0,4.4,5.3,6.12,43.26,1,1
1161,23.0,1,4.219583121504829,6.4,9.7,0.7,68.4,94.6,7.3,4.5,7.8,4.8,2,0,4.9,12.7,6.47,57.17,2,2
1162,17.0,1,7.1,8.6,5.8,3.6,64.4,58.9,5.991217524197657,1.6,7.4,5.6,0,0,5.4,24.7,7.38,31.95,1,1
1163,19.0,0,3.3,10.0,8.5,6.1,95.1,58.5,3.8,2.0,5.5,4.7,2,0,2.3,11.7,9.05,49.87,2,2
1164,22.0,0,2.0,6.5,3.9,1.4,68.0,79.0,4.0,1.2,3.1,2.4,1,0,3.8,13.9,4.7,37.2,1,1
1165,18.0,1,3.3,7.6,6.5,3.2,100.0,50.7,6.3,1.8,5.2,4.8,2,0,3.1,2.4,6.57,47.47,2,2
1166,23.0,0,9.2,7.5,6.4,0.0,85.3,62.9,8.7,2.4,5.8,6.8,1,0,3.8,6.9,4.87,52.62,2,2
1167,23.0,1,3.4,7.2,5.2,2.6,94.8,67.2,5.5,2.5,5.2,5.1,1,0,4.9,7.6,7.62,72.44,0,0
1168,20.0,1,3.5,7.8,3.8,2.8,100.0,27.2,6.3,2.7,5.0,7.9,0,0,3.7,6.8,9.27,57.86,2,2
1169,16.0,0,3.8,7.6,1.0,5.6,67.7,76.5,3.0,0.6,5.542839731870811,5.2,0,0,4.5,5.0,7.62,55.68,2,2
1170,18.0,1,3.9,6.4,3.9,1.7,58.9,86.0,1.2,1.1,2.7,3.8,2,1,0.6,4.2,6.46,39.86,1,1
1171,21.0,0,2.6,8.7,7.8,4.2,82.4,100.0,10.0,3.3,5.0,6.2,1,0,6.5,11.4,7.49,77.88,0,0
1172,25.0,0,4.5,7.3,2.5,1.6,92.4,85.7,6.6,3.0,5.8,7.7,0,0,5.6,2.6,7.89,79.37,0,0
1173,21.0,2,6.4,6.5,3.0,3.2,71.4,56.5,3.8,3.1,5.7,5.957923664122137,0,1,4.6,2.8,8.17,51.75,2,2
1174,18.0,0,4.8,10.0,2.4,6.7,80.5,66.9,1.3,1.1,5.4,1.8,0,0,2.0,5.4,6.32,37.31,1,1
1175,20.134890807516506,2,2.0,6.8,6.5,6.2,95.8,100.0,9.2,2.0,1.3,6.7,0,0,2.2,10.6,6.92,72.49,0,0
1176,20.0,0,3.5,7.3,3.8,6.5,94.5,74.2518720906699,3.9,3.6,3.8,7.7,0,0,3.5,0.8,6.04,61.19,2,2
1177,22.0,0,3.1,7.2,9.1,3.7,72.4,93.9,3.9,2.7,8.1,2.2,2,0,6.8,12.1,6.67,40.64,1,1
1178,17.0,2,4.3,6.8,7.8,2.6,83.5,64.7,4.4,0.6,7.0,8.2,1,1,1.5,1.4,6.63,61.68,2,2
1179,22.0,0,6.9,7.6,6.5,3.5,67.8,71.1,6.3,3.7,5.1,4.8,0,0,0.7,21.1,6.19,41.79,1,1
1180,20.0,1,3.9,5.9,6.8,3.8,61.2,73.8,7.4,1.0,5.7,5.4,0,0,1.9,2.1,4.64,38.02,1,1
1181,25.0,0,4.0,7.8,4.1,3.7,97.7,91.6,5.3,1.7,3.0,5.2,0,1,5.9,6.9,5.46,64.41,0,0
1182,19.0,0,7.8,4.7,4.1,1.7,52.3,67.3,3.7,2.0,3.1,5.2,1,0,4.8,5.0,10.0,47.94,2,2
1183,21.0,0,6.0,5.3,7.8,1.6,82.5,85.8,10.0,3.4,4.0,5.4,0,0,5.7,3.7,6.92,60.39,2,2
1184,24.0,0,5.3,9.4,8.3,1.9,75.2,75.0,4.9,4.4,4.8,6.4,2,0,2.1,5.2,4.21,48.02,2,2
1185,17.0,0,8.1,5.4,7.8,4.9,87.1,53.2,6.0,1.2,4.3,5.2,1,0,4.0,18.4,5.83,36.21,1,1
1186,24.0,2,5.2,4.5,4.8,5.1,71.1,74.9,2.7,2.3,5.8,9.3,0,1,6.1,3.6,7.65,48.09,2,2
1187,22.0,1,0.2,5.4,5.0,8.7,94.8,94.9,7.3,5.0,5.6,6.2,1,0,2.2,2.7,3.77,46.35,1,1
1188,16.0,0,5.9,9.3,3.7,3.8,77.1,75.1,8.4,6.2,6.0,7.0,1,0,8.1,1.6,6.27,70.24,0,0
1189,19.0,1,1.0,4.7,7.9,1.6,98.9,69.1,4.1,7.8,1.3,10.0,0,0,6.0,0.8,7.33,54.58,2,2
1190,22.0,0,5.1,5.8,1.1,2.1,82.8,100.0,2.0,3.5,10.0,7.8,0,0,3.2,11.0,5.26,52.95,2,2
1191,16.0,0,0.8,5.1,1.0,2.7,66.4,82.0,5.2,0.8,6.1,10.0,0,0,7.8,2.5,4.74,38.17,1,1
1192,21.0,1,3.3,6.6,1.0,5.7,87.1,50.1,10.0,4.9,4.7,5.5,1,0,2.9,8.6,8.08,61.98,2,2
1193,19.0,1,3.5,6.4,1.0,4.3,85.4,69.8,4.6,1.9,4.6,7.8,1,0,4.050203624516392,2.8,5.47,53.37,2,2
1194,21.0,0,2.7,6.4,9.4,0.6,78.6,79.8,10.0,2.6,5.5,7.1,1,1,4.0,8.1,4.94,57.75,2,2
1195,16.0,1,3.5,9.4,8.0,2.9,70.3,79.2,4.8,0.6,4.5,6.5,1,0,2.8,1.4,6.63,55.96,2,2
1196,23.0,1,6.3,5.4,3.0,0.4,91.2,84.2,2.0,1.6,3.8,7.1,0,0,4.3,5.5447261663286005,6.0,52.41,2,2
1197,25.0,0,2.8,6.9,5.7,4.1,67.5,72.1,4.9,3.1,5.3,6.2,2,0,6.8,9.1,7.79,61.61,2,2
1198,25.0,1,5.3,7.4,9.7,1.7,68.8,71.2,1.9,1.1,7.4,7.8,0,0,3.8,5.2,7.81,56.83,2,2
1199,22.0,0,2.3,5.7,7.3,1.9,86.9,75.3,4.4,3.1,5.3,4.4,0,1,2.6,2.5,6.99,44.83,1,1
1200,17.0,2,3.8,7.6,11.3,0.0,77.3,89.3,6.8,1.5,5.9,3.4,0,0,4.1,11.1,5.88,53.72,2,2
1201,22.0,1,4.8,6.5,5.7,4.4,54.5,62.7,5.0,3.4,7.7,6.8,2,0,6.3,10.1,7.12,46.19,1,1
1202,16.0,1,2.2,7.5,4.4,5.2,67.5,73.7,8.4,0.4,7.3,8.0,2,0,1.6,3.9,5.27,45.53,1,1
1203,16.0,0,1.6,6.9,3.3,1.8,85.3,79.5,4.8,10.8,9.2,7.3,0,0,0.0,4.4,6.26,55.6,2,2
1204,19.0,0,5.2,4.3,6.1,2.7,76.5,65.3,2.7,1.1,2.2,2.4,1,0,2.4,4.3,6.81,27.77,1,1
1205,20.0,0,6.4,8.7,8.3,2.1,78.7,83.3,6.3,1.8,3.5,8.1,2,0,2.8,7.0,10.0,81.17,0,0
1206,22.0,0,4.0,9.7,6.2,2.6,83.4,81.3,5.7,3.3,3.6,6.0,0,0,3.7,15.3,3.46,48.91,2,2
1207,22.0,0,3.3,6.8,5.1,1.5,85.9,37.8,5.9,7.1,1.6,8.7,0,0,2.9,6.8,6.41,60.32,2,2
1208,20.0,1,4.5,5.8,9.1,1.0,81.5,75.6,3.2,3.5,3.8,2.9,0,0,2.6,4.1,9.62,54.56,2,2
1209,18.0,1,4.3,9.0,7.3,5.5,40.0,100.0,6.6,3.2,7.0,8.6,0,1,1.4,2.1,5.89,53.62,2,2
1210,25.0,1,4.7,9.5,5.7,0.0,79.3,100.0,9.1,6.7,8.5,5.9,1,0,1.7,9.2,6.91,73.75,0,0
1211,19.0,1,0.0,6.8,4.1,3.9,73.3,87.3,3.1,3.9,6.4,10.0,1,0,7.0,5.3,6.06,47.22,2,2
1212,20.0,0,2.1,6.7,5.4,3.5,80.4,97.9,1.8,6.6,9.7,6.8,1,1,2.8,7.5,7.29,68.74,0,0
1213,18.0,0,2.5,6.9,7.2,6.0,93.9,72.2,2.6,6.0,3.7,7.5,1,0,0.0,8.2,3.48,50.12,2,2
1214,23.0,1,4.5,4.8,4.0,2.6,66.1,85.3,5.9,2.2,5.542839731870811,4.8,0,1,2.3,4.0,3.66,28.6,1,1
1215,22.0,0,4.6,6.6,2.9,2.3,80.9,77.9,2.5,2.6,7.0,5.3,1,0,6.5,6.1,7.53,64.21,0,0
1216,18.0,1,5.5,9.2,4.8,1.5,86.2,87.0,6.7,3.3,5.9,5.6,2,0,4.050203624516392,8.6,8.25,71.78,0,0
1217,17.0,1,4.7,6.8,5.9,3.6,76.0,100.0,6.8,1.5,5.3,6.3,0,1,3.8,3.7,8.13,78.47,0,0
1218,22.0,0,1.6,5.6,9.4,1.7,63.0,74.2518720906699,6.8,1.3,4.9,5.5,0,1,4.6,1.8,5.12,36.3,1,1
1219,21.0,1,7.1,7.6,3.1,1.0,64.3,68.8,10.0,2.8,7.3,7.4,0,1,3.6,7.4,7.55,57.28,2,2
1220,18.0,1,6.7,6.1,6.6,1.7,79.6,100.0,1.9,3.6,6.6,8.4,2,0,1.7,5.9,10.0,67.9,0,0
1221,25.0,1,1.7,6.9,5.3,1.3,71.9,79.5,2.2,2.9,6.2,7.3,1,1,3.1,1.5,7.57,55.88,2,2
1222,17.0,1,4.9,5.4,5.4,1.2,54.9,86.7,8.8,2.5,6.7,6.5,0,0,2.9,2.8,5.63,49.36,2,2
1223,20.0,0,3.0,5.7,9.8,3.2,69.6,70.8,7.2,1.4,5.4,5.3,0,0,3.9,8.9,5.18,38.36,1,1
1224,24.0,0,4.5,8.0,6.2,2.6,63.1,88.3,8.5,0.9,7.2,1.0,1,0,9.5,4.3,6.06,57.81,2,2
1225,19.0,1,6.3,7.2,3.7,4.0,89.7,82.2,1.5,3.3,4.0,7.6,2,0,2.4,2.6,6.05,54.39,2,2
1226,21.0,1,4.219583121504829,6.0,8.2,3.3,60.7,95.4,3.0,0.9,5.7,4.4,2,0,8.1,3.0,6.55,39.6,1,1
1227,19.0,0,5.7,7.2,8.0,0.8,98.5,66.0,8.2,0.7,5.4,4.9,1,0,4.050203624516392,1.3,4.49,51.23,2,2
1228,18.0,2,4.8,6.2,3.5,0.0,100.0,92.1,5.6,11.0,5.0,4.8,1,0,2.3,7.8,5.9,70.65,0,0
1229,25.0,1,3.5,6.0,3.0,1.1,70.4,31.1,8.9,6.2,5.7,6.6,0,0,1.4,12.4,3.16,47.41,2,2
1230,19.0,1,4.6,8.5,7.0,4.4,72.0,63.9,5.1,1.3,4.2,8.4,1,1,2.0,11.2,6.96,56.79,2,2
1231,24.0,0,4.219583121504829,8.0,5.9,4.3,92.3,50.8,5.5,3.5,10.0,4.5,1,0,7.1,7.7,5.2,46.22,1,1
1232,18.0,0,4.1,7.0,4.8,4.8,94.1,81.1,10.0,3.2008618067525094,8.1,2.6,1,0,4.0,2.7,7.04,62.65,2,2
1233,18.0,1,2.4,7.2,8.6,4.5,79.81730107309173,92.3,3.7,1.4,8.1,6.7,1,0,0.0,18.0,5.56,37.93,1,1
1234,16.0,0,1.0,7.0,4.5,5.0,74.3,74.8,7.6,0.4,6.9,3.4,0,0,1.8,10.3,5.82,31.15,1,1
1235,21.0,1,5.2,7.6,7.1,3.7,74.4,99.4,2.6,2.3,7.6,5.0,0,0,0.0,5.6,5.83,57.88,2,2
1236,19.0,0,4.7,6.0,8.9,6.2,68.9,61.1,4.1,3.1,7.6,4.0,0,0,3.6,10.3,5.62,38.73,1,1
1237,23.0,0,2.9,8.1,5.2,3.5,91.8,49.8,7.6,2.6,4.9,6.1,0,1,3.7,4.9,5.44,61.45,2,2
1238,20.0,0,6.3,7.5,1.4,6.6,82.0,88.0,5.991217524197657,3.7,4.9,7.0,0,1,3.1,0.9,7.39,69.2,0,0
1239,25.0,1,3.4,6.7,5.0,1.9,70.6,96.1,7.9,3.1,3.8,7.3,2,0,7.0,7.7,5.94,65.63,0,0
1240,18.0,1,3.9,6.4,6.5,1.8,80.8,76.9,5.5,3.7,7.1,5.5,1,0,1.5,2.1,7.16,59.68,2,2
1241,23.0,1,4.219583121504829,8.1,8.5,2.7,75.1,100.0,3.9,6.4,1.8,9.1,1,0,4.6,8.4,10.0,80.18,0,0
1242,22.0,0,3.5,6.8,4.7,2.9,100.0,84.2,5.8,2.6,6.4,4.2,1,0,2.0,13.1,5.81,47.95,2,2
1243,22.0,1,4.7,6.1,10.3,2.4,76.8,82.2,4.7,2.2,4.8,3.3,0,0,6.7,6.0,6.67,58.78,2,2
1244,23.0,1,6.5,6.5,2.8,4.0,89.6,67.3,4.4,2.4,1.9,3.7,2,0,0.0,5.5447261663286005,9.34,62.55,2,2
1245,22.0,1,1.9,8.0,6.4,2.8,85.7,51.5,4.9,3.2008618067525094,6.1,10.0,0,0,2.5,20.7,7.24,54.55,2,2
1246,21.0,0,5.2,4.9,5.4,1.9,78.0,70.2,2.9,1.5,4.9,3.3,0,1,8.9,2.7,7.42,33.64,1,1
1247,17.0,1,4.5,6.5,9.4,2.3,85.7,100.0,2.1,4.5,6.4,8.7,0,0,2.6,7.0,5.54,54.52,2,2
1248,16.0,1,4.219583121504829,8.4,2.3,5.2,82.7,74.2518720906699,1.3,2.8,4.4,5.4,0,0,0.4,1.7,7.39,62.65,2,2
1249,24.0,1,5.9,6.8,7.1,3.6,100.0,68.0,7.1,4.1,2.3,7.7,1,1,4.6,4.4,7.8,71.45,0,0
1250,21.0,0,4.3,7.4,5.4,0.0,78.7,58.7,7.0,0.5,5.2,1.1,1,0,7.5,6.6,7.0,55.27,2,2
1251,23.0,0,5.2,8.4,9.8,5.7,46.1,84.7,4.3,2.1,3.6,5.1,0,0,5.0,4.4,4.96,40.2,1,1
1252,20.0,0,5.6,8.2,3.9,3.8,100.0,54.8,5.7,2.2,1.4,7.4,2,1,4.7,18.4,5.78,63.05,0,2
1253,17.0,0,3.2,6.4,7.0,4.2,73.4,81.4,9.0,0.1,7.4,7.2,1,1,1.3,22.4,6.15,55.85,2,2
1254,17.0,0,4.8,6.8,3.9,4.7,81.1,66.7,4.6,1.2,4.2,9.3,0,1,5.3,4.5,7.94,67.65,0,0
1255,22.0,1,3.7,8.2,6.5,4.8,72.9,70.3,5.4,6.3,5.2,2.6,1,1,2.4,1.7,6.54,60.04,2,2
1256,20.0,2,3.9,8.2,5.1,1.3,72.2,86.6,10.0,1.4,1.0,7.3,0,0,2.0,1.8,7.32,75.96,0,0
1257,18.0,1,3.6,6.9,5.0,1.1,65.5,57.9,6.9,5.4,4.6,6.6,1,0,0.0,10.3,6.489753023681269,57.61,2,2
1258,20.0,1,5.1,6.9,1.0,7.3,54.0,75.1,8.0,8.2,7.0,5.7,2,0,4.050203624516392,5.4,7.88,57.88,2,2
1259,16.0,0,4.4,7.3,7.0,1.7,70.7,47.5,7.6,1.3,5.542839731870811,6.1,2,0,0.5,0.8,6.89,59.47,2,2
1260,21.0,1,5.0,8.8,3.3,3.7,86.7,73.0,5.991217524197657,3.2008618067525094,5.2,4.8,1,0,2.1,8.8,4.38,56.41,2,2
1261,18.0,1,4.2,8.4,3.2,5.9,58.6,83.9,4.4,0.2,3.9,3.9,1,1,3.3,2.8,6.75,43.72,1,1
1262,23.0,1,1.0,7.9,2.1,2.2,86.6,89.2,3.9,3.7,7.1,7.2,0,0,6.9,2.7,6.54,61.42,2,2
1263,19.0,0,4.3,5.6,3.4,2.4,100.0,95.4,7.5,6.7,4.4,8.0,2,0,0.0,7.2,5.66,66.39,0,0
1264,20.0,1,4.3,6.6,7.3,4.7,83.7,86.9,7.2,1.2,6.5,6.2,1,1,4.0,3.9,3.88,44.25,1,1
1265,16.0,0,4.7,6.7,7.1,3.4,61.9,67.7,6.5,10.4,6.9,6.5,2,0,5.1,2.6,5.1,43.92,1,1
1266,17.0,0,3.0,8.8,7.7,3.9,85.2,42.4,6.6,6.4,4.8,6.4,1,0,2.0,2.3,8.32,57.84,2,2
1267,19.0,0,1.8,6.7,3.4,2.9,92.4,92.8,4.3,3.0,6.6,10.0,0,0,2.2,2.1,8.67,61.96,2,2
1268,20.0,1,5.4,8.6,6.5,2.1,97.0,65.6,3.4,3.3,4.9,3.1,0,0,7.5,6.2,5.77,58.46,2,2
1269,21.0,0,3.7,6.3,4.5,2.4,82.4,49.0,4.4,8.1,6.3,6.7,0,1,1.2,0.7,6.17,54.25,2,2
1270,19.0,1,4.5,6.4,8.4,5.1,87.9,100.0,5.4,1.5,3.4,5.4,1,0,8.2,0.7,5.21,62.62,2,2
1271,22.0,1,3.6,7.6,7.1,2.5,91.1,73.9,4.7,0.6,3.4,4.9,0,0,5.2,3.3,5.53,61.7,2,2
1272,23.0,1,4.2,9.0,4.4,3.8,87.8,83.8,9.4,5.5,2.9,8.4,2,0,8.3,6.8,6.45,77.68,0,0
1273,22.0,0,3.3,6.7,8.6,1.3,84.1,79.1,9.2,1.1,6.1,7.0,2,1,5.7,3.8,7.72,60.07,2,2
1274,16.0,1,2.3,3.7,7.3,6.7,71.7,74.7,7.9,1.6,8.2,5.7,1,0,0.0,7.0,5.75,13.28,1,1
1275,20.0,1,5.1,5.0,2.5,3.6,92.4,68.0,8.7,3.6,7.6,7.9,1,0,5.5,5.5447261663286005,8.75,57.35,2,2
1276,17.0,1,3.0,7.4,1.8,3.6,73.0,64.5,3.2,4.6,5.0,4.4,0,0,1.3,7.6,7.84,59.86,2,2
1277,18.0,1,4.219583121504829,5.1,2.6,4.7,100.0,100.0,7.6,3.8,5.1,9.3,1,0,4.2,5.4,6.98,71.52,0,0
1278,25.0,0,5.0,5.9,10.1,2.1,71.7,48.8,5.9,8.3,7.3,6.7,2,1,6.2,4.3,10.0,48.86,2,2
1279,17.0,0,3.0,7.0,3.5,5.1,90.4,67.2,5.0,2.4,8.4,7.7,0,1,4.4,2.1,5.74,62.25,2,2
1280,20.0,0,1.8,3.8,10.7,0.3,79.81730107309173,59.0,5.4,3.1,1.0,4.5,2,1,3.8,19.5,5.05,6.41,1,1
1281,21.0,1,4.219583121504829,6.5,3.3,1.9,73.8,84.3,5.4,1.3,4.4,4.8,0,1,4.8,2.6,7.35,56.27,2,2
1282,22.0,1,3.1,5.5,3.1,1.6,72.3,67.5,5.2,4.9,5.8,6.7,1,1,9.6,2.8,5.89,64.09,0,0
1283,20.0,2,5.4,5.1,8.2,0.0,62.2,74.2518720906699,4.6,7.2,5.4,2.8,0,0,6.8,4.6,5.51,35.46,1,1
1284,16.0,1,8.1,6.0,8.3,2.0,72.5,86.6,3.1,0.6,5.3,9.3,0,0,0.0,12.0,5.4,51.92,2,2
1285,19.0,0,5.8,5.6,7.4,2.9,84.7,100.0,2.5,2.8,9.7,5.2,1,0,7.4,0.6,6.47,43.92,1,1
1286,20.0,1,3.6,7.6,7.7,1.0,76.8,60.1,6.9,3.0,3.7,7.8,1,1,4.0,2.5,4.96,61.62,2,2
1287,17.0,2,4.1,8.6,4.0,0.8,95.5,47.1,0.0,0.1,4.1,7.6,1,1,4.4,2.9,5.8,59.2,2,2
1288,19.0,1,2.5,6.5,8.1,3.1,67.9,76.1,10.0,2.6,3.4,9.5,0,0,4.6,5.2,5.16,67.7,0,0
1289,16.0,1,6.0,6.2,6.6,2.9,89.1,90.1,4.6,1.5,2.0,3.8,1,0,6.5,6.1,5.18,63.88,0,0
1290,17.0,0,5.3,6.5,5.1,2.5,72.3,71.1,2.0,5.0,4.0,6.7,1,0,0.0,5.8,4.27,53.61,2,2
1291,19.0,0,3.2,5.6,6.2,0.7,94.7,86.4,7.1,1.0,3.4,7.5,0,0,3.3,4.6,6.79,63.69,0,0
1292,17.0,1,2.1,5.3,8.7,2.3,90.2,65.1,5.7,4.1,4.9,3.3,0,0,5.5,1.1,6.99,44.59,1,1
1293,21.0,0,1.6,4.9,7.0,1.8,93.2,100.0,3.9,3.7,7.4,5.2,0,0,5.9,5.7,6.1,45.6,1,1
1294,22.0,0,6.2,5.3,1.0,3.2,77.9,86.1,4.7,3.2,4.0,6.4,0,1,9.0,4.3,4.83,55.0,2,2
1295,23.0,1,4.4,9.1,8.2,2.0,97.3,66.3,5.8,2.4,7.3,5.0,2,1,4.6,16.2,10.0,54.46,2,2
1296,18.0,1,4.6,6.1,8.0,2.9,58.4,61.5,8.4,8.0,7.5,1.2,1,0,4.0,7.5,5.44,34.97,1,1
1297,20.134890807516506,1,2.6,3.2,5.1,0.6,85.8,79.9,0.2,4.6,5.3,2.2,1,0,1.0,2.3,7.27,14.67,1,1
1298,17.0,1,1.3,6.2,6.3,0.5,81.8,87.1,6.7,1.6,6.6,10.0,1,1,2.3,8.3,5.89,55.46,2,2
1299,21.0,0,6.1,4.9,6.3,4.0,90.8,51.5,9.6,3.2,7.3,8.6,1,0,1.9,3.0,3.54,54.74,2,2
1300,22.0,1,4.3,7.1,1.1,4.4,79.0,75.2,4.2,3.9,4.7,7.4,0,0,4.3,11.5,5.87,65.53,0,0
1301,16.0,1,6.0,6.9,5.0,2.3,67.2,88.4,7.6,3.7,5.0,5.7,1,1,2.1,13.2,7.07,67.81,0,0
1302,24.0,1,3.4,7.1,5.1,3.0,65.8,81.0,7.5,3.1,6.3,4.5,0,1,1.9,5.2,6.28,50.37,2,2
1303,16.0,0,3.7,6.9,5.6,2.2,79.8,86.2,10.0,0.9,6.5,6.9,1,0,3.3,0.9,7.26,77.65,0,0
1304,20.0,1,5.6,6.5,4.7,5.0,76.6,100.0,6.5,5.8,5.4,3.9,2,0,2.8,7.8,6.55,65.54,0,0
1305,22.0,1,5.7,5.1,7.7,2.6,91.1,19.0,7.5,2.4,7.2,8.2,1,1,0.0,3.2,6.94,36.54,1,1
1306,23.0,1,5.8,6.9,4.0,2.1,92.4,78.9,8.3,2.0,5.1,7.2,0,0,3.0,5.4,8.83,73.04,0,0
1307,22.0,2,3.6,8.3,8.3,4.7,79.81730107309173,32.7,7.4,12.1,6.7,6.2,0,0,3.4,1.6,3.49,48.3,2,2
1308,23.0,1,5.4,9.4,7.5,1.6,80.3,74.2,4.0,5.1,6.3,5.4,1,0,2.6,4.9,4.16,47.84,2,2
1309,19.0,0,6.4,6.7,9.4,3.3,93.8,98.4,4.4,1.9,4.1,5.4,1,0,2.2,10.1,5.34,61.43,2,2
1310,23.0,1,4.0,6.8,10.3,1.1,76.8,72.7,6.6,1.9,8.5,6.7,1,1,8.5,2.9,3.48,54.03,2,2
1311,17.0,1,3.2,7.7,10.4,4.2,77.3,58.2,7.9,5.8,7.6,3.4,0,0,2.2,3.0,6.53,57.08,2,2
1312,24.0,0,6.9,8.9,6.047861775435752,4.5,62.8,89.9,6.7,1.2,3.2,10.0,0,1,3.0,5.9,6.28,79.68,0,0
1313,20.0,1,2.9,6.4,6.9,0.7,91.4,77.5,3.7,1.8,7.0,5.1,2,1,7.2,7.8,7.69,47.5,2,2
1314,23.0,2,5.5,7.9,4.2,0.4,78.8,78.4,5.5,3.9,4.8,3.4,1,0,2.5,3.3,5.24,59.07,2,2
1315,20.0,2,4.1,5.9,14.2,3.5,94.8,100.0,2.9,1.3,7.2,7.8,0,0,3.2,10.1,3.58,42.35,1,1
1316,20.134890807516506,0,0.5,7.4,7.5,6.5,64.3,47.9,7.3,2.8,7.9,5.0,1,0,0.0,13.0,9.56,46.57,1,1
1317,20.0,0,6.5,8.3,9.5,4.6,73.6,63.5,10.0,3.0,6.7,4.9,0,0,2.5,10.2,4.93,53.73,2,2
1318,22.0,1,0.0,5.3,7.1,2.6,92.3,81.8,7.2,4.9,8.1,5.957923664122137,0,0,5.1,6.8,5.69,29.29,1,1
1319,17.0,1,0.2,6.3,1.0,1.5,84.2,96.9,1.7,3.2,6.8,4.9,0,1,8.0,6.9,3.03,41.66,1,1
1320,16.0,2,5.3,8.2,6.047861775435752,0.8,64.6,57.7,6.2,2.2,4.6,4.8,1,0,2.3,9.5,1.85,49.83,2,2
1321,18.0,0,5.3,7.8,4.3,4.3,92.0,67.6,6.0,2.5,1.0,5.7,0,0,1.8,9.8,7.97,82.13,0,0
1322,17.0,0,2.9,8.3,5.0,4.7,63.0,73.8,4.8,5.9,3.0,9.1,2,1,4.0,4.1,8.73,75.84,0,0
1323,23.0,1,4.5,8.1,6.9,1.9,90.8,72.3,1.5,4.5,4.2,5.6,0,0,3.7,1.2,5.96,47.53,2,2
1324,18.0,1,0.0,6.6,7.3,2.6,67.3,87.6,5.991217524197657,1.1,5.542839731870811,5.6,0,1,3.7,3.8,6.18,46.42,1,1
1325,25.0,2,5.6,9.9,1.0,3.1,95.7,74.1,8.1,6.0,2.7,8.4,0,0,5.6,2.9,3.08,77.53,0,0
1326,19.0,1,4.7,7.2,5.4,6.3,81.5,86.7,4.1,0.3,2.4,1.7,1,0,7.6,4.2,8.42,54.64,2,2
1327,18.0,1,4.1,3.0,4.8,3.1,84.5,53.3,4.0,3.4,4.5,7.4,1,1,5.1,10.3,4.43,10.38,1,1
1328,22.0,1,4.2,6.6,9.5,1.2,78.9,77.6,5.3,7.0,4.8,7.5,2,1,5.6,8.1,4.96,57.69,2,2
1329,21.0,0,5.2,6.4,7.5,0.9,81.1,75.6,9.8,5.8,5.7,6.2,1,1,6.4,9.1,5.4,73.58,0,0
1330,20.0,1,4.1,8.0,5.5,1.4,81.1,90.2,5.4,2.2,8.2,5.2,0,0,7.6,10.7,7.27,61.26,2,2
1331,20.0,0,0.5,6.4,6.6,5.3,89.2,100.0,4.3,2.0,4.3,6.1,2,0,5.2,4.2,6.22,50.73,2,2
1332,22.0,1,8.6,8.4,1.8,3.9,79.2,92.2,5.1,1.2,5.1,5.3,0,1,2.1,10.2,6.67,69.34,0,0
1333,18.0,0,6.6,7.7,7.7,2.4,99.0,62.3,7.3,2.2,5.542839731870811,6.6,1,1,6.5,6.3,4.86,64.57,0,0
1334,25.0,0,1.6,5.7,5.0,0.0,70.4,86.4,1.5,1.3,3.4,5.957923664122137,1,1,9.0,12.9,4.39,38.26,1,1
1335,25.0,1,3.5,6.8,4.0,1.5,91.2,74.1,5.5,5.3,8.0,8.4,0,0,2.6,2.0,8.4,64.89,0,0
1336,21.0,0,3.7,6.0,9.3,3.6,87.3,68.9,5.2,1.7,3.3,5.2,0,0,4.9,5.4,7.19,49.68,2,2
1337,18.0,1,6.4,7.2,6.7,3.6,96.0,65.5,5.8,1.1,4.5,5.6,0,1,5.4,12.5,7.81,66.92,0,0
1338,22.0,1,0.0,6.0,4.3,3.6,81.6,64.5,4.5,1.0,3.9,7.7,2,0,4.9,3.3,5.63,46.4,1,1
1339,17.0,0,3.2,7.1,4.5,0.6,84.3,54.4,3.1,1.4,8.9,7.5,1,1,5.4,1.3,5.24,52.34,2,2
1340,16.0,1,0.7,6.6,6.9,3.3,84.1,51.7,8.1,4.8,5.7,6.3,1,1,1.7,5.7,6.489753023681269,35.58,1,1
1341,18.0,1,3.6,6.8,6.047861775435752,1.2,64.2,86.8,2.0,1.0,5.0,5.3,1,1,6.3,5.2,6.58,47.58,2,2
1342,20.0,1,3.3,9.7,6.1,3.0,85.1,68.6,9.4,0.4,2.8,5.6,1,0,7.3,7.7,6.55,57.67,2,2
1343,23.0,1,4.4,6.5,3.0,1.6,100.0,78.3,6.8,1.6,8.0,10.0,1,1,2.2,8.7,8.35,84.27,0,0
1344,22.0,0,3.0,4.5,3.4,4.9,100.0,59.3,7.5,7.7,7.3,8.2,0,1,1.6,3.2,6.33,55.73,2,2
1345,22.0,1,2.7,8.3,4.1,3.6,69.9,85.4,6.1,2.6,4.0,7.0,1,1,3.8,2.4,5.1,66.48,0,0
1346,19.0,2,5.4,8.3,5.5,2.7,56.6,62.3,8.6,0.3,5.5,5.9,0,1,4.8,4.7,6.45,50.59,2,2
1347,19.0,2,5.1,4.4,5.9,5.5,80.7,50.9,7.2,2.6,6.3,9.3,2,0,3.9,3.5,7.36,46.05,1,1
1348,19.0,1,5.3,6.1,5.6,2.3,94.1,100.0,8.9,1.9,6.2,1.4,2,1,4.1,1.8,7.78,47.01,2,2
1349,25.0,1,3.8,7.6,5.7,3.03210685483871,79.5,78.7,7.9,1.7,4.4,7.7,0,0,3.3,7.2,7.54,67.85,0,0
1350,16.0,0,3.1,7.7,10.7,4.9,100.0,69.4,8.5,4.6,8.8,6.3,0,1,4.9,3.9,6.46,54.34,2,2
1351,23.0,1,4.0,7.0,8.1,3.5,69.9,71.5,4.4,3.0,5.0,6.6,0,0,0.0,4.6,5.78,46.41,1,1
1352,21.0,1,5.2,7.0,9.0,2.4,82.9,68.5,5.2,2.9,5.1,8.8,0,0,2.0,8.6,7.01,61.27,2,2
1353,20.0,1,0.0,5.8,7.2,1.8,78.6,83.9,5.991217524197657,0.3,7.6,9.5,0,1,3.3,0.8,4.58,37.41,1,1
1354,22.0,0,5.0,3.9,6.2,3.9,89.5,47.1,6.0,2.4,7.1,6.0,0,0,5.3,9.0,6.79,28.36,1,1
1355,20.0,0,4.8,9.7,7.0,4.5,90.4,42.5,7.3,2.7,7.5,5.9,0,0,6.7,2.6,3.37,48.39,2,2
1356,23.0,1,4.3,5.7,6.6,1.6,95.5,77.0,4.4,0.3,9.6,4.0,0,0,7.2,3.3,8.55,38.25,1,1
1357,24.0,1,3.9,7.2,8.0,4.0,78.4,43.6,6.0,5.2,4.0,5.8,1,0,1.6,3.2,6.46,56.29,2,2
1358,19.0,0,0.0,6.8,3.6,3.5,96.4,40.7,7.4,4.6,5.8,9.4,0,1,0.1,4.8,6.11,57.22,2,2
1359,18.0,0,3.3,8.2,7.8,1.5,84.5,91.3,1.8,1.2,3.7,5.3,1,1,0.6,8.7,5.96,55.86,2,2
1360,21.0,0,7.8,7.1,6.4,3.0,97.7,78.0,8.3,3.2008618067525094,4.3,1.9,2,1,0.9,6.6,4.79,48.73,2,2
1361,24.0,0,4.2,7.2,1.5,2.0,99.5,78.2,10.0,1.1,3.7,3.8,0,1,0.5,6.9,8.6,69.5,0,0
1362,18.0,1,3.6,3.6,6.2,5.2,80.2,54.9,4.0,3.6,5.3,5.0,1,0,1.6,10.2,6.38,27.49,1,1
1363,21.0,0,4.2,5.9,2.7,1.8,71.2,100.0,9.3,1.9,7.3,5.957923664122137,0,0,3.3,8.1,6.61,64.43,0,0
1364,21.0,1,4.9,8.0,6.047861775435752,5.7,82.6,93.1,6.5,9.1,4.7,7.4,1,1,8.6,3.5,6.489753023681269,73.75,0,0
1365,22.0,1,5.5,7.9,5.6,3.2,92.9,50.5,4.1,2.0,5.8,7.0,0,0,0.1,5.8,9.45,60.39,2,2
1366,17.0,0,3.7,5.8,2.2,0.0,60.4,73.0,5.991217524197657,2.9,3.5,8.3,2,1,4.1,10.4,6.44,61.24,2,2
1367,22.0,1,5.0,4.9,5.9,0.0,73.6,67.6,10.0,0.4,3.9,5.3,1,0,2.0,4.6,5.51,45.31,1,1
1368,24.0,2,4.219583121504829,7.2,6.2,2.6,88.9,74.2,5.1,1.1,2.5,6.6,2,1,0.9,0.1,6.49,58.56,2,2
1369,18.0,1,6.2,3.2,7.9,5.4,46.4,94.6,3.7,0.6,4.7,3.9,1,0,8.1,6.2,5.67,22.29,1,1
1370,18.0,0,8.9,5.5,4.9,5.2,66.6,68.1,1.1,3.5,5.1,5.4,1,1,2.6,1.4,7.91,35.45,1,1
1371,25.0,0,2.9,9.3,6.7,3.3,72.0,92.7,5.7,0.9,5.4,6.1,1,0,3.7,1.9,3.38,49.02,2,2
1372,18.0,1,7.6,8.9,5.8,1.7,78.9,43.8,6.4,1.8,3.8,6.2,1,1,5.9,8.8,6.31,60.32,2,2
1373,23.0,0,2.6,7.6,5.0,2.2,75.8,63.9,10.0,6.1,6.2,8.0,0,1,2.9,12.3,7.31,71.94,0,0
1374,20.0,1,4.9,7.4,1.8,3.4,76.1,67.8,10.0,1.8,5.0,6.9,1,1,0.1,3.3,9.8,77.58,0,0
1375,18.0,0,5.7,4.5,5.7,5.0,62.7,65.3,4.5,3.9,3.6,5.8,0,0,7.3,5.0,5.44,30.58,1,1
1376,23.0,1,3.2,6.0,7.9,4.0,100.0,75.4,7.8,2.8,5.7,10.0,0,0,2.1,9.4,6.08,55.05,2,2
1377,20.0,0,4.4,6.6,3.7,4.7,72.1,77.8,3.5,1.4,5.6,3.8,1,0,5.1,3.1,6.89,51.25,2,2
1378,20.0,1,6.0,6.1,5.5,4.2,55.3,79.1,6.2,3.2,5.2,8.0,2,1,2.9,2.6,8.46,50.46,2,2
1379,19.0,1,2.8,6.5,5.8,4.7,94.8,91.0,5.7,4.4,7.9,6.0,1,0,3.9,5.5,5.61,68.89,0,0
1380,21.0,1,7.5,8.7,8.8,0.0,69.9,88.2,4.1,11.1,6.3,7.1,0,1,4.9,4.7,5.59,58.91,2,2
1381,18.0,1,1.4,6.3,6.1,1.4,64.2,48.0,5.7,6.5,10.0,3.6,2,0,5.0,2.1,3.25,20.7,1,1
1382,19.0,0,8.1,6.6,6.7,1.0,88.8,77.7,7.9,4.2,4.5,3.5,0,0,4.8,0.8,3.13,57.59,2,2
1383,25.0,0,6.2,8.0,6.0,0.8,79.81730107309173,64.0,8.4,1.1,5.7,5.4,1,0,2.6,13.0,6.7,65.7,0,0
1384,18.0,0,4.0,5.2,4.8,3.0,82.2,89.8,5.7,1.8,2.9,5.9,1,0,1.0,3.3,5.43,56.52,2,2
1385,21.0,1,3.4,5.9,3.2,0.4,71.8,98.3,5.8,1.4,4.4,3.6,0,1,0.4,9.4,8.19,52.94,2,2
1386,19.0,0,3.2,6.0,5.3,1.3,74.0,90.1,2.0,1.5,1.3,4.8,0,1,4.3,3.5,4.92,39.84,1,1
1387,22.0,1,3.9,7.1,7.0,2.8,67.1,100.0,6.6,1.0,6.6,6.7,0,1,4.4,2.8,8.9,62.97,2,2
1388,17.0,0,4.1,6.6,6.3,0.1,64.2,88.6,5.4,4.0,7.6,4.6,2,0,3.2,4.7,5.89,52.59,2,2
1389,25.0,2,6.7,6.6,9.7,2.1,100.0,74.2518720906699,5.8,3.3,4.9,9.6,2,1,3.7,4.2,7.79,69.81,0,0
1390,20.0,1,8.1,6.1,8.4,4.1,69.2,60.7,4.9,5.9,1.8,4.7,1,0,3.0,3.4,6.08,48.04,2,2
1391,18.0,1,4.6,5.6,9.1,0.8,61.0,74.6,3.9,1.1,10.0,5.8,1,1,8.6,2.4,4.63,30.34,1,1
1392,17.0,1,2.5,7.8,1.0,4.4,94.7,87.4,4.1,1.3,4.5,5.4,2,1,1.3,5.1,6.11,50.61,2,2
1393,18.0,0,3.1,6.6,9.9,1.5,83.5,80.2,4.5,4.7,4.4,3.2,0,0,1.0,5.2,4.04,41.45,1,1
1394,20.0,0,3.8,7.8,6.7,3.5,80.2,58.6,3.1,2.6,5.542839731870811,5.957923664122137,1,0,4.4,6.6,6.76,52.97,2,2
1395,19.0,0,2.1,5.6,7.0,1.0,73.7,58.4,6.6,0.5,3.3,4.2,2,0,3.6,0.5,7.31,38.02,1,1
1396,23.0,1,1.8,6.1,8.2,3.8,74.7,42.4,5.991217524197657,6.2,3.9,8.6,1,1,1.8,6.7,7.35,47.18,2,2
1397,20.0,0,8.4,6.7,6.1,2.5,76.1,81.7,5.7,4.1,7.0,6.2,0,1,4.050203624516392,3.6,10.0,68.07,0,0
1398,18.0,0,4.8,6.8,3.3,3.8,79.81730107309173,56.5,6.4,1.3,8.3,5.7,1,1,3.7,1.1,6.02,53.31,2,2
1399,21.0,1,2.5,8.0,9.6,2.0,76.8,87.1,5.5,2.3,4.9,5.2,1,0,3.2,5.5,8.52,61.33,2,2
1400,22.0,0,5.8,6.4,6.047861775435752,4.0,94.9,88.0,8.5,3.7,2.4,8.4,2,1,0.3,3.5,5.33,68.98,0,0
1401,20.134890807516506,1,1.8,8.0,3.5,4.5,79.3,79.0,6.1,0.3,7.6,6.2,1,1,4.5,1.6,5.44,54.66,2,2
1402,18.0,1,2.0,7.5,5.4,3.2,77.3,82.1,6.6,2.4,1.0,3.6,0,1,4.5,10.4,5.98,61.8,2,2
1403,16.0,0,2.6,6.9,5.0,2.1,66.7,93.3,7.8,2.3,6.6,7.8,0,0,8.1,3.3,5.81,62.06,2,2
1404,22.0,1,7.5,5.8,6.0,2.6,100.0,95.7,5.9,2.7,2.6,7.6,1,0,4.8,3.7,8.55,77.41,0,0
1405,21.0,0,3.7,8.0,5.8,0.7,80.2,34.8,9.1,1.5,4.7,4.0,0,0,4.050203624516392,6.8,8.26,61.57,2,2
1406,20.0,0,0.0,5.8,9.4,3.4,80.0,87.7,4.5,2.9,6.2,5.3,1,0,5.4,4.9,6.19,36.06,1,1
1407,23.0,1,6.6,7.0,7.1,4.1,100.0,83.8,9.8,1.1,3.4,10.0,0,1,6.6,1.7,5.22,68.33,0,0
1408,23.0,0,3.6,6.9,3.9,5.8,85.4,80.3,5.6,3.3,4.5,6.7,1,0,1.3,9.4,6.8,68.61,0,0
1409,21.0,0,0.5,6.7,4.2,5.4,86.9,83.5,4.6,2.5,4.5,10.0,1,0,3.8,1.2,7.77,59.26,2,2
1410,23.0,1,3.6,6.5,5.0,1.2,80.8,69.3,2.5,5.4,5.2,8.9,1,1,3.4,25.0,4.83,52.6,2,2
1411,18.0,1,5.2,5.9,5.0,3.4,69.9,31.8,7.9,0.8,5.9,10.0,2,0,5.3,1.3,6.44,50.73,2,2
1412,17.0,1,5.0,4.9,4.7,2.8,95.8,64.1,5.2,2.3,5.5,4.4,0,1,2.8,3.2,3.44,40.73,1,1
1413,18.0,1,7.8,8.8,3.2,5.2,61.6,42.1,6.3,3.8,5.6,10.0,1,0,8.4,0.7,5.94,62.47,2,2
1414,16.0,1,2.5,6.4,6.7,1.7,67.3,45.3,6.6,3.3,7.9,3.3,0,0,5.1,3.0,6.27,35.99,1,1
1415,20.0,1,4.3,6.8,4.9,4.6,69.9,94.3,4.9,8.6,8.7,5.6,2,0,5.9,1.3,7.54,63.93,0,0
1416,24.0,1,2.8,6.8,3.6,1.2,83.3,65.2,8.4,3.9,6.5,4.4,1,0,2.1,3.3,7.87,59.53,2,2
1417,16.0,0,1.1,8.4,7.2,2.8,79.8,79.8,7.0,1.2,6.1,6.1,2,1,3.6,2.4,4.1,45.15,1,1
1418,17.0,1,6.0,9.5,8.1,1.4,55.8,75.1,4.1,3.6,2.1,7.4,0,0,2.9,6.0,7.72,57.78,2,2
1419,20.0,0,5.1,7.2,5.4,0.0,100.0,99.1,3.0,3.2,1.0,5.8,1,0,3.3,7.4,7.16,76.01,0,0
1420,24.0,0,4.8,6.8,10.5,1.4,89.9,76.3,7.7,2.8,4.7,6.7,0,0,6.4,1.4,7.58,68.63,0,0
1421,19.0,0,5.1,5.5,11.5,2.5,73.6,64.2,5.5,3.1,8.9,5.4,0,0,4.6,5.5447261663286005,7.72,44.56,1,1
1422,20.0,1,2.8,5.1,7.2,5.6,85.6,100.0,7.5,3.0,4.9,7.2,0,0,0.7,9.9,5.53,50.67,2,2
1423,16.0,2,2.2,4.7,4.8,1.0,85.8,66.0,5.5,4.4,7.1,7.0,1,0,0.0,0.5,5.23,41.14,1,1
1424,17.0,0,4.3,6.0,6.7,1.9,75.7,82.5,6.5,1.2,5.1,5.4,2,0,7.7,5.6,5.54,56.45,2,2
1425,25.0,0,6.5,4.3,2.9,0.4,85.1,84.0,7.8,7.1,5.8,5.5,0,0,0.3,4.6,4.86,46.69,2,2
1426,25.0,1,7.4,8.4,3.8,5.1,85.3,52.6,2.7,1.5,4.1,3.3,0,0,2.5,8.9,6.46,52.56,2,2
1427,16.0,1,5.8,7.6,1.8,2.2,94.2,91.6,9.7,1.6,7.2,6.3,1,0,7.3,4.8,8.49,85.14,0,0
1428,25.0,0,4.3,6.7,4.4,2.4,80.9,99.4,6.8,1.1,5.6,7.1,0,0,2.6,7.3,9.0,78.16,0,0
1429,21.0,1,4.7,8.4,2.9,2.4,84.2,54.6,1.5,1.2,3.8,8.1,0,0,2.9,1.7,7.69,69.97,0,0
1430,23.0,1,4.2,5.6,7.6,0.0,77.3,75.5,9.0,3.4,2.0,3.4,1,1,3.4,9.9,4.66,59.38,2,2
1431,20.0,1,2.1,5.9,4.1,0.4,74.4,99.1,8.2,3.2,7.2,4.2,0,0,4.050203624516392,5.7,6.35,60.37,2,2
1432,20.0,0,4.2,4.5,6.047861775435752,1.3,70.0,45.7,5.6,5.0,6.3,7.3,1,0,2.6,4.5,7.52,41.8,1,1
1433,20.0,2,1.5,8.0,7.9,4.1,69.5,86.3,9.1,8.0,6.0,7.3,0,0,2.6,8.3,3.47,55.39,2,2
1434,21.0,1,4.0,5.9,8.9,0.0,74.0,52.5,4.6,4.3,3.6,7.9,1,0,4.050203624516392,10.2,4.24,50.3,2,2
1435,17.0,0,7.5,7.0,5.1,4.0,76.9,69.2,5.7,4.8,7.2,10.0,1,0,4.7,1.4,7.27,62.83,2,2
1436,16.0,0,5.8,8.3,6.8,3.6,93.1,71.2,10.0,3.3,3.9,3.4,1,1,1.6,5.5,5.36,58.21,2,2
1437,19.0,0,2.4,8.8,6.9,0.0,75.1,53.8,7.1,1.7,7.5,4.5,0,1,8.9,6.2,7.38,43.61,1,1
1438,22.0,0,4.1,7.0,9.2,2.4,75.7,58.6,8.4,6.1,3.4,6.5,0,1,7.6,3.9,7.39,71.53,0,0
1439,18.0,0,2.5,7.5,8.0,5.1,76.2,73.7,7.8,0.7,2.8,6.2,2,0,4.050203624516392,3.5,6.01,58.19,2,2
1440,21.0,0,4.1,5.8,9.3,1.1,79.4,99.8,3.0,1.3,5.5,6.8,2,0,4.0,6.7,5.21,43.48,1,1
1441,25.0,1,6.3,9.2,1.8,2.0,100.0,83.7,6.7,1.7,7.0,9.6,2,1,3.0,1.8,7.4,74.13,0,0
1442,17.0,0,5.5,6.8,4.3,8.0,75.1,45.5,6.5,6.3,7.2,10.0,1,0,6.3,9.2,5.58,63.07,0,0
1443,21.0,1,9.2,7.1,8.6,3.6,87.3,83.4,8.6,3.8,5.9,4.3,1,0,10.0,3.2,6.02,63.83,0,0
1444,20.0,1,6.6,6.5,7.5,2.5,84.5,75.7,9.3,3.0,8.0,7.6,2,0,9.6,1.6,5.77,62.91,2,2
1445,23.0,0,4.6,8.6,5.7,2.1,80.8,63.6,8.8,1.2,6.1,9.3,0,0,2.0,7.1,8.15,68.37,0,0
1446,18.0,0,5.6,7.3,4.8,3.7,67.5,67.1,5.0,2.0,5.7,4.7,0,1,7.2,4.2,6.71,45.48,1,1
1447,22.0,0,3.8,8.0,8.0,4.2,79.81730107309173,84.0,2.8,3.0,1.0,6.6,0,0,2.1,5.0,6.34,67.69,0,0
1448,23.0,1,1.9,7.5,1.1,0.0,55.0,46.7,7.1,1.9,3.2,5.3,2,0,7.6,6.4,6.93,55.45,2,2
1449,24.0,1,6.8,6.7,8.0,0.0,66.7,63.4,5.8,12.8,7.8,2.6,0,0,3.4,1.5,6.45,51.46,2,2
1450,22.0,0,6.2,8.2,6.2,1.2,73.0,54.4,3.7,3.7,3.4,4.4,0,0,5.1,5.7,9.16,60.55,2,2
1451,20.0,1,3.7,7.4,4.8,2.7,77.1,60.6,4.5,1.3,4.9,5.6,2,0,1.8,2.7,4.61,44.15,1,1
1452,21.0,0,4.7,5.8,7.3,3.1,81.1,80.9,5.9,8.4,4.6,9.2,0,0,0.0,4.5,7.14,71.08,0,0
1453,23.0,1,6.7,5.7,5.0,0.0,98.1,75.9,6.6,3.0,3.2,6.8,1,1,4.9,9.3,8.61,74.48,0,0
1454,21.0,1,5.9,7.2,6.1,2.6,88.2,87.1,4.8,1.1,4.1,6.7,0,0,3.7,2.6,5.23,73.76,0,0
1455,16.0,2,1.3,8.2,5.9,2.9,82.2,34.4,6.0,0.7,5.4,5.8,0,0,0.0,0.9,7.69,42.52,1,1
1456,24.0,1,4.219583121504829,9.1,7.9,1.5,75.6,70.1,5.8,2.0,2.9,6.6,0,0,5.5,3.3,4.63,49.27,2,2
1457,22.0,1,3.9,4.7,6.4,2.0,75.8,73.1,6.6,7.6,4.7,6.7,0,1,2.1,4.5,6.73,55.69,2,2
1458,21.0,1,4.219583121504829,7.0,1.2,1.7,65.3,45.5,3.9,4.1,4.0,2.2,1,0,0.0,5.1,8.49,54.37,2,2
1459,18.0,0,6.3,7.6,6.047861775435752,3.8,52.6,62.6,4.5,4.6,5.7,7.4,1,1,2.0,5.1,5.2,55.94,2,2
1460,21.0,0,6.8,7.4,3.3,3.0,63.4,74.6,9.0,1.4,7.4,6.0,0,0,8.4,1.8,5.95,50.42,2,2
1461,19.0,1,2.0,8.3,7.1,0.9,95.2,80.8,5.4,2.5,8.5,8.7,1,0,5.8,7.6,4.13,58.37,2,2
1462,21.0,1,2.6,7.9,7.4,4.7,70.7,81.3,7.0,5.0,5.7,4.0,0,0,5.2,16.9,7.16,61.13,2,2
1463,17.0,0,6.4,5.7,10.2,0.5,73.2,39.5,3.3,3.6,3.3,9.7,1,1,5.9,10.6,6.88,44.01,1,1
1464,21.0,1,3.0,5.7,3.5,0.0,93.3,63.7,8.6,1.2,8.6,4.2,2,0,2.2,1.6,7.44,49.05,2,2
1465,25.0,0,1.2,7.4,9.3,2.6,45.7,47.5,8.5,5.2,6.4,8.6,1,0,0.0,3.2,5.69,42.57,1,1
1466,16.0,1,5.3,8.3,1.2,2.5,72.4,74.9,6.7,3.2008618067525094,4.3,5.0,0,0,2.8,5.1,6.78,73.03,0,0
1467,25.0,1,3.1,7.2,6.0,3.1,65.7,67.2,4.6,0.6,4.8,7.4,1,1,5.0,0.6,5.85,50.58,2,2
1468,19.0,0,7.8,4.9,6.6,3.03210685483871,83.8,63.7,2.8,1.9,4.0,8.9,0,0,4.2,3.9,6.25,51.49,2,2
1469,23.0,1,4.8,5.6,6.6,4.6,87.2,100.0,10.0,2.4,7.1,7.2,1,0,3.2,3.5,8.64,66.42,0,0
1470,22.0,0,4.219583121504829,7.9,5.2,6.1,87.5,56.1,5.1,4.0,7.7,5.4,0,0,4.7,4.2,5.99,61.18,2,2
1471,21.0,1,3.5,6.5,6.3,3.0,99.6,74.7,2.8,3.4,6.2,4.9,2,0,5.8,0.5,7.27,55.1,2,2
1472,22.0,1,7.4,7.2,2.9,3.6,87.2,83.6,4.7,3.1,7.9,5.4,0,0,2.5,5.2,7.67,68.07,0,0
1473,23.0,2,4.9,8.4,8.2,0.0,83.2,81.4,6.9,2.8,5.4,3.4,0,0,5.3,6.1,7.93,73.08,0,0
1474,19.0,1,3.4,5.4,6.6,2.2,100.0,85.4,3.3,3.1,10.0,6.5,1,1,7.6,3.2,5.44,45.61,1,1
1475,19.0,0,2.6,6.5,6.9,1.7,52.3,81.4,4.7,4.1,5.2,8.8,0,1,7.4,5.9,8.09,58.1,2,2
1476,21.0,1,4.1,6.3,5.3,1.5,100.0,69.1,2.8,3.9,1.2,8.4,1,0,1.8,6.3,6.27,67.79,0,0
1477,23.0,0,2.2,7.5,5.2,1.8,100.0,75.2,9.2,3.4,7.5,8.8,1,0,6.8,11.2,6.41,85.22,0,0
1478,22.0,0,6.3,8.0,7.3,2.0,78.1,63.2,5.8,6.6,4.6,7.7,2,0,2.6,4.2,8.14,64.31,0,0
1479,23.0,1,0.6,5.1,10.0,0.4,70.8,61.6,2.8,0.4,7.9,2.0,0,0,4.9,3.0,4.13,9.63,1,1
1480,20.0,0,3.9,7.0,2.5,2.1,71.4,51.3,4.0,0.8,6.1,5.2,0,0,4.050203624516392,2.4,6.37,40.98,1,1
1481,23.0,0,5.4,8.1,2.4,1.1,76.2,89.2,4.6,1.6,4.0,7.2,0,0,0.0,6.5,6.489753023681269,74.95,0,0
1482,17.0,1,4.9,4.6,6.7,4.4,95.6,94.9,6.1,2.2,5.3,5.0,1,1,0.5,4.0,7.66,46.75,2,2
1483,20.0,0,2.8,6.9,5.2,3.6,47.9,64.4,4.0,2.1,2.3,5.3,1,0,2.5,3.3,3.79,42.94,1,1
1484,16.0,0,5.5,5.4,6.3,3.6,100.0,73.6,5.2,5.9,3.8,6.5,0,0,2.3,1.3,6.06,57.18,2,2
1485,19.0,1,2.4,6.2,5.9,4.8,80.0,100.0,4.6,3.8,6.2,6.1,0,1,1.0,0.6,5.46,50.81,2,2
1486,19.0,1,4.2,3.7,7.6,1.5,95.3,95.2,2.8,3.0,7.2,7.5,1,0,3.8,5.5447261663286005,4.42,36.62,1,1
1487,19.0,1,5.5,8.8,5.3,3.5,64.0,91.0,4.0,0.3,7.2,4.3,2,1,2.6,12.6,7.34,52.37,2,2
1488,22.0,1,5.1,6.5,3.0,4.9,89.4,79.8,4.3,7.7,4.1,5.957923664122137,0,0,4.6,10.0,6.82,53.63,2,2
1489,19.0,0,2.8,6.0,4.0,1.4,85.0,63.7,3.3,2.9,7.9,3.7,0,1,2.6,5.5447261663286005,4.17,41.41,1,1
1490,20.0,0,6.6,7.4,5.6,0.0,87.3,65.7,2.8,0.4,5.6,8.9,1,0,8.9,7.9,6.22,49.98,2,2
1491,18.0,2,4.4,5.6,2.9,1.8,71.0,79.2,4.7,3.7,6.8,6.2,0,0,3.2,6.1,6.66,56.54,2,2
1492,19.0,1,5.7,5.5,5.9,4.7,75.0,82.9,7.9,2.5,7.9,5.3,1,0,5.2,5.4,6.0,53.38,2,2
1493,18.0,1,7.3,9.0,6.2,1.3,63.9,57.6,5.7,6.5,6.0,8.9,0,1,7.9,1.3,6.77,57.03,2,2
1494,17.0,0,6.4,9.4,5.1,2.2,89.9,97.4,0.0,1.1,3.5,2.9,0,0,1.2,3.9,5.48,48.53,2,2
1495,21.0,0,6.4,6.2,6.5,1.6,97.5,100.0,8.2,1.5,8.1,8.3,0,0,3.4,5.5447261663286005,8.33,71.98,0,0
1496,20.134890807516506,0,4.6,8.4,2.0,2.7,83.7,89.3,4.5,2.3,6.5,7.0,1,0,1.0,0.7,3.18,45.91,1,1
1497,21.0,1,5.8,7.5,3.6,1.1,45.2,100.0,9.2,2.5,6.4,7.9,0,1,0.5,9.8,8.05,67.55,0,0
1498,20.0,1,4.6,5.2,3.1,0.3,97.6,86.5,7.8,0.9,2.9,7.1,2,0,0.0,7.4,7.91,69.7,0,0
1499,19.0,1,1.8,5.8,8.2,2.2,81.5,79.9,5.3,0.3,8.1,8.0,2,0,1.0,4.1,5.62,32.73,1,1
1500,23.0,2,4.8,9.0,11.8,2.5,45.5,75.9,5.6,3.5,6.4,7.2,1,1,7.6,8.1,4.64,44.58,1,1
1501,20.0,1,4.7,5.1,3.8,5.0,57.9,69.3,3.5,3.4,2.5,6.8,2,0,1.4,10.8,7.56,36.63,1,1
1502,20.0,0,5.4,10.0,5.4,3.1,66.3,74.9,7.4,8.0,5.0,7.0,0,0,4.9,1.5,5.31,67.45,0,0
1503,16.0,0,3.9,6.3,4.3,0.9,80.0,56.3,9.6,6.2,5.3,3.6,0,0,6.5,9.2,6.58,66.44,0,0
1504,20.134890807516506,1,2.7,9.1,6.6,1.7,66.7,73.5,4.4,2.8,5.6,4.3,1,0,3.2,6.4,8.73,65.51,0,0
1505,19.0,0,5.5,6.6,4.5,4.3,68.4,54.0,4.7,1.3,5.1,10.0,0,0,7.8,6.6,7.04,62.34,2,2
1506,19.0,0,1.6,8.0,6.7,2.2,91.9,60.6,10.0,5.0,5.5,4.4,2,0,3.4,3.5,7.49,56.6,2,2
1507,21.0,0,7.1,8.8,7.7,1.0,95.4,97.1,6.2,1.0,7.6,3.7,0,0,4.8,5.6,9.24,62.05,2,2
1508,20.0,1,3.7,8.8,2.9,3.1,79.81730107309173,96.3,2.6,1.1,5.3,5.1,1,0,4.5,5.5447261663286005,5.67,56.33,2,2
1509,21.0,1,4.7,6.2,6.7,1.6,58.7,59.9,3.0,3.7,4.3,4.5,1,0,0.0,1.2,7.95,53.03,2,2
1510,22.0,1,5.3,5.9,1.5,3.9,92.3,90.7,9.7,1.6,5.8,3.8,0,1,6.3,6.5,3.59,64.06,0,0
1511,23.0,1,5.4,6.9,5.4,3.7,73.8,64.4,7.0,3.3,7.9,7.5,0,0,5.9,7.1,6.18,51.77,2,2
1512,22.0,0,1.4,5.3,5.2,0.9,100.0,63.1,3.7,4.4,7.1,5.5,2,0,0.7,12.9,6.99,39.9,1,1
1513,25.0,0,5.8,7.3,5.4,6.2,83.4,100.0,6.7,0.9,1.0,3.3,1,0,2.4,2.7,2.54,48.38,2,2
1514,16.0,1,4.8,5.9,5.2,2.8,95.8,55.3,4.2,1.6,2.6,4.5,0,0,7.2,10.2,5.44,54.67,2,2
1515,18.0,0,2.9,8.4,4.8,0.0,87.2,42.8,1.8,6.3,1.5,3.4,0,0,2.8,15.2,6.18,54.03,2,2
1516,16.0,0,2.7,6.3,5.3,3.7,85.6,63.0,5.2,4.7,6.4,5.1,2,1,8.2,8.3,6.97,48.79,2,2
1517,21.0,1,3.5,4.7,6.6,0.0,75.2,64.2,6.0,4.6,7.9,7.7,0,1,8.0,2.0,6.05,43.69,1,1
1518,24.0,1,1.6,8.8,6.7,4.9,95.7,68.3,2.6,1.3,5.4,5.9,0,1,2.0,11.3,5.35,46.63,1,1
1519,18.0,0,7.6,7.2,6.3,3.1,92.1,44.0,3.2,2.9,5.8,7.0,1,0,3.9,6.0,5.57,58.58,2,2
1520,24.0,0,7.2,7.0,4.6,2.7,75.7,81.3,3.8,0.5,3.3,6.7,1,0,0.3,8.1,10.0,68.65,0,0
1521,16.0,0,5.1,8.4,8.7,2.8,74.3,100.0,5.6,9.5,7.9,5.9,0,0,2.2,8.6,8.1,65.63,0,0
1522,24.0,1,3.8,8.1,9.8,3.9,70.7,80.4,6.3,3.2,3.8,6.5,1,1,0.0,1.8,6.71,54.26,2,2
1523,19.0,1,3.8,6.0,2.8,2.0,90.6,71.0,2.8,1.4,7.9,7.1,1,0,0.3,2.0,7.76,54.8,2,2
1524,17.0,1,5.7,6.4,6.4,2.8,83.1,87.0,4.7,2.1,4.2,3.7,0,1,3.5,2.7,7.01,58.75,2,2
1525,20.0,0,7.7,5.6,4.8,3.1,83.7,76.3,5.0,2.6,9.1,8.6,0,1,4.6,4.9,8.03,52.77,2,2
1526,18.0,0,3.1,5.1,8.3,3.03210685483871,75.3,76.0,2.2,1.1,2.4,9.0,0,0,4.0,2.3,4.09,37.02,1,1
1527,18.0,1,2.0,6.976601980998585,6.0,3.9,99.0,73.5,6.5,3.0,3.2,4.5,1,0,1.0,1.9,5.78,63.55,0,0
1528,19.0,0,7.3,7.5,6.1,4.2,60.6,78.9,7.3,1.4,8.1,7.4,0,1,7.7,2.9,4.87,51.84,2,2
1529,23.0,0,0.6,8.0,7.2,3.7,90.2,67.6,6.7,0.4,8.0,6.0,2,0,4.8,2.4,7.04,39.91,1,1
1530,20.0,0,2.2,8.7,5.3,3.5,92.8,45.7,3.1,4.2,4.9,5.3,0,1,2.6,2.9,4.36,33.68,1,1
1531,19.0,2,4.219583121504829,8.0,10.2,5.7,75.9,100.0,7.3,2.1,2.5,10.0,0,1,2.7,2.6,9.92,70.0,0,0
1532,21.0,1,1.1,8.1,7.3,2.8,61.2,84.5,5.8,3.3,1.0,5.0,1,1,4.8,1.5,7.3,44.87,1,1
1533,20.134890807516506,0,6.4,4.3,8.3,2.8,85.0,62.4,8.2,4.5,8.6,4.9,1,0,9.7,2.8,6.39,44.81,1,1
1534,18.0,1,5.9,6.6,5.4,1.7,95.6,81.3,7.1,5.4,6.4,6.1,1,0,6.6,4.8,3.9,75.84,0,0
1535,19.0,1,3.1,8.3,5.7,0.0,100.0,54.7,6.7,5.8,5.8,5.3,1,0,3.8,3.0,7.65,76.22,0,0
1536,17.0,0,6.8,5.5,8.0,3.7,88.5,81.8,5.4,2.9,4.0,3.1,1,0,4.2,12.4,6.78,46.03,1,1
1537,18.0,0,7.1,7.1,7.8,1.9,72.0,88.4,8.1,2.0,4.6,4.7,1,0,7.4,1.8,4.31,50.51,2,2
1538,22.0,0,4.0,7.7,2.9,0.0,89.0,93.6,3.5,6.9,7.4,8.0,0,0,6.7,3.2,5.11,81.09,0,0
1539,18.0,0,3.3,7.6,6.3,2.7,86.5,85.2,3.2,1.8,3.0,6.4,2,0,5.0,3.3,4.19,58.15,2,2
1540,20.0,0,8.7,7.5,7.2,2.7,84.2,71.6,10.0,5.7,7.4,6.5,0,1,1.0,5.5,6.53,59.23,2,2
1541,22.0,0,5.6,7.8,5.7,2.4,68.5,93.4,1.7,3.2,6.9,8.3,0,0,4.2,4.1,7.14,66.59,0,0
1542,17.0,1,4.7,7.2,6.9,3.1,87.8,74.2518720906699,3.4,1.0,9.0,6.8,2,0,6.5,5.5447261663286005,5.1,50.11,2,2
1543,21.0,0,6.9,5.1,5.8,0.0,86.1,80.4,7.8,6.5,6.7,3.6,1,0,5.5,16.2,3.51,48.91,2,2
1544,18.0,0,4.8,7.7,1.0,4.6,100.0,61.9,2.4,2.1,7.4,7.2,0,0,3.9,10.3,8.11,62.46,2,2
1545,25.0,1,3.2,7.4,2.7,3.6,81.1,79.1,7.6,1.8,2.4,6.1,0,0,3.6,0.4,4.7,58.2,2,2
1546,20.0,1,4.4,5.1,8.4,5.1,100.0,100.0,8.7,2.3,5.0,5.7,1,0,6.1,9.6,5.76,57.37,2,2
1547,23.0,0,6.3,8.8,5.4,1.8,98.1,88.9,9.0,0.9,5.3,7.1,0,0,3.7,1.3,7.21,72.88,0,0
1548,20.0,2,0.2,7.7,6.5,3.6,80.6,91.6,6.1,0.9,6.3,3.2,1,0,0.9,1.8,3.91,31.6,1,1
1549,16.0,0,3.6,5.2,6.0,0.0,96.1,95.0,3.4,1.5,5.8,5.1,1,0,1.1,1.1,5.57,45.61,1,1
1550,21.0,2,7.0,5.9,3.9,1.3,69.8,73.7,4.0,2.4,7.7,5.3,1,0,1.0,2.6,4.34,48.3,2,2
1551,25.0,1,3.2,6.3,4.8,0.4,77.5,59.3,8.8,1.3,5.8,9.4,1,0,2.7,5.1,5.65,67.92,0,0
1552,21.0,0,7.3,6.3,6.8,3.3,73.0,41.6,1.9,4.3,3.6,4.9,1,0,8.7,6.5,6.82,56.6,2,2
1553,23.0,0,7.0,7.4,7.1,0.9,78.0,55.5,7.8,1.1,3.3,7.4,0,0,3.9,13.2,6.51,64.74,0,0
1554,24.0,0,4.1,5.7,11.5,2.1,53.9,77.1,2.5,2.6,8.8,4.9,1,1,6.0,9.5,3.97,28.54,1,1
1555,18.0,0,3.1,8.5,4.8,2.8,100.0,38.4,5.8,2.2,6.1,5.3,0,1,2.8,1.3,8.59,62.66,2,2
1556,18.0,0,3.6,8.4,10.2,2.1,76.0,78.2,4.6,2.3,5.8,7.0,0,0,1.0,3.4,4.81,41.95,1,1
1557,21.0,0,9.5,7.8,3.8,0.5,90.2,83.9,5.0,1.8,6.1,4.3,0,0,6.7,3.6,6.63,66.33,0,0
1558,19.0,0,7.9,7.1,7.2,5.8,83.2,46.8,9.0,1.3,5.9,3.1,0,0,0.0,8.4,3.9,32.25,1,1
1559,23.0,1,4.5,8.2,6.4,3.1,76.5,90.8,4.8,4.1,4.8,4.5,1,1,2.5,12.4,6.13,53.8,2,2
1560,24.0,0,3.0,6.6,5.7,5.8,63.4,67.4,8.3,0.7,6.8,6.8,0,0,0.9,1.4,7.45,46.97,2,2
1561,19.0,1,4.4,6.1,6.0,1.0,79.81730107309173,45.6,4.4,3.0,7.7,6.2,1,0,0.9,11.5,6.36,43.65,1,1
1562,18.0,1,4.7,8.5,4.4,2.2,76.9,44.5,6.6,3.4,7.4,9.2,0,1,7.2,2.1,4.48,57.4,2,2
1563,22.0,0,1.7,7.4,8.3,3.0,73.8,74.0,5.7,2.5,5.4,8.7,0,1,2.7,3.9,6.73,49.56,2,2
1564,18.0,1,4.4,6.1,3.9,5.6,67.3,76.5,3.0,4.4,3.2,6.8,1,0,5.1,1.2,7.91,63.77,0,0
1565,23.0,0,6.8,6.5,6.8,5.8,71.1,74.7,3.0,3.8,2.7,6.3,1,1,5.3,12.6,6.96,43.6,1,1
1566,19.0,1,0.6,6.0,7.9,2.1,86.0,93.7,5.4,3.2,7.6,6.8,1,0,4.7,9.8,7.88,46.36,1,1
1567,21.0,1,5.9,6.976601980998585,9.5,1.5,91.4,76.1,5.1,2.9,4.4,5.0,1,0,2.9,7.3,7.21,60.61,2,2
1568,17.0,0,6.9,7.0,8.4,2.8,64.8,64.6,7.5,2.9,5.8,6.8,1,1,0.0,3.8,4.94,51.61,2,2
1569,21.0,1,3.1,7.2,7.4,5.0,68.6,69.2,1.9,1.5,3.6,2.4,2,1,0.4,0.9,9.92,36.74,1,1
1570,20.0,0,7.6,7.9,4.4,3.1,82.8,94.5,4.2,4.4,5.9,6.3,1,0,2.7,3.8,9.64,69.1,0,0
1571,21.0,1,2.8,5.4,4.0,3.4,77.9,54.8,6.9,3.6,8.0,7.3,2,1,4.7,2.5,7.72,38.09,1,1
1572,18.0,1,5.1,8.4,3.2,5.0,75.2,77.9,5.5,5.8,8.4,7.3,2,1,0.0,7.9,6.87,53.52,2,2
1573,22.0,1,3.6,6.2,2.9,4.7,92.0,78.7,2.8,4.0,2.4,9.3,0,0,0.0,16.6,7.72,70.76,0,0
1574,23.0,1,3.6,9.4,6.0,4.8,82.4,93.4,6.8,1.3,7.1,4.2,2,0,6.6,1.8,9.14,55.51,2,2
1575,18.0,0,3.0,6.6,4.2,4.1,58.9,77.0,7.9,3.9,3.5,10.0,2,0,4.2,6.3,4.02,58.51,2,2
1576,17.0,1,5.6,8.3,9.0,5.4,69.6,57.8,3.8,0.6,9.4,10.0,1,1,4.2,1.0,3.47,33.36,1,1
1577,16.0,0,5.9,3.8,4.6,0.8,58.4,78.5,8.1,1.5,9.8,8.0,1,0,4.050203624516392,2.5,6.59,41.42,1,1
1578,21.0,0,4.1,5.5,6.2,7.0,77.7,87.9,4.7,4.4,6.3,9.9,1,1,3.7,2.8,6.33,57.17,2,2
1579,21.0,0,1.5,6.6,5.3,4.9,62.7,77.5,5.2,0.7,5.7,6.9,1,1,6.8,4.3,7.66,35.52,1,1
1580,20.0,0,5.0,4.4,2.5,2.7,57.1,94.7,4.8,2.2,5.1,3.6,2,0,2.3,16.1,6.17,32.08,1,1
1581,18.0,1,5.0,7.8,8.7,5.0,53.3,51.5,8.2,7.8,8.8,2.7,0,0,3.0,2.5,10.0,44.31,1,1
1582,19.0,1,3.8,7.4,7.7,2.4,100.0,72.2,5.6,2.1,5.9,1.2,1,0,6.8,1.9,5.2,50.55,2,2
1583,21.0,0,7.9,5.7,8.0,3.9,62.3,75.1,7.7,0.6,6.2,7.4,1,0,0.0,12.8,9.43,48.51,2,2
1584,20.0,0,1.1,7.0,7.5,4.1,79.81730107309173,88.9,4.9,5.8,5.0,7.7,2,1,5.3,2.4,10.0,66.23,0,0
1585,20.134890807516506,0,0.0,8.0,4.1,4.6,80.8,91.2,6.8,0.8,5.6,7.7,1,1,8.2,4.6,8.95,68.88,0,0
1586,17.0,0,2.7,4.3,4.1,2.2,81.5,75.4,3.6,3.0,6.7,7.1,1,1,3.5,2.3,7.04,44.1,1,1
1587,22.0,1,5.6,5.3,7.1,4.6,88.1,68.5,8.2,3.5,6.5,6.0,0,1,0.8,3.6,4.58,34.14,1,1
1588,19.0,1,2.1,6.6,9.9,2.2,79.3,78.4,5.3,1.2,7.5,2.9,1,0,0.7,2.8,5.71,32.47,1,1
1589,19.0,0,2.2,7.0,7.0,4.3,74.1,54.5,8.7,3.2008618067525094,6.0,2.3,1,1,5.5,11.9,4.63,44.57,1,1
1590,22.0,0,6.1,6.9,8.4,3.0,82.9,66.2,5.9,1.2,5.2,5.2,2,1,2.2,2.3,6.69,48.75,2,2
1591,22.0,1,5.1,8.2,4.7,0.0,82.7,85.3,6.2,2.6,6.2,2.6,0,0,6.9,3.4,6.45,67.49,0,0
1592,25.0,0,5.0,7.6,8.7,1.7,80.7,81.4,10.0,2.2,6.0,1.0,0,0,2.5,2.4,6.37,54.03,2,2
1593,17.0,1,5.8,7.9,5.0,4.5,88.3,63.1,7.6,2.3,3.9,6.0,1,1,3.4,17.1,6.53,58.22,2,2
1594,17.0,1,3.3,5.2,6.6,2.5,71.9,60.9,6.4,8.3,1.0,6.4,0,0,1.1,5.2,6.4,52.0,2,2
1595,22.0,0,3.4,7.2,5.1,5.2,77.4,60.6,3.3,2.2,3.4,5.4,0,1,5.7,6.3,7.59,54.15,2,2
1596,21.0,0,5.8,6.6,6.047861775435752,0.8,62.8,61.9,4.3,0.9,2.8,6.4,2,1,4.1,8.4,6.44,49.37,2,2
1597,18.0,0,1.5,8.9,8.3,4.3,76.8,77.7,5.991217524197657,0.2,7.5,2.6,0,0,6.5,4.3,6.36,39.78,1,1
1598,17.0,1,0.0,7.2,2.3,2.9,71.7,96.6,5.3,6.1,3.4,7.5,0,0,0.1,7.7,8.89,61.1,2,2
1599,17.0,1,3.3,6.1,9.3,2.6,93.7,98.8,5.5,0.2,8.6,7.7,1,0,1.6,6.2,6.85,50.77,2,2
1600,24.0,0,6.1,8.1,11.9,0.9,61.0,58.4,3.6,3.3,3.9,5.2,0,0,3.7,4.2,10.0,46.34,1,1
1601,18.0,1,4.7,7.7,5.1,3.4,73.8,80.9,6.9,0.3,6.8,1.1,0,0,3.6,5.3,6.8,46.14,1,1
1602,19.0,0,5.9,5.9,5.7,1.2,73.2,80.1,6.2,3.1,9.7,4.4,0,0,6.4,6.9,4.61,54.68,2,2
1603,18.0,2,0.2,6.5,9.1,1.9,88.7,78.8,7.6,1.5,6.8,6.9,0,1,4.050203624516392,3.9,8.48,37.92,1,1
1604,19.0,0,4.8,6.6,6.2,2.7,63.4,57.4,8.7,5.6,9.7,4.0,2,0,4.5,0.6,4.98,38.48,1,1
1605,16.0,1,5.5,8.6,6.0,2.3,80.0,61.6,7.0,5.2,3.4,10.0,0,0,3.4,4.1,4.38,74.45,0,0
1606,20.0,0,1.5,7.3,10.7,4.9,81.0,81.2,3.4,1.5,8.1,7.4,0,1,4.9,1.3,6.39,34.07,1,1
1607,16.0,1,5.9,7.9,2.6,0.0,92.0,68.1,2.7,2.8,3.9,7.0,0,0,2.4,3.0,7.05,72.41,0,0
1608,23.0,1,4.0,6.4,4.0,2.7,68.9,76.6,7.6,2.0,7.7,7.1,1,1,3.7,9.2,4.4,54.05,2,2
1609,18.0,1,10.3,7.4,7.0,2.3,63.0,56.8,6.3,0.3,5.4,3.7,1,0,7.8,1.2,6.37,33.71,1,1
1610,20.0,1,0.0,8.7,2.0,3.0,86.2,66.2,9.9,1.7,6.0,6.2,0,0,6.1,3.2,6.32,56.63,2,2
1611,24.0,0,6.9,6.5,6.047861775435752,2.0,61.9,51.0,6.1,1.5,5.5,1.6,1,0,6.7,7.1,4.27,40.97,1,1
1612,21.0,1,3.4,7.1,5.0,4.8,73.2,79.8,2.2,1.9,4.8,1.3,0,0,1.2,1.2,5.42,35.17,1,1
1613,20.0,1,1.0,5.2,6.047861775435752,2.5,76.9,68.7,3.2,3.2,5.8,5.4,1,0,6.2,4.1,10.0,40.43,1,1
1614,19.0,2,3.1,6.0,7.7,3.2,88.0,79.8,4.3,7.1,6.5,5.6,0,0,8.0,4.1,5.2,57.38,2,2
1615,19.0,1,4.8,6.6,1.8,4.6,60.0,68.4,9.8,1.9,2.2,8.1,1,0,1.5,11.9,5.96,64.46,0,0
1616,21.0,0,6.3,5.6,4.3,3.1,76.2,79.2,8.6,1.4,4.9,3.5,2,1,3.5,9.0,7.2,47.23,2,2
1617,25.0,1,7.6,8.7,4.3,0.7,80.3,100.0,4.8,14.3,6.9,6.0,2,0,2.5,5.9,7.41,71.26,0,0
1618,21.0,1,7.0,5.9,5.5,2.2,68.8,65.6,5.6,5.3,5.8,4.8,2,1,4.3,3.5,8.59,52.3,2,2
1619,20.0,0,2.3,8.0,3.3,2.8,75.4,83.8,3.0,1.4,7.6,2.4,1,0,4.7,2.6,5.86,45.15,1,1
1620,22.0,1,6.5,7.2,7.1,0.0,91.6,63.1,2.9,4.5,2.3,5.1,2,1,3.4,3.9,3.53,49.51,2,2
1621,20.0,0,5.0,7.0,4.3,1.7,73.4,72.6,8.5,2.1,6.2,3.8,2,0,3.9,3.5,7.52,62.3,2,2
1622,16.0,1,2.9,8.9,7.5,2.9,75.3,83.5,8.1,1.3,7.2,4.5,2,0,3.8,3.9,8.19,44.01,1,1
1623,21.0,1,3.8,4.1,6.0,6.6,91.5,80.1,5.4,0.5,4.9,5.1,1,1,9.5,8.1,5.03,32.06,1,1
1624,25.0,1,2.8,6.7,3.6,3.7,77.2,87.4,10.0,8.6,4.7,10.0,2,0,2.9,4.1,5.73,74.89,0,0
1625,18.0,1,4.3,5.6,9.5,3.3,97.4,92.2,7.0,4.5,8.5,7.6,1,0,10.0,1.2,8.88,65.95,0,0
1626,22.0,1,2.7,4.5,9.5,6.0,58.7,87.0,6.5,1.1,1.0,8.2,0,0,5.2,0.9,5.39,25.75,1,1
1627,18.0,0,2.1,5.4,6.7,4.1,76.4,91.6,6.5,1.1,4.4,5.957923664122137,0,0,4.3,3.0,5.39,55.88,2,2
1628,20.0,0,5.2,7.0,5.4,4.3,90.1,78.8,3.7,1.4,4.3,6.1,1,0,8.2,1.2,5.57,60.69,2,2
1629,17.0,1,5.5,6.1,3.4,2.3,70.6,61.9,8.1,0.4,6.9,8.1,0,0,5.8,0.3,6.7,62.93,2,2
1630,20.0,1,3.8,8.2,8.7,0.7,77.0,89.4,8.1,2.3,7.7,5.4,2,0,5.4,5.7,6.4,57.56,2,2
1631,22.0,0,6.9,6.7,8.1,3.5,96.4,68.1,6.5,4.5,7.9,2.6,0,0,1.5,8.2,6.87,47.78,2,2
1632,19.0,0,3.7,6.6,4.0,6.3,69.9,87.5,3.5,1.6,4.1,5.7,0,0,2.8,4.0,10.0,60.14,2,2
1633,21.0,0,3.6,6.6,6.047861775435752,5.7,86.3,52.4,8.4,0.6,6.1,5.8,2,0,1.8,4.5,6.74,50.22,2,2
1634,23.0,0,5.5,6.9,7.1,4.2,89.7,68.6,2.0,1.5,4.3,10.0,2,0,0.1,3.7,5.43,59.17,2,2
1635,24.0,1,3.9,6.5,3.1,1.8,81.0,62.6,4.3,0.6,7.8,8.1,0,1,4.3,9.4,5.55,63.69,0,0
1636,18.0,1,4.4,5.9,4.4,0.2,80.5,82.1,7.3,0.7,6.1,5.0,0,1,7.0,3.4,8.9,60.04,2,2
1637,19.0,0,0.0,8.3,3.4,1.5,66.7,64.6,5.1,3.7,5.4,5.6,1,0,3.6,1.9,6.66,34.53,1,1
1638,17.0,0,4.2,6.2,3.5,3.4,89.5,74.7,3.8,3.0,5.9,5.0,1,0,4.050203624516392,9.9,5.07,56.21,2,2
1639,25.0,0,0.5,6.5,4.2,2.2,63.7,72.4,9.0,4.4,7.5,4.3,2,0,4.050203624516392,5.9,6.14,42.21,1,1
1640,24.0,1,1.8,7.6,8.3,4.8,85.1,93.5,8.5,3.0,6.2,7.3,0,0,0.0,5.5,7.22,61.57,2,2
1641,20.0,2,1.5,7.4,1.6,0.3,73.3,83.5,8.3,2.9,4.8,1.0,0,0,3.9,11.4,7.97,57.52,2,2
1642,23.0,0,2.1,5.8,7.1,2.8,74.9,80.2,6.7,0.6,5.1,5.9,0,0,3.4,3.8,7.99,43.1,1,1
1643,20.0,1,3.1,8.0,6.6,1.6,77.4,75.4,6.1,2.7,7.1,4.1,0,1,7.6,2.0,5.01,41.91,1,1
1644,21.0,0,3.2,7.7,8.4,4.8,86.5,61.2,9.8,2.7,3.2,2.1,0,1,0.1,1.3,2.38,53.21,2,2
1645,17.0,1,5.5,7.2,6.6,4.0,100.0,59.2,9.2,3.2,7.6,1.8,1,1,0.0,8.0,3.91,43.92,1,1
1646,22.0,1,4.6,6.4,5.1,1.5,81.4,80.0,5.8,6.1,1.2,6.9,1,1,2.1,1.4,7.74,83.5,0,0
1647,17.0,1,0.4,6.5,4.0,4.5,70.6,49.5,10.0,0.2,5.7,9.7,1,0,4.3,14.1,4.28,47.38,2,2
1648,23.0,1,4.4,6.7,8.5,0.1,61.3,74.3,5.7,4.2,4.0,3.1,2,0,8.9,1.9,3.43,42.52,1,1
1649,22.0,1,4.8,5.4,7.2,0.0,95.1,76.9,6.8,4.2,10.0,7.8,0,0,3.3,6.7,6.03,64.05,0,0
1650,22.0,0,3.5,6.9,4.8,1.4,82.3,49.6,9.1,2.8,1.0,5.2,2,0,1.2,3.9,6.48,52.27,2,2
1651,16.0,1,4.1,8.2,8.3,0.0,77.0,74.0,6.8,2.6,4.8,5.1,0,0,4.2,3.8,7.77,54.4,2,2
1652,19.0,0,4.6,8.1,4.9,2.8,80.8,75.1,5.4,2.4,4.0,6.7,2,1,5.7,8.6,6.86,61.39,2,2
1653,18.0,1,5.7,6.5,6.0,2.9,90.0,100.0,6.8,3.5,7.3,5.3,0,0,1.3,6.2,7.06,59.59,2,2
1654,19.0,1,1.1,8.4,4.5,2.3,74.7,75.2,6.0,2.9,8.3,6.8,0,0,2.0,6.3,6.38,39.61,1,1
1655,17.0,0,3.7,9.5,7.3,4.0,71.3,90.8,1.3,3.8,5.3,8.4,1,1,6.4,5.7,3.63,55.28,2,2
1656,24.0,0,7.2,6.6,3.5,3.03210685483871,63.0,83.0,8.2,3.7,1.0,6.3,0,0,2.4,0.7,5.83,67.98,0,0
1657,20.0,2,7.0,7.9,5.3,0.7,66.0,79.6,4.6,0.9,9.7,6.2,0,1,0.8,5.2,9.97,48.73,2,2
1658,19.0,2,5.9,4.1,4.4,1.6,75.5,89.9,3.5,4.3,7.7,8.0,0,0,4.8,3.6,5.3,37.03,1,1
1659,19.0,1,5.3,5.4,6.7,0.8,94.0,49.0,8.7,1.2,9.5,5.2,0,0,3.1,3.8,7.18,42.96,1,1
1660,20.0,1,7.5,7.1,7.0,1.9,73.4,73.4,6.8,2.0,5.2,8.4,1,1,3.2,1.0,4.96,60.17,2,2
1661,21.0,0,8.0,5.7,3.2,4.1,83.4,80.1,7.5,0.8,6.2,9.6,1,0,5.6,9.4,7.04,72.84,0,0
1662,20.0,2,3.9,6.976601980998585,7.0,0.0,94.6,57.7,5.7,0.8,4.3,8.2,0,0,5.6,3.9,6.86,65.36,0,0
1663,24.0,0,2.3,7.8,2.3,2.4,85.0,74.2,6.5,1.1,1.0,6.9,2,0,1.8,6.4,5.23,61.88,2,2
1664,20.0,0,3.7,8.3,11.5,4.7,100.0,76.7,5.3,3.7,4.6,8.1,2,0,0.9,5.5447261663286005,4.42,59.1,2,2
1665,25.0,0,10.4,7.0,4.7,4.9,80.9,72.0,4.1,7.7,3.5,4.9,1,0,5.0,3.9,5.08,48.35,2,2
1666,23.0,1,1.1,5.7,8.6,1.8,78.0,59.0,7.5,3.9,5.3,7.9,1,0,4.8,4.5,4.58,47.23,2,2
1667,18.0,0,3.3,6.3,6.5,7.0,75.0,61.4,6.5,0.3,2.0,5.5,1,1,2.0,6.9,3.86,52.66,2,2
1668,24.0,0,1.4,7.3,6.6,1.1,100.0,69.2,9.8,1.2,6.9,5.3,0,0,1.8,4.4,4.63,54.18,2,2
1669,17.0,0,4.4,6.2,3.1,2.6,95.9,81.9,1.1,5.4,6.3,5.0,0,0,7.0,3.6,6.29,62.39,2,2
1670,23.0,1,1.8,7.9,8.1,0.9,61.0,76.7,8.6,3.2008618067525094,1.0,8.9,2,1,2.7,1.8,4.57,44.72,1,1
1671,19.0,1,4.0,7.9,6.1,3.8,100.0,78.6,5.1,3.4,1.0,8.7,2,1,2.8,8.5,4.31,71.61,0,0
1672,23.0,1,0.3,7.0,7.2,8.0,86.5,70.8,4.9,0.5,3.6,8.8,0,0,7.1,2.2,7.13,42.21,1,1
1673,23.0,1,5.4,4.6,5.8,6.3,81.7,59.9,7.3,2.4,7.3,6.9,1,0,1.8,5.0,6.45,42.38,1,1
1674,23.0,0,6.6,9.2,6.3,4.5,86.7,69.5,4.0,3.0,10.0,1.3,1,0,1.6,2.0,2.97,37.23,1,1
1675,23.0,1,3.4,6.7,3.8,1.9,67.5,60.0,5.0,9.1,3.2,1.0,0,0,5.5,19.1,7.22,46.0,1,1
1676,19.0,1,3.9,10.0,5.6,2.7,82.6,20.5,7.3,3.9,4.3,6.7,0,0,8.3,7.3,6.23,53.42,2,2
1677,17.0,1,3.9,7.8,5.0,5.0,76.0,74.8,4.8,2.6,2.7,5.5,0,1,8.1,6.6,8.36,76.22,0,0
1678,19.0,0,4.6,6.7,4.2,4.3,75.3,70.3,4.4,10.8,5.0,2.4,1,0,3.9,10.2,4.95,49.57,2,2
1679,18.0,0,4.219583121504829,7.6,6.3,3.1,92.5,97.3,4.4,5.0,5.1,6.4,2,0,7.0,5.8,7.23,70.6,0,0
1680,22.0,1,5.7,4.4,6.9,3.3,76.6,87.4,6.8,5.6,7.6,5.1,2,0,1.7,8.4,6.25,40.17,1,1
1681,19.0,1,6.7,8.3,6.6,4.9,81.3,83.6,3.3,3.6,2.3,9.2,2,0,1.8,7.1,5.67,66.64,0,0
1682,25.0,1,2.6,10.0,5.7,5.3,84.3,57.0,7.7,1.1,7.7,5.9,1,0,4.4,2.3,4.75,40.45,1,1
1683,21.0,0,3.6,4.3,7.0,0.3,92.3,93.4,10.0,6.3,7.2,4.9,2,0,4.6,3.8,7.52,64.37,0,0
1684,23.0,1,6.0,6.6,6.6,3.4,96.5,77.5,6.0,7.9,4.2,3.0,1,1,4.9,2.6,4.11,63.76,0,0
1685,17.0,2,1.4,6.9,6.2,4.0,80.2,68.6,7.0,7.3,3.8,6.1,0,0,3.6,1.7,5.34,54.34,2,2
1686,23.0,1,0.3,8.1,6.4,2.0,75.1,60.9,6.6,2.6,5.0,7.8,2,0,4.7,10.4,7.65,46.45,1,1
1687,24.0,1,4.7,9.7,9.0,5.3,100.0,63.2,3.9,3.3,3.8,5.6,0,1,2.9,5.9,6.77,54.97,2,2
1688,20.0,0,5.2,7.5,3.0,2.5,46.5,70.4,6.7,3.1,4.7,7.7,0,0,2.4,11.2,4.99,60.38,2,2
1689,21.0,1,2.8,9.8,5.2,5.4,91.3,56.5,6.5,3.0,1.5,6.0,0,0,4.4,5.4,4.01,52.72,2,2
1690,22.0,0,3.0,7.2,6.8,2.3,78.1,75.7,9.9,2.5,4.8,7.7,1,0,4.1,3.3,7.11,66.15,0,0
1691,18.0,1,2.7,7.6,2.0,3.5,87.4,72.0,6.5,6.3,4.6,6.1,2,0,3.1,5.1,5.44,70.41,0,0
1692,20.0,0,2.5,7.4,9.5,3.4,80.5,87.4,8.7,1.1,5.8,2.9,0,1,5.6,4.8,7.75,56.67,2,2
1693,19.0,1,5.6,8.6,6.6,6.0,96.7,72.3,6.9,2.8,8.3,8.7,1,0,7.8,4.5,6.54,71.08,0,0
1694,17.0,0,1.8,6.5,8.4,4.3,85.4,42.2,4.9,3.4,5.1,8.2,0,0,6.0,20.6,8.29,43.05,1,1
1695,19.0,1,3.7,8.1,8.8,2.2,61.5,69.4,3.4,1.4,3.3,8.4,2,1,4.9,7.5,4.39,46.65,2,2
1696,16.0,1,2.4,5.4,7.0,2.5,60.9,54.7,6.7,7.2,1.7,10.0,1,0,1.6,3.8,6.38,56.03,2,2
1697,16.0,1,1.3,6.6,1.0,2.5,77.2,64.3,7.7,5.5,6.7,5.8,0,0,4.050203624516392,5.8,7.61,51.02,2,2
1698,17.0,0,5.9,6.2,6.4,3.0,87.9,58.0,5.8,0.4,6.0,5.9,1,0,6.3,7.8,6.489753023681269,64.91,0,0
1699,25.0,0,3.2,7.1,6.5,1.3,97.0,100.0,4.6,4.1,5.3,5.7,2,0,3.3,7.2,7.4,60.51,2,2
1700,20.0,1,4.6,6.6,3.3,2.9,71.3,68.9,9.1,1.3,5.9,4.7,0,1,3.9,5.3,3.15,46.69,2,2
1701,25.0,1,1.2,8.5,1.5,5.5,51.3,87.9,5.0,2.7,7.3,7.2,0,1,5.0,9.3,8.13,55.68,2,2
1702,20.0,0,2.7,5.9,7.2,5.4,85.6,69.5,3.5,3.0,6.2,5.3,0,0,7.0,1.9,10.0,53.79,2,2
1703,19.0,1,5.7,4.7,2.9,0.2,80.6,70.9,5.9,1.7,6.2,9.2,0,1,2.6,1.1,4.47,41.89,1,1
1704,20.0,1,9.4,5.2,11.2,0.0,81.9,66.4,6.2,6.0,8.6,6.1,0,1,6.4,3.8,5.17,39.8,1,1
1705,20.0,1,0.2,8.3,6.7,1.9,65.7,62.5,4.4,1.6,5.6,7.3,0,1,5.4,2.4,5.1,43.51,1,1
1706,17.0,0,3.8,5.7,9.4,0.0,95.5,62.9,5.8,2.2,4.0,7.0,1,0,2.5,5.4,9.73,60.02,2,2
1707,21.0,2,5.0,7.5,6.1,0.7,69.4,81.7,2.3,0.6,8.4,7.3,1,0,0.0,11.1,6.19,48.01,2,2
1708,18.0,2,3.0,6.6,7.9,3.6,84.0,73.9,6.9,0.2,4.3,4.0,0,0,0.3,6.3,4.21,44.87,1,1
1709,21.0,1,5.9,8.1,6.1,2.9,83.6,98.9,3.7,3.8,2.8,8.8,0,0,4.5,4.8,9.49,82.63,0,0
1710,21.0,0,2.5,6.7,8.5,0.0,87.1,71.0,5.2,2.6,6.4,7.1,1,0,5.2,5.3,6.34,59.15,2,2
1711,17.0,0,4.5,10.0,1.0,5.1,70.3,70.0,4.5,2.4,6.9,7.1,0,0,8.7,0.7,3.77,50.11,2,2
1712,16.0,1,3.2,9.5,8.2,2.2,68.0,75.7,9.1,4.9,3.8,7.0,0,0,5.3,12.3,7.12,71.59,0,0
1713,22.0,0,6.6,6.6,7.7,2.1,91.1,85.9,5.3,2.4,7.4,1.0,0,0,3.0,8.0,5.66,48.11,2,2
1714,20.0,1,2.8,6.4,5.6,4.8,87.2,77.1,4.1,5.4,5.5,6.2,1,0,0.0,14.8,4.74,45.54,1,1
1715,16.0,1,3.5,10.0,5.0,3.7,84.4,99.2,10.0,2.5,4.5,6.2,0,1,5.6,3.7,6.75,80.62,0,0
1716,25.0,1,6.1,5.6,5.3,2.9,94.6,100.0,9.9,3.2008618067525094,5.6,6.6,1,0,2.2,6.4,6.17,78.4,0,0
1717,16.0,1,2.1,6.9,6.047861775435752,2.1,84.4,89.7,7.8,2.1,4.1,8.2,1,0,5.4,0.6,7.66,60.15,2,2
1718,22.0,0,4.3,7.0,9.0,4.0,75.2,81.8,7.2,2.2,5.5,8.0,0,1,0.6,5.5447261663286005,8.57,66.43,0,0
1719,25.0,1,0.6,7.0,4.7,2.2,86.7,39.0,4.1,3.6,9.2,8.2,0,1,5.7,2.4,7.38,48.66,2,2
1720,18.0,1,2.0,4.7,1.7,2.6,85.9,99.9,8.4,2.3,4.8,3.9,0,0,8.4,1.7,8.5,58.61,2,2
1721,17.0,1,5.0,7.6,12.2,0.9,86.2,97.1,6.8,4.1,4.7,6.3,0,0,5.7,1.6,6.13,62.38,2,2
1722,17.0,0,2.2,5.7,7.7,5.1,68.5,100.0,4.6,1.9,3.6,2.6,1,0,3.4,7.6,9.53,47.63,2,2
1723,19.0,0,3.1,8.9,5.0,5.8,67.3,89.3,6.3,3.8,4.5,6.2,0,1,3.8,15.4,6.74,58.35,2,2
1724,17.0,0,5.2,5.1,9.0,3.4,91.4,57.9,5.0,3.9,2.7,3.5,0,0,7.7,1.8,6.53,44.41,1,1
1725,22.0,0,3.0,7.1,8.3,2.1,78.1,57.6,2.7,0.7,4.5,5.4,0,0,5.3,4.1,6.91,49.36,2,2
1726,16.0,1,5.8,4.1,7.2,4.7,54.7,55.4,9.0,1.9,3.9,7.8,1,0,5.7,1.1,7.75,36.89,1,1
1727,20.0,1,4.6,4.2,4.8,4.1,62.2,76.4,2.0,1.1,5.0,10.0,0,1,1.4,3.5,7.53,32.44,1,1
1728,25.0,0,5.1,5.9,7.7,2.2,62.9,62.4,10.0,0.1,3.2,3.9,2,0,0.2,0.6,7.89,52.81,2,2
1729,23.0,1,6.7,6.1,8.7,5.1,93.9,90.5,5.5,9.2,10.0,6.6,1,1,5.3,3.3,2.65,39.79,1,1
1730,21.0,1,4.8,8.9,1.7,2.2,79.4,64.7,7.0,2.2,3.7,5.9,1,0,4.050203624516392,9.4,6.62,66.28,0,0
1731,19.0,0,7.3,6.9,6.6,0.7,80.5,69.1,7.2,0.5,4.6,5.0,0,0,0.5,6.7,7.54,63.13,0,0
1732,21.0,1,6.0,8.7,6.7,2.9,75.4,79.8,3.8,1.2,6.1,6.6,0,1,0.2,9.1,6.15,52.18,2,2
1733,20.0,1,3.2,6.5,6.7,5.0,66.2,66.4,5.5,0.6,6.4,6.7,2,0,8.6,1.9,5.1,38.83,1,1
1734,19.0,1,6.8,7.8,6.1,3.2,89.9,58.7,5.8,3.5,7.1,6.2,1,1,2.2,9.7,4.03,61.22,2,2
1735,17.0,1,4.7,6.1,9.0,0.9,88.5,42.4,4.7,3.8,4.9,3.0,2,0,2.4,2.7,5.08,40.3,1,1
1736,24.0,0,3.4,6.0,5.5,2.3,70.8,91.8,8.3,1.1,3.6,6.1,1,0,5.9,2.5,4.73,60.48,2,2
1737,20.0,0,4.8,4.6,6.0,5.2,98.2,58.4,3.3,3.8,8.8,7.4,0,0,3.0,4.2,8.14,43.23,1,1
1738,18.0,0,6.4,7.4,6.8,3.5,89.7,68.1,6.4,1.7,3.6,2.4,1,1,0.6,2.5,7.05,61.1,2,2
1739,19.0,0,5.1,7.3,5.6,3.0,68.9,68.3,2.2,3.2,5.0,4.4,0,0,9.8,7.8,8.13,59.48,2,2
1740,19.0,1,7.8,8.0,2.5,2.8,76.3,37.9,6.5,3.2,5.6,4.0,1,0,6.3,4.6,8.08,58.29,2,2
1741,23.0,1,6.4,7.3,6.5,4.9,75.2,80.2,6.4,1.3,6.9,5.6,2,0,5.6,6.9,8.51,57.79,2,2
1742,22.0,1,5.2,9.6,6.6,4.8,84.1,100.0,5.991217524197657,1.4,6.5,7.7,1,1,2.1,5.5,9.22,68.86,0,0
1743,22.0,1,2.1,7.2,5.1,0.5,61.4,92.3,4.6,1.2,4.2,5.5,2,0,5.1,6.6,6.44,49.75,2,2
1744,16.0,2,3.8,8.3,5.7,4.7,70.8,68.2,5.6,0.5,5.9,9.2,1,0,4.050203624516392,0.5,6.81,60.25,2,2
1745,19.0,0,4.3,6.6,1.0,3.9,90.3,94.0,5.5,3.6,2.1,6.7,0,0,2.7,9.6,8.6,79.82,0,0
1746,20.0,1,5.6,5.8,9.0,3.03210685483871,59.4,43.8,9.7,2.5,10.0,6.2,0,0,4.6,4.6,7.14,37.73,1,1
1747,16.0,1,5.5,7.9,8.3,2.9,77.4,90.0,4.7,4.1,3.7,6.1,0,1,2.0,9.1,7.94,67.78,0,0
1748,18.0,1,4.5,6.9,2.7,5.0,64.1,61.8,5.991217524197657,1.2,7.5,2.1,1,0,7.3,10.4,3.71,30.35,1,1
1749,22.0,1,4.4,8.1,4.3,3.8,91.9,92.4,5.4,1.6,3.4,5.8,2,0,5.5,2.7,8.77,68.29,0,0
1750,17.0,1,5.6,7.5,9.6,1.0,84.5,75.6,5.7,6.8,6.9,6.9,1,1,5.2,5.4,9.1,57.08,2,2
1751,20.0,0,2.5,6.0,3.1,4.8,60.9,53.3,6.0,1.4,3.3,10.0,0,0,0.7,1.9,8.85,54.86,2,2
1752,18.0,0,7.6,8.4,7.2,4.5,66.4,79.4,8.4,1.6,7.5,3.9,1,1,5.7,12.6,4.44,44.44,1,1
1753,16.0,0,0.1,5.9,4.8,1.8,80.2,75.0,9.2,5.6,9.7,8.8,1,0,2.8,5.1,7.39,55.04,2,2
1754,18.0,1,7.1,7.8,7.0,3.5,50.0,79.3,2.9,6.5,5.7,7.4,1,0,5.0,16.9,7.43,65.26,0,0
1755,25.0,1,4.1,8.7,6.1,6.8,65.7,60.6,7.7,4.6,6.7,4.7,1,1,2.8,4.2,4.23,43.47,1,1
1756,23.0,0,6.2,6.5,5.3,2.1,69.3,53.9,8.8,2.5,7.6,4.7,2,0,1.7,2.6,8.08,46.56,1,1
1757,25.0,0,4.9,8.5,7.0,4.3,96.7,86.0,6.7,2.4,4.2,8.9,1,0,6.5,12.9,6.68,72.93,0,0
1758,20.0,0,4.219583121504829,7.5,4.8,1.0,72.5,73.8,5.991217524197657,1.8,7.6,7.2,0,0,1.8,2.4,2.83,56.7,2,2
1759,17.0,0,5.3,8.1,1.5,2.0,88.6,85.3,3.3,3.6,4.5,8.2,1,1,3.1,6.1,5.89,79.48,0,0
1760,20.0,0,5.8,5.9,3.7,4.5,73.9,85.0,7.1,2.3,10.0,5.2,0,0,0.0,9.1,8.83,54.34,2,2
1761,20.0,0,3.5,7.3,3.4,3.5,89.7,74.2518720906699,8.7,2.7,2.8,3.8,1,0,7.5,5.4,6.78,66.47,0,0
1762,23.0,1,6.3,5.2,2.0,2.6,59.8,100.0,4.6,1.8,5.9,1.0,1,0,4.050203624516392,6.9,10.0,52.23,2,2
1763,17.0,0,4.219583121504829,9.2,6.9,6.1,70.6,78.6,3.2,1.2,3.2,3.3,0,1,6.4,6.6,5.0,42.03,1,1
1764,20.0,1,4.2,4.4,5.6,1.3,78.6,57.1,8.5,2.4,8.1,4.5,1,0,3.8,5.5447261663286005,8.95,45.7,1,1
1765,17.0,1,5.9,6.5,6.9,2.7,82.3,61.1,5.1,3.3,10.0,7.8,1,1,0.0,3.1,4.55,44.32,1,1
1766,19.0,0,6.2,5.8,7.3,3.9,84.2,69.8,4.7,0.7,6.1,3.7,1,1,7.0,2.1,8.73,43.21,1,1
1767,22.0,1,5.1,7.9,7.9,1.4,82.5,78.8,1.9,1.2,9.7,2.4,1,0,4.3,14.1,8.86,46.72,2,2
1768,20.0,1,3.4,9.5,7.0,3.9,86.6,99.8,4.9,5.3,7.3,4.7,0,1,2.0,4.6,5.86,54.7,2,2
1769,19.0,1,6.0,7.9,3.6,3.03210685483871,79.8,72.5,4.5,0.5,9.2,4.8,0,0,9.1,1.3,6.71,52.32,2,2
1770,19.0,1,2.9,10.0,7.4,2.8,82.3,100.0,2.0,4.0,7.3,6.0,0,1,2.5,8.3,6.89,49.72,2,2
1771,20.0,1,7.7,5.2,6.6,1.8,66.8,100.0,4.7,4.6,9.4,10.0,2,0,1.9,1.4,6.61,49.98,2,2
1772,22.0,1,4.0,5.3,11.5,2.4,59.0,82.7,8.6,1.9,9.1,6.7,0,0,0.0,13.2,7.65,27.73,1,1
1773,24.0,1,1.1,5.8,6.0,0.0,65.5,86.3,6.8,2.3,4.4,6.4,0,0,4.7,0.5,4.56,41.41,1,1
1774,25.0,1,1.8,7.2,7.0,4.8,58.1,66.7,2.4,4.7,4.5,6.9,1,0,4.3,5.5447261663286005,8.41,64.8,0,0
1775,22.0,2,4.3,5.7,5.8,3.5,82.9,100.0,6.9,3.3,5.1,10.0,0,0,3.7,2.7,6.25,77.47,0,0
1776,19.0,1,4.219583121504829,6.0,6.1,2.7,92.2,63.5,7.6,3.2,4.1,2.1,2,0,9.0,5.4,6.08,63.83,0,0
1777,22.0,1,8.1,7.8,6.0,0.0,67.7,96.6,6.2,4.4,6.7,8.7,2,1,2.6,1.7,7.8,67.25,0,0
1778,20.0,0,2.1,5.4,4.9,5.0,93.1,56.4,5.9,2.1,8.7,7.9,1,0,6.3,3.0,7.32,50.8,2,2
1779,18.0,0,4.3,5.5,6.4,2.2,85.9,86.5,4.3,1.0,6.7,2.7,0,0,0.7,1.1,7.66,45.07,1,1
1780,23.0,0,2.1,6.5,7.6,4.0,72.8,95.1,6.9,4.2,4.8,4.5,0,1,6.2,2.1,6.47,43.91,1,1
1781,16.0,1,3.2,6.6,5.0,3.0,75.5,91.4,7.3,3.3,6.0,4.0,0,0,0.1,1.0,4.34,56.42,2,2
1782,24.0,0,7.6,8.3,8.1,0.1,94.5,66.6,6.6,3.9,1.2,2.8,1,0,4.0,8.3,6.62,68.98,0,0
1783,20.0,0,1.9,5.8,7.8,5.3,49.8,70.1,9.8,1.0,3.0,4.8,1,0,4.6,7.4,8.11,48.96,2,2
1784,21.0,0,5.4,6.1,3.8,4.9,94.4,100.0,5.5,0.8,4.8,3.1,1,0,1.0,1.8,4.7,47.32,2,2
1785,21.0,0,5.0,7.8,3.6,4.4,91.6,65.9,3.1,3.0,6.6,5.957923664122137,0,0,3.5,5.5,4.74,53.63,2,2
1786,24.0,0,4.2,8.0,7.1,3.6,72.3,66.5,9.7,2.5,5.0,9.2,2,1,2.0,3.5,3.69,58.41,2,2
1787,21.0,0,5.2,8.9,4.5,0.8,78.8,100.0,1.8,6.6,5.9,4.3,1,0,4.6,3.3,7.33,67.14,0,0
1788,21.0,0,1.9,7.6,3.4,4.6,100.0,73.9,5.1,2.2,5.0,3.4,1,0,5.2,1.4,7.77,54.84,2,2
1789,16.0,1,7.5,7.2,10.3,7.0,63.0,74.0,4.0,1.9,5.542839731870811,8.6,1,1,5.1,1.6,10.0,52.52,2,2
1790,20.0,0,8.0,7.7,3.6,3.2,77.6,100.0,5.8,9.4,3.0,3.4,1,0,2.1,7.3,8.86,68.01,0,0
1791,17.0,0,4.3,6.7,2.2,3.2,88.4,63.4,5.7,4.3,6.5,2.5,0,1,5.6,0.2,8.68,62.84,2,2
1792,22.0,1,9.0,6.6,4.0,1.0,82.7,61.8,3.9,6.0,4.5,4.5,1,0,2.4,7.1,8.61,54.86,2,2
1793,20.0,2,3.4,4.7,6.6,0.0,80.7,78.2,8.3,4.1,5.8,7.6,0,0,3.0,7.7,6.96,59.17,2,2
1794,22.0,1,5.0,8.2,6.2,2.4,100.0,75.6,5.7,0.6,4.1,6.5,1,0,9.6,14.8,6.23,71.39,0,0
1795,16.0,1,7.1,7.3,10.7,5.7,65.6,61.0,8.7,5.3,6.8,8.4,0,0,3.4,19.9,7.07,41.81,1,1
1796,17.0,0,3.3,8.0,4.1,5.4,66.2,89.5,3.4,15.0,5.7,3.7,0,1,0.0,8.2,6.49,62.72,2,2
1797,22.0,1,1.4,3.3,6.6,2.9,47.3,74.2518720906699,3.6,3.7,6.1,8.0,1,0,8.1,3.5,7.41,17.28,1,1
1798,17.0,1,1.0,6.9,8.8,3.8,66.0,76.2,3.6,0.5,3.8,5.5,2,0,3.8,3.0,6.05,33.32,1,1
1799,17.0,1,8.3,5.9,4.4,0.8,71.4,74.9,7.1,1.7,3.7,1.9,0,1,0.4,6.9,5.75,47.68,2,2
1800,16.0,1,3.1,9.0,7.8,3.2,84.2,56.2,9.8,5.7,6.2,9.0,1,1,0.0,3.5,5.8,65.54,0,0
1801,25.0,1,3.8,7.8,1.4,2.1,92.5,60.3,5.3,1.1,2.4,6.2,1,0,4.050203624516392,5.2,7.68,78.89,0,0
1802,22.0,1,2.0,7.3,10.4,3.1,67.5,46.5,0.9,6.0,7.4,9.2,0,0,5.2,7.7,6.75,46.23,1,1
1803,19.0,1,6.1,6.4,8.5,2.5,78.1,95.5,7.0,2.1,5.3,8.7,1,0,5.5,2.8,5.48,58.1,2,2
1804,19.0,2,2.6,7.5,4.3,2.5,98.1,75.0,7.5,1.6,3.4,8.3,1,0,1.2,3.8,7.37,78.72,0,0
1805,19.0,2,3.2,5.8,8.1,4.8,77.6,92.9,3.7,4.0,2.2,10.0,1,0,6.9,1.7,7.08,70.22,0,0
1806,22.0,1,4.8,6.9,9.3,6.5,86.7,66.9,7.2,4.7,7.7,3.5,0,0,4.3,3.9,6.28,57.19,2,2
1807,21.0,0,2.1,6.2,2.8,2.7,94.6,95.7,7.8,6.6,1.0,10.0,1,0,3.2,8.0,7.3,86.65,0,0
1808,18.0,1,3.8,9.9,4.5,5.6,67.9,45.9,1.5,2.2,6.5,5.5,1,0,1.7,3.5,7.63,36.08,1,1
1809,18.0,1,7.0,8.9,9.4,0.8,65.3,92.5,8.5,7.2,5.8,8.0,1,0,4.4,8.0,8.36,75.09,0,0
1810,17.0,1,5.1,8.4,6.2,2.8,100.0,73.6,8.6,5.9,6.9,6.3,1,1,0.9,1.8,8.1,73.05,0,0
1811,21.0,2,4.5,5.1,7.1,3.03210685483871,87.5,50.1,5.991217524197657,1.6,3.1,8.0,1,0,4.4,5.0,8.08,57.16,2,2
1812,22.0,2,4.6,8.1,6.2,2.4,62.7,24.2,7.4,2.1,4.0,5.8,0,0,2.8,12.3,6.489753023681269,53.87,2,2
1813,18.0,1,3.4,7.2,8.2,4.3,66.3,84.0,10.0,1.3,6.2,9.5,0,0,9.3,6.2,2.58,55.52,2,2
1814,16.0,1,8.2,8.6,7.3,5.0,77.4,92.8,4.6,2.3,5.6,7.8,1,0,1.8,2.9,7.16,58.34,2,2
1815,17.0,1,2.6,7.4,6.3,1.6,98.1,76.1,8.6,4.9,7.4,3.5,1,0,3.4,0.6,7.16,61.68,2,2
1816,25.0,0,4.6,7.0,1.0,3.8,92.8,85.9,6.5,1.8,5.4,7.0,0,0,3.9,1.1,6.38,68.69,0,0
1817,19.0,0,4.4,7.3,7.6,5.2,93.9,83.0,3.5,4.0,8.6,7.5,0,0,7.7,2.7,5.64,65.37,0,0
1818,22.0,1,6.2,4.7,6.047861775435752,5.0,74.3,76.0,2.0,4.1,5.8,7.6,1,1,3.0,15.4,5.05,37.01,1,1
1819,21.0,0,4.219583121504829,6.0,2.9,3.5,79.9,92.3,7.6,3.9,9.1,3.9,2,1,0.0,6.0,6.83,61.55,2,2
1820,19.0,1,4.1,7.5,3.1,1.9,69.6,48.4,3.1,3.2,9.3,5.4,1,0,5.6,7.2,8.1,53.39,2,2
1821,18.0,0,4.8,8.5,7.3,1.8,74.6,76.8,8.1,5.3,9.4,6.7,1,0,0.0,7.1,7.17,70.67,0,0
1822,17.0,0,4.9,6.3,6.5,1.5,65.4,87.3,1.2,1.5,3.9,5.6,1,0,7.7,0.7,6.63,52.26,2,2
1823,21.0,1,0.0,6.9,1.1,2.9,68.7,67.0,6.3,4.7,8.2,10.0,1,0,5.6,2.1,7.07,54.07,2,2
1824,22.0,1,4.219583121504829,4.9,6.047861775435752,1.5,70.6,79.6,5.3,3.5,5.5,5.7,0,1,0.9,3.3,5.81,37.04,1,1
1825,21.0,0,3.0,8.9,6.8,4.2,78.1,53.8,9.7,3.2,5.5,4.0,2,0,4.3,1.9,4.4,48.16,2,2
1826,20.0,1,3.1,8.4,7.7,3.4,85.5,76.4,6.5,2.3,7.3,5.7,0,0,5.5,2.9,6.73,51.33,2,2
1827,16.0,1,1.8,7.8,4.5,3.3,100.0,62.0,7.3,1.1,4.7,2.6,2,1,1.4,3.2,6.34,48.49,2,2
1828,25.0,0,5.7,7.5,5.6,0.0,75.2,65.7,5.1,4.0,1.8,6.2,0,0,7.7,5.9,4.81,62.98,2,2
1829,23.0,1,4.2,9.0,3.8,3.1,87.6,85.3,5.6,2.4,5.6,4.0,2,0,7.9,9.0,5.82,61.55,2,2
1830,19.0,1,3.8,6.976601980998585,9.3,2.2,77.7,43.3,8.3,8.3,9.7,4.2,2,0,2.2,4.2,6.18,39.41,1,1
1831,25.0,1,1.7,5.8,6.4,6.9,92.5,55.4,6.0,8.0,4.7,7.5,2,0,5.0,2.4,5.35,51.5,2,2
1832,21.0,0,4.1,8.4,4.3,0.7,63.7,88.0,4.0,1.4,5.3,2.0,1,0,5.4,5.7,8.83,69.46,0,0
1833,21.0,0,0.0,8.3,3.1,2.6,73.0,72.2,8.5,13.8,6.4,5.3,0,0,0.0,1.2,4.42,51.94,2,2
1834,22.0,0,3.9,5.4,2.8,3.7,88.6,61.8,9.7,1.2,4.7,8.8,1,0,1.5,3.4,6.64,62.03,2,2
1835,23.0,0,4.3,6.3,10.5,1.2,87.6,83.1,9.3,7.1,5.1,3.6,1,0,4.3,8.4,9.73,72.1,0,0
1836,21.0,1,4.7,9.2,5.6,6.5,87.8,55.1,8.8,5.0,5.8,5.9,1,0,2.2,3.6,7.03,55.75,2,2
1837,17.0,0,1.1,7.5,5.0,6.5,98.3,54.5,5.4,1.5,4.6,10.0,2,0,5.9,22.3,6.12,48.07,2,2
1838,19.0,0,4.6,8.0,5.5,1.5,57.5,71.3,3.8,2.9,8.4,8.7,2,0,1.9,2.3,6.78,56.31,2,2
1839,24.0,1,2.1,5.5,4.4,1.9,63.7,72.5,3.4,2.2,10.0,5.1,0,1,2.5,3.7,4.74,30.35,1,1
1840,18.0,1,2.6,7.9,6.047861775435752,6.9,87.3,61.6,3.1,2.1,6.5,4.2,2,1,4.8,5.3,4.56,47.28,2,2
1841,19.0,1,5.6,5.2,6.1,5.5,90.6,70.3,5.8,4.2,4.4,7.4,0,1,5.7,4.8,8.74,64.78,0,0
1842,20.0,0,8.2,4.4,6.0,2.3,88.5,99.0,9.9,3.4,6.6,5.2,1,0,0.0,7.2,6.72,46.33,1,1
1843,20.0,0,4.3,7.9,2.8,3.8,100.0,74.3,2.4,1.5,3.0,9.8,1,0,3.9,5.6,6.37,80.93,0,0
1844,21.0,0,2.6,8.9,8.2,0.5,68.1,54.3,6.0,7.5,2.5,7.3,1,0,6.8,3.1,4.98,61.94,2,2
1845,24.0,2,4.6,6.7,4.6,7.0,84.8,75.4,5.3,4.7,5.3,2.2,0,1,6.0,5.0,5.06,50.06,2,2
1846,18.0,1,6.1,6.3,4.4,3.1,79.1,36.9,3.4,3.2,8.3,2.9,1,1,4.7,0.5,7.55,38.56,1,1
1847,17.0,0,5.4,9.2,4.2,4.1,88.1,100.0,5.4,2.5,8.6,3.6,2,0,4.8,4.2,7.0,67.79,0,0
1848,18.0,0,9.7,6.7,3.4,1.3,84.9,53.6,8.8,1.8,6.4,4.2,2,1,2.5,2.0,5.97,47.57,2,2
1849,20.134890807516506,1,2.8,6.9,6.7,1.0,73.3,78.7,6.5,7.1,7.0,5.8,0,1,4.0,9.0,7.82,69.31,0,0
1850,21.0,2,4.7,9.2,8.2,3.8,85.0,77.9,7.4,1.5,6.0,7.1,0,1,4.4,7.4,5.77,56.28,2,2
1851,18.0,1,7.3,6.5,4.2,6.4,81.1,60.9,8.4,3.2008618067525094,5.3,3.3,0,0,7.7,1.9,8.08,52.05,2,2
1852,23.0,0,7.2,6.1,1.4,2.0,81.7,98.4,6.9,3.2008618067525094,2.9,3.0,1,0,5.5,10.5,9.34,81.4,0,0
1853,23.0,0,0.3,8.1,3.4,1.2,94.7,100.0,5.991217524197657,2.0,8.1,3.6,0,1,5.2,9.9,6.16,58.26,2,2
1854,23.0,0,4.2,6.1,4.9,3.5,100.0,61.5,6.2,2.9,4.6,5.0,0,1,2.0,2.3,3.3,48.46,2,2
1855,24.0,0,7.2,6.8,2.9,5.9,55.1,87.8,3.6,8.1,7.3,7.3,1,0,4.2,7.2,6.46,52.14,2,2
1856,18.0,1,10.0,5.3,4.5,1.9,96.8,57.2,6.1,1.5,5.4,3.6,0,0,2.4,10.6,8.43,44.8,1,1
1857,22.0,0,5.6,7.2,4.6,2.6,88.4,98.8,5.991217524197657,0.9,3.4,7.1,0,0,3.1,13.3,7.05,64.26,0,0
1858,20.0,1,3.5,7.1,6.0,4.5,70.4,97.8,8.9,4.0,3.7,4.8,1,1,5.5,4.4,9.19,67.58,0,0
1859,23.0,0,2.2,8.3,2.4,4.7,75.3,93.2,5.3,3.5,4.2,4.0,1,1,5.5,0.2,7.58,68.79,0,0
1860,22.0,0,8.6,8.1,7.5,2.5,91.5,45.2,5.3,1.0,5.7,5.2,1,0,3.1,2.8,5.12,38.75,1,1
1861,22.0,0,5.7,7.7,6.047861775435752,5.0,80.7,65.2,2.7,7.9,8.1,5.4,1,0,3.4,1.7,7.83,49.96,2,2
1862,21.0,1,2.5,7.5,9.6,4.0,79.4,65.5,7.4,2.1,7.1,9.5,1,1,3.0,3.8,8.11,59.92,2,2
1863,18.0,0,3.8,6.9,4.5,3.0,71.1,64.3,2.8,4.1,3.8,6.9,2,1,3.8,1.6,8.26,58.6,2,2
1864,20.0,0,4.8,7.8,7.7,4.6,70.1,98.9,4.9,6.9,2.6,3.4,2,0,4.2,5.6,8.6,63.8,0,0
1865,25.0,0,5.3,5.6,7.4,4.4,67.4,42.4,4.4,3.5,7.0,9.6,1,0,3.2,2.9,6.68,42.22,1,1
1866,24.0,1,2.4,3.9,5.9,1.1,73.4,82.0,8.0,10.0,9.8,9.0,0,0,4.2,5.3,5.09,51.07,2,2
1867,16.0,1,3.0,8.5,6.4,5.7,78.3,88.4,7.1,1.0,7.6,3.6,1,0,7.3,6.2,8.3,66.1,0,0
1868,18.0,1,0.9,7.9,7.7,3.6,84.6,62.4,7.6,1.8,10.0,3.5,2,0,2.6,7.7,8.67,39.97,1,1
1869,17.0,0,6.3,6.8,8.2,5.5,69.3,84.1,8.1,5.1,4.4,4.6,1,0,5.4,7.2,6.77,62.62,2,2
1870,22.0,0,3.5,8.4,4.0,3.1,89.8,83.0,4.6,4.1,5.5,5.957923664122137,2,0,6.3,6.2,7.06,69.89,0,0
1871,23.0,2,5.1,6.0,7.9,3.4,68.2,70.1,4.1,1.9,8.4,7.6,2,1,5.7,6.1,5.78,37.65,1,1
1872,18.0,1,7.0,6.1,10.2,3.7,90.0,94.6,2.3,3.4,1.9,7.6,0,0,1.9,2.8,6.489753023681269,41.39,1,1
1873,20.0,1,4.6,5.9,8.2,4.0,68.7,65.2,6.3,3.9,6.3,6.6,1,0,5.9,5.2,6.53,59.9,2,2
1874,23.0,0,4.0,7.7,9.8,5.8,100.0,94.6,4.3,2.6,6.2,5.3,1,0,5.1,4.4,7.16,61.54,2,2
1875,22.0,0,4.6,4.9,1.0,3.8,88.4,77.4,7.0,2.7,8.6,6.6,1,0,7.0,10.7,7.18,66.05,0,0
1876,20.0,0,4.3,6.0,7.5,2.9,90.9,69.4,8.6,0.3,3.4,5.2,1,0,5.8,8.5,5.38,53.77,2,2
1877,21.0,0,6.7,7.4,6.7,4.8,77.8,71.0,8.0,5.4,5.0,5.1,0,0,3.8,4.8,3.58,57.48,2,2
1878,20.0,1,4.8,5.4,8.6,3.8,87.9,50.0,6.3,1.7,4.0,5.6,1,0,6.6,12.6,4.81,42.56,1,1
1879,19.0,0,3.1,6.1,3.2,8.3,63.7,68.5,6.2,1.2,5.3,6.4,1,0,0.8,3.9,6.66,42.06,1,1
1880,21.0,0,6.3,4.1,4.7,3.5,67.3,54.8,6.0,2.1,2.8,7.0,1,0,2.7,2.4,5.89,32.25,1,1
1881,22.0,0,4.219583121504829,7.8,8.3,5.2,76.0,79.8,10.0,3.1,6.7,3.7,1,0,4.8,7.3,6.19,53.41,2,2
1882,23.0,1,1.5,6.1,3.4,4.6,99.7,91.2,4.7,1.0,5.9,5.6,1,1,0.0,6.2,7.66,52.72,2,2
1883,21.0,1,7.3,5.6,6.6,0.0,93.1,83.2,6.2,1.0,4.9,6.1,0,0,4.7,3.8,6.92,56.71,2,2
1884,22.0,1,4.9,5.3,6.0,1.7,50.9,62.2,5.6,3.0,5.542839731870811,5.9,1,1,3.1,7.4,6.74,48.47,2,2
1885,18.0,0,4.8,6.5,5.5,2.2,67.2,70.2,4.3,3.0,6.5,1.9,0,0,2.9,2.4,6.46,38.69,1,1
1886,20.0,1,6.2,4.9,7.4,0.3,78.9,80.0,5.2,1.3,8.8,5.7,1,0,1.3,3.1,5.1,34.89,1,1
1887,16.0,1,3.1,9.5,3.2,2.3,96.3,80.9,6.1,3.0,5.3,5.1,2,0,4.3,3.6,4.4,59.84,2,2
1888,18.0,1,6.1,3.9,4.0,0.5,83.2,100.0,3.4,3.4,8.4,4.1,1,0,3.7,2.2,5.82,30.72,1,1
1889,22.0,0,3.4,6.4,5.7,1.0,47.0,86.2,9.6,7.4,3.7,7.3,0,0,2.6,4.9,8.18,57.53,2,2
1890,25.0,1,1.3,7.1,3.0,3.4,64.8,77.7,7.6,2.2,4.1,5.957923664122137,0,0,6.8,1.6,8.63,61.71,2,2
1891,17.0,0,2.2,6.0,9.1,6.5,89.4,76.9,8.4,1.6,5.542839731870811,6.7,1,0,6.4,0.6,7.23,50.38,2,2
1892,19.0,1,5.3,7.3,4.0,0.5,82.7,68.7,5.6,1.6,8.2,3.4,0,0,3.6,11.8,6.489753023681269,56.03,2,2
1893,23.0,1,2.3,6.0,8.0,0.8,81.8,75.0,5.3,1.2,1.8,3.8,2,1,5.8,8.9,3.5,48.27,2,2
1894,18.0,0,7.4,9.0,3.8,2.0,94.5,87.9,5.5,3.0,1.0,9.0,1,0,0.9,0.6,4.4,79.95,0,0
1895,20.0,1,6.6,5.5,7.8,2.7,75.5,62.3,4.5,7.6,8.8,8.9,0,1,2.8,7.8,6.64,49.32,2,2
1896,22.0,1,6.9,3.9,2.0,0.2,89.1,82.4,8.9,2.9,5.2,7.4,1,0,0.0,4.7,6.38,55.24,2,2
1897,21.0,1,4.219583121504829,5.3,9.5,1.7,100.0,73.0,9.1,0.4,4.1,4.0,1,0,4.5,3.9,7.97,60.4,2,2
1898,18.0,0,4.7,7.5,8.8,1.6,82.9,100.0,7.2,1.4,6.1,7.5,2,0,1.9,9.8,6.83,69.24,0,0
1899,19.0,0,1.8,6.8,4.6,3.6,68.4,80.3,9.7,5.3,4.2,5.957923664122137,1,0,3.6,0.6,7.51,75.3,0,0
1900,22.0,1,6.2,8.0,3.9,3.8,74.5,80.9,10.0,1.4,5.5,10.0,0,1,6.9,20.2,8.43,73.71,0,0
1901,20.0,1,5.0,7.7,7.1,2.7,68.3,59.6,10.0,1.9,4.9,3.7,0,0,2.0,1.9,6.3,50.25,2,2
1902,16.0,2,5.3,6.2,2.2,2.3,50.9,100.0,5.0,2.9,4.7,10.0,0,0,6.9,2.3,6.04,58.88,2,2
1903,22.0,0,7.6,6.4,6.1,1.7,69.7,84.1,0.7,2.1,1.3,1.8,1,1,1.8,8.3,8.19,48.65,2,2
1904,16.0,1,3.0,6.5,4.0,3.1,88.3,99.6,7.6,6.2,3.2,9.2,1,0,4.5,19.0,7.49,85.74,0,0
1905,22.0,0,3.9,9.4,5.4,1.2,80.1,71.7,6.9,1.0,7.9,5.0,0,0,3.8,8.4,6.03,62.94,2,2
1906,18.0,0,4.9,7.9,4.4,5.8,97.7,75.0,6.2,1.8,7.2,7.5,0,0,6.1,3.9,4.54,60.23,2,2
1907,20.134890807516506,0,2.3,9.5,4.0,0.3,81.9,50.3,5.5,1.1,6.0,3.5,0,0,3.9,8.8,5.23,43.65,1,1
1908,19.0,1,3.8,8.1,10.3,1.8,91.5,100.0,9.0,2.1,7.3,8.4,0,0,1.4,3.0,6.95,67.39,0,0
1909,19.0,1,5.2,6.9,8.0,4.6,57.1,81.6,2.6,1.0,5.7,4.1,1,0,8.2,2.4,7.33,45.27,1,1
1910,17.0,1,3.5,5.7,2.3,2.3,74.3,100.0,9.4,3.2,1.7,4.0,0,0,8.7,2.0,4.33,66.69,0,0
1911,19.0,0,6.8,7.3,3.8,4.2,76.5,68.7,9.8,2.1,3.1,8.8,1,0,1.0,5.0,7.86,81.75,0,0
1912,23.0,0,1.2,6.9,8.1,6.1,69.3,83.5,6.3,3.9,6.6,3.0,0,1,5.8,10.5,5.76,45.6,1,1
1913,25.0,1,6.4,6.9,8.4,4.5,99.8,92.9,6.6,4.3,1.7,4.3,2,1,3.6,0.6,4.44,64.07,0,0
1914,19.0,0,5.5,6.7,2.5,0.8,54.9,80.9,3.4,0.9,3.7,9.1,1,0,2.2,11.3,5.03,58.76,2,2
1915,20.0,0,3.1,4.3,7.7,0.9,78.5,69.0,8.2,2.4,3.9,6.8,0,0,0.8,6.2,7.68,46.39,1,1
1916,22.0,2,2.4,8.6,6.7,2.7,94.7,66.5,8.8,1.5,6.1,7.5,0,0,6.3,1.4,9.43,73.74,0,0
1917,24.0,0,0.0,6.9,1.1,3.8,89.9,68.8,7.7,2.4,5.1,4.9,0,0,6.0,7.4,8.53,62.38,2,2
1918,21.0,2,2.6,5.2,5.0,5.2,75.1,100.0,3.3,2.4,5.9,3.0,1,0,5.7,5.5447261663286005,7.57,32.26,1,1
1919,19.0,1,6.3,7.6,5.7,1.6,68.3,63.8,2.5,0.6,6.5,5.7,0,0,5.8,4.6,8.6,41.6,1,1
1920,19.0,0,4.1,5.9,6.1,2.1,94.2,39.2,5.5,4.6,6.3,5.957923664122137,2,1,0.4,5.2,5.86,40.68,1,1
1921,22.0,0,6.5,7.7,2.7,2.5,73.2,75.7,6.2,2.5,7.4,4.8,1,0,3.9,3.1,7.99,57.93,2,2
1922,16.0,1,3.0,8.1,4.1,2.5,69.2,75.4,8.2,3.2,5.9,5.6,0,1,2.6,8.4,5.77,61.67,2,2
1923,21.0,1,5.6,8.3,4.4,5.7,93.0,69.3,5.5,3.8,3.3,6.8,0,0,6.1,5.9,4.16,62.11,2,2
1924,19.0,2,2.8,6.8,4.7,2.8,84.0,63.8,8.3,1.4,2.8,4.4,0,0,2.0,2.3,8.32,59.99,2,2
1925,23.0,1,2.3,6.5,4.7,3.3,75.4,70.1,8.5,1.2,6.4,7.0,0,0,9.1,5.7,5.2,58.55,2,2
1926,17.0,0,4.0,6.2,5.7,4.6,84.2,51.2,7.0,3.9,5.3,8.7,1,0,4.8,6.2,5.76,55.87,2,2
1927,21.0,1,2.9,6.1,6.8,5.9,85.8,100.0,7.9,4.7,5.5,7.1,1,1,7.4,3.4,7.33,68.35,0,0
1928,20.0,1,1.1,7.0,10.4,2.9,79.3,79.4,5.1,5.6,4.0,9.0,0,0,0.7,9.1,5.84,55.76,2,2
1929,21.0,1,3.8,6.7,8.2,5.3,82.0,77.1,3.5,4.4,5.3,8.2,0,1,2.8,1.8,7.58,61.61,2,2
1930,16.0,1,4.4,5.9,9.3,6.3,51.9,93.9,4.7,2.0,2.2,8.1,0,1,0.0,6.6,3.83,40.55,1,1
1931,21.0,0,6.7,5.5,4.8,2.8,78.6,100.0,4.2,5.0,2.4,4.7,0,1,2.3,3.6,7.46,61.28,2,2
1932,21.0,0,6.1,6.9,3.5,2.0,71.7,67.8,8.7,1.6,10.0,8.1,0,0,6.7,3.2,7.44,67.01,0,0
1933,21.0,1,6.6,6.4,8.0,6.9,69.6,80.5,7.9,2.5,1.0,6.0,0,1,4.8,2.9,4.77,43.11,1,1
1934,21.0,1,5.6,5.5,6.0,5.0,71.1,89.4,1.5,7.2,3.2,9.2,1,1,7.9,6.6,7.12,71.55,0,0
1935,21.0,1,4.9,8.1,7.8,3.0,73.5,87.4,6.4,1.5,2.9,9.6,1,0,7.0,10.2,6.15,71.67,0,0
1936,23.0,1,1.7,6.976601980998585,3.8,4.2,76.1,91.3,2.1,13.1,2.9,8.0,0,1,7.5,8.3,6.19,66.38,0,0
1937,18.0,0,4.5,8.3,7.6,1.1,82.2,91.5,3.6,5.9,4.5,6.5,0,0,2.4,6.2,5.12,64.95,0,0
1938,23.0,1,5.4,6.1,5.6,5.0,70.5,67.6,7.8,5.4,2.6,6.8,1,1,0.2,0.8,9.82,62.1,2,2
1939,20.0,1,7.1,6.9,4.8,0.0,86.7,96.5,2.2,3.2,7.0,6.5,0,0,1.9,1.1,5.54,70.95,0,0
1940,17.0,0,5.6,9.0,5.1,4.9,89.6,73.0,3.0,0.6,5.7,5.957923664122137,2,1,0.0,1.1,7.08,46.84,2,2
1941,16.0,1,6.7,5.5,7.2,1.7,89.4,80.1,3.7,2.4,6.5,3.9,0,1,1.6,7.9,6.08,47.96,2,2
1942,19.0,1,2.1,8.0,7.9,0.0,92.2,86.1,2.5,1.9,6.0,7.4,1,0,0.0,8.1,5.57,58.14,2,2
1943,22.0,1,3.5,5.1,5.1,0.0,72.6,62.2,2.9,2.8,3.9,4.5,0,0,2.9,6.2,6.46,48.86,2,2
1944,22.0,0,5.1,9.2,6.9,2.1,76.5,82.8,5.9,2.3,3.8,6.6,1,0,6.0,9.9,4.03,71.09,0,0
1945,22.0,0,6.5,6.4,6.9,4.3,83.2,86.2,2.3,2.2,8.4,5.2,0,0,10.0,6.4,5.89,58.22,2,2
1946,20.0,0,3.9,9.9,7.8,0.5,74.5,40.9,5.5,6.8,5.7,3.9,2,1,4.3,13.8,5.34,42.96,1,1
1947,20.0,1,4.0,9.2,8.5,0.8,64.9,100.0,6.0,1.9,5.8,4.5,1,0,6.4,4.8,7.87,61.87,2,2
1948,17.0,1,5.6,6.9,10.5,2.1,73.5,60.3,7.7,4.6,5.7,10.0,0,0,8.8,9.1,7.95,69.95,0,0
1949,19.0,0,1.9,6.1,4.8,4.5,100.0,79.9,8.0,10.9,5.7,4.5,1,0,6.4,6.7,6.05,67.33,0,0
1950,20.0,0,7.4,7.3,9.7,4.7,70.3,100.0,3.0,6.1,2.3,4.6,1,1,5.0,4.8,4.17,53.49,2,2
1951,17.0,2,2.4,6.8,6.3,3.3,79.81730107309173,86.8,3.1,4.9,6.3,4.0,2,0,2.0,5.9,4.73,43.58,1,1
1952,18.0,1,0.4,6.5,3.3,4.8,72.9,93.7,3.0,1.8,10.0,6.5,0,0,3.4,3.2,9.8,44.6,1,1
1953,21.0,1,4.2,4.8,4.4,4.2,87.2,95.0,7.7,1.3,5.7,5.4,2,0,7.0,1.8,7.52,51.58,2,2
1954,22.0,0,7.6,6.3,7.2,2.2,84.5,66.1,6.8,2.1,9.3,2.2,0,0,4.7,3.6,5.97,54.04,2,2
1955,25.0,0,5.4,5.6,7.8,4.6,89.2,56.3,5.2,2.2,5.8,9.3,0,0,2.6,6.1,8.73,57.23,2,2
1956,24.0,0,4.219583121504829,7.7,3.5,0.7,100.0,82.5,3.4,5.2,6.2,1.0,1,0,0.5,6.0,7.93,65.76,0,0
1957,21.0,0,4.3,8.3,4.1,3.9,90.7,87.8,6.3,1.5,6.2,3.9,2,1,3.8,1.1,6.16,62.34,2,2
1958,19.0,2,3.9,8.0,4.7,0.9,91.7,94.9,9.0,5.6,1.2,5.3,1,0,2.0,2.0,8.29,78.95,0,0
1959,21.0,0,1.1,6.976601980998585,3.8,3.3,100.0,89.1,8.9,0.6,2.2,7.7,2,0,6.8,7.6,4.65,72.86,0,0
1960,22.0,0,0.0,5.9,1.3,5.2,86.4,66.1,2.8,2.4,5.1,4.6,0,1,0.8,7.1,6.7,40.11,1,1
1961,17.0,2,4.6,7.3,1.0,3.4,74.9,90.8,8.4,6.0,9.3,4.5,0,0,7.9,0.6,7.68,61.43,2,2
1962,19.0,0,6.8,8.0,5.0,3.0,76.1,37.2,2.7,5.4,4.5,6.3,0,0,1.9,7.9,9.99,73.18,0,0
1963,23.0,1,4.9,6.2,6.6,3.4,93.7,97.9,5.1,3.2,6.6,5.0,2,0,4.050203624516392,7.3,7.82,67.35,0,0
1964,19.0,1,5.4,7.2,7.6,4.2,63.7,59.0,4.9,2.5,3.4,3.0,0,0,2.4,0.4,9.95,51.95,2,2
1965,21.0,0,7.4,6.8,2.6,6.8,54.7,58.6,6.6,4.6,7.6,8.6,0,0,3.0,8.8,6.18,50.32,2,2
1966,21.0,1,4.9,9.2,2.6,4.2,69.3,100.0,3.8,2.8,2.3,7.3,1,1,0.0,3.5,4.13,54.96,2,2
1967,18.0,0,4.0,8.1,4.7,2.1,90.7,76.0,6.2,1.5,7.9,7.9,1,0,5.7,5.2,6.5,69.16,0,0
1968,19.0,1,2.6,7.8,6.0,2.6,87.7,70.4,3.6,2.3,5.4,6.4,0,1,2.0,9.3,7.65,53.43,2,2
1969,19.0,1,8.2,4.8,8.5,1.4,77.9,54.2,5.991217524197657,1.0,5.1,5.8,2,1,5.5,4.2,3.61,25.58,1,1
1970,16.0,0,5.3,7.2,7.8,0.8,93.9,83.0,3.1,7.1,7.0,9.1,0,0,3.2,4.6,7.36,76.26,0,0
1971,16.0,1,2.3,6.8,5.1,0.0,87.9,89.3,5.1,5.8,8.5,4.4,2,0,3.2,2.7,5.26,53.51,2,2
1972,23.0,1,1.9,6.8,6.9,2.2,84.5,68.7,6.0,2.2,2.1,7.1,0,1,0.0,4.5,5.51,50.42,2,2
1973,18.0,1,6.7,5.0,3.9,0.5,79.8,36.3,5.4,3.7,7.0,6.4,1,0,9.8,5.8,6.2,51.92,2,2
1974,20.0,0,2.1,5.6,6.2,3.2,91.7,100.0,7.9,0.5,1.9,6.2,0,0,1.9,3.4,9.6,63.35,0,0
1975,19.0,1,7.9,6.9,5.8,2.1,89.8,69.8,1.0,3.1,4.0,2.7,2,0,7.7,4.2,3.03,37.19,1,1
1976,24.0,0,0.0,8.4,9.5,3.03210685483871,76.5,74.2518720906699,6.4,1.1,1.0,3.9,0,1,8.7,3.0,4.78,42.92,1,1
1977,18.0,1,7.0,6.2,7.2,0.0,90.6,74.4,4.2,3.6,4.9,10.0,1,0,2.7,13.4,9.83,70.31,0,0
1978,19.0,0,5.2,6.5,4.1,2.4,71.5,60.5,7.3,9.0,5.9,7.3,2,0,2.0,4.6,7.02,56.48,2,2
1979,23.0,1,4.4,9.3,4.1,0.0,83.1,97.9,6.1,1.7,7.6,3.4,1,1,4.2,1.9,7.52,61.32,2,2
1980,23.0,1,3.8,6.6,5.2,4.3,85.2,88.1,8.4,0.6,6.2,2.2,0,0,4.0,1.5,7.18,59.43,2,2
1981,18.0,1,8.0,6.8,2.1,3.5,75.6,83.8,5.5,4.3,5.6,3.5,0,0,0.2,9.5,6.27,63.77,0,0
1982,23.0,1,5.6,6.9,5.4,2.6,81.7,100.0,8.7,2.1,7.5,4.0,1,0,1.2,4.2,6.64,61.07,2,2
1983,20.0,0,2.4,5.3,6.047861775435752,5.6,87.9,62.4,6.3,5.1,8.5,7.5,1,0,6.7,5.8,5.55,49.43,2,2
1984,20.0,1,0.8,7.7,7.2,3.0,65.9,98.0,3.2,5.6,7.8,1.9,0,1,2.9,1.0,6.64,28.28,1,1
1985,17.0,1,4.6,6.2,7.5,3.7,82.4,35.0,4.2,5.4,10.0,9.6,0,1,5.8,2.8,5.49,46.25,1,1
1986,17.0,0,4.2,7.0,6.2,4.2,100.0,86.6,4.7,2.6,4.3,6.9,2,0,4.7,4.9,6.07,65.34,0,0
1987,22.0,1,1.2,7.6,1.9,2.1,69.3,100.0,6.3,8.5,8.3,8.6,0,1,4.8,5.6,7.82,69.9,0,0
1988,20.0,1,4.1,9.5,2.9,2.1,93.4,56.1,8.0,1.5,2.3,6.2,0,0,2.8,8.6,8.65,66.98,0,0
1989,20.0,0,3.1,5.3,4.5,3.1,78.8,74.2518720906699,7.3,6.4,2.8,5.6,0,0,6.9,2.6,3.33,61.61,2,2
1990,20.134890807516506,2,4.2,8.1,7.6,0.6,95.4,50.1,7.5,2.0,5.5,4.8,1,0,3.4,22.1,7.09,41.6,1,1
1991,22.0,1,5.7,8.1,7.5,6.2,70.6,100.0,4.4,2.5,4.4,4.9,0,1,2.7,5.3,6.65,54.88,2,2
1992,17.0,1,7.2,6.2,5.4,3.3,80.1,66.7,7.9,4.7,7.1,6.6,0,0,3.1,5.5447261663286005,7.07,51.11,2,2
1993,21.0,2,6.0,7.8,11.9,2.6,100.0,61.7,6.2,2.2,6.5,5.957923664122137,1,1,1.8,9.8,8.85,66.15,0,0
1994,17.0,1,2.8,9.1,9.9,6.8,77.7,65.4,7.7,6.6,9.0,3.3,1,0,6.1,2.2,7.67,51.74,2,2
1995,22.0,2,4.9,6.0,9.1,1.0,88.2,75.6,2.7,0.9,6.7,1.0,1,0,0.1,9.1,5.96,44.98,1,1
1996,21.0,1,4.3,7.3,7.8,5.8,87.7,72.3,7.0,7.1,6.5,5.4,0,1,3.9,1.8,5.8,53.91,2,2
1997,25.0,0,1.5,7.5,7.1,4.5,53.6,74.1,4.7,5.9,3.0,9.1,0,0,5.3,0.7,6.14,54.18,2,2
1998,16.0,1,5.0,7.7,7.0,5.0,85.8,80.7,3.2,6.4,4.9,5.2,0,0,9.2,4.0,4.92,57.93,2,2
1999,16.0,0,7.9,8.0,1.5,2.7,63.9,79.3,7.4,1.8,7.5,1.0,0,0,8.6,8.9,5.84,53.45,2,2
2000,18.0,1,4.3,7.2,3.4,3.1,88.2,75.1,5.1,0.9,10.0,7.1,1,1,5.0,1.4,3.65,48.02,2,2
2001,18.0,0,1.0,7.7,5.4,2.4,81.5,67.0,7.2,2.3,3.6,5.4,1,0,3.7,6.2,10.0,62.12,2,2
2002,18.0,1,4.3,5.8,6.3,4.8,65.5,82.7,3.8,9.7,8.1,4.0,2,1,1.7,5.9,7.95,44.22,1,1
2003,24.0,1,1.8,7.2,5.7,3.7,64.5,81.8,10.0,1.5,5.5,1.4,0,0,0.8,8.5,7.93,47.49,2,2
2004,18.0,0,5.9,6.4,6.7,2.0,79.1,80.9,5.7,1.6,5.8,6.8,0,1,1.9,9.4,5.65,63.26,0,0
2005,18.0,0,5.2,5.4,1.0,2.1,100.0,75.0,5.0,0.8,3.7,7.7,0,0,5.6,15.5,6.37,70.63,0,0
2006,22.0,1,3.9,6.3,7.3,3.0,100.0,62.5,8.2,1.9,4.4,5.4,0,0,4.050203624516392,1.0,5.61,53.84,2,2
2007,20.0,1,3.5,7.4,6.2,2.4,84.7,76.3,5.8,1.7,5.3,3.7,0,1,7.3,6.3,7.01,61.86,2,2
2008,22.0,0,3.8,7.6,5.5,5.6,86.7,70.0,10.0,4.2,7.4,1.0,1,1,4.0,3.3,5.79,56.74,2,2
2009,16.0,1,4.2,5.4,8.3,4.5,87.8,37.8,8.6,3.7,8.8,10.0,0,0,2.6,8.9,10.0,60.28,2,2
2010,20.0,2,2.7,5.8,3.4,4.5,73.1,93.0,5.0,3.2008618067525094,4.4,5.9,1,1,0.0,1.9,7.14,49.64,2,2
2011,16.0,2,1.4,7.9,5.4,3.4,71.0,79.7,6.2,2.1,4.3,7.4,2,0,1.3,5.7,7.37,57.73,2,2
2012,16.0,1,6.5,7.7,6.7,1.5,91.1,74.6,6.1,3.1,7.2,5.6,0,0,0.1,6.1,5.3,63.47,0,0
2013,24.0,0,3.4,8.2,3.9,4.3,72.2,84.4,3.7,1.3,5.0,5.7,0,0,1.6,10.8,2.27,46.25,1,1
2014,17.0,0,4.5,8.8,1.0,0.0,98.7,61.4,8.8,1.3,7.9,5.6,1,1,5.0,0.6,5.77,67.48,0,0
2015,20.0,1,4.8,7.7,3.1,3.3,62.4,99.5,5.1,5.5,6.9,7.0,0,0,3.9,1.8,8.63,74.3,0,0
2016,19.0,0,4.8,6.5,5.8,1.5,68.3,96.7,5.5,4.7,4.2,7.7,1,0,2.5,2.1,6.26,73.47,0,0
2017,19.0,1,1.9,7.1,5.4,1.4,98.4,54.1,6.5,2.8,7.5,7.2,0,0,7.0,4.1,8.41,70.69,0,0
2018,24.0,0,0.8,9.2,6.0,2.2,76.3,63.6,4.0,2.5,6.6,8.2,0,0,3.1,2.4,7.83,49.66,2,2
2019,16.0,1,3.0,10.0,4.4,2.8,78.4,87.2,6.5,3.8,5.0,6.7,2,0,6.4,14.6,9.08,66.41,0,0
2020,21.0,1,5.0,7.6,2.7,3.0,88.4,79.4,4.9,2.7,6.5,5.9,2,0,7.1,2.4,6.54,61.88,2,2
2021,25.0,1,2.7,7.7,6.3,4.4,95.1,74.7,5.0,2.2,3.3,6.0,1,1,1.7,2.8,5.84,59.65,2,2
2022,21.0,0,3.5,7.9,5.6,2.7,87.9,82.9,5.6,5.4,4.6,5.6,2,0,2.2,3.8,3.85,62.37,2,2
2023,24.0,0,8.5,7.0,7.6,2.8,83.7,41.3,4.4,4.1,7.2,7.8,2,0,9.1,6.4,6.78,42.65,1,1
2024,16.0,2,0.5,8.5,4.1,0.5,90.4,58.4,2.6,2.6,4.9,1.9,1,1,6.5,6.9,6.62,49.52,2,2
2025,19.0,1,2.7,8.3,1.0,0.7,85.3,64.2,6.4,1.7,6.5,6.9,2,1,3.0,10.7,8.05,58.48,2,2
2026,18.0,1,8.0,7.5,1.0,3.5,94.1,88.7,5.991217524197657,0.4,2.3,5.6,0,1,6.5,3.8,7.36,61.02,2,2
2027,22.0,0,4.1,6.6,5.0,4.1,100.0,36.2,1.0,2.5,5.4,6.0,0,1,0.9,1.1,4.58,47.25,2,2
2028,25.0,0,2.8,5.0,6.3,2.5,86.6,78.3,6.1,0.4,6.0,6.7,0,1,0.9,3.0,6.0,47.99,2,2
2029,18.0,1,6.5,8.0,5.4,4.7,68.8,68.2,5.6,0.4,4.1,6.6,1,0,1.2,3.7,8.32,51.28,2,2
2030,21.0,1,4.3,7.3,4.6,0.5,93.5,74.2518720906699,6.6,0.9,5.7,7.6,2,1,5.1,3.2,6.74,61.08,2,2
2031,18.0,0,3.5,6.0,2.0,3.7,78.1,89.5,7.5,0.2,6.0,5.9,1,1,7.1,3.3,4.2,58.53,2,2
2032,21.0,1,4.6,5.5,1.3,1.5,84.4,100.0,1.7,2.2,3.2,5.5,0,0,3.2,5.2,6.65,67.17,0,0
2033,20.0,0,2.9,7.9,6.9,1.3,84.8,53.9,4.6,0.9,1.0,5.2,1,0,7.6,2.3,8.92,61.64,2,2
2034,25.0,0,2.2,4.9,5.4,1.6,72.4,60.2,5.0,1.3,3.5,5.1,1,0,3.4,4.1,5.91,29.44,1,1
2035,21.0,0,4.0,7.4,5.1,2.9,75.2,75.9,6.7,3.4,1.0,4.0,1,0,1.6,0.4,7.14,62.3,2,2
2036,19.0,0,4.219583121504829,8.1,2.1,3.8,50.0,100.0,6.5,4.0,7.1,9.5,1,1,5.6,0.5,8.21,62.14,2,2
2037,17.0,1,4.2,7.7,3.6,3.7,78.7,82.9,5.1,3.7,8.0,5.1,1,1,0.0,3.1,5.88,60.19,2,2
2038,17.0,0,4.9,6.5,6.1,2.5,87.3,76.9,6.1,3.5,2.9,1.5,0,1,7.5,5.4,8.51,57.97,2,2
2039,18.0,0,5.9,5.4,6.7,4.1,80.2,97.0,5.4,7.1,5.542839731870811,5.5,1,0,2.9,3.9,7.07,60.77,2,2
2040,18.0,1,6.5,7.8,5.6,6.0,74.0,74.2518720906699,4.0,1.8,4.7,5.957923664122137,0,0,5.4,0.9,5.84,46.42,1,1
2041,23.0,0,3.4,8.6,9.4,2.8,84.9,96.1,6.1,1.4,4.0,5.8,0,0,6.3,5.7,9.32,65.5,0,0
2042,21.0,1,5.2,6.3,4.6,3.2,67.7,100.0,1.3,2.3,5.542839731870811,4.8,0,0,0.0,17.7,6.42,52.85,2,2
2043,20.0,0,5.2,7.7,9.2,1.9,66.2,72.2,6.5,1.7,1.7,5.957923664122137,1,1,7.2,3.3,4.7,49.79,2,2
2044,17.0,1,4.9,9.1,6.5,2.3,86.8,47.1,9.1,3.2008618067525094,5.4,7.3,2,1,3.6,2.4,4.89,58.08,2,2
2045,23.0,0,3.2,7.4,6.3,5.2,87.6,77.6,5.2,4.7,3.5,6.7,0,1,6.2,2.1,8.08,72.47,0,0
2046,22.0,1,2.1,6.5,8.3,5.3,86.6,100.0,10.0,6.6,2.0,8.5,2,0,7.1,8.0,8.81,71.03,0,0
2047,16.0,1,5.2,8.4,4.4,2.6,76.1,83.9,7.3,4.2,4.4,9.8,0,1,2.8,0.7,5.77,69.26,0,0
2048,22.0,2,0.8,6.0,5.2,3.9,94.2,50.2,9.2,4.5,5.8,6.5,2,0,5.9,4.6,7.48,45.57,1,1
2049,20.0,0,3.7,5.3,2.9,4.7,65.4,97.9,6.8,1.0,5.0,5.7,2,0,8.5,9.7,6.9,47.89,2,2
2050,17.0,1,0.0,8.1,8.3,2.2,76.1,89.3,7.2,7.3,6.6,6.8,0,0,1.9,0.5,9.7,61.89,2,2
2051,20.0,1,1.5,6.5,6.8,0.6,89.7,93.0,6.3,2.3,9.8,4.1,0,0,6.8,0.8,5.83,46.39,1,1
2052,20.0,1,2.4,6.6,8.7,4.2,91.2,95.4,2.6,0.7,5.4,4.2,2,1,6.8,6.2,5.28,50.1,2,2
2053,18.0,0,6.4,6.2,6.5,4.6,70.0,65.2,1.7,5.5,8.6,4.7,0,0,6.6,4.8,9.25,50.01,2,2
2054,24.0,0,5.6,6.4,8.8,4.3,100.0,94.1,5.5,4.9,2.4,5.5,2,1,1.7,4.7,5.01,65.94,0,0
2055,23.0,0,3.1,8.8,4.1,2.3,78.3,63.4,4.7,1.5,1.0,4.6,2,1,4.9,14.3,6.63,63.84,0,0
2056,21.0,0,5.7,9.2,8.5,5.7,81.1,53.7,4.7,2.8,3.6,8.3,0,0,10.0,11.1,6.38,59.9,2,2
2057,20.0,0,6.0,9.3,5.0,3.5,92.7,60.1,3.2,5.7,4.6,7.3,0,0,6.6,1.8,6.79,66.85,0,0
2058,19.0,1,3.9,8.4,6.0,0.9,100.0,87.5,8.4,3.5,2.9,4.8,0,0,1.5,9.2,4.6,78.96,0,0
2059,21.0,1,1.4,7.6,7.8,0.1,80.8,67.6,3.7,3.9,5.542839731870811,1.0,2,0,5.1,3.7,7.49,49.2,2,2
2060,20.0,0,3.8,5.1,11.8,2.5,95.3,100.0,3.6,3.4,4.1,5.7,0,1,0.0,4.8,6.8,35.43,1,1
2061,16.0,2,4.0,6.8,8.1,3.4,74.1,95.1,6.1,0.8,5.1,7.9,2,0,5.9,5.9,8.49,65.6,0,0
2062,20.0,0,1.7,9.8,8.3,2.5,100.0,87.1,8.4,3.3,5.4,6.9,0,0,7.8,2.4,4.45,54.27,2,2
2063,23.0,0,4.9,6.4,4.6,6.6,80.5,99.8,7.9,4.5,8.2,5.7,1,0,5.0,1.6,6.04,67.45,0,0
2064,20.0,0,4.8,9.0,6.4,3.7,84.1,53.8,4.6,1.9,4.1,5.1,0,1,0.0,9.9,5.09,39.14,1,1
2065,16.0,0,5.1,7.1,5.8,1.2,75.5,92.2,5.5,6.0,4.4,5.6,2,0,3.0,2.5,6.73,67.38,0,0
2066,22.0,1,4.8,3.5,9.5,0.0,82.8,85.3,9.6,2.1,8.2,3.1,1,1,3.7,7.9,6.71,31.99,1,1
2067,18.0,1,5.7,7.8,5.6,3.4,70.5,52.1,8.4,2.3,8.7,5.4,0,0,5.5,7.5,7.97,56.6,2,2
2068,18.0,2,3.8,8.6,9.3,4.8,79.2,62.0,7.9,3.5,8.7,1.7,0,0,1.8,4.5,7.59,31.26,1,1
2069,18.0,0,4.6,6.9,2.7,6.4,80.2,72.1,6.8,1.6,8.6,2.4,2,1,0.0,0.9,9.5,50.5,2,2
2070,19.0,1,3.4,8.6,9.5,2.6,66.3,71.6,6.2,7.0,1.0,6.6,0,0,3.9,4.5,7.63,64.1,0,0
2071,22.0,1,3.0,4.8,3.8,6.1,72.6,74.3,10.0,3.4,3.3,5.8,1,0,3.8,2.1,3.46,44.13,1,1
2072,20.0,1,6.9,5.2,8.1,0.6,52.7,63.9,8.5,5.0,10.0,3.2,1,1,2.4,6.0,7.06,29.67,1,1
2073,18.0,1,0.1,7.3,3.8,2.4,63.9,100.0,6.3,5.1,6.7,7.9,0,0,1.4,8.6,5.02,46.08,1,1
2074,23.0,2,6.0,7.6,7.5,1.2,79.8,52.8,7.6,4.6,9.4,5.5,1,1,0.2,1.7,6.23,42.88,1,1
2075,23.0,1,3.0,8.8,3.6,4.4,92.5,53.3,5.5,7.1,7.5,7.0,1,0,2.6,3.0,4.38,51.85,2,2
2076,23.0,0,2.7,7.8,8.6,0.7,75.4,58.0,2.5,4.3,6.6,8.0,0,0,6.4,8.6,8.91,49.81,2,2
2077,18.0,1,4.7,5.4,8.1,3.7,79.6,63.6,3.8,3.6,6.7,4.1,1,0,10.0,3.4,7.03,49.47,2,2
2078,20.0,0,1.2,7.3,4.5,0.8,95.1,62.2,5.0,5.0,5.2,2.9,0,0,7.4,4.2,6.46,52.78,2,2
2079,25.0,1,2.6,7.8,7.4,6.2,90.8,100.0,4.8,6.3,5.6,4.8,2,0,5.7,10.2,5.19,61.98,2,2
2080,22.0,0,2.5,4.6,8.4,2.3,90.6,63.1,4.4,2.1,3.0,4.3,0,0,2.3,1.4,6.98,31.22,1,1
2081,16.0,0,3.8,6.9,3.7,3.7,81.5,72.8,4.5,1.9,4.3,6.1,2,1,4.8,10.8,6.22,56.8,2,2
2082,16.0,0,4.219583121504829,6.6,3.4,0.0,73.6,52.3,8.9,2.9,4.5,6.7,0,0,6.5,5.6,9.83,65.44,0,0
2083,20.0,1,7.4,6.1,3.3,0.3,85.1,66.6,10.0,2.6,6.3,4.7,0,0,4.6,6.0,6.62,73.7,0,0
2084,24.0,1,7.8,7.6,3.0,1.6,96.7,85.8,8.9,3.6,7.1,7.8,1,1,6.6,3.9,6.37,66.59,0,0
2085,20.0,1,0.2,5.5,3.3,4.5,100.0,87.2,1.3,2.9,7.6,9.8,1,1,5.6,2.5,5.37,48.14,2,2
2086,20.0,1,5.3,7.5,8.3,4.2,100.0,92.7,8.4,2.5,9.7,2.6,0,0,10.0,2.6,8.22,61.59,2,2
2087,17.0,0,5.9,7.7,7.4,5.0,99.9,57.0,7.6,1.7,7.6,3.9,1,0,7.0,10.9,6.57,58.05,2,2
2088,21.0,0,5.3,8.4,1.8,0.3,80.6,62.9,5.9,0.4,7.2,5.4,0,0,0.0,4.8,6.04,63.32,0,0
2089,23.0,0,2.9,5.5,4.7,3.9,64.4,89.7,4.9,2.6,2.6,4.2,0,0,0.8,11.0,7.08,43.98,1,1
2090,19.0,0,3.7,5.0,3.1,2.0,87.8,74.6,5.3,1.3,2.0,6.9,2,0,3.8,2.4,5.8,49.55,2,2
2091,22.0,1,2.7,7.4,8.2,1.5,94.3,73.9,8.2,1.1,6.3,3.7,1,0,8.2,0.6,9.18,64.11,0,0
2092,25.0,1,3.4,6.6,4.9,2.0,46.8,85.6,6.8,2.1,4.8,4.5,0,1,2.3,5.6,4.51,39.31,1,1
2093,18.0,1,1.8,10.0,2.1,2.8,60.8,92.9,8.7,3.2,5.8,9.1,0,0,3.1,3.9,8.15,62.08,2,2
2094,20.0,0,4.0,7.6,6.4,4.2,74.1,62.4,7.8,1.3,3.1,8.9,1,0,1.9,11.6,5.51,52.85,2,2
2095,18.0,0,1.2,7.1,7.5,5.0,70.0,73.1,9.2,2.6,5.5,8.6,0,1,3.6,3.5,6.67,54.31,2,2
2096,23.0,1,3.8,6.8,3.6,3.9,59.1,72.8,7.4,1.5,4.4,4.2,1,1,7.2,1.3,7.86,56.58,2,2
2097,21.0,1,1.7,5.4,5.3,4.1,79.81730107309173,57.6,3.5,3.0,6.5,7.5,1,0,0.0,5.9,8.19,45.67,1,1
2098,21.0,0,4.6,7.7,3.7,6.3,96.1,80.4,2.5,1.1,6.8,8.3,1,0,3.2,1.4,4.6,66.85,0,0
2099,23.0,0,2.8,6.9,9.1,4.3,77.6,65.3,7.4,1.7,6.2,3.7,1,0,0.9,4.7,5.62,45.12,1,1
2100,19.0,0,4.8,6.9,4.9,2.6,58.4,74.9,7.3,4.8,3.0,1.6,1,1,6.4,6.7,6.48,56.5,2,2
2101,24.0,1,6.4,7.1,4.2,4.0,82.7,86.7,5.991217524197657,2.3,5.2,7.4,0,0,4.9,6.0,3.52,55.39,2,2
2102,20.0,1,7.4,7.3,6.047861775435752,6.1,65.6,79.8,6.5,4.4,9.2,1.8,0,0,2.4,5.0,9.44,51.27,2,2
2103,17.0,2,0.0,4.7,5.5,1.4,66.9,59.0,5.0,5.2,4.4,4.5,2,0,8.0,5.1,5.52,22.81,1,1
2104,22.0,0,2.5,8.1,7.7,2.2,92.5,78.7,4.9,0.7,4.0,2.3,2,0,3.9,3.0,4.28,45.1,1,1
2105,23.0,1,3.6,5.9,9.0,5.6,95.6,77.5,2.8,1.4,7.2,6.1,2,1,6.0,4.8,7.21,50.21,2,2
2106,19.0,1,5.1,6.8,9.1,2.5,76.2,64.9,6.1,3.8,4.3,10.0,1,0,7.5,6.6,5.4,60.3,2,2
2107,23.0,0,0.9,8.7,5.0,4.4,89.5,59.5,4.9,2.1,3.5,7.6,2,0,3.5,1.3,7.24,56.82,2,2
2108,24.0,1,2.2,9.3,6.8,5.3,66.0,77.8,6.8,4.1,4.0,9.3,0,0,3.0,3.4,5.94,55.31,2,2
2109,18.0,1,4.5,4.8,9.7,0.7,86.9,49.9,2.1,2.7,7.6,7.2,2,0,3.1,5.0,4.74,27.41,1,1
2110,25.0,1,4.4,7.0,9.8,2.3,75.0,55.8,7.3,1.4,5.1,2.4,2,0,3.9,7.9,5.11,44.18,1,1
2111,17.0,1,5.0,7.4,3.8,5.2,62.8,51.9,4.9,1.5,7.3,5.8,0,0,3.9,2.0,6.38,48.97,2,2
2112,18.0,0,5.1,5.0,7.5,2.8,68.2,53.2,5.991217524197657,1.7,8.1,6.6,0,0,8.8,4.3,7.02,32.53,1,1
2113,18.0,1,4.9,8.0,7.1,0.0,85.3,66.4,5.0,4.3,4.5,7.1,0,0,6.5,18.7,5.82,56.01,2,2
2114,24.0,0,4.6,7.2,8.3,2.1,60.8,94.1,2.5,3.4,5.542839731870811,8.2,0,1,1.7,5.2,7.74,59.22,2,2
2115,21.0,2,4.3,7.3,9.1,4.4,76.3,86.1,5.4,0.7,5.0,4.3,0,0,8.8,7.2,7.54,61.65,2,2
2116,17.0,1,5.5,5.8,3.4,5.3,93.9,95.2,6.3,2.6,3.7,5.957923664122137,0,0,5.8,9.6,8.28,71.44,0,0
2117,20.0,1,0.0,7.5,4.3,3.1,73.6,64.0,6.2,2.2,7.7,5.4,1,1,1.9,3.5,7.25,50.81,2,2
2118,21.0,0,7.3,8.1,8.3,3.9,60.0,38.8,7.0,5.6,4.6,7.8,0,0,4.2,5.7,9.71,61.66,2,2
2119,17.0,0,0.0,7.2,6.4,2.3,76.4,64.2,4.8,5.4,3.2,5.9,2,1,4.2,6.1,7.97,53.66,2,2
2120,24.0,0,2.0,6.3,1.0,4.6,88.8,95.3,7.7,3.3,9.3,6.1,0,0,4.9,3.3,7.69,62.45,2,2
2121,23.0,1,3.7,6.4,1.8,5.6,63.1,67.9,6.6,4.2,5.0,6.2,1,1,2.3,4.4,6.42,55.09,2,2
2122,20.0,1,5.5,7.3,7.7,4.4,95.4,74.6,7.8,0.9,5.4,6.8,0,0,5.5,2.6,7.7,63.24,0,0
2123,25.0,0,0.0,7.1,8.1,2.8,89.9,71.1,9.7,3.4,4.2,6.0,2,0,8.0,2.1,7.18,56.78,2,2
2124,19.0,2,4.1,8.2,6.047861775435752,3.8,79.81730107309173,87.6,2.6,3.8,3.0,8.8,0,1,6.4,4.7,7.73,79.54,0,0
2125,25.0,1,5.8,6.4,8.7,4.7,87.5,89.9,5.2,0.6,2.2,2.3,0,0,0.0,4.9,6.28,51.18,2,2
2126,21.0,0,6.2,5.4,5.5,3.0,81.7,47.1,4.3,1.2,7.4,8.0,0,0,2.4,3.3,9.51,54.86,2,2
2127,21.0,1,2.8,7.5,3.4,4.4,79.81730107309173,31.3,10.0,5.7,4.3,6.9,0,0,4.4,9.4,7.85,78.27,0,0
2128,18.0,2,3.6,6.4,4.6,3.7,80.9,86.8,7.3,0.5,1.0,6.6,0,0,4.1,11.9,5.47,65.27,0,0
2129,20.134890807516506,0,3.0,8.0,2.9,5.6,91.5,71.2,6.6,2.0,3.7,5.5,0,0,7.6,8.7,2.52,66.2,0,0
2130,19.0,1,3.4,7.0,4.5,4.3,96.8,86.8,8.6,1.2,4.9,10.0,2,1,7.6,6.6,6.29,73.82,0,0
2131,18.0,0,2.1,7.9,1.3,2.1,79.81730107309173,70.0,6.0,1.5,3.9,6.0,1,0,1.4,16.5,9.46,60.2,2,2
2132,16.0,1,2.4,5.7,5.8,5.5,70.9,84.4,7.0,2.3,6.6,8.8,0,0,2.5,2.3,6.37,52.86,2,2
2133,20.0,1,5.1,7.2,7.5,3.8,74.9,72.6,5.0,5.1,4.6,10.0,2,0,6.1,0.8,2.97,54.41,2,2
2134,20.0,1,4.5,6.1,2.6,2.7,72.1,62.0,3.0,1.6,7.4,4.4,1,0,8.3,7.0,4.02,53.53,2,2
2135,22.0,1,5.2,5.4,6.0,0.6,94.7,67.9,8.0,3.4,7.4,5.7,2,0,6.0,5.5,5.63,60.73,2,2
2136,24.0,1,4.6,5.9,4.0,3.4,60.5,72.0,3.9,5.9,3.3,2.6,0,0,5.1,4.4,6.26,45.01,1,1
2137,17.0,0,5.6,6.3,7.7,6.3,87.1,86.0,7.6,1.9,3.9,3.6,0,0,3.6,7.8,6.94,63.09,0,0
2138,22.0,0,6.0,8.6,1.0,0.0,98.0,71.9,8.4,3.4,7.8,7.3,0,1,7.7,2.7,3.47,79.72,0,0
2139,18.0,1,0.7,6.3,7.8,0.0,72.5,55.7,1.1,7.7,6.1,5.7,0,1,0.3,5.5447261663286005,7.13,28.64,1,1
2140,23.0,0,2.5,5.3,1.5,4.4,99.1,100.0,8.3,2.9,7.0,4.8,0,1,0.0,2.4,6.98,50.08,2,2
2141,23.0,0,3.7,7.2,5.5,3.4,95.0,80.6,6.6,1.5,7.0,10.0,2,0,8.5,6.0,5.45,80.99,0,0
2142,20.0,2,4.2,7.0,4.2,4.2,75.5,99.5,3.9,3.4,4.0,5.4,0,0,3.7,1.4,7.42,66.22,0,0
2143,22.0,0,2.9,6.4,5.1,2.1,90.6,55.3,2.2,3.3,10.0,3.1,1,1,2.7,4.1,8.5,41.36,1,1
2144,19.0,1,6.0,6.8,2.2,0.0,69.3,70.4,5.8,1.5,7.7,4.0,0,0,7.3,4.9,5.5,56.84,2,2
2145,20.0,1,8.2,8.3,10.2,1.5,65.7,78.4,5.6,0.6,4.6,6.4,0,0,4.9,10.9,8.49,54.28,2,2
2146,23.0,0,4.6,7.9,2.8,5.8,74.0,86.8,8.4,1.4,7.8,6.7,1,0,3.8,3.5,6.35,70.68,0,0
2147,20.134890807516506,1,4.4,7.8,3.0,2.2,97.6,41.0,6.1,2.2,5.2,4.4,0,1,3.0,7.9,7.65,59.92,2,2
2148,19.0,1,5.9,5.5,10.5,2.2,74.0,41.6,3.6,2.9,5.8,4.3,1,1,5.3,7.4,6.42,35.78,1,1
2149,20.0,1,0.5,10.0,6.8,0.0,80.5,63.1,2.6,2.5,4.1,4.4,0,0,5.8,3.8,5.53,34.3,1,1
2150,23.0,1,4.3,8.4,2.9,0.0,66.9,84.8,6.3,4.7,3.5,9.4,0,1,3.8,2.9,7.16,76.25,0,0
2151,19.0,1,6.2,7.7,5.7,5.0,91.3,62.9,6.0,3.3,7.2,9.0,0,1,5.0,0.2,6.18,66.03,0,0
2152,18.0,0,2.9,5.5,5.4,2.5,90.8,72.7,8.9,1.5,4.0,5.9,2,0,3.5,4.1,8.11,57.56,2,2
2153,22.0,1,1.7,8.2,1.8,4.8,70.8,75.9,4.9,2.6,3.8,6.7,0,0,0.3,3.9,6.56,40.03,1,1
2154,23.0,0,3.8,6.3,4.1,1.6,49.9,60.1,6.9,5.3,4.8,6.3,1,0,0.2,10.7,9.98,68.89,0,0
2155,17.0,0,4.1,6.7,5.9,0.4,75.3,100.0,5.7,8.1,3.1,4.8,1,1,5.4,1.9,6.6,76.57,0,0
2156,18.0,1,2.4,4.8,9.2,2.5,79.81730107309173,60.7,0.1,2.4,5.6,7.6,1,0,3.4,3.7,7.56,33.1,1,1
2157,17.0,1,8.4,5.4,5.5,2.0,79.8,37.8,7.6,1.6,4.4,2.3,0,0,5.7,4.7,7.38,43.04,1,1
2158,19.0,1,3.2,7.6,5.7,1.5,81.0,57.3,5.1,4.0,7.7,6.8,0,0,0.9,7.3,7.21,55.67,2,2
2159,20.0,1,1.9,8.3,4.0,1.5,84.5,60.0,7.5,3.1,7.8,8.4,0,0,7.1,1.3,5.51,55.23,2,2
2160,22.0,1,4.0,7.9,8.7,2.8,73.4,78.1,6.4,6.2,5.5,4.1,0,0,3.5,6.6,5.93,59.75,2,2
2161,21.0,1,6.0,7.8,8.3,2.1,63.7,79.1,3.8,6.3,3.7,5.1,2,1,4.5,2.2,6.47,58.85,2,2
2162,21.0,0,4.2,6.9,8.0,1.3,89.6,85.6,5.6,4.5,5.1,1.0,0,1,7.1,2.6,6.16,60.36,2,2
2163,19.0,0,4.219583121504829,6.5,6.3,6.2,68.5,100.0,5.9,2.9,4.7,4.1,1,1,3.0,2.0,7.52,62.91,2,2
2164,23.0,1,2.5,7.4,2.0,3.8,64.4,75.5,6.4,1.6,9.0,9.8,1,1,5.7,2.4,5.17,52.29,2,2
2165,20.0,1,7.2,8.1,8.7,3.3,86.5,90.2,7.1,1.3,4.8,1.8,1,0,5.2,3.3,5.81,59.93,2,2
2166,25.0,0,5.3,7.0,6.047861775435752,2.9,65.6,67.0,6.1,8.4,6.0,4.2,2,0,4.3,3.1,6.54,45.39,1,1
2167,21.0,0,6.3,8.6,5.2,4.2,69.4,80.2,9.8,1.9,6.9,9.2,0,0,6.3,1.5,6.24,70.7,0,0
2168,17.0,0,4.9,6.7,7.1,4.0,100.0,74.2518720906699,7.8,0.6,8.7,5.5,1,0,3.2,2.9,7.29,64.31,0,0
2169,21.0,0,5.8,5.7,6.6,1.1,100.0,72.3,8.2,4.1,4.7,4.5,2,0,6.4,1.9,6.71,70.95,0,0
2170,19.0,1,2.5,7.0,3.3,0.2,95.5,78.0,7.8,1.3,2.3,6.3,0,0,9.6,5.8,5.51,79.11,0,0
2171,22.0,1,3.2,7.1,5.2,0.0,89.9,92.7,6.2,1.7,5.8,4.6,0,0,6.5,3.2,7.16,69.94,0,0
2172,16.0,0,6.9,6.9,1.2,6.2,79.81730107309173,74.0,7.6,3.7,8.0,4.5,0,0,4.4,6.0,3.75,53.79,2,2
2173,18.0,1,7.3,8.7,6.2,2.2,100.0,74.0,8.7,1.7,6.3,6.5,1,0,1.8,5.0,8.09,81.5,0,0
2174,23.0,2,1.9,8.0,9.3,4.1,94.2,80.6,6.3,1.7,4.3,5.0,0,1,7.9,3.3,5.09,56.22,2,2
2175,18.0,0,4.7,5.1,1.5,3.4,83.3,90.8,8.3,1.6,4.8,6.6,0,1,4.9,2.3,8.47,62.85,2,2
2176,23.0,0,3.3,9.0,6.3,4.6,91.3,49.7,3.1,2.3,5.542839731870811,10.0,2,0,3.6,4.1,7.64,47.99,2,2
2177,18.0,1,2.8,3.4,7.7,2.9,74.0,79.4,8.4,13.7,5.0,7.8,0,0,6.6,7.8,8.85,38.23,1,1
2178,21.0,0,4.8,9.8,8.0,0.6,81.9,51.0,4.3,4.1,3.6,6.7,2,0,5.4,2.7,7.48,53.46,2,2
2179,22.0,0,6.5,6.6,4.1,1.1,82.5,98.6,3.1,0.6,6.4,5.4,1,0,4.5,1.4,7.45,54.15,2,2
2180,20.0,1,5.1,6.8,3.2,2.4,78.2,81.1,5.4,1.4,6.6,5.957923664122137,1,0,3.5,7.7,7.29,49.4,2,2
2181,19.0,1,3.6,6.9,4.5,0.1,75.9,97.1,6.5,4.4,5.7,8.7,2,0,5.2,5.5,8.49,75.52,0,0
2182,18.0,0,5.2,7.5,9.0,1.5,96.7,45.0,6.7,0.7,7.4,5.3,0,0,5.2,8.8,5.28,51.49,2,2
2183,16.0,0,3.5,7.0,1.7,0.8,67.6,72.0,8.8,4.7,8.2,3.9,0,0,0.0,2.0,5.6,51.72,2,2
2184,19.0,1,5.0,6.8,3.0,2.4,81.9,90.7,4.8,1.7,8.7,2.8,0,0,3.7,13.3,6.39,61.08,2,2
2185,21.0,1,7.0,8.7,4.9,2.1,63.2,100.0,9.6,4.1,5.8,6.2,0,0,7.0,10.1,6.81,65.82,0,0
2186,24.0,0,0.0,7.7,3.6,3.2,53.9,81.3,9.6,1.4,4.3,6.3,2,0,3.1,5.3,8.74,54.89,2,2
2187,23.0,0,5.8,5.8,5.9,4.5,95.5,67.3,6.5,2.5,1.0,4.6,0,0,7.3,5.6,6.77,59.8,2,2
2188,22.0,0,1.1,8.0,9.5,2.6,96.7,70.1,4.2,0.9,4.5,7.8,0,0,4.2,0.8,5.68,40.75,1,1
2189,22.0,0,6.7,7.7,3.0,0.3,73.7,56.2,10.0,1.3,2.7,6.6,0,0,6.6,4.6,5.35,72.19,0,0
2190,21.0,1,2.9,6.3,5.6,0.0,80.7,100.0,9.8,1.6,5.6,3.8,1,1,4.8,9.9,6.61,63.39,0,0
2191,18.0,0,1.8,8.0,6.0,3.3,76.2,86.7,6.4,2.8,7.3,2.4,0,0,5.2,3.4,6.74,54.4,2,2
2192,24.0,1,5.6,6.8,5.2,1.8,76.3,71.8,3.0,6.5,7.1,5.6,0,1,4.050203624516392,7.8,7.55,61.77,2,2
2193,21.0,2,4.9,6.7,2.1,2.7,73.7,84.8,7.4,2.7,7.3,4.9,1,0,1.7,6.4,5.79,64.28,0,0
2194,21.0,0,2.2,6.7,4.4,3.6,86.0,73.0,4.7,4.0,2.2,6.9,0,0,1.3,3.9,5.48,52.39,2,2
2195,17.0,1,1.7,3.8,4.4,5.6,75.0,69.6,7.9,10.5,2.3,7.8,2,0,2.0,2.6,5.23,29.53,1,1
2196,20.0,1,3.8,6.3,7.6,0.0,85.4,61.4,6.5,5.2,8.3,8.6,1,0,3.4,2.9,5.18,55.02,2,2
2197,20.0,0,1.8,7.9,7.0,1.2,100.0,61.7,2.5,2.6,1.0,3.7,1,0,3.2,2.0,8.17,60.17,2,2
2198,23.0,1,2.1,7.0,2.1,2.8,85.1,81.9,3.4,4.5,7.0,5.0,0,0,3.8,10.8,3.66,49.38,2,2
2199,20.0,1,4.4,5.3,5.0,0.9,81.6,93.9,4.3,1.1,5.1,4.6,2,0,8.0,6.9,4.97,42.6,1,1
2200,19.0,0,2.3,8.3,4.7,0.3,72.6,68.9,9.6,1.0,4.8,3.4,2,0,5.6,6.7,2.91,48.24,2,2
2201,25.0,1,5.1,6.6,10.9,5.4,79.8,60.7,4.6,5.7,5.9,7.9,1,0,1.7,0.6,3.03,43.71,1,1
2202,17.0,0,7.2,5.4,6.7,1.1,58.3,92.1,1.0,3.7,9.5,5.8,0,0,2.6,13.7,5.46,30.89,1,1
2203,19.0,1,3.9,9.9,3.3,0.6,100.0,76.4,5.6,3.0,3.8,7.9,1,0,2.1,1.6,3.72,66.27,0,0
2204,16.0,0,4.5,5.6,4.1,0.9,67.5,34.8,5.4,2.7,5.542839731870811,5.7,2,1,4.0,6.1,6.489753023681269,35.49,1,1
2205,22.0,1,8.2,8.1,5.1,5.0,55.1,62.3,9.5,2.8,8.0,7.5,0,0,2.1,14.0,6.12,57.31,2,2
2206,24.0,1,1.8,6.0,6.9,1.7,78.6,83.4,9.3,3.6,3.6,4.7,0,1,0.0,3.3,5.13,52.16,2,2
2207,18.0,0,6.6,7.2,7.2,0.5,84.6,60.8,3.1,0.4,7.4,3.4,0,0,6.5,7.1,8.4,40.32,1,1
2208,23.0,0,6.3,5.8,6.5,1.5,97.2,75.9,6.9,0.8,5.4,7.2,0,1,3.3,5.8,7.09,54.34,2,2
2209,19.0,1,5.9,5.4,5.5,2.9,83.2,52.6,7.7,3.8,1.0,3.3,0,0,0.0,8.4,6.81,47.47,2,2
2210,24.0,1,6.8,7.7,5.7,4.6,92.0,67.6,5.7,4.3,5.8,4.3,2,0,2.5,1.8,7.68,55.07,2,2
2211,22.0,0,4.8,7.5,5.7,4.5,92.1,55.4,6.4,3.2,5.7,5.957923664122137,0,1,0.0,8.3,4.97,51.94,2,2
2212,23.0,0,3.0,8.5,1.5,1.6,90.8,52.8,8.4,2.3,6.0,5.0,2,0,1.2,7.2,7.63,67.25,0,0
2213,16.0,2,6.4,7.0,5.8,2.0,65.3,61.3,6.6,1.6,7.0,7.8,1,0,0.5,4.9,6.63,61.28,2,2
2214,25.0,2,6.5,9.9,4.6,6.8,86.6,90.7,7.5,0.9,6.8,4.5,0,0,3.5,0.4,5.57,51.91,2,2
2215,22.0,0,6.4,7.3,1.9,4.8,62.0,82.5,9.1,2.0,5.5,2.8,0,0,9.7,12.1,10.0,63.34,0,0
2216,19.0,1,4.3,7.7,12.0,2.5,100.0,100.0,5.0,2.4,8.0,5.5,0,1,0.0,3.5,3.83,43.5,1,1
2217,23.0,0,2.8,5.2,6.8,0.0,89.1,64.2,7.8,1.7,4.7,1.0,1,0,0.0,2.6,5.56,45.67,1,1
2218,18.0,0,4.6,6.2,6.0,2.2,71.9,93.3,5.0,5.3,6.1,5.3,0,0,1.3,8.6,8.43,59.03,2,2
2219,20.134890807516506,1,6.1,7.7,5.1,0.6,84.9,100.0,8.4,3.0,3.6,3.2,0,0,6.6,3.4,4.56,69.28,0,0
2220,17.0,1,6.2,6.9,7.8,1.4,66.9,95.1,4.6,0.7,1.0,7.6,0,0,7.0,5.4,5.56,78.4,0,0
2221,22.0,1,3.3,7.2,3.1,1.3,59.8,95.4,7.0,0.6,3.8,6.4,1,0,5.3,1.6,6.18,58.56,2,2
2222,20.0,1,4.8,5.9,5.2,2.6,91.4,77.2,5.5,3.3,5.7,7.2,0,1,0.0,19.1,5.87,47.11,2,2
2223,17.0,1,1.6,7.2,3.6,3.1,67.2,79.2,7.3,1.3,2.0,7.8,1,0,3.9,3.5,5.82,58.84,2,2
2224,18.0,0,6.2,7.2,7.8,1.7,77.6,58.4,4.1,9.7,3.5,7.5,0,1,1.2,8.2,8.61,62.02,2,2
2225,16.0,0,2.6,5.5,3.9,0.7,82.7,26.9,5.4,2.3,9.3,7.4,0,1,0.5,11.6,6.52,37.91,1,1
2226,20.0,0,5.8,7.8,8.8,2.7,77.6,78.7,5.9,0.8,5.542839731870811,7.7,0,1,4.0,7.0,6.489753023681269,63.73,0,0
2227,19.0,1,1.9,4.8,5.8,2.1,66.6,57.7,3.6,2.8,6.5,8.1,1,0,3.1,7.9,6.57,41.84,1,1
2228,21.0,1,6.3,7.2,7.9,0.0,80.8,67.3,4.7,2.1,3.6,3.2,0,0,3.3,9.3,6.54,59.21,2,2
2229,19.0,0,4.8,9.3,7.0,4.1,81.9,60.1,2.4,6.3,2.5,7.6,0,0,5.0,8.9,9.85,65.78,0,0
2230,19.0,1,2.6,7.9,8.6,1.7,91.3,80.8,6.8,3.0,3.3,6.4,2,0,5.6,8.0,6.79,59.3,2,2
2231,22.0,0,5.6,7.9,3.7,2.5,100.0,71.4,7.7,1.5,7.8,6.9,1,0,5.2,2.7,6.86,75.66,0,0
2232,16.0,2,3.0,5.8,8.3,2.6,54.3,97.6,2.9,1.1,4.9,9.5,0,1,2.9,3.3,7.25,48.19,2,2
2233,24.0,1,5.7,9.3,1.3,3.0,69.6,62.0,3.4,1.4,5.8,7.0,1,0,1.3,11.2,4.52,59.89,2,2
2234,23.0,1,3.7,8.8,6.1,3.3,82.9,78.3,3.9,3.8,3.9,5.5,2,1,0.7,9.6,4.55,39.91,1,1
2235,21.0,1,0.8,5.9,4.6,0.7,93.1,71.6,3.2,5.0,7.1,2.2,1,0,4.3,4.7,0.79,20.1,1,1
2236,21.0,2,2.2,6.4,2.5,3.6,84.5,69.7,6.9,4.2,8.6,5.4,1,0,3.4,7.4,9.31,60.43,2,2
2237,24.0,0,3.3,8.6,3.8,2.4,94.6,73.6,4.5,0.6,10.0,7.1,0,1,3.3,9.8,6.0,59.31,2,2
2238,18.0,0,6.9,9.3,4.4,5.0,60.8,74.2518720906699,6.6,8.0,6.9,4.0,2,0,0.2,6.5,4.33,55.21,2,2
2239,17.0,1,6.0,5.4,5.5,4.5,75.9,90.2,4.4,0.7,3.4,8.5,2,1,5.0,11.1,6.34,45.52,1,1
2240,18.0,2,7.4,5.7,4.7,5.4,99.0,66.8,5.3,1.0,1.4,9.7,0,0,2.7,3.5,6.77,68.79,0,0
2241,23.0,1,7.5,6.8,6.2,1.3,68.8,64.0,8.3,4.2,8.4,6.4,1,0,5.8,13.1,4.25,59.65,2,2
2242,16.0,1,3.1,4.2,3.9,5.3,42.3,60.9,3.5,1.0,1.4,5.6,0,1,4.0,0.6,7.16,23.5,1,1
2243,21.0,0,3.8,7.0,4.8,3.2,69.4,77.1,4.8,4.3,5.3,5.3,1,0,5.0,3.9,7.62,60.87,2,2
2244,25.0,0,3.4,8.5,5.3,4.2,85.7,47.7,6.9,4.1,5.542839731870811,9.9,1,0,0.0,5.6,8.68,58.77,2,2
2245,23.0,1,2.9,5.1,6.5,4.2,79.1,71.1,5.3,1.3,9.2,8.6,0,0,7.1,7.4,5.9,43.6,1,1
2246,20.0,1,0.5,7.2,8.1,3.8,63.3,81.9,6.4,2.0,3.5,2.7,0,0,4.8,4.9,5.92,45.16,1,1
2247,20.134890807516506,1,4.2,6.2,8.1,1.0,70.6,61.9,6.0,2.9,5.8,5.9,0,0,1.0,1.1,5.66,53.06,2,2
2248,23.0,1,1.6,9.1,6.6,4.7,62.7,75.7,2.7,6.8,5.2,10.0,0,1,4.6,5.5447261663286005,5.51,61.23,2,2
2249,21.0,1,4.1,6.3,7.1,3.6,64.2,79.8,9.1,2.5,3.9,7.9,0,1,4.050203624516392,11.3,7.07,61.4,2,2
2250,17.0,2,8.4,9.0,6.8,0.3,68.6,43.3,5.8,10.6,8.2,3.9,1,0,4.9,7.4,4.22,42.82,1,1
2251,17.0,0,3.2,6.2,5.2,2.1,81.4,78.7,9.5,4.6,6.8,5.5,0,0,3.3,5.9,8.12,61.42,2,2
2252,24.0,0,4.6,8.0,8.3,0.8,49.0,66.7,6.7,2.6,2.9,5.3,1,1,1.2,7.3,7.28,49.84,2,2
2253,21.0,0,6.0,7.3,3.7,0.4,97.8,100.0,8.9,2.2,5.1,3.6,0,1,4.7,5.9,10.0,84.79,0,0
2254,23.0,0,4.8,6.8,1.0,4.5,78.7,78.6,8.2,2.3,4.7,10.0,2,0,0.4,3.1,4.76,66.07,0,0
2255,23.0,0,4.8,6.0,3.4,0.3,65.6,58.5,8.7,3.4,6.5,8.7,1,1,6.2,3.7,7.15,63.8,0,0
2256,21.0,0,3.5,7.4,9.5,0.6,67.3,42.3,5.5,1.0,9.7,6.9,0,0,6.6,5.3,4.81,30.28,1,1
2257,20.0,1,3.7,6.4,5.3,6.6,71.7,74.1,9.9,4.7,6.2,6.8,0,1,4.3,1.7,7.71,62.16,2,2
2258,20.0,0,2.3,6.1,6.7,2.2,80.1,98.5,5.0,4.0,4.9,9.0,1,1,3.7,3.5,7.02,69.1,0,0
2259,19.0,0,5.9,8.9,5.3,4.2,82.0,64.1,6.8,1.7,5.3,5.1,2,1,2.5,5.4,8.2,54.28,2,2
2260,20.0,0,0.7,7.7,7.4,5.0,77.5,80.7,7.9,2.0,6.4,7.8,0,1,3.0,7.0,5.24,49.89,2,2
2261,22.0,2,6.1,7.8,6.2,4.4,70.2,74.2518720906699,10.0,7.1,1.7,10.0,1,0,2.7,2.1,5.72,79.02,0,0
2262,21.0,1,1.4,6.5,5.8,3.3,79.9,87.4,8.4,3.2,7.9,6.8,1,0,3.8,0.6,6.1,54.14,2,2
2263,24.0,0,6.1,6.8,7.5,2.9,53.0,74.9,4.8,2.1,5.9,7.8,1,0,4.8,8.5,5.78,47.43,2,2
2264,20.0,1,3.5,6.7,4.8,4.0,64.2,63.2,6.6,3.9,5.2,5.8,2,0,1.1,3.3,2.41,40.13,1,1
2265,21.0,0,1.7,7.4,6.9,2.6,71.2,70.3,3.0,5.6,4.6,4.9,0,0,3.9,4.2,6.489753023681269,42.58,1,1
2266,21.0,1,5.4,7.8,5.6,4.3,62.6,55.7,9.2,4.0,5.4,3.8,1,0,3.4,8.2,6.0,60.28,2,2
2267,21.0,1,6.1,7.0,5.7,2.5,77.2,58.0,0.0,1.1,3.4,6.4,0,1,2.2,1.0,6.57,39.91,1,1
2268,22.0,1,3.3,6.0,4.0,2.7,62.6,92.8,5.6,5.5,1.9,2.8,0,0,6.1,2.6,9.66,61.66,2,2
2269,18.0,0,4.219583121504829,8.0,5.5,6.4,100.0,81.0,10.0,4.8,6.7,4.4,1,0,6.2,11.2,8.76,84.56,0,0
2270,20.0,1,0.0,7.0,4.6,2.1,61.1,80.2,7.7,3.7,3.9,4.9,0,0,4.7,6.3,7.25,47.85,2,2
2271,17.0,0,1.6,5.1,8.8,3.0,99.6,62.1,7.1,4.7,6.0,7.3,0,1,5.2,1.7,5.52,39.49,1,1
2272,19.0,1,6.8,4.2,1.8,3.8,53.9,96.6,3.4,1.1,5.1,4.3,1,0,6.6,7.0,6.55,34.29,1,1
2273,20.0,0,3.8,7.4,8.2,3.9,100.0,70.8,8.9,5.1,8.3,6.0,2,0,0.8,5.7,6.82,67.9,0,0
2274,21.0,0,0.5,5.9,1.6,3.5,87.6,77.4,4.0,0.5,6.5,3.0,0,1,0.7,10.2,5.11,35.51,1,1
2275,25.0,1,2.8,7.6,7.3,0.7,90.3,96.0,4.0,3.9,7.9,6.2,0,1,3.1,9.9,5.46,75.19,0,0
2276,21.0,1,4.219583121504829,6.0,3.9,3.3,62.3,62.0,8.9,1.7,7.2,8.1,0,1,4.9,4.8,6.45,44.05,1,1
2277,22.0,0,3.9,7.2,7.4,3.4,75.8,63.6,3.9,3.8,9.4,5.3,1,1,2.9,25.0,4.88,33.06,1,1
2278,20.0,0,3.5,6.5,5.7,5.1,76.7,93.6,2.8,1.3,2.1,3.1,0,1,5.8,0.5,6.489753023681269,51.09,2,2
2279,21.0,0,4.6,9.3,2.4,4.3,78.7,89.7,3.9,4.2,8.7,6.5,0,0,5.5,1.3,5.98,59.46,2,2
2280,17.0,1,4.1,8.2,9.4,5.2,96.5,81.2,6.4,2.9,3.8,10.0,0,1,6.3,6.8,9.77,79.71,0,0
2281,18.0,0,6.9,8.8,7.9,1.2,89.0,35.8,4.9,7.5,3.1,5.3,1,1,2.3,2.3,7.52,70.13,0,0
2282,19.0,2,5.0,7.0,7.3,1.2,77.8,98.0,10.0,4.7,2.7,6.4,0,0,3.6,3.7,10.0,82.55,0,0
2283,20.0,1,5.1,8.1,4.4,3.6,93.0,64.0,6.1,1.0,4.6,3.9,1,0,1.5,0.4,4.02,52.57,2,2
2284,16.0,1,6.5,7.1,8.0,5.0,95.4,64.6,3.3,4.0,6.4,5.0,1,0,4.050203624516392,5.1,7.31,54.47,2,2
2285,17.0,1,3.4,8.9,2.8,2.6,72.6,71.4,1.9,4.6,8.5,4.8,0,0,1.1,5.9,6.48,44.22,1,1
2286,18.0,0,1.7,6.9,1.0,1.7,72.2,53.4,8.0,4.3,1.3,7.2,1,1,2.9,4.0,3.18,45.49,1,1
2287,25.0,0,6.6,5.2,2.1,0.1,100.0,96.9,6.7,1.3,6.2,4.4,0,0,5.0,3.1,5.83,56.49,2,2
2288,19.0,1,4.5,4.4,3.7,3.7,76.9,78.1,7.3,3.5,3.3,5.1,1,0,6.3,1.4,6.7,57.38,2,2
2289,20.0,1,4.5,9.2,4.1,2.8,71.6,87.6,5.1,0.5,2.7,6.5,2,0,3.8,12.1,6.24,53.7,2,2
2290,18.0,1,2.9,7.6,4.9,2.2,78.0,61.1,6.3,1.0,4.3,1.5,0,1,0.0,1.2,8.24,48.36,2,2
2291,21.0,1,3.0,7.7,6.047861775435752,4.6,94.0,92.8,8.6,7.7,5.7,7.6,2,0,4.3,1.5,5.98,73.31,0,0
2292,18.0,1,5.9,8.9,4.4,2.8,89.3,100.0,6.0,7.9,4.0,3.1,0,1,4.7,4.7,10.0,79.45,0,0
2293,18.0,2,6.2,4.9,1.0,3.0,78.4,52.1,3.5,1.5,2.8,3.4,1,0,4.1,9.0,6.19,38.53,1,1
2294,20.0,1,5.8,6.5,6.5,4.6,88.0,54.8,7.6,6.6,4.6,3.5,0,0,5.2,5.2,3.49,66.12,0,0
2295,16.0,1,5.8,6.7,5.3,6.9,83.3,60.5,5.2,3.2,6.8,9.1,0,0,3.9,12.9,5.71,58.7,2,2
2296,16.0,0,5.3,8.0,4.3,2.2,78.2,91.6,8.1,3.6,6.4,8.9,0,1,3.3,1.3,7.35,73.55,0,0
2297,18.0,0,4.5,6.1,9.5,1.4,76.1,74.2518720906699,6.1,0.4,4.4,4.3,1,1,5.6,1.3,4.49,47.79,2,2
2298,16.0,0,3.8,5.4,5.4,1.2,81.9,73.8,7.9,12.7,5.1,9.6,1,1,4.7,4.1,5.24,57.46,2,2
2299,17.0,1,6.6,5.4,6.1,3.9,74.6,81.6,7.1,1.6,3.8,9.5,2,0,4.7,0.9,9.78,64.9,0,0
2300,19.0,1,3.5,8.5,8.0,1.0,80.9,100.0,8.9,3.2,6.0,6.3,2,1,6.6,5.2,5.39,72.77,0,0
2301,23.0,2,4.9,6.0,2.3,2.3,79.4,43.6,8.1,1.3,7.4,10.0,1,0,5.5,17.3,9.87,63.9,0,0
2302,21.0,0,2.6,6.3,5.9,2.5,61.1,69.4,3.1,1.6,3.8,8.9,1,0,7.2,7.3,7.08,58.1,2,2
2303,20.0,1,2.9,7.8,8.0,5.8,73.1,19.6,1.9,2.7,4.4,5.7,0,0,4.3,0.5,4.81,29.96,1,1
2304,19.0,0,3.7,6.1,5.8,5.1,76.6,84.1,5.8,5.4,6.7,5.957923664122137,2,0,9.0,1.8,4.15,64.26,0,0
2305,24.0,0,2.6,4.8,2.7,0.2,100.0,94.6,7.3,2.6,10.0,4.6,0,0,5.9,3.4,7.51,48.91,2,2
2306,19.0,1,5.8,4.9,4.8,5.9,77.9,69.5,4.4,0.9,7.0,5.3,1,0,2.9,4.4,6.88,48.75,2,2
2307,17.0,0,1.5,6.9,6.5,0.8,83.6,86.8,7.0,5.9,5.1,5.7,2,0,4.050203624516392,4.1,4.59,54.32,2,2
2308,21.0,2,4.4,7.6,1.0,3.3,100.0,47.4,6.9,6.3,3.2,4.0,2,1,4.3,5.6,8.46,72.99,0,0
2309,17.0,1,4.5,6.7,2.6,1.5,59.5,83.6,5.8,0.8,7.8,6.4,2,1,7.5,3.5,5.84,58.1,2,2
2310,19.0,0,0.6,7.6,10.9,2.3,60.1,100.0,4.6,3.9,3.7,1.7,0,0,5.0,3.6,5.58,37.84,1,1
2311,20.0,0,3.3,4.9,7.2,1.2,69.9,68.1,3.8,1.5,5.0,6.3,0,0,6.0,8.5,5.06,40.29,1,1
2312,23.0,0,4.7,5.0,9.7,6.0,75.7,82.5,10.0,1.6,4.6,5.2,1,0,0.0,5.1,6.68,41.7,1,1
2313,20.0,1,5.1,9.9,8.2,2.7,77.0,64.4,1.3,2.9,5.3,7.6,0,0,5.8,1.7,6.74,46.13,1,1
2314,22.0,1,3.8,8.6,7.0,3.4,73.4,78.2,3.3,1.7,3.4,5.0,1,0,8.2,12.3,8.78,67.36,0,0
2315,25.0,0,5.6,8.0,5.2,1.1,64.0,94.9,10.0,0.9,7.6,6.6,1,0,4.3,5.6,8.25,78.32,0,0
2316,17.0,1,4.0,6.1,7.0,0.5,92.7,85.8,3.7,3.3,6.5,5.3,0,0,5.4,4.8,4.19,53.14,2,2
2317,18.0,1,4.2,6.7,9.6,2.2,74.1,73.2,4.8,1.0,4.8,3.7,2,0,8.2,11.1,4.69,33.16,1,1
2318,19.0,1,4.7,7.0,8.1,3.9,95.4,72.9,7.5,5.8,5.0,6.3,0,0,5.9,3.4,7.26,70.16,0,0
2319,19.0,1,6.1,8.7,6.4,2.8,66.8,53.4,7.1,0.7,4.8,6.1,0,1,2.9,5.0,3.94,46.71,2,2
2320,19.0,2,2.8,7.5,5.6,4.8,100.0,93.3,7.0,2.0,5.8,8.1,1,0,1.4,1.7,7.92,79.44,0,0
2321,24.0,1,3.2,7.7,7.2,3.03210685483871,58.3,88.5,9.3,3.7,3.8,9.2,0,0,0.9,13.8,6.0,70.25,0,0
2322,22.0,2,2.9,6.8,4.7,3.0,79.8,52.4,3.9,0.7,3.2,10.0,1,0,6.4,1.8,8.34,68.76,0,0
2323,21.0,1,3.5,8.0,7.2,4.0,67.0,78.2,6.4,2.3,5.0,6.8,0,0,9.8,7.5,9.03,62.6,2,2
2324,19.0,1,7.1,7.4,4.3,3.2,80.5,58.3,5.9,0.2,6.9,6.9,2,0,7.2,2.6,6.36,50.16,2,2
2325,23.0,1,5.3,7.1,5.1,4.7,67.3,66.8,4.1,1.9,8.9,6.6,0,0,3.3,5.8,9.89,57.26,2,2
2326,25.0,0,1.9,6.0,3.4,4.0,52.1,89.6,6.2,2.4,5.9,4.2,2,0,9.2,3.4,4.7,42.88,1,1
2327,23.0,0,3.0,6.9,4.9,4.6,69.9,92.8,7.2,4.5,7.3,5.2,1,1,1.5,1.7,6.82,50.55,2,2
2328,16.0,1,4.9,5.6,4.3,3.03210685483871,100.0,87.8,7.3,6.8,7.3,7.0,1,0,5.3,1.9,7.56,69.53,0,0
2329,21.0,0,2.4,6.9,10.2,5.4,67.0,70.1,8.4,0.8,6.2,8.7,0,0,2.4,3.9,5.78,40.46,1,1
2330,16.0,1,2.7,7.1,3.8,4.5,86.6,83.3,5.9,1.0,6.5,8.6,0,1,0.0,13.1,6.489753023681269,61.84,2,2
2331,18.0,0,6.9,3.9,7.0,6.1,80.1,61.1,3.8,0.8,4.6,5.5,0,1,7.1,7.5,8.92,34.71,1,1
2332,16.0,2,3.0,6.7,3.6,2.0,74.1,88.5,3.0,5.9,5.542839731870811,4.3,0,0,6.0,7.6,4.26,66.22,0,0
2333,21.0,0,6.1,5.5,6.1,4.5,100.0,74.7,5.0,2.8,3.4,9.2,1,0,1.0,9.5,6.87,69.65,0,0
2334,22.0,2,6.7,7.6,6.7,0.5,75.9,66.5,3.0,0.9,5.1,4.7,2,1,5.6,5.5447261663286005,5.84,52.15,2,2
2335,17.0,1,2.7,7.8,1.4,4.7,82.2,61.9,4.4,3.4,6.1,3.3,2,0,3.6,11.6,4.81,52.28,2,2
2336,19.0,1,2.4,6.4,2.5,3.1,81.1,87.2,3.4,1.6,4.7,6.5,2,0,3.8,3.8,7.17,52.13,2,2
2337,20.0,1,3.6,7.7,3.6,4.7,100.0,72.5,4.6,1.7,5.4,5.3,1,0,3.4,8.2,8.08,66.77,0,0
2338,19.0,0,2.0,7.8,2.7,6.0,60.5,66.2,9.9,7.8,2.2,5.8,0,0,8.4,15.2,6.489753023681269,62.68,2,2
2339,17.0,0,4.4,6.7,6.2,4.4,100.0,66.1,5.7,0.4,10.0,5.5,2,1,5.5,1.1,7.05,47.09,2,2
2340,19.0,1,3.8,9.0,6.6,2.3,99.8,52.6,9.5,0.8,9.0,5.8,0,1,4.7,5.5,9.95,62.43,2,2
2341,22.0,0,4.9,6.1,3.3,1.0,85.2,78.0,6.9,2.8,5.1,5.9,0,1,2.8,11.8,8.8,61.0,2,2
2342,17.0,1,7.0,8.9,6.3,4.0,88.0,80.2,4.6,6.7,6.1,7.2,1,1,4.8,4.3,7.53,66.05,0,0
2343,17.0,1,5.8,6.7,4.9,2.5,77.0,48.3,5.7,1.2,9.2,6.3,2,0,4.8,8.6,6.16,47.58,2,2
2344,19.0,0,5.2,5.9,5.8,4.2,82.0,55.6,2.4,8.3,7.2,5.9,2,0,5.2,17.9,8.77,51.57,2,2
2345,24.0,1,0.3,6.5,4.4,2.1,85.5,45.3,5.3,2.3,4.2,5.957923664122137,1,1,10.0,4.1,9.83,58.22,2,2
2346,21.0,0,5.1,5.6,7.2,1.3,68.2,96.7,3.1,7.9,5.542839731870811,7.8,0,1,4.050203624516392,8.4,4.25,44.73,1,1
2347,21.0,1,7.6,8.0,10.1,2.6,99.8,86.1,7.3,2.0,2.5,3.2,1,1,2.7,3.0,7.31,63.01,2,2
2348,19.0,0,0.0,4.9,7.9,3.9,82.9,94.9,5.0,4.7,6.1,4.5,2,0,4.5,8.2,4.98,30.04,1,1
2349,21.0,1,5.6,8.8,9.5,3.2,81.8,100.0,5.3,2.6,6.1,2.5,0,0,3.3,6.6,7.31,55.73,2,2
2350,16.0,1,3.9,5.8,2.5,1.5,68.7,82.9,5.1,2.1,1.4,5.9,2,0,4.2,9.0,6.08,59.58,2,2
2351,21.0,0,2.5,8.1,4.3,6.2,95.2,73.9,8.0,2.8,7.8,4.8,1,0,0.6,0.5,4.98,50.38,2,2
2352,24.0,0,5.8,7.0,7.4,2.8,79.4,78.5,4.0,5.0,6.5,3.9,2,0,2.7,1.3,8.45,54.36,2,2
2353,21.0,1,7.6,7.4,9.8,0.0,73.2,63.4,3.9,2.4,4.8,6.0,1,0,0.8,5.5,6.4,56.5,2,2
2354,23.0,1,5.8,6.2,7.6,4.7,65.9,60.5,6.8,1.6,4.9,3.8,0,0,2.2,6.2,6.489753023681269,49.54,2,2
2355,22.0,0,3.5,7.5,3.4,3.0,77.9,67.4,8.4,8.0,7.4,5.957923664122137,1,0,3.1,4.0,7.41,67.06,0,0
2356,17.0,1,2.3,7.2,4.9,2.7,64.8,70.5,6.7,11.6,4.2,5.8,2,0,0.0,5.2,3.83,45.92,1,1
2357,24.0,0,4.5,5.1,6.8,2.7,84.5,45.1,10.0,6.5,4.1,5.4,2,0,5.8,3.6,8.32,60.35,2,2
2358,16.0,0,5.9,5.7,5.6,2.7,90.1,52.7,3.9,0.5,3.9,6.3,1,0,0.3,3.3,6.47,47.24,2,2
2359,20.0,1,3.4,6.3,4.0,6.0,74.9,52.1,1.2,3.5,7.2,7.1,0,0,2.4,6.8,7.45,47.89,2,2
2360,17.0,1,3.6,6.0,5.3,3.8,83.1,51.4,7.1,2.8,6.9,5.8,0,0,2.3,3.5,7.5,52.27,2,2
2361,16.0,0,9.8,8.6,6.0,3.5,95.9,86.5,5.7,5.7,3.0,5.3,0,1,0.9,2.3,8.15,56.11,2,2
2362,19.0,1,6.4,7.0,3.3,2.5,77.8,69.0,7.0,0.3,5.8,5.6,0,1,6.9,5.0,5.91,65.71,0,0
2363,19.0,0,6.5,6.0,8.5,6.1,78.6,71.5,7.9,8.5,6.1,7.7,0,0,5.9,7.7,8.37,63.32,0,0
2364,20.0,1,1.3,6.4,4.9,4.5,80.1,81.9,2.6,3.2008618067525094,8.1,2.6,2,1,5.3,13.5,3.7,32.35,1,1
2365,21.0,1,2.8,6.3,5.8,4.8,74.3,89.8,5.4,2.3,4.6,5.9,2,0,4.7,1.7,6.8,50.65,2,2
2366,16.0,1,4.3,6.6,8.6,3.5,75.4,83.2,7.3,1.6,4.3,8.9,0,0,4.7,5.1,3.96,56.92,2,2
2367,17.0,0,2.2,5.6,5.7,4.8,70.0,100.0,6.6,5.1,6.7,7.9,0,1,4.050203624516392,2.6,4.21,56.44,2,2
2368,20.0,1,7.4,5.9,8.5,3.7,85.6,75.7,5.6,3.2,4.3,6.6,0,1,7.3,8.7,8.45,55.87,2,2
2369,19.0,1,7.0,8.0,3.4,2.3,79.1,78.6,7.6,4.8,7.0,7.2,1,1,4.7,3.0,8.76,86.22,0,0
2370,22.0,0,3.1,7.2,7.1,3.7,87.8,64.1,8.2,1.8,6.0,10.0,0,0,5.8,3.0,3.47,66.58,0,0
2371,21.0,1,7.8,6.8,8.1,6.8,93.3,40.9,1.5,4.9,1.7,6.4,0,0,0.0,7.3,5.98,55.38,2,2
2372,23.0,1,4.2,7.0,3.9,3.4,66.3,76.4,9.5,3.7,4.9,5.0,0,0,0.8,3.6,6.57,64.21,0,0
2373,22.0,1,9.4,6.9,5.6,5.3,69.1,90.5,3.3,2.8,6.0,8.8,0,0,5.4,4.4,6.69,59.51,2,2
2374,19.0,1,4.5,6.7,5.6,5.1,89.0,61.6,7.3,4.0,7.1,6.4,0,1,5.1,9.7,2.78,57.19,2,2
2375,21.0,0,5.4,7.7,6.5,4.0,76.7,65.8,5.3,4.1,4.4,2.0,1,0,5.5,2.2,7.22,51.18,2,2
2376,18.0,0,7.0,7.6,7.2,6.0,81.0,92.3,8.8,5.3,3.7,6.5,1,0,2.8,1.1,10.0,79.62,0,0
2377,19.0,1,6.8,5.0,3.7,0.0,81.1,74.1,7.6,1.8,3.6,7.2,2,1,7.1,2.6,5.16,61.75,2,2
2378,22.0,0,5.2,6.8,5.8,0.0,67.7,58.4,7.3,1.9,5.9,3.9,0,0,6.7,1.6,6.01,47.15,2,2
2379,20.0,0,3.9,5.0,10.0,6.1,86.6,57.8,6.5,3.1,5.6,10.0,0,0,3.4,1.8,6.93,43.52,1,1
2380,23.0,0,5.2,7.8,8.6,1.8,83.2,86.8,4.8,7.9,4.0,4.6,1,0,1.4,1.4,4.46,63.74,0,0
2381,23.0,1,2.6,8.0,8.0,3.2,66.9,72.6,3.8,7.0,6.5,4.9,0,0,3.9,6.7,4.16,42.49,1,1
2382,23.0,0,4.5,6.2,5.5,6.2,77.9,72.4,3.0,7.1,6.0,8.1,0,1,6.9,1.6,6.0,59.28,2,2
2383,24.0,0,2.0,6.8,11.3,3.4,78.6,50.2,4.6,6.8,4.2,7.4,0,0,3.8,2.7,7.66,51.7,2,2
2384,20.0,0,0.6,4.3,8.6,6.0,89.7,83.6,8.0,1.3,4.2,6.4,0,1,6.4,7.3,6.85,38.56,1,1
2385,19.0,1,4.3,8.3,6.1,2.3,95.3,93.6,3.8,5.7,9.3,7.0,2,0,4.8,3.1,7.48,69.76,0,0
2386,21.0,1,6.7,7.9,6.6,4.1,79.9,68.5,8.7,2.1,1.0,5.2,2,0,7.2,11.5,5.66,50.74,2,2
2387,19.0,0,6.1,8.5,4.9,3.1,58.2,82.4,3.7,1.6,2.1,4.9,0,1,0.0,8.0,6.89,54.12,2,2
2388,21.0,1,4.0,8.9,7.0,5.7,89.4,67.7,5.6,1.5,5.0,3.6,1,0,4.3,7.3,3.96,38.45,1,1
2389,22.0,2,7.7,5.4,7.5,2.5,100.0,85.7,7.0,1.8,7.7,10.0,1,1,7.8,6.5,5.19,62.33,2,2
2390,20.134890807516506,1,3.1,8.2,7.8,1.3,89.3,83.9,8.3,2.1,3.6,3.0,1,1,4.050203624516392,4.0,4.65,54.45,2,2
2391,19.0,0,0.4,8.9,5.5,2.2,76.5,68.1,5.2,5.0,6.8,5.9,2,1,8.2,3.2,6.6,57.2,2,2
2392,18.0,2,0.0,5.1,2.3,2.2,85.2,36.7,7.1,2.0,1.6,3.1,1,0,4.2,6.9,7.26,31.09,1,1
2393,20.0,0,1.8,6.8,6.6,1.8,90.4,60.6,6.5,4.1,4.9,5.6,0,0,2.1,5.0,7.77,60.96,2,2
2394,17.0,0,5.8,6.5,7.8,1.8,81.5,81.2,5.5,10.0,6.2,7.0,1,0,2.1,6.6,7.17,68.13,0,0
2395,24.0,0,2.9,8.1,3.6,5.0,97.1,90.9,3.7,7.3,7.4,6.1,1,1,2.9,8.4,7.34,69.84,0,0
2396,19.0,1,5.1,3.9,5.8,5.5,65.3,64.1,7.0,1.4,6.8,10.0,1,0,3.9,3.2,7.09,25.16,1,1
2397,17.0,0,7.5,9.4,9.4,3.7,74.7,99.2,6.1,3.1,1.4,6.9,1,0,6.3,3.6,7.84,66.19,0,0
2398,16.0,1,2.0,6.9,3.0,1.8,86.0,100.0,5.3,1.0,5.5,6.1,2,0,5.4,7.9,6.489753023681269,69.16,0,0
2399,21.0,0,5.2,8.2,5.3,1.9,89.1,87.6,6.3,3.6,3.9,7.4,0,0,1.3,4.9,5.92,73.35,0,0
2400,21.0,1,5.3,6.9,9.7,0.0,72.9,54.6,7.3,8.3,5.3,4.9,0,0,3.3,11.3,5.76,64.42,0,0
2401,19.0,0,2.5,7.6,6.4,3.7,74.1,87.8,2.3,1.2,4.8,5.6,0,0,3.4,5.8,7.58,47.16,2,2
2402,17.0,0,6.9,4.0,4.7,1.8,71.3,65.3,4.8,3.1,7.0,3.2,2,0,5.7,2.7,6.45,26.16,1,1
2403,19.0,1,3.6,6.5,6.0,5.6,70.3,64.3,3.9,2.9,5.4,8.1,2,0,4.050203624516392,2.4,6.58,45.41,1,1
2404,19.0,1,3.4,8.1,8.1,0.5,86.7,83.2,4.0,5.0,6.0,6.9,0,0,6.7,5.6,5.8,70.7,0,0
2405,21.0,2,8.4,7.4,5.5,1.9,79.5,82.7,4.3,3.0,5.6,7.8,0,1,6.7,5.0,4.69,54.16,2,2
2406,21.0,1,5.2,4.9,7.5,2.8,96.9,83.2,8.4,2.2,1.0,9.1,0,0,5.8,7.1,6.28,73.38,0,0
2407,19.0,1,6.1,7.1,6.6,3.8,65.8,86.8,6.7,3.0,5.6,6.1,0,0,0.0,4.0,7.06,68.19,0,0
2408,18.0,1,6.9,5.9,6.8,6.2,78.0,74.0,3.6,6.5,5.4,5.3,0,0,1.8,3.7,7.36,55.76,2,2
2409,25.0,2,2.9,5.8,7.7,0.5,89.6,48.9,6.4,2.1,6.6,6.7,1,0,1.7,13.2,6.61,55.45,2,2
2410,20.0,2,6.7,5.0,5.3,2.5,84.5,100.0,6.9,5.2,6.5,5.8,1,1,5.5,3.4,4.98,53.14,2,2
2411,22.0,0,3.2,7.8,3.6,0.4,65.7,68.0,5.2,3.1,1.5,4.5,1,0,5.8,5.0,4.58,62.4,2,2
2412,17.0,0,3.1,8.4,7.2,4.4,95.0,62.2,3.2,5.5,3.1,5.3,0,1,7.2,8.8,4.27,56.92,2,2
2413,20.0,1,3.7,9.8,5.7,1.8,81.2,53.1,3.6,3.5,5.7,7.0,1,0,6.7,10.3,2.13,46.59,1,2
2414,16.0,2,3.0,5.1,4.9,2.8,100.0,77.7,2.5,3.6,6.7,4.2,2,1,4.5,1.4,6.15,31.94,1,1
2415,20.0,1,5.8,8.0,7.3,2.7,78.3,75.6,10.0,4.4,4.8,2.2,1,0,2.8,1.3,5.94,49.14,2,2
2416,25.0,1,4.7,8.1,9.2,3.2,95.1,72.8,2.2,0.6,6.6,2.8,0,0,6.6,0.9,6.64,40.49,1,1
2417,19.0,1,3.2,6.2,5.6,2.7,75.3,100.0,3.2,8.4,9.8,7.0,2,1,0.9,4.1,8.3,52.41,2,2
2418,16.0,0,5.5,5.8,6.0,1.3,76.9,86.9,5.9,6.2,6.6,5.7,0,1,1.6,6.9,5.64,66.91,0,0
2419,16.0,0,3.6,5.6,3.0,3.2,86.4,56.7,2.0,2.2,8.6,6.3,2,0,0.0,4.5,2.5,33.59,1,1
2420,19.0,1,3.5,6.3,5.4,1.6,57.9,100.0,3.5,4.1,4.9,5.7,1,0,5.2,5.5447261663286005,3.94,50.45,2,2
2421,18.0,2,4.3,7.3,6.6,4.5,53.8,47.7,6.3,2.5,6.9,6.9,0,0,0.0,10.0,5.6,46.16,1,1
2422,16.0,1,5.1,8.8,5.9,3.1,71.2,72.9,6.4,5.4,7.7,8.0,1,0,1.2,1.8,7.06,67.71,0,0
2423,22.0,1,5.0,8.4,5.1,1.1,63.1,61.9,6.9,4.2,7.8,7.6,0,0,4.6,4.9,6.18,53.63,2,2
2424,20.0,1,3.5,4.9,7.8,7.3,50.7,81.7,7.6,4.9,1.0,2.9,2,0,3.6,8.7,8.24,42.35,1,1
2425,18.0,0,5.9,6.0,6.1,6.0,89.7,86.5,5.9,0.5,4.2,4.1,2,1,2.6,25.0,8.87,45.16,1,1
2426,24.0,0,3.8,8.7,12.5,7.4,69.7,67.6,4.5,0.5,7.4,5.957923664122137,0,1,0.0,5.9,3.48,28.77,1,1
2427,17.0,1,2.9,6.0,6.5,2.4,75.5,93.9,7.0,2.0,2.3,4.5,1,0,7.2,1.6,7.42,59.49,2,2
2428,25.0,0,1.3,6.9,1.0,1.5,81.8,78.6,9.1,1.0,3.7,8.3,2,0,6.7,3.7,7.26,67.16,0,0
2429,19.0,1,6.2,4.8,3.2,4.5,86.6,100.0,7.4,0.9,6.8,8.9,0,0,4.2,5.2,6.46,59.44,2,2
2430,20.134890807516506,0,4.2,8.5,7.3,5.0,83.7,74.2518720906699,5.991217524197657,3.0,3.9,8.9,0,1,5.9,1.4,6.65,68.89,0,0
2431,21.0,2,4.6,4.5,4.4,3.4,82.6,66.5,7.4,6.6,3.0,5.7,0,0,8.4,9.0,5.03,58.38,2,2
2432,23.0,1,6.3,4.9,4.5,0.0,86.1,94.0,7.2,1.4,8.5,7.0,0,1,3.0,11.9,7.68,59.1,2,2
2433,25.0,0,3.2,8.4,2.9,1.2,73.5,63.4,3.3,4.1,5.542839731870811,5.8,0,1,0.0,4.1,5.42,52.37,2,2
2434,18.0,0,1.5,9.5,4.8,3.8,70.7,86.3,5.5,2.4,3.0,9.3,2,0,6.2,6.2,5.9,55.53,2,2
2435,25.0,1,4.3,6.6,6.5,1.8,49.9,84.5,7.2,2.9,3.1,6.0,1,0,0.3,0.7,8.73,64.35,0,0
2436,19.0,2,4.8,6.9,7.0,0.5,88.3,65.7,8.6,1.3,8.3,9.7,1,0,4.2,9.4,8.16,78.24,0,0
2437,19.0,0,3.7,8.2,3.5,2.5,71.1,39.1,4.6,3.2,6.2,1.0,0,0,3.9,1.9,4.16,39.93,1,1
2438,19.0,1,7.1,7.4,8.0,0.0,100.0,100.0,2.8,9.4,8.4,4.6,1,0,9.3,2.9,4.29,67.26,0,0
2439,20.0,1,0.0,6.5,3.0,1.9,89.6,82.5,7.1,2.9,4.9,5.2,0,0,6.7,1.5,6.84,56.15,2,2
2440,17.0,1,6.4,6.4,7.1,2.2,92.4,75.4,5.5,1.1,5.7,10.0,0,1,7.5,5.9,6.13,51.67,2,2
2441,20.0,0,5.8,5.0,6.8,3.6,89.2,75.3,6.5,1.7,3.5,5.957923664122137,1,0,7.7,2.8,9.72,59.16,2,2
2442,20.0,0,5.1,7.3,3.7,4.0,86.9,92.5,6.4,1.7,7.5,6.5,0,0,3.9,8.3,5.36,60.86,2,2
2443,22.0,0,0.0,6.9,3.4,3.7,86.2,100.0,6.3,5.0,3.2,7.0,1,0,2.4,2.8,5.49,58.23,2,2
2444,23.0,1,6.8,6.4,7.0,4.6,87.4,91.2,5.1,1.8,9.5,8.5,0,0,7.5,11.4,9.29,67.9,0,0
2445,20.0,1,2.1,5.7,4.6,2.7,82.3,81.6,8.0,3.3,3.0,4.6,0,0,7.7,1.9,3.96,61.48,2,2
2446,19.0,1,3.2,5.8,5.5,0.4,72.0,80.1,4.1,0.7,2.5,2.4,0,0,5.1,1.4,7.12,51.01,2,2
2447,18.0,0,3.9,7.8,7.7,3.1,64.7,81.6,6.6,3.6,6.3,8.2,0,1,3.9,17.4,8.98,65.59,0,0
2448,18.0,2,5.0,8.1,7.2,1.4,85.5,56.9,6.9,0.8,3.8,8.5,0,1,7.2,3.6,6.01,71.24,0,0
2449,16.0,0,5.5,6.6,3.7,0.6,96.8,85.5,5.6,3.2008618067525094,4.4,5.6,1,1,2.6,5.7,4.12,59.23,2,2
2450,19.0,1,6.0,6.4,5.9,4.0,78.4,51.4,7.7,8.9,7.8,6.0,1,0,5.6,3.3,6.11,61.77,2,2
2451,18.0,0,5.8,5.9,3.7,0.5,82.0,83.0,5.0,3.2008618067525094,8.8,1.8,2,0,3.4,2.0,9.84,58.05,2,2
2452,25.0,0,4.7,8.2,8.2,4.2,62.9,66.5,10.0,1.5,5.7,10.0,0,1,4.9,4.7,5.35,65.03,0,0
2453,20.134890807516506,1,5.0,7.0,9.8,0.7,74.1,90.6,6.5,3.7,4.8,8.5,0,0,5.6,1.1,6.45,68.14,0,0
2454,19.0,0,2.0,7.5,3.9,2.5,64.0,81.9,8.7,4.1,4.8,3.9,0,1,0.0,3.2,5.79,60.12,2,2
2455,21.0,1,2.7,7.5,5.9,2.0,64.9,68.7,8.0,6.1,6.4,8.2,1,0,6.6,2.4,5.17,69.45,0,0
2456,17.0,1,6.0,6.6,8.3,5.0,81.3,56.8,9.1,4.9,1.0,1.1,0,0,1.5,11.4,3.7,40.6,1,1
2457,20.0,1,5.9,5.5,6.1,4.1,79.3,100.0,6.2,1.7,5.3,5.4,0,0,6.6,1.9,8.49,60.35,2,2
2458,21.0,1,5.6,5.7,7.4,1.5,90.2,73.4,8.5,0.6,3.1,5.5,0,0,5.1,2.8,10.0,71.58,0,0
2459,20.0,1,3.2,8.5,6.1,2.7,90.0,100.0,9.2,3.4,6.1,3.4,0,1,3.9,0.9,8.12,69.78,0,0
2460,19.0,1,6.0,6.1,3.4,5.4,68.6,52.8,6.6,1.5,5.0,5.8,1,0,4.4,1.5,6.15,43.39,1,1
2461,25.0,1,1.9,6.5,6.3,5.7,54.8,70.4,4.5,5.2,5.7,6.1,2,1,4.050203624516392,1.4,5.83,43.9,1,1
2462,24.0,0,4.219583121504829,6.976601980998585,8.8,0.5,67.7,34.5,5.991217524197657,2.4,5.9,7.8,0,1,7.5,5.9,7.74,52.88,2,2
2463,21.0,2,3.7,5.4,6.8,5.4,70.8,88.6,6.0,9.2,6.4,10.0,0,0,2.8,7.1,6.64,61.78,2,2
2464,21.0,0,7.6,6.0,10.1,5.2,87.2,90.1,6.2,2.7,3.7,7.1,0,0,2.3,16.9,6.58,52.12,2,2
2465,21.0,1,1.2,9.2,1.6,3.3,88.0,64.1,6.6,3.1,8.1,10.0,2,0,6.2,3.3,5.61,57.01,2,2
2466,18.0,1,7.7,7.9,6.9,2.8,79.4,63.2,4.3,7.0,5.8,6.4,1,1,0.0,11.3,5.49,58.23,2,2
2467,19.0,1,3.5,6.3,4.4,2.0,89.6,68.0,6.7,3.2,5.9,4.3,0,1,3.9,1.5,8.91,53.96,2,2
2468,16.0,1,3.4,8.4,3.8,0.7,100.0,70.7,6.8,6.0,5.4,4.4,0,1,4.5,7.1,8.08,74.42,0,0
2469,20.0,0,4.6,6.8,9.3,3.6,78.5,64.9,6.0,0.6,4.2,5.8,1,1,2.5,15.5,1.73,44.52,1,1
2470,20.0,0,2.8,8.8,5.4,2.7,77.0,94.5,5.9,1.7,6.8,4.4,1,0,0.5,2.0,6.15,46.15,1,1
2471,18.0,0,4.219583121504829,9.9,5.1,3.8,69.1,66.6,5.5,5.2,6.0,7.9,1,0,1.8,1.7,5.22,49.11,2,2
2472,25.0,0,2.7,6.976601980998585,6.9,3.8,84.1,40.9,5.2,2.3,10.0,5.7,0,0,5.5,16.6,6.489753023681269,44.02,1,1
2473,24.0,1,2.8,7.1,1.0,7.5,94.8,70.4,7.6,1.5,3.9,6.7,1,0,0.3,2.2,6.74,62.94,2,2
2474,22.0,1,5.2,7.9,9.4,5.2,73.5,65.8,6.6,10.6,8.6,3.9,1,0,0.5,8.9,6.75,47.11,2,2
2475,20.0,0,2.4,7.0,10.8,4.0,74.9,51.5,8.0,6.0,5.5,7.6,0,0,1.6,2.5,5.37,49.55,2,2
2476,23.0,1,2.7,4.6,8.3,0.0,73.2,78.4,4.9,5.8,5.3,4.7,0,0,4.8,8.4,6.63,46.84,2,2
2477,17.0,1,1.5,6.1,7.0,3.7,65.0,40.3,8.5,1.1,3.6,8.6,2,0,1.1,1.2,8.62,44.32,1,1
2478,23.0,1,3.2,5.8,5.5,5.8,81.7,81.9,8.0,12.3,6.3,4.7,1,0,4.6,2.8,4.19,44.94,1,1
2479,17.0,1,6.8,6.1,3.3,2.2,82.2,74.4,5.5,2.8,5.1,4.5,0,0,6.3,2.8,7.78,62.51,2,2
2480,23.0,1,2.5,9.3,9.0,6.9,79.5,64.9,4.5,6.9,6.6,4.0,0,0,4.9,8.7,7.8,37.35,1,1
2481,18.0,0,2.7,8.5,8.3,4.0,100.0,54.4,7.3,1.9,3.5,3.1,2,0,2.2,3.2,6.38,50.08,2,2
2482,23.0,0,4.6,7.6,7.1,3.5,85.2,48.7,2.5,1.8,5.542839731870811,8.9,0,0,8.5,3.3,4.41,46.67,2,2
2483,24.0,1,3.5,8.1,6.8,1.2,65.5,90.9,5.1,4.4,5.5,8.9,0,1,9.7,0.8,5.88,64.32,0,0
2484,17.0,1,8.7,4.5,6.8,5.7,88.2,69.6,6.6,0.8,4.5,7.8,1,1,2.5,4.3,7.71,38.67,1,1
2485,20.0,0,3.9,7.9,4.7,1.5,75.6,44.8,5.7,0.4,5.7,5.3,0,0,0.0,9.8,4.52,46.05,1,1
2486,25.0,1,4.9,8.2,12.3,2.0,75.7,74.8,3.6,2.2,5.5,2.5,1,0,4.9,7.7,5.02,44.18,1,1
2487,20.0,1,6.1,4.1,5.3,0.0,77.7,70.1,6.2,4.0,6.7,7.9,0,1,6.4,4.3,7.9,51.75,2,2
2488,23.0,1,6.0,8.0,4.9,4.6,76.3,100.0,3.8,2.7,7.4,3.9,0,1,0.0,8.8,4.11,50.33,2,2
2489,21.0,1,4.7,5.1,8.8,4.1,83.5,67.6,6.6,2.8,6.6,4.3,0,1,5.1,0.8,7.31,47.09,2,2
2490,19.0,0,3.9,4.4,5.9,3.0,100.0,92.6,5.1,5.4,5.8,6.0,0,1,1.0,3.5,7.76,48.11,2,2
2491,18.0,0,8.2,8.7,6.0,4.3,75.2,71.1,5.7,3.1,3.2,7.7,0,0,6.4,8.4,9.3,60.56,2,2
2492,18.0,1,4.0,5.7,9.5,4.2,81.2,53.7,4.2,3.4,4.0,7.5,2,0,0.5,8.7,7.31,53.58,2,2
2493,22.0,1,3.3,6.1,7.7,2.3,83.0,83.5,7.7,3.2,7.5,7.8,1,0,5.1,8.1,5.25,60.75,2,2
2494,19.0,1,2.9,6.976601980998585,7.8,1.6,73.3,96.9,5.7,1.2,6.4,2.9,0,0,4.050203624516392,7.4,4.76,48.71,2,2
2495,20.0,1,0.7,6.6,2.5,0.0,74.8,91.3,4.4,6.9,4.6,5.7,2,0,3.6,6.2,5.61,51.49,2,2
2496,20.0,2,5.8,6.8,7.0,2.7,92.9,80.7,5.7,0.9,7.4,7.0,1,1,0.0,6.2,5.19,61.67,2,2
2497,21.0,0,0.0,6.7,3.5,0.6,73.4,93.0,9.8,5.0,4.1,2.5,0,0,2.4,4.9,5.92,53.28,2,2
2498,23.0,0,4.2,7.5,4.9,3.3,68.5,78.1,6.7,3.1,3.6,5.9,0,1,1.9,3.1,6.92,67.69,0,0
2499,25.0,0,3.8,6.7,6.4,2.7,100.0,76.5,8.4,2.9,7.7,6.0,2,1,0.2,5.5447261663286005,7.27,69.92,0,0
2500,19.0,0,8.7,7.1,5.9,2.3,64.3,48.5,2.5,3.9,8.5,3.3,0,1,2.7,6.4,8.09,34.47,1,1
2501,23.0,0,0.5,6.3,7.6,4.9,91.5,78.8,5.6,8.3,4.4,6.6,0,0,4.4,0.4,5.72,50.36,2,2
2502,22.0,1,2.4,7.5,7.9,1.2,77.4,100.0,3.8,1.9,7.1,7.6,0,1,6.0,8.6,8.31,60.18,2,2
2503,21.0,1,4.219583121504829,7.4,8.1,0.0,64.2,45.6,4.9,3.4,7.4,5.3,1,0,7.7,1.8,5.74,38.79,1,1
2504,25.0,0,3.8,9.5,2.6,2.6,75.1,51.4,4.3,5.4,5.8,9.3,2,1,6.6,4.0,7.92,69.19,0,0
2505,18.0,1,3.1,6.5,11.9,1.7,77.1,69.1,8.8,3.3,5.1,7.8,0,0,6.9,17.7,5.68,53.89,2,2
2506,17.0,2,4.0,6.8,5.9,3.2,58.8,50.6,7.6,2.3,4.2,4.9,0,1,4.3,6.5,7.9,60.23,2,2
2507,23.0,0,1.7,7.3,9.0,1.4,85.6,87.3,4.3,6.1,5.8,7.2,1,0,6.5,5.1,7.57,61.41,2,2
2508,20.0,2,4.9,8.3,1.0,3.8,79.81730107309173,43.9,5.0,2.3,4.9,2.0,0,0,0.0,3.5,5.44,51.25,2,2
2509,23.0,1,0.0,5.6,5.3,1.2,75.5,87.3,6.8,1.8,7.8,9.6,1,1,7.7,3.7,5.99,46.47,1,1
2510,24.0,0,4.1,7.1,2.3,1.2,86.2,93.1,8.0,3.0,7.9,7.1,1,1,7.9,1.7,6.03,74.55,0,0
2511,16.0,1,3.0,3.7,3.8,4.1,82.7,86.8,8.3,1.2,5.4,6.8,2,0,4.8,7.2,6.77,43.01,1,1
2512,24.0,2,6.2,6.6,6.1,2.9,96.8,75.4,7.4,10.0,6.7,4.3,0,1,2.3,5.0,9.37,73.23,0,0
2513,20.0,1,7.7,8.4,5.2,0.9,66.0,84.6,10.0,2.2,6.4,3.4,1,1,6.7,6.1,7.32,58.63,2,2
2514,20.0,0,3.5,6.1,9.3,1.3,76.2,54.2,6.9,4.8,8.9,8.0,1,0,8.9,7.8,8.93,61.6,2,2
2515,21.0,1,7.0,7.2,10.4,2.3,93.0,79.7,5.0,0.3,5.5,7.0,1,0,10.0,4.2,3.9,50.17,2,2
2516,20.134890807516506,1,3.6,6.3,3.6,0.9,87.0,63.9,4.2,4.9,6.4,6.7,0,0,4.3,14.7,4.81,50.32,2,2
2517,16.0,1,2.3,5.9,4.8,2.5,50.1,91.0,3.6,0.9,5.2,7.5,1,0,3.7,1.0,8.89,46.29,1,1
2518,20.0,2,7.7,8.3,3.4,2.5,58.3,87.8,3.3,1.3,6.9,4.9,1,0,1.6,8.2,7.63,50.93,2,2
2519,22.0,1,5.2,5.6,8.9,1.3,80.0,60.4,7.5,2.7,4.5,5.7,1,0,5.6,7.5,6.28,51.22,2,2
2520,22.0,0,4.2,7.4,6.4,4.2,100.0,81.3,9.5,2.0,2.9,6.2,0,0,4.0,4.4,7.88,73.81,0,0
2521,22.0,1,5.6,7.4,6.1,1.2,74.4,82.1,6.2,2.2,9.9,4.1,0,1,5.6,4.8,7.27,54.62,2,2
2522,17.0,0,4.7,5.9,6.8,5.2,88.4,66.5,10.0,0.3,4.0,7.1,2,1,2.9,7.4,6.67,59.0,2,2
2523,19.0,0,4.219583121504829,7.2,5.2,2.6,81.1,75.4,6.1,4.3,2.9,5.5,1,1,5.0,7.3,7.0,66.6,0,0
2524,19.0,1,1.5,5.8,3.9,1.8,87.5,84.2,7.3,6.7,6.5,5.6,1,0,6.0,5.1,6.48,66.29,0,0
2525,23.0,1,3.7,7.7,6.1,4.0,93.9,66.8,2.5,1.5,5.6,6.4,0,1,4.2,10.2,4.63,51.92,2,2
2526,18.0,0,5.4,5.3,5.3,3.1,92.3,59.1,7.8,1.2,3.1,6.2,0,0,4.3,2.4,7.73,63.57,0,0
2527,18.0,1,4.0,6.6,6.9,4.4,91.8,79.1,4.6,0.8,5.8,6.1,1,0,7.5,9.2,9.47,68.73,0,0
2528,25.0,1,6.0,6.7,1.9,0.0,72.0,100.0,7.8,3.4,4.2,1.9,2,1,3.5,3.3,5.08,51.87,2,2
2529,16.0,0,5.0,8.4,6.5,3.9,78.0,72.3,8.8,2.9,2.8,5.5,0,0,6.5,1.4,8.23,78.83,0,0
2530,25.0,1,2.4,7.2,4.3,2.1,86.7,68.7,6.7,5.6,6.5,6.0,0,0,5.5,10.3,6.74,70.58,0,0
2531,21.0,1,1.6,8.2,6.4,3.1,79.81730107309173,60.7,7.0,8.1,5.7,3.7,2,0,8.1,3.8,5.71,50.45,2,2
2532,23.0,0,3.9,7.7,8.3,2.8,87.7,95.7,6.3,2.9,6.9,4.5,0,1,6.4,0.5,7.28,55.91,2,2
2533,19.0,1,3.2,7.7,4.6,5.4,57.0,90.8,7.4,6.6,3.7,10.0,0,1,6.3,1.7,5.03,76.85,0,0
2534,16.0,1,4.9,6.6,9.0,0.0,95.6,72.4,10.0,0.7,7.4,7.3,1,0,7.4,8.3,7.56,77.3,0,0
2535,22.0,1,2.8,8.3,1.6,5.9,57.9,60.8,6.0,2.5,3.4,5.7,1,0,1.5,4.7,6.14,55.0,2,2
2536,23.0,0,3.0,6.5,9.9,4.3,70.2,60.7,6.4,6.4,5.6,4.1,1,0,5.9,6.5,10.0,49.02,2,2
2537,22.0,0,6.3,4.8,9.1,3.3,82.5,59.6,2.1,3.2008618067525094,4.5,5.8,2,1,8.0,9.0,6.31,39.66,1,1
2538,17.0,0,4.5,6.7,3.8,0.4,79.6,66.1,6.9,3.2008618067525094,3.6,10.0,2,1,0.7,2.4,5.15,66.74,0,0
2539,22.0,1,2.8,7.6,3.8,0.0,98.4,64.9,4.3,3.8,6.8,5.2,0,0,5.3,11.5,6.56,71.25,0,0
2540,22.0,1,4.2,4.9,2.3,2.0,64.8,61.7,5.6,1.6,6.6,5.7,0,1,8.4,3.7,5.6,36.84,1,1
2541,21.0,1,7.0,5.8,8.3,4.1,75.3,95.1,7.1,3.9,5.0,2.2,0,0,2.0,3.7,2.45,38.77,1,1
2542,22.0,1,4.8,5.4,5.2,3.0,54.4,100.0,2.4,1.7,5.1,3.8,1,0,6.7,13.5,5.77,43.77,1,1
2543,23.0,2,5.4,8.0,5.0,4.0,81.7,55.4,7.0,0.3,5.6,5.5,1,0,4.4,1.4,6.46,50.4,2,2
2544,21.0,1,2.7,9.2,3.2,0.4,77.3,64.7,6.6,3.5,5.7,6.5,2,0,2.3,7.6,6.28,57.97,2,2
2545,17.0,1,6.3,6.7,10.5,3.1,63.9,57.9,7.5,4.0,3.6,10.0,0,0,6.3,15.1,7.09,58.73,2,2
2546,20.0,1,8.8,7.7,3.6,5.0,97.0,80.7,4.6,4.5,4.9,5.0,1,0,5.2,1.2,8.11,65.27,0,0
2547,17.0,0,2.6,7.7,6.1,5.6,94.0,68.9,8.4,0.2,3.6,5.7,0,0,6.7,2.7,7.97,67.38,0,0
2548,19.0,0,4.219583121504829,9.0,6.5,0.7,80.9,56.4,6.7,3.6,6.8,6.8,1,0,3.6,4.3,5.96,48.28,2,2
2549,19.0,0,4.6,6.2,5.0,2.4,94.8,100.0,4.4,1.0,1.0,5.6,0,1,3.5,6.6,7.53,64.36,0,0
2550,16.0,0,6.0,6.7,4.5,2.4,78.8,83.8,3.0,4.1,5.2,7.0,1,1,0.0,1.0,5.71,57.2,2,2
2551,19.0,0,4.0,6.6,5.1,1.9,89.3,57.4,4.8,3.1,7.0,8.5,2,1,4.5,9.5,5.66,52.07,2,2
2552,17.0,1,2.1,7.1,7.4,4.6,91.2,100.0,7.9,0.8,5.9,9.9,1,1,6.7,7.7,6.49,79.02,0,0
2553,23.0,1,4.0,10.0,5.1,8.2,66.1,54.4,7.0,1.2,4.0,1.0,1,0,1.4,0.1,6.8,40.13,1,1
2554,24.0,0,5.4,7.0,10.1,1.0,85.6,86.1,5.991217524197657,5.4,1.0,3.2,1,0,2.1,7.1,6.49,67.73,0,0
2555,17.0,0,3.4,5.9,4.1,3.8,82.2,100.0,5.3,7.2,6.3,5.2,0,1,5.3,14.3,7.24,63.8,0,0
2556,25.0,0,5.4,5.5,7.9,3.5,66.7,72.6,6.3,3.6,7.6,6.6,0,0,5.8,6.3,7.34,43.68,1,1
2557,20.0,0,6.5,8.6,1.6,3.6,63.4,69.8,10.0,1.5,5.2,4.8,1,0,6.1,5.8,4.75,64.18,0,0
2558,19.0,0,4.7,5.9,4.1,5.4,86.5,78.0,8.8,2.0,7.4,5.2,1,1,4.050203624516392,11.5,5.74,53.98,2,2
2559,17.0,0,4.1,7.9,4.0,3.7,76.3,100.0,5.6,0.2,6.0,6.9,0,1,2.5,6.7,6.52,62.44,2,2
2560,20.0,0,5.9,6.1,3.2,0.0,61.0,100.0,6.4,4.3,5.5,1.9,1,1,1.8,11.1,6.74,62.29,2,2
2561,23.0,0,2.5,5.4,6.7,0.4,87.5,67.0,3.0,3.5,6.5,3.5,1,0,1.9,3.8,6.67,45.38,1,1
2562,22.0,1,2.3,7.8,5.7,1.1,92.2,80.5,0.2,1.7,5.5,8.0,0,0,1.8,5.8,8.82,64.51,0,0
2563,16.0,0,3.7,6.2,1.0,1.7,79.81730107309173,91.6,5.1,4.5,8.3,4.5,2,0,1.7,3.4,3.2,44.15,1,1
2564,17.0,0,3.2,7.6,11.0,2.7,80.0,67.3,8.2,2.8,6.9,9.7,0,1,3.9,3.4,6.5,60.3,2,2
2565,19.0,1,2.6,7.6,6.4,2.6,99.7,54.6,6.4,3.6,5.6,6.6,1,1,4.050203624516392,2.7,8.51,61.51,2,2
2566,19.0,0,7.9,7.7,6.0,0.0,68.2,94.5,4.4,1.3,9.5,9.7,0,0,5.6,5.5447261663286005,6.48,58.8,2,2
2567,18.0,0,8.5,6.7,9.3,0.1,100.0,84.2,8.0,4.7,4.3,8.9,0,0,0.9,13.7,9.27,80.4,0,0
2568,18.0,1,3.5,7.9,8.5,0.0,75.8,80.7,9.9,0.6,6.6,5.3,0,1,5.4,3.8,7.47,60.65,2,2
2569,23.0,0,4.4,5.8,5.3,0.2,79.1,94.9,2.7,1.9,6.7,2.7,1,1,3.2,16.9,6.4,60.86,2,2
2570,24.0,1,3.8,3.8,1.1,4.8,61.9,54.4,5.9,6.2,7.8,7.0,0,0,5.1,5.7,7.74,29.09,1,1
2571,19.0,2,6.4,7.9,7.4,2.5,62.3,70.8,4.8,8.0,6.3,5.4,1,1,4.5,17.3,8.32,53.65,2,2
2572,24.0,0,6.8,7.2,3.6,1.3,71.5,100.0,6.1,1.9,5.0,5.6,0,0,5.3,14.8,6.01,67.52,0,0
2573,19.0,1,0.6,6.2,9.1,0.0,91.5,85.2,5.0,1.4,5.4,5.3,1,0,2.8,10.7,7.14,46.9,2,2
2574,20.0,1,5.2,5.1,4.1,1.2,100.0,86.3,10.0,1.6,6.6,3.2,0,0,3.6,7.6,4.56,49.43,2,2
2575,18.0,0,1.6,4.4,4.9,4.1,100.0,76.9,5.7,1.5,10.0,7.1,1,0,6.3,5.0,4.04,34.85,1,1
2576,21.0,1,7.7,7.1,2.6,3.9,78.4,41.9,6.7,1.0,5.542839731870811,4.4,1,0,3.1,9.0,7.19,52.96,2,2
2577,25.0,1,5.1,9.1,2.8,2.5,75.4,60.3,6.4,6.4,7.7,4.1,0,0,0.5,5.5447261663286005,6.63,53.79,2,2
2578,21.0,0,4.219583121504829,6.8,5.7,2.5,67.2,91.4,3.2,2.3,7.8,5.4,0,0,4.5,4.0,9.04,54.75,2,2
2579,19.0,1,3.7,6.5,5.5,0.0,94.5,65.2,6.4,4.8,5.542839731870811,8.4,0,1,3.4,1.7,5.43,64.41,0,0
2580,21.0,1,3.6,7.0,4.8,1.6,70.6,71.9,2.8,1.3,5.6,5.7,1,1,2.8,3.3,5.62,55.45,2,2
2581,17.0,0,5.3,9.8,11.1,4.0,76.9,80.2,10.0,3.6,4.6,3.8,0,0,5.1,5.5447261663286005,4.79,49.4,2,2
2582,24.0,0,6.3,8.0,7.5,1.8,86.5,74.2518720906699,8.0,4.3,4.5,6.3,0,0,5.2,8.7,7.07,57.31,2,2
2583,20.0,0,1.9,5.8,6.0,5.9,85.9,51.9,4.7,0.4,7.6,8.8,1,0,7.0,9.9,7.7,53.28,2,2
2584,20.0,0,7.9,7.0,1.0,5.2,72.1,74.8,5.6,5.6,7.4,7.8,0,1,6.1,10.7,7.67,68.97,0,0
2585,21.0,1,7.4,7.4,8.1,2.2,78.8,68.3,8.3,1.8,2.0,2.1,1,0,5.9,8.9,6.489753023681269,67.12,0,0
2586,21.0,1,2.4,5.6,13.5,2.5,72.4,79.1,6.6,3.2008618067525094,3.7,6.5,2,0,3.2,10.1,3.85,38.16,1,1
2587,17.0,1,4.3,8.0,5.5,7.0,69.2,49.2,2.4,3.6,5.2,8.7,0,0,1.5,1.9,8.92,51.03,2,2
2588,22.0,0,7.6,5.9,4.0,4.5,66.7,65.4,6.4,2.2,4.4,6.3,1,0,2.5,5.4,4.16,49.19,2,2
2589,18.0,2,6.7,5.0,6.4,3.1,60.9,87.4,8.4,1.8,7.0,2.6,2,0,0.6,5.4,2.61,29.88,1,1
2590,22.0,0,3.5,7.1,2.4,3.3,84.7,100.0,0.9,1.3,4.4,2.5,0,0,3.9,2.8,7.48,56.63,2,2
2591,23.0,0,5.8,6.9,7.2,3.3,76.9,77.1,6.3,0.8,10.0,4.0,1,0,0.0,5.2,8.3,53.45,2,2
2592,23.0,0,10.2,7.0,9.8,3.0,65.2,87.1,4.2,1.4,4.5,2.9,0,0,7.2,8.7,6.3,37.9,1,1
2593,20.0,1,4.4,6.0,4.3,1.1,64.0,83.8,8.8,3.5,3.6,3.3,0,0,5.2,4.4,5.48,60.62,2,2
2594,20.0,1,2.9,6.2,4.4,2.3,63.8,74.2518720906699,5.991217524197657,3.5,7.8,2.9,0,0,5.2,7.1,6.47,40.58,1,1
2595,17.0,1,4.5,8.5,5.8,0.4,72.0,87.3,4.8,4.1,5.0,5.5,1,0,9.5,7.3,4.01,67.15,0,0
2596,22.0,1,4.7,7.6,4.7,4.3,94.6,57.7,7.8,3.2,7.5,4.8,1,0,3.1,3.6,7.08,59.31,2,2
2597,18.0,0,3.2,5.8,2.2,2.8,71.1,68.6,4.0,6.4,8.4,5.7,1,0,0.6,3.4,5.07,59.45,2,2
2598,20.0,1,5.1,4.5,5.0,4.4,87.2,79.5,6.2,4.9,7.9,7.2,1,1,6.0,8.2,7.48,53.71,2,2
2599,18.0,0,1.7,5.8,6.047861775435752,0.7,100.0,57.6,6.6,2.3,4.6,3.2,0,0,3.4,4.9,6.43,49.39,2,2
2600,17.0,0,2.9,7.2,9.4,5.6,82.2,82.8,5.6,2.1,2.1,9.6,1,0,0.7,3.0,8.33,67.45,0,0
2601,21.0,1,5.7,6.2,8.9,5.3,70.1,40.5,3.1,1.5,9.1,8.0,0,0,7.8,2.6,6.489753023681269,43.62,1,1
2602,16.0,1,0.7,6.1,9.5,0.2,78.8,89.6,4.1,0.7,2.6,1.9,2,1,6.7,1.1,6.94,30.09,1,1
2603,22.0,1,6.0,6.2,8.0,2.1,79.4,72.3,5.7,0.3,10.0,6.7,1,0,7.4,1.9,5.0,49.71,2,2
2604,19.0,1,0.2,6.9,6.5,2.3,100.0,87.5,1.8,2.1,5.2,4.8,1,0,2.8,8.4,7.05,41.82,1,1
2605,16.0,0,0.7,8.0,3.8,0.4,57.5,92.9,6.2,0.7,4.9,6.4,0,0,2.8,7.3,5.78,52.68,2,2
2606,20.0,1,3.2,7.0,9.3,2.5,94.5,100.0,5.4,3.6,4.4,6.8,1,0,6.7,5.0,4.28,64.3,0,0
2607,16.0,0,4.8,7.1,6.9,4.0,57.3,79.8,7.3,3.3,5.542839731870811,4.8,1,0,2.6,8.8,6.3,54.03,2,2
2608,18.0,0,6.9,6.7,2.9,2.2,90.6,43.8,7.4,2.1,4.1,5.4,2,1,3.3,5.1,4.74,60.53,2,2
2609,22.0,0,4.3,6.4,3.7,0.0,74.7,43.3,3.5,0.5,6.5,4.6,1,0,5.3,2.0,7.47,49.9,2,2
2610,16.0,0,3.7,8.2,2.8,4.4,100.0,52.2,4.9,1.3,5.3,6.6,0,1,8.2,4.7,4.87,66.61,0,0
2611,23.0,1,5.4,8.0,1.0,1.6,88.8,88.0,4.0,1.3,3.1,5.6,0,0,0.0,4.3,4.44,70.36,0,0
2612,16.0,1,2.5,9.7,7.0,1.8,87.5,49.6,4.8,6.7,3.4,6.7,2,1,3.1,2.8,7.36,53.41,2,2
2613,18.0,1,4.5,7.8,2.9,6.0,67.8,70.8,5.4,1.7,4.8,5.3,2,1,1.5,3.4,2.56,40.84,1,1
2614,22.0,1,1.8,6.4,4.1,3.7,100.0,67.4,8.5,1.6,1.0,2.3,0,0,6.3,3.8,3.96,47.43,2,2
2615,19.0,0,4.4,5.8,6.1,1.5,100.0,81.5,4.7,2.9,2.0,5.7,1,0,0.8,5.5,6.47,65.05,0,0
2616,17.0,0,3.9,8.2,5.5,0.9,100.0,87.9,8.0,3.6,8.3,7.3,1,0,5.2,18.4,4.39,75.43,0,0
2617,19.0,1,2.6,5.9,4.2,4.7,67.0,76.7,6.6,5.1,8.2,8.1,1,0,0.0,3.7,8.27,48.59,2,2
2618,18.0,1,4.5,8.1,9.8,4.6,77.5,89.4,9.0,4.9,7.6,2.1,1,1,6.0,1.5,5.77,53.96,2,2
2619,23.0,1,4.5,6.0,2.2,2.1,64.5,55.2,5.2,4.3,7.0,6.0,1,0,6.2,5.2,8.53,56.47,2,2
2620,19.0,0,6.6,7.5,2.3,0.7,72.1,93.4,4.2,1.7,6.5,8.4,1,0,4.2,2.7,5.54,76.99,0,0
2621,22.0,0,1.0,5.6,7.1,3.7,83.7,77.4,6.3,4.5,6.5,4.8,1,0,0.0,5.1,5.51,42.53,1,1
2622,24.0,0,4.0,8.0,4.4,4.1,89.5,88.7,2.5,3.7,4.1,8.7,0,0,4.4,3.8,3.34,60.19,2,2
2623,20.0,2,2.7,5.4,4.3,2.3,86.9,65.7,6.3,3.7,7.8,1.2,2,0,4.4,3.1,10.0,44.78,1,1
2624,24.0,1,5.9,7.4,3.3,1.0,57.6,38.1,7.2,2.5,3.4,3.9,1,1,4.2,8.0,7.28,51.18,2,2
2625,19.0,1,4.219583121504829,6.7,6.8,3.0,79.5,87.0,8.4,1.5,10.0,3.3,0,0,5.6,1.0,4.45,44.39,1,1
2626,25.0,1,5.2,7.1,6.6,3.8,86.7,74.2518720906699,6.9,1.2,4.4,6.1,0,0,0.0,1.6,5.17,58.63,2,2
2627,17.0,1,2.8,6.5,6.3,2.1,92.3,96.6,5.7,3.2008618067525094,3.4,5.1,0,1,6.4,6.7,6.489753023681269,66.86,0,0
2628,22.0,0,6.0,6.5,4.5,3.5,85.6,82.6,10.0,4.7,10.0,8.5,2,0,6.9,11.6,6.39,77.8,0,0
2629,20.0,0,1.1,7.2,4.1,3.6,86.4,100.0,6.0,1.9,3.2,8.1,0,0,0.0,8.6,6.05,59.55,2,2
2630,19.0,0,0.7,5.7,5.6,5.1,76.9,97.9,3.7,2.1,7.3,5.0,2,0,0.0,0.6,8.06,42.02,1,1
2631,21.0,0,1.6,5.7,8.4,3.03210685483871,83.5,70.5,5.9,2.0,6.3,7.6,0,1,4.0,1.9,5.25,41.73,1,1
2632,22.0,1,4.1,6.5,6.047861775435752,0.9,100.0,46.5,3.0,2.5,6.9,4.1,0,0,0.7,7.0,7.23,55.77,2,2
2633,16.0,1,5.6,6.5,8.8,2.9,95.7,59.3,3.3,1.3,8.0,7.8,0,0,5.2,2.5,5.42,42.91,1,1
2634,18.0,0,0.0,5.7,7.3,6.0,84.7,58.1,6.5,2.7,7.3,1.9,1,0,5.5,6.0,5.87,25.73,1,1
2635,22.0,0,6.8,8.2,8.5,0.0,89.5,65.6,3.1,5.1,2.1,10.0,0,0,5.7,15.8,7.83,77.49,0,0
2636,21.0,1,4.5,6.6,3.0,0.0,81.0,72.7,4.6,3.7,6.3,7.2,0,0,0.0,2.3,6.37,55.21,2,2
2637,25.0,0,1.1,6.7,4.2,2.8,80.9,80.7,3.4,1.2,6.2,9.8,1,0,2.4,3.9,4.17,40.06,1,1
2638,20.134890807516506,0,4.4,5.3,7.3,2.3,92.4,99.7,6.3,3.9,7.2,7.7,0,0,3.8,1.2,6.21,60.91,2,2
2639,25.0,1,6.4,9.7,5.7,2.6,72.2,59.3,4.4,3.7,5.542839731870811,4.2,2,0,0.6,4.8,4.56,40.36,1,1
2640,22.0,0,5.4,10.0,6.8,2.6,78.3,50.0,7.2,0.6,3.7,1.0,1,1,2.2,7.9,7.35,40.67,1,1
2641,19.0,1,6.4,6.0,8.4,4.8,62.2,90.0,7.0,3.5,3.5,4.4,2,0,4.5,3.7,9.17,48.82,2,2
2642,17.0,0,1.5,8.6,8.1,2.9,90.1,99.0,3.1,4.5,5.2,7.5,0,0,3.6,3.3,8.21,72.82,0,0
2643,22.0,0,3.4,6.9,3.3,4.5,93.9,66.2,8.0,1.5,2.8,2.4,0,1,5.6,2.7,6.42,57.58,2,2
2644,21.0,2,2.4,9.1,6.0,0.0,87.8,93.7,5.6,5.9,4.3,10.0,2,0,0.0,11.3,6.14,63.25,0,0
2645,16.0,1,7.6,7.4,3.7,2.0,77.0,88.9,3.3,0.5,4.4,5.6,0,0,4.4,9.3,4.45,43.71,1,1
2646,19.0,1,5.5,7.1,4.1,1.5,79.4,44.2,6.8,2.1,4.9,10.0,1,0,3.5,2.0,6.44,64.45,0,0
2647,25.0,1,9.9,3.8,1.7,0.0,81.9,63.5,9.9,4.8,10.0,4.7,0,1,3.7,6.8,7.49,35.86,1,1
2648,20.0,1,3.3,5.9,6.3,3.2,94.2,66.4,5.6,1.8,3.4,7.3,0,0,3.3,1.1,7.19,54.83,2,2
2649,20.0,0,2.8,7.0,1.5,2.8,93.5,100.0,2.4,1.0,1.0,7.2,0,0,2.3,3.8,7.26,79.0,0,0
2650,20.0,0,3.9,7.3,7.0,2.2,61.3,84.2,8.0,1.5,6.3,2.5,0,0,3.2,10.3,7.81,51.51,2,2
2651,18.0,1,7.0,5.4,9.4,2.8,68.6,65.9,9.5,1.2,3.7,6.9,0,0,3.0,9.8,8.05,45.05,1,1
2652,19.0,1,3.5,6.1,7.3,3.2,85.6,62.5,3.6,0.7,8.0,7.2,0,0,1.6,0.9,6.12,44.5,1,1
2653,19.0,1,4.4,7.7,6.1,4.8,79.81730107309173,46.7,4.2,6.3,5.1,7.6,1,0,4.2,5.9,5.83,56.43,2,2
2654,16.0,1,4.4,5.2,9.8,4.2,91.9,94.2,6.1,2.9,5.7,8.8,0,0,4.8,6.2,6.94,57.15,2,2
2655,22.0,1,4.3,7.2,6.8,3.6,76.4,82.1,5.991217524197657,3.5,2.6,2.5,1,0,0.0,0.9,8.25,53.31,2,2
2656,20.134890807516506,1,2.9,8.6,3.8,7.2,89.2,86.2,10.0,1.3,5.6,7.2,0,0,4.050203624516392,14.1,8.31,77.39,0,0
2657,23.0,0,3.9,7.5,6.3,1.7,80.4,51.9,5.9,2.6,8.3,3.3,0,0,1.9,3.9,7.17,48.01,2,2
2658,23.0,1,3.8,7.4,10.9,0.6,78.7,88.2,6.1,4.2,7.4,3.8,2,1,2.2,2.0,7.05,51.65,2,2
2659,18.0,0,4.2,4.4,3.3,5.1,65.9,70.7,6.8,1.2,5.9,3.6,2,0,6.7,4.3,6.44,36.44,1,1
2660,21.0,0,6.1,5.9,2.5,6.4,72.9,61.9,5.4,3.9,2.8,6.5,0,0,0.0,1.4,6.4,51.78,2,2
2661,20.0,1,7.7,9.7,7.5,1.9,78.5,84.2,4.9,3.0,6.6,7.5,1,1,3.4,3.9,7.24,48.29,2,2
2662,24.0,0,2.5,6.2,5.4,5.5,78.1,53.4,3.9,1.4,6.3,5.3,0,0,7.0,5.5,3.76,35.32,1,1
2663,18.0,0,3.4,8.6,4.7,2.0,89.4,78.2,3.4,2.1,8.3,5.9,0,1,2.3,9.4,6.94,62.02,2,2
2664,21.0,0,2.5,6.2,2.9,4.1,71.6,70.2,6.9,1.7,6.2,2.5,1,0,6.1,5.5447261663286005,5.26,44.52,1,1
2665,21.0,1,4.6,6.6,1.1,4.2,79.6,94.3,9.0,1.6,6.8,6.7,1,0,4.5,7.8,7.41,76.59,0,0
2666,19.0,1,3.1,7.7,2.4,1.9,99.6,91.1,8.1,7.7,4.7,4.9,0,1,0.0,2.3,7.73,72.88,0,0
2667,17.0,0,4.7,7.1,10.0,6.3,90.7,76.6,5.4,2.5,4.3,5.957923664122137,1,0,5.4,6.8,7.56,60.24,2,2
2668,21.0,0,6.4,6.976601980998585,6.0,6.5,81.4,80.1,5.6,0.3,6.6,1.0,1,0,2.8,4.3,9.13,42.53,1,1
2669,22.0,1,0.0,5.9,1.1,1.2,61.0,85.8,9.6,4.3,6.1,3.7,0,1,3.6,5.7,3.56,33.36,1,1
2670,19.0,1,5.2,5.5,6.047861775435752,3.4,62.1,74.8,4.2,7.9,6.1,5.957923664122137,1,1,3.5,6.1,6.9,42.0,1,1
2671,21.0,1,3.3,5.8,9.1,4.6,88.3,60.3,2.3,1.7,5.8,7.2,0,1,4.4,8.6,6.67,45.72,1,1
2672,19.0,1,5.1,6.3,9.1,0.0,89.6,66.3,6.6,7.0,1.0,3.7,2,0,8.5,6.3,7.79,69.0,0,0
2673,22.0,0,2.4,6.7,4.9,3.0,54.7,53.0,7.9,2.4,6.8,5.2,1,1,3.9,13.6,9.49,51.42,2,2
2674,18.0,1,6.6,8.3,5.3,0.0,89.1,91.7,0.5,2.7,7.0,9.3,0,1,2.9,4.6,4.93,56.21,2,2
2675,24.0,1,6.0,7.1,6.3,4.2,72.7,82.2,6.9,0.7,4.2,8.5,1,0,3.4,5.5447261663286005,7.12,51.96,2,2
2676,18.0,0,5.3,7.6,9.5,3.2,74.7,67.4,3.5,0.8,7.0,4.8,0,0,1.0,4.6,5.18,34.4,1,1
2677,19.0,1,5.8,7.2,4.6,2.3,91.6,62.0,2.9,2.8,5.1,4.9,0,0,0.9,1.9,4.0,50.87,2,2
2678,16.0,0,2.7,5.5,4.1,0.2,89.5,79.3,5.4,6.7,5.8,10.0,0,0,5.3,3.5,6.82,62.57,2,2
2679,17.0,0,3.0,7.0,7.7,1.9,78.7,49.6,3.5,1.2,4.0,6.4,2,0,0.5,7.8,3.34,37.34,1,1
2680,20.0,1,5.7,7.2,9.0,3.9,88.9,55.8,2.1,1.8,5.4,5.2,1,1,2.7,5.0,6.76,41.31,1,1
2681,18.0,0,2.7,8.0,5.9,2.9,75.3,74.6,6.2,2.1,2.0,5.8,1,1,1.5,8.4,6.38,67.62,0,0
2682,23.0,0,7.1,5.6,7.7,5.1,69.7,100.0,5.9,3.5,4.9,4.0,1,0,3.2,5.5447261663286005,4.08,51.95,2,2
2683,16.0,1,3.6,4.3,6.3,5.0,96.4,83.1,2.2,4.1,9.5,2.9,2,0,0.3,4.8,7.85,24.16,1,1
2684,19.0,1,5.2,7.2,5.4,5.0,97.2,78.3,2.9,0.8,5.9,5.3,0,1,4.5,5.2,8.78,57.88,2,2
2685,19.0,0,8.4,7.5,3.9,2.0,71.6,53.9,7.0,5.7,4.8,8.7,2,0,5.3,5.0,5.48,69.49,0,0
2686,16.0,0,2.8,6.8,3.1,3.5,73.1,58.2,7.2,1.8,4.7,5.5,0,0,6.1,9.3,3.85,55.77,2,2
2687,17.0,0,4.3,7.0,4.5,1.3,91.6,99.4,0.2,2.2,4.0,5.5,2,1,4.1,20.8,5.92,55.74,2,2
2688,19.0,1,6.3,8.1,3.6,0.7,71.0,66.7,3.2,1.7,5.8,7.3,1,0,4.3,7.6,6.04,61.14,2,2
2689,20.0,0,6.1,6.4,6.7,5.1,90.4,76.3,5.8,1.5,3.3,6.3,0,0,2.7,1.6,6.02,55.43,2,2
2690,19.0,1,3.5,6.6,9.0,0.9,66.7,85.7,6.9,2.7,7.2,2.7,0,0,3.9,3.4,6.76,57.36,2,2
2691,20.0,0,3.2,7.1,6.5,0.7,76.3,67.4,6.9,0.4,7.4,6.7,2,1,4.3,4.7,7.43,56.86,2,2
2692,21.0,0,3.7,5.4,3.7,3.2,92.7,65.9,7.3,3.4,7.0,1.9,2,1,6.8,6.2,6.17,48.64,2,2
2693,16.0,0,7.1,6.8,8.1,2.5,67.4,44.0,4.4,4.5,7.6,8.7,0,1,4.0,3.8,9.37,50.1,2,2
2694,20.0,0,3.6,6.9,6.7,2.7,72.4,53.1,6.4,1.6,7.6,7.1,0,0,0.0,6.3,6.31,52.86,2,2
2695,25.0,0,4.4,9.1,7.2,7.2,84.9,85.6,5.1,1.8,6.2,7.0,2,0,3.2,3.3,6.97,48.45,2,2
2696,20.0,0,3.3,6.6,4.7,1.2,56.6,67.1,4.8,2.9,8.5,10.0,2,0,5.6,1.4,5.74,49.37,2,2
2697,21.0,1,5.6,7.3,8.8,3.9,80.9,87.0,2.7,0.8,6.6,3.6,1,0,1.4,9.1,8.57,53.13,2,2
2698,19.0,0,4.5,8.2,8.8,3.2,95.1,46.5,6.7,12.0,4.2,7.5,0,0,2.7,3.5,9.49,64.48,0,0
2699,22.0,0,2.2,5.9,5.5,3.03210685483871,91.2,89.6,2.4,2.7,5.4,6.4,2,0,1.7,3.5,6.26,46.75,2,2
2700,22.0,1,2.3,8.8,7.8,1.6,79.4,74.3,3.4,2.8,7.5,7.2,0,1,2.8,6.0,8.56,52.97,2,2
2701,20.0,0,0.2,9.3,8.8,2.6,80.3,48.5,7.5,2.6,6.5,5.1,0,0,5.0,8.3,2.72,18.47,1,1
2702,25.0,1,2.5,7.0,4.8,3.2,99.4,95.3,5.6,0.6,4.3,7.1,2,0,3.9,10.4,4.97,66.74,0,0
2703,17.0,0,5.8,6.3,5.8,0.4,97.8,49.7,8.3,2.2,5.6,5.8,1,0,5.2,2.3,6.66,63.97,0,0
2704,16.0,0,6.8,9.1,6.2,0.0,78.8,94.4,5.3,1.6,3.8,8.2,0,0,5.7,1.6,7.59,77.26,0,0
2705,22.0,1,5.6,8.0,3.3,3.0,71.8,74.4,4.8,3.6,7.3,6.6,0,1,8.0,6.5,6.489753023681269,42.91,1,1
2706,23.0,0,5.3,7.1,7.1,5.4,91.1,58.9,8.5,3.8,8.4,8.1,2,0,5.7,2.9,5.21,59.68,2,2
2707,17.0,1,3.9,8.9,6.047861775435752,2.4,94.7,100.0,5.1,1.7,2.0,4.5,1,0,6.0,6.4,3.29,58.24,2,2
2708,18.0,0,5.7,8.7,5.6,2.6,97.9,82.3,6.6,3.9,6.4,4.9,1,0,1.3,8.5,6.22,70.19,0,0
2709,16.0,1,4.8,6.6,6.8,5.1,87.6,96.9,5.6,4.2,3.1,3.5,0,0,3.0,5.9,5.71,52.45,2,2
2710,19.0,1,7.8,7.3,9.5,2.7,75.4,82.8,6.3,2.8,2.4,8.8,1,1,3.7,6.2,5.11,66.6,0,0
2711,22.0,1,4.0,7.7,5.0,4.4,58.3,71.1,5.5,3.5,8.4,10.0,1,0,4.9,4.6,7.65,61.41,2,2
2712,20.0,1,6.9,7.0,6.9,7.8,100.0,59.3,7.9,0.5,8.0,4.3,0,1,7.6,1.1,8.69,55.61,2,2
2713,19.0,0,5.9,5.2,4.6,2.0,100.0,71.7,6.1,3.5,6.0,6.6,1,0,5.9,1.8,5.42,54.16,2,2
2714,19.0,0,5.7,5.8,4.5,2.7,70.0,77.9,5.3,2.3,4.4,9.0,2,0,2.6,15.3,7.34,50.57,2,2
2715,16.0,1,0.2,5.2,6.9,3.7,82.5,89.7,6.6,4.3,4.9,6.3,2,0,5.5,16.8,5.9,36.65,1,1
2716,19.0,1,6.1,7.6,6.6,5.7,77.1,67.9,2.6,1.7,4.2,6.3,0,0,5.5,3.4,8.37,51.81,2,2
2717,21.0,1,3.9,5.5,7.4,2.8,80.9,84.2,8.2,2.2,9.9,4.2,2,0,4.8,1.3,5.51,37.35,1,1
2718,25.0,0,3.3,7.3,6.2,4.3,74.8,100.0,2.7,3.1,9.8,6.2,2,0,2.1,4.4,8.52,61.69,2,2
2719,23.0,0,1.2,9.4,7.2,3.6,89.0,77.8,4.5,3.0,7.3,3.8,2,0,1.1,4.5,3.54,37.23,1,1
2720,16.0,1,4.2,8.9,10.2,2.9,65.3,39.7,5.0,0.5,5.7,9.3,2,1,3.8,1.9,5.7,35.82,1,1
2721,24.0,0,4.3,4.6,8.6,2.2,74.9,75.9,6.5,1.7,2.8,1.0,1,0,4.2,15.3,6.07,30.91,1,1
2722,22.0,1,1.6,5.3,6.8,1.9,91.4,73.3,9.6,2.2,5.0,3.3,1,0,4.3,4.4,6.04,46.21,1,1
2723,22.0,0,1.3,6.0,7.3,8.5,54.3,72.7,8.3,10.3,5.5,6.5,1,0,7.2,1.7,8.56,50.48,2,2
2724,20.0,0,5.2,5.5,5.3,0.2,84.0,46.3,2.8,3.9,4.0,3.1,2,0,2.8,1.8,5.04,36.69,1,1
2725,19.0,0,5.9,4.9,5.6,0.4,72.9,80.0,4.1,4.5,8.5,1.8,0,0,6.7,3.6,4.73,28.92,1,1
2726,19.0,0,4.6,7.0,7.2,3.4,100.0,65.4,2.9,8.3,9.6,10.0,2,0,4.5,1.5,4.79,45.62,1,1
2727,16.0,0,6.5,7.9,6.2,3.4,84.3,73.1,3.1,0.7,5.2,7.3,1,0,1.8,6.0,6.03,56.03,2,2
2728,18.0,0,4.0,8.2,8.0,3.8,69.8,92.1,4.7,1.1,7.8,5.957923664122137,0,1,1.7,13.9,4.67,44.93,1,1
2729,18.0,0,4.1,6.4,9.2,1.4,98.9,60.4,8.9,2.4,6.2,7.1,1,0,0.7,4.8,6.76,65.86,0,0
2730,20.0,1,2.4,6.6,5.7,1.2,80.3,73.2,5.5,4.3,3.9,6.9,0,1,3.1,2.1,7.91,58.19,2,2
2731,22.0,1,1.1,7.5,1.0,2.5,81.7,71.4,5.7,3.8,5.542839731870811,4.5,1,1,0.9,6.6,5.32,54.18,2,2
2732,20.0,1,7.9,6.9,11.1,4.6,91.5,72.0,6.5,2.8,9.0,5.3,1,1,5.5,4.9,5.71,45.16,1,1
2733,16.0,0,6.5,8.1,4.4,1.2,72.1,67.0,3.9,2.6,6.7,5.4,0,1,2.1,9.6,7.56,60.33,2,2
2734,25.0,1,1.4,7.6,6.5,3.3,98.8,68.0,5.8,0.6,4.6,5.1,2,0,3.0,4.0,9.96,65.95,0,0
2735,24.0,1,4.5,6.5,7.8,2.1,87.5,100.0,6.5,2.1,7.3,5.0,0,0,3.3,3.7,5.21,62.19,2,2
2736,22.0,1,4.0,4.6,9.5,0.3,71.7,67.4,10.0,1.0,5.0,7.8,0,0,5.3,3.3,7.68,48.75,2,2
2737,25.0,1,3.7,8.9,10.5,0.7,74.4,79.9,8.0,3.8,7.5,5.6,1,1,3.4,3.4,7.25,68.42,0,0
2738,20.0,0,3.4,6.1,5.1,4.6,63.7,76.9,9.6,2.8,8.8,8.1,0,0,0.7,3.8,4.29,44.52,1,1
2739,25.0,0,5.0,7.5,9.0,1.9,84.0,76.3,6.1,0.8,4.1,4.3,1,0,3.2,2.1,6.96,54.34,2,2
2740,17.0,0,5.8,4.5,6.5,5.2,77.7,83.6,7.2,2.8,6.8,7.0,1,1,3.1,2.8,7.53,44.68,1,1
2741,19.0,0,5.0,7.0,12.9,2.9,84.1,63.6,6.6,2.2,4.9,1.6,2,0,0.0,3.9,2.86,22.97,1,1
2742,18.0,0,4.0,7.1,8.8,0.5,57.9,100.0,2.1,5.0,8.1,7.1,0,0,5.1,5.0,7.2,57.17,2,2
2743,18.0,0,3.9,7.2,5.6,3.9,73.2,58.4,0.6,1.4,5.6,7.9,1,0,3.4,2.6,7.25,52.52,2,2
2744,17.0,1,6.1,10.0,4.0,1.6,67.2,72.0,3.5,4.2,8.9,3.5,0,1,7.9,8.8,4.24,41.63,1,1
2745,21.0,0,5.1,6.2,1.0,2.3,86.4,53.6,8.7,3.0,10.0,6.6,0,0,2.1,10.8,8.35,56.64,2,2
2746,22.0,1,4.3,8.1,7.7,5.0,72.2,91.1,5.1,2.1,3.8,7.7,1,0,0.0,4.0,4.37,58.58,2,2
2747,21.0,1,4.1,7.7,8.5,0.7,86.1,58.4,7.7,4.6,6.2,5.4,1,0,4.0,4.0,10.0,67.65,0,0
2748,20.134890807516506,0,4.9,6.1,7.9,2.2,73.1,88.6,8.9,4.6,8.2,7.9,0,1,1.8,2.1,3.63,47.14,2,2
2749,23.0,1,3.3,8.0,6.047861775435752,1.0,100.0,79.8,3.2,6.5,5.1,4.5,0,0,2.3,3.9,3.97,64.2,0,0
2750,21.0,1,5.8,6.8,2.9,0.9,80.7,78.2,9.2,0.8,6.9,6.6,1,1,4.3,1.1,8.51,70.28,0,0
2751,19.0,1,2.0,8.1,7.2,2.1,91.9,95.1,3.4,4.0,4.7,5.957923664122137,2,1,0.0,8.9,6.9,67.19,0,0
2752,21.0,1,3.4,9.5,10.5,1.5,78.5,64.1,5.991217524197657,3.4,2.1,6.3,1,0,6.4,2.9,6.82,55.61,2,2
2753,18.0,1,5.4,7.2,5.9,2.5,92.0,100.0,3.6,3.2,7.2,8.4,0,1,1.4,4.9,8.13,69.22,0,0
2754,19.0,1,1.9,6.6,8.7,4.1,70.0,68.1,6.5,6.2,7.2,6.2,1,1,4.2,6.2,9.47,48.27,2,2
2755,24.0,0,1.1,8.4,3.4,1.6,79.5,82.8,5.6,2.2,3.8,5.0,0,0,2.8,4.1,6.6,53.59,2,2
2756,19.0,0,4.3,8.8,6.5,0.4,74.0,71.5,7.8,8.1,4.8,9.9,0,0,5.7,13.1,6.93,75.14,0,0
2757,20.0,1,0.8,5.9,5.3,4.2,100.0,86.1,8.2,2.5,5.1,9.7,0,0,4.8,3.3,4.45,64.58,0,0
2758,24.0,0,1.6,6.4,9.0,1.6,64.5,57.0,9.5,0.1,7.1,10.0,1,0,0.0,2.2,7.15,48.88,2,2
2759,22.0,1,5.7,7.9,4.7,6.3,100.0,76.9,7.7,2.5,7.7,8.6,2,0,2.0,2.7,2.75,62.71,2,2
2760,16.0,1,3.8,6.8,10.2,2.3,62.1,75.3,7.8,2.1,6.7,7.6,2,0,5.9,8.3,6.96,55.26,2,2
2761,17.0,1,6.8,5.8,5.2,2.8,89.6,82.8,5.0,3.0,3.1,9.0,0,1,4.9,13.8,8.73,85.27,0,0
2762,16.0,0,1.8,7.7,3.3,0.0,71.9,82.3,5.6,2.2,4.9,4.7,2,0,4.7,11.5,6.38,53.12,2,2
2763,21.0,1,4.219583121504829,7.9,3.4,0.9,83.3,59.5,6.7,2.4,5.1,4.2,0,0,7.0,8.1,7.91,72.47,0,0
2764,20.0,0,5.0,6.6,4.4,0.0,77.8,98.5,3.3,5.8,4.9,2.8,0,0,2.4,3.5,7.44,63.73,0,0
2765,17.0,0,1.9,7.1,6.9,3.5,69.2,74.0,8.5,0.7,7.7,4.5,1,1,4.9,7.8,6.43,41.27,1,1
2766,25.0,0,6.3,6.3,4.5,2.9,81.1,88.1,5.7,9.5,8.4,5.5,1,0,4.0,5.5,4.85,58.74,2,2
2767,20.0,0,5.2,5.6,3.9,4.1,74.6,52.3,6.4,1.0,7.7,2.6,0,0,2.9,11.2,8.19,41.21,1,1
2768,18.0,0,1.0,6.4,8.2,4.5,87.4,67.5,2.7,4.1,8.6,6.1,0,0,4.6,4.5,6.22,39.19,1,1
2769,20.0,1,4.1,7.1,1.0,4.7,66.9,94.4,5.2,4.1,5.7,3.8,0,0,3.7,4.1,3.28,56.31,2,2
2770,21.0,1,5.0,5.1,4.9,2.6,86.1,100.0,7.9,1.9,4.4,1.3,2,1,0.0,7.1,7.54,46.12,1,1
2771,17.0,0,3.0,6.4,2.7,3.2,91.2,82.6,6.9,4.8,3.0,1.0,0,1,8.0,6.0,4.57,53.63,2,2
2772,18.0,0,1.2,7.1,3.8,4.0,78.6,73.4,7.8,1.9,4.9,3.4,0,0,3.0,6.6,8.21,52.58,2,2
2773,23.0,1,4.8,8.6,6.6,1.6,62.8,55.9,5.3,2.5,3.7,4.7,2,0,6.2,2.1,3.47,47.25,2,2
2774,20.0,1,8.6,6.6,5.5,1.3,100.0,89.4,6.3,3.7,9.6,8.6,0,0,0.0,0.5,9.76,68.32,0,0
2775,20.0,1,3.4,5.4,5.3,5.8,86.1,80.5,5.8,4.7,7.4,3.5,0,1,3.0,2.3,6.93,39.35,1,1
2776,20.0,1,7.3,6.7,9.0,0.0,79.81730107309173,32.6,7.5,2.9,3.5,10.0,0,0,3.6,4.3,9.19,66.73,0,0
2777,16.0,1,2.7,6.3,6.0,3.9,86.4,43.8,6.6,3.7,5.1,7.5,0,1,4.1,3.8,6.72,55.6,2,2
2778,18.0,0,4.6,7.7,10.5,3.6,58.2,81.3,5.2,1.0,4.3,5.9,0,0,5.5,10.4,8.45,52.91,2,2
2779,20.0,0,5.7,6.6,7.8,1.0,95.3,60.0,0.4,7.8,4.1,4.2,1,1,2.6,7.2,4.15,45.63,1,1
2780,18.0,0,4.2,3.5,3.6,1.8,100.0,56.3,6.4,2.2,4.7,5.2,0,1,4.8,7.7,7.04,35.97,1,1
2781,16.0,0,3.6,10.0,10.8,2.4,90.7,73.1,2.3,1.3,4.8,3.9,0,0,6.0,1.0,6.25,45.77,1,1
2782,23.0,0,5.7,7.2,6.047861775435752,3.4,67.0,81.2,7.5,8.1,4.6,5.3,0,0,4.5,1.4,6.17,63.14,0,0
2783,25.0,1,8.0,7.1,10.7,3.6,54.1,100.0,7.8,2.1,5.6,5.957923664122137,0,0,4.050203624516392,2.3,5.53,50.83,2,2
2784,23.0,1,4.8,5.0,5.3,2.9,97.7,60.3,1.0,4.3,4.9,7.5,0,0,4.6,7.5,4.52,53.3,2,2
2785,23.0,0,3.2,5.1,6.7,3.3,78.1,82.8,6.7,9.2,8.1,3.0,0,0,4.3,2.7,7.72,47.45,2,2
2786,18.0,0,3.8,6.9,7.1,4.2,74.9,56.5,6.6,1.7,5.6,6.6,0,1,4.1,3.6,4.63,48.55,2,2
2787,25.0,1,9.2,7.4,5.6,4.1,95.1,66.1,6.8,2.1,5.5,5.7,0,0,0.0,5.6,6.82,65.05,0,0
2788,18.0,2,4.5,7.9,9.2,5.8,72.3,78.4,3.3,1.4,4.6,5.1,2,0,6.8,10.4,9.5,57.8,2,2
2789,25.0,1,3.0,7.3,10.8,4.9,89.9,72.3,7.0,6.6,5.2,1.0,1,0,1.9,5.3,5.59,51.9,2,2
2790,25.0,1,1.9,5.5,1.0,3.0,80.3,50.4,3.2,3.6,2.7,4.8,1,0,6.4,4.8,6.91,57.57,2,2
2791,22.0,1,0.5,3.7,8.0,4.2,83.2,84.2,7.5,1.2,4.9,5.9,2,1,3.6,1.9,6.47,20.97,1,1
2792,25.0,1,4.9,6.9,3.8,3.8,100.0,88.3,7.0,5.6,8.2,6.9,2,1,5.8,2.5,5.35,63.37,0,0
2793,21.0,0,5.5,6.3,1.0,3.3,73.6,100.0,5.3,0.3,4.0,7.0,1,0,6.7,4.4,8.25,76.06,0,0
2794,18.0,2,3.4,5.4,7.3,1.4,72.5,79.0,6.9,0.8,6.2,7.9,1,0,1.7,1.8,8.07,49.73,2,2
2795,20.0,1,4.2,8.1,7.3,3.3,77.4,78.1,3.9,2.7,8.2,5.8,0,0,3.6,4.9,5.95,49.85,2,2
2796,21.0,2,1.9,5.0,7.7,0.0,64.4,80.5,4.8,2.4,6.1,5.9,1,1,3.8,9.7,8.56,40.62,1,1
2797,17.0,0,4.5,7.8,6.9,4.9,92.2,50.4,8.6,4.8,4.8,5.5,1,0,1.9,8.3,6.38,73.37,0,0
2798,21.0,0,5.2,5.2,8.2,3.6,90.4,74.2518720906699,8.5,1.3,6.9,7.2,0,0,3.6,1.0,6.41,37.77,1,1
2799,25.0,0,3.1,7.2,4.5,2.7,79.9,73.5,3.6,1.1,5.4,5.9,0,0,3.7,4.8,6.31,49.61,2,2
2800,18.0,1,7.6,8.2,6.7,2.2,68.0,33.7,4.6,2.2,7.4,7.7,2,0,4.2,4.5,7.79,62.4,2,2
2801,23.0,0,2.5,6.6,6.047861775435752,4.2,44.3,54.6,4.8,1.6,6.2,8.1,1,0,6.7,10.2,7.24,33.08,1,1
2802,24.0,1,4.8,9.2,9.4,6.3,69.2,66.0,6.1,4.6,2.0,7.8,0,0,6.5,7.1,5.37,63.88,0,0
2803,24.0,0,5.9,9.5,6.1,3.7,77.0,93.2,5.7,6.2,4.3,5.1,1,0,7.2,5.3,6.85,67.99,0,0
2804,25.0,1,4.0,7.3,5.5,6.4,55.3,79.7,8.8,4.0,6.0,1.9,0,0,1.0,2.2,6.14,47.95,2,2
2805,20.0,0,3.8,7.7,5.9,4.4,100.0,47.7,9.4,5.7,7.8,6.3,2,0,1.3,8.4,7.47,53.63,2,2
2806,25.0,0,1.3,8.4,3.0,1.6,85.4,74.3,10.0,0.5,7.3,6.5,0,0,2.3,0.1,8.8,67.54,0,0
2807,22.0,1,6.9,7.7,7.9,3.9,87.1,85.5,10.0,1.8,7.5,1.7,0,0,6.2,3.3,7.44,69.33,0,0
2808,18.0,1,3.9,7.6,2.4,3.7,78.1,87.9,2.5,3.6,5.1,9.2,0,1,2.6,3.6,4.82,70.91,0,0
2809,20.0,0,5.3,6.976601980998585,7.0,1.5,89.6,93.8,5.6,5.0,4.1,7.0,2,0,3.7,4.2,9.92,68.94,0,0
2810,20.134890807516506,0,5.5,4.8,6.2,2.3,76.1,96.6,4.5,1.9,4.2,9.2,1,0,4.8,5.3,7.03,59.25,2,2
2811,18.0,1,2.9,5.2,2.1,2.2,77.9,85.3,4.0,0.6,4.0,6.3,2,0,0.0,2.6,5.32,55.84,2,2
2812,21.0,0,3.8,10.0,2.3,3.2,98.3,83.8,9.1,8.1,10.0,6.6,0,0,3.3,9.1,8.19,77.99,0,0
2813,21.0,1,6.9,7.4,3.9,2.5,94.3,79.2,6.9,0.9,9.5,6.8,2,0,3.4,1.2,7.6,66.14,0,0
2814,18.0,1,2.0,6.7,5.1,3.5,79.9,90.2,2.5,2.4,2.9,5.0,0,1,3.6,4.5,6.28,49.83,2,2
2815,21.0,1,8.5,8.6,9.7,3.8,100.0,60.8,10.0,1.8,6.4,3.4,0,1,6.4,4.8,6.69,49.1,2,2
2816,22.0,1,2.7,6.976601980998585,5.7,5.3,78.9,71.3,2.0,5.7,5.2,3.2,0,1,0.0,4.6,5.68,35.82,1,1
2817,20.0,0,1.8,7.8,7.4,4.0,73.4,62.4,5.2,1.3,4.9,10.0,0,0,1.5,8.6,6.61,49.62,2,2
2818,16.0,2,4.5,7.1,9.2,1.7,81.7,82.8,6.2,3.4,5.542839731870811,5.6,1,0,4.2,1.6,8.07,66.67,0,0
2819,16.0,1,8.6,7.6,8.7,6.8,83.9,70.3,3.5,3.6,4.4,3.4,1,1,5.4,1.7,8.29,49.13,2,2
2820,19.0,0,0.4,6.6,6.0,1.7,64.5,93.2,7.2,6.2,4.5,9.9,2,0,7.2,2.1,6.36,62.53,2,2
2821,24.0,1,3.9,5.7,4.2,2.3,86.3,75.9,4.6,2.7,6.6,8.9,0,0,4.050203624516392,7.0,6.37,53.45,2,2
2822,18.0,0,5.2,5.9,7.2,4.1,100.0,94.1,7.8,2.8,8.5,8.5,1,1,3.0,2.3,5.02,66.56,0,0
2823,21.0,1,4.3,6.0,4.3,8.2,92.4,37.0,6.9,5.5,10.0,1.4,2,1,0.3,7.7,7.76,39.22,1,1
2824,18.0,0,5.0,7.0,10.5,3.7,88.6,62.0,0.5,2.5,6.7,8.9,1,0,4.1,6.0,5.7,43.97,1,1
2825,19.0,0,2.8,5.0,8.2,1.8,86.2,91.9,2.6,3.2008618067525094,3.6,2.8,1,0,3.9,4.5,4.69,38.36,1,1
2826,23.0,1,3.0,5.4,6.5,0.0,67.0,75.4,7.9,2.5,7.1,5.7,0,0,6.1,3.9,7.99,36.93,1,1
2827,22.0,0,3.9,7.2,7.3,0.0,67.0,94.0,6.9,11.0,4.7,5.6,0,0,6.5,5.5447261663286005,5.77,65.61,0,0
2828,17.0,1,1.9,6.8,6.4,3.0,82.1,79.5,3.7,1.2,5.542839731870811,7.2,1,0,3.1,10.4,6.9,60.67,2,2
2829,19.0,1,4.1,7.2,5.1,4.0,74.4,58.2,4.5,0.8,9.0,6.4,1,1,1.7,1.7,8.32,42.39,1,1
2830,16.0,1,3.4,6.9,7.2,0.4,61.2,100.0,5.8,2.7,8.6,4.8,1,0,6.4,7.5,8.78,64.37,0,0
2831,20.0,1,3.3,10.0,5.4,3.4,75.4,63.1,1.5,3.0,7.5,9.8,1,0,2.2,2.4,7.56,43.46,1,1
2832,21.0,1,4.8,7.2,10.8,0.6,85.9,61.6,10.0,5.8,9.2,9.8,1,0,1.7,3.2,5.65,61.75,2,2
2833,17.0,1,0.6,6.5,4.3,1.3,87.5,89.8,3.8,3.1,1.0,6.8,2,0,1.1,13.7,8.19,58.25,2,2
2834,18.0,1,3.7,7.1,7.3,4.1,69.2,58.6,6.1,1.1,4.0,5.7,0,1,1.1,9.1,8.54,55.88,2,2
2835,19.0,1,8.8,8.3,4.0,1.7,79.4,51.7,9.7,1.5,7.0,9.3,0,0,10.0,3.0,5.63,61.86,2,2
2836,24.0,0,2.0,6.9,4.0,5.4,85.4,61.2,5.991217524197657,3.1,5.5,8.3,0,0,4.2,19.4,8.12,55.49,2,2
2837,25.0,0,6.8,7.9,1.5,1.9,63.5,89.8,6.7,2.3,8.0,3.2,0,0,3.0,1.5,5.01,53.75,2,2
2838,16.0,1,4.3,7.5,7.0,5.0,70.0,100.0,3.9,1.9,2.9,10.0,0,0,0.0,6.7,6.87,63.01,2,2
2839,22.0,1,3.0,6.6,4.7,7.1,79.8,75.1,4.8,4.2,8.2,3.9,0,1,2.7,2.5,6.69,44.22,1,1
2840,19.0,1,1.6,7.1,8.7,1.7,68.2,62.0,4.0,1.6,6.7,5.0,0,0,8.8,17.6,5.08,22.82,1,1
2841,19.0,0,4.5,9.1,7.0,7.4,75.7,97.2,8.8,2.6,5.8,2.7,0,0,2.4,2.0,9.28,54.96,2,2
2842,22.0,0,7.1,7.3,6.4,3.0,100.0,63.9,4.5,7.2,1.9,4.9,1,0,4.3,2.4,6.59,73.0,0,0
2843,24.0,1,3.4,5.7,2.5,1.9,60.4,67.0,4.4,6.4,10.0,8.6,0,1,3.0,8.6,6.489753023681269,47.65,2,2
2844,25.0,1,4.0,6.6,7.5,2.5,98.5,82.5,4.1,6.2,3.0,6.1,0,1,7.2,9.2,7.13,74.98,0,0
2845,21.0,1,6.2,4.3,4.3,2.3,84.4,95.5,6.8,0.7,2.5,6.5,0,0,3.4,4.5,6.12,48.66,2,2
2846,19.0,1,4.9,7.2,2.4,5.5,64.1,76.3,7.3,1.8,6.9,4.2,0,0,6.9,10.0,7.16,56.76,2,2
2847,22.0,2,1.1,8.7,7.1,5.4,88.8,68.6,1.6,1.8,8.0,7.5,0,0,1.6,6.4,5.49,43.59,1,1
2848,18.0,0,4.4,5.3,2.9,5.4,80.6,100.0,6.1,1.2,5.3,1.8,1,0,4.6,9.3,4.94,49.08,2,2
2849,21.0,1,7.2,7.2,1.0,0.7,95.7,62.9,6.7,8.3,3.7,5.3,0,0,0.0,5.7,6.0,62.82,2,2
2850,19.0,0,4.1,8.3,9.2,3.3,88.6,64.9,9.1,1.6,4.5,5.7,2,0,4.2,13.0,4.09,60.47,2,2
2851,21.0,1,0.0,6.976601980998585,4.6,0.2,82.6,68.0,3.3,1.5,6.5,5.3,0,0,4.9,5.5,4.91,45.74,1,1
2852,18.0,1,5.0,8.7,1.6,4.8,76.0,84.9,3.5,3.1,4.3,6.6,2,0,3.5,17.1,6.94,63.32,0,0
2853,18.0,0,3.8,4.6,3.6,2.1,95.2,66.6,7.4,2.0,8.3,2.7,0,0,6.8,6.7,5.65,42.01,1,1
2854,24.0,0,0.5,7.7,4.2,3.9,74.9,89.7,5.991217524197657,2.5,3.8,8.0,0,0,3.0,3.3,4.42,53.02,2,2
2855,17.0,1,0.8,5.0,8.9,2.1,61.8,74.1,9.0,3.0,2.0,3.6,0,0,5.3,9.1,4.71,23.4,1,1
2856,20.0,1,6.2,5.7,1.8,0.0,55.4,69.3,5.991217524197657,2.4,9.0,10.0,2,0,5.6,3.4,5.33,56.84,2,2
2857,18.0,0,2.7,8.1,2.7,4.6,63.9,64.9,6.6,2.8,4.0,6.8,1,0,1.3,2.9,5.76,46.52,1,1
2858,16.0,0,2.4,7.2,8.5,4.7,90.4,74.5,5.9,3.8,6.6,7.4,2,0,7.5,7.8,4.67,56.35,2,2
2859,16.0,1,4.1,7.9,4.9,3.3,75.3,83.0,5.7,2.7,6.7,4.5,1,1,5.2,1.7,7.73,54.84,2,2
2860,18.0,1,2.9,5.8,6.6,0.0,70.0,74.4,5.9,3.2,4.1,4.9,2,0,3.9,5.8,8.65,55.26,2,2
2861,23.0,1,4.4,8.9,4.8,4.4,74.4,79.2,6.1,4.4,6.9,8.9,2,1,5.6,18.3,7.86,56.89,2,2
2862,18.0,2,3.8,7.9,11.1,1.7,90.8,61.0,9.1,2.6,4.6,2.9,0,1,1.1,3.0,4.74,60.02,2,2
2863,25.0,0,1.8,8.2,2.8,3.9,88.2,62.1,1.5,2.3,4.0,6.0,0,0,2.3,4.8,7.04,52.33,2,2
2864,21.0,1,3.2,5.6,6.7,2.1,82.1,74.9,5.1,2.9,5.542839731870811,6.0,1,0,5.3,5.5,7.3,58.69,2,2
2865,20.0,0,5.1,8.5,9.8,2.3,72.2,77.2,6.5,3.4,9.4,7.0,0,0,1.1,3.2,7.36,65.79,0,0
2866,21.0,0,4.3,6.6,5.1,3.9,74.9,75.9,4.7,1.4,6.2,6.5,0,1,4.0,11.2,9.08,61.8,2,2
2867,20.0,1,4.0,6.2,4.1,1.5,78.3,64.4,5.4,2.6,7.5,7.0,2,0,10.0,6.3,3.61,47.61,2,2
2868,22.0,1,8.1,7.8,7.9,2.7,68.4,76.3,5.0,6.9,5.7,4.8,1,0,6.4,4.9,6.3,48.28,2,2
2869,18.0,0,5.7,7.8,8.5,3.9,78.6,75.5,8.9,0.5,4.4,10.0,1,1,4.0,9.0,8.07,71.01,0,0
2870,19.0,0,5.9,5.9,4.0,6.9,67.7,72.8,5.1,3.5,6.3,6.0,0,0,0.8,0.7,7.08,49.34,2,2
2871,24.0,0,3.9,9.7,9.7,3.03210685483871,84.8,63.3,4.4,1.0,5.2,8.3,0,0,5.8,3.1,1.51,29.63,1,1
2872,24.0,0,4.6,9.4,6.1,4.5,86.2,84.3,7.7,6.5,4.5,8.3,0,0,4.3,2.1,4.79,77.31,0,0
2873,24.0,1,3.3,7.8,7.3,0.9,94.5,74.8,4.8,7.4,7.2,1.0,0,1,5.9,1.8,7.75,48.45,2,2
2874,19.0,1,5.8,7.6,9.7,6.1,83.4,61.5,5.6,3.3,6.5,2.6,1,1,4.3,6.5,5.57,47.82,2,2
2875,22.0,2,4.0,7.4,7.9,1.5,83.0,72.8,3.6,1.6,4.1,4.2,1,1,4.8,6.2,5.52,44.5,1,1
2876,20.0,1,4.6,5.0,6.0,2.8,69.1,64.5,5.1,1.0,7.5,4.9,0,1,3.9,0.7,6.84,33.02,1,1
2877,20.0,0,4.5,7.1,4.3,3.9,79.4,75.1,5.9,0.9,5.5,6.6,0,0,8.1,5.7,8.89,62.63,2,2
2878,18.0,0,4.2,7.1,12.8,1.6,66.7,100.0,3.2,1.5,7.4,6.6,0,0,4.5,5.7,4.92,40.7,1,1
2879,21.0,0,10.1,6.3,4.0,4.9,57.8,77.7,5.8,2.5,4.0,4.3,0,0,4.7,5.8,7.78,41.28,1,1
2880,18.0,1,2.9,6.6,6.8,1.8,76.6,78.6,7.1,3.6,3.6,1.5,2,1,3.3,1.9,5.25,36.9,1,1
2881,19.0,0,2.8,3.9,7.3,4.5,73.5,100.0,1.6,4.4,4.5,9.6,0,0,0.5,10.9,7.38,40.8,1,1
2882,23.0,0,5.6,5.6,7.4,4.9,87.9,79.9,4.6,5.3,5.6,7.9,0,0,8.0,2.7,8.07,60.79,2,2
2883,18.0,0,3.0,8.2,11.3,4.0,67.5,82.8,10.0,2.2,5.1,7.5,1,0,3.0,3.5,6.69,59.16,2,2
2884,17.0,0,3.6,9.3,6.1,4.3,100.0,77.6,5.5,1.1,8.3,7.1,1,0,5.5,3.1,5.09,57.14,2,2
2885,16.0,1,2.0,5.8,5.8,7.6,73.8,68.1,8.5,3.4,3.7,7.4,2,0,7.0,5.0,8.52,64.75,0,0
2886,24.0,1,5.2,7.2,9.9,3.7,79.1,83.1,5.9,3.1,1.1,2.7,1,0,3.6,7.5,5.57,45.14,1,1
2887,20.0,1,5.2,8.4,5.7,3.2,72.6,100.0,5.3,4.5,5.5,2.6,1,0,7.8,2.0,7.79,68.04,0,0
2888,19.0,1,3.6,6.976601980998585,8.2,3.6,90.1,51.2,8.1,3.3,6.6,7.4,0,1,2.4,7.8,6.77,50.35,2,2
2889,23.0,2,5.6,7.9,6.5,5.3,77.2,66.8,8.6,2.6,4.7,1.2,1,0,0.0,1.4,4.75,42.59,1,1
2890,23.0,0,0.5,7.0,8.3,7.2,67.3,59.6,4.0,2.0,6.0,6.9,2,0,2.1,2.0,3.7,14.04,1,1
2891,19.0,0,2.8,8.5,7.8,2.7,56.2,61.7,3.6,2.9,3.8,7.7,1,0,4.9,10.2,5.51,57.24,2,2
2892,22.0,0,3.9,5.3,5.0,1.4,87.5,97.0,3.0,5.8,3.5,5.957923664122137,0,0,4.2,4.2,7.18,74.99,0,0
2893,22.0,1,1.9,5.6,1.4,5.1,88.4,72.2,4.1,3.1,6.8,5.3,2,0,5.3,12.4,5.4,37.83,1,1
2894,21.0,2,0.7,7.4,1.8,0.5,84.5,88.0,8.5,4.3,6.9,3.6,0,0,2.8,3.7,10.0,74.93,0,0
2895,17.0,1,4.219583121504829,7.1,1.4,3.5,77.2,63.0,6.1,4.9,6.8,8.3,0,0,0.0,5.0,6.86,74.05,0,0
2896,23.0,1,5.6,6.9,5.8,3.5,75.9,63.4,8.6,2.4,6.7,5.5,1,1,4.6,2.4,8.78,60.5,2,2
2897,20.0,0,6.8,7.7,1.0,2.8,90.1,56.7,3.7,5.9,6.4,2.3,1,0,4.9,9.3,8.26,63.2,0,0
2898,18.0,0,3.1,5.8,5.6,2.9,78.7,100.0,3.8,1.6,5.2,1.0,2,0,4.8,3.2,7.08,40.04,1,1
2899,19.0,0,5.7,5.2,6.3,0.0,94.6,89.0,5.1,3.6,7.0,7.3,2,0,3.2,8.0,6.489753023681269,62.12,2,2
2900,16.0,1,5.5,6.3,8.1,1.4,78.7,56.1,6.7,6.4,3.7,7.7,2,1,4.4,8.1,6.91,56.09,2,2
2901,17.0,0,6.6,6.5,7.3,4.7,78.2,95.6,5.7,3.2008618067525094,8.2,6.0,2,0,4.1,3.0,7.8,60.41,2,2
2902,22.0,1,3.5,6.6,8.3,0.0,84.8,70.3,7.5,2.6,5.542839731870811,5.9,0,1,4.1,10.7,7.08,57.95,2,2
2903,16.0,1,0.6,8.6,7.0,2.8,98.1,83.2,6.9,1.4,2.2,6.0,0,0,5.8,3.0,8.55,71.38,0,0
2904,19.0,0,4.3,8.0,5.2,2.4,95.3,75.8,7.1,6.3,7.3,5.6,1,0,0.2,3.2,7.19,78.18,0,0
2905,20.0,0,2.2,7.7,5.7,0.0,79.4,49.1,7.5,4.1,7.3,2.5,0,0,3.3,4.6,5.26,40.78,1,1
2906,16.0,0,2.8,7.3,3.9,6.0,75.1,60.1,8.4,1.4,10.0,5.2,2,0,5.2,1.6,7.74,52.01,2,2
2907,25.0,0,3.6,6.4,6.6,1.1,64.3,99.4,0.6,5.5,3.2,5.7,0,0,2.1,5.7,5.44,50.68,2,2
2908,18.0,0,3.5,5.9,2.0,4.0,89.0,91.9,6.0,7.3,5.542839731870811,8.2,1,0,3.6,5.4,8.75,87.44,0,0
2909,19.0,0,4.5,5.4,8.7,2.2,56.8,56.6,7.9,11.7,7.7,4.3,0,1,0.6,3.3,6.12,34.75,1,1
2910,19.0,0,5.6,6.1,3.6,1.5,100.0,78.7,10.0,8.4,6.5,5.0,0,1,0.0,5.4,7.15,70.71,0,0
2911,18.0,0,3.5,6.9,6.4,2.6,91.0,71.1,5.8,2.1,2.5,7.0,1,0,0.0,7.2,5.92,56.81,2,2
2912,16.0,2,5.0,5.5,6.8,2.4,70.3,95.6,1.2,3.8,10.0,4.5,1,1,4.3,5.2,9.35,48.85,2,2
2913,22.0,2,4.2,7.2,8.9,2.7,96.0,71.3,9.1,1.1,4.7,4.5,0,0,2.4,4.0,8.96,62.48,2,2
2914,25.0,1,6.1,6.7,1.8,1.6,87.1,61.2,3.3,3.8,4.6,2.7,2,0,4.4,6.0,3.92,58.99,2,2
2915,18.0,0,3.8,6.5,5.2,1.2,86.1,88.3,7.0,3.6,7.2,8.9,1,1,7.4,6.4,7.12,77.26,0,0
2916,21.0,0,4.0,8.5,7.4,4.8,76.5,96.4,7.2,2.8,10.0,7.1,1,0,3.2,6.0,5.88,65.93,0,0
2917,22.0,1,3.5,3.8,10.4,3.0,87.2,82.1,6.3,2.4,4.4,7.8,1,1,5.0,8.7,7.05,51.06,2,2
2918,23.0,0,3.9,6.5,5.9,2.9,61.6,85.3,1.3,1.2,6.8,4.8,0,0,0.7,6.3,6.68,36.98,1,1
2919,19.0,1,2.6,6.976601980998585,4.5,1.4,80.8,53.5,5.2,4.6,3.3,10.0,2,0,1.2,0.8,5.62,23.82,1,1
2920,19.0,0,2.4,7.3,11.1,5.8,71.2,52.0,2.5,2.3,5.4,6.7,1,1,0.0,3.0,5.19,28.68,1,1
2921,19.0,0,5.8,8.0,8.0,2.8,76.3,50.7,7.0,4.6,9.3,7.4,0,0,0.3,2.3,9.46,57.89,2,2
2922,22.0,1,2.0,6.976601980998585,9.4,0.0,71.0,93.9,4.1,1.1,5.542839731870811,6.7,0,0,1.9,3.6,6.14,46.49,1,1
2923,23.0,1,3.6,5.4,3.0,3.5,71.7,68.0,1.3,1.5,4.5,6.4,2,0,3.0,5.9,6.78,39.4,1,1
2924,18.0,0,6.2,4.8,7.3,1.6,96.7,89.9,7.6,3.5,7.5,6.3,1,0,2.3,4.3,6.09,60.4,2,2
2925,19.0,1,3.5,7.1,3.3,4.6,61.4,64.2,3.2,4.5,5.9,4.3,0,0,3.2,4.9,4.87,41.87,1,1
2926,24.0,1,5.9,6.6,2.7,4.9,85.3,74.7,6.3,1.1,5.3,6.8,2,0,4.9,2.1,4.82,48.57,2,2
2927,23.0,1,3.0,6.6,7.5,4.7,65.3,60.5,4.4,2.1,1.6,6.7,1,0,2.0,7.2,6.18,47.69,2,2
2928,25.0,0,2.1,6.5,7.6,2.2,97.2,69.1,7.9,3.1,4.6,5.2,0,1,3.5,8.4,7.89,60.27,2,2
2929,22.0,0,1.0,5.7,4.8,2.8,85.6,44.2,7.8,1.6,3.2,5.3,1,0,4.4,1.0,5.72,45.66,1,1
2930,19.0,0,6.8,8.5,9.6,3.4,61.7,69.3,6.5,7.9,6.2,6.2,1,0,2.3,15.2,9.66,61.22,2,2
2931,21.0,1,1.9,7.4,5.1,4.6,84.4,67.7,5.8,3.3,3.7,3.9,1,0,3.0,13.5,7.94,57.69,2,2
2932,21.0,0,5.7,5.5,5.3,1.1,71.0,44.5,5.0,4.7,1.0,6.4,2,0,5.0,2.5,6.489753023681269,63.26,0,0
2933,17.0,0,2.2,6.1,5.9,3.2,82.9,82.6,3.3,4.2,6.3,8.2,2,0,8.2,2.4,5.24,46.1,1,1
2934,20.0,1,6.8,5.9,5.4,6.4,62.7,85.3,4.7,0.8,6.8,3.2,0,0,5.5,2.5,4.12,36.9,1,1
2935,22.0,0,8.6,8.8,9.2,2.0,96.0,63.1,7.1,4.8,3.9,8.5,1,0,0.9,3.0,5.64,67.49,0,0
2936,18.0,0,0.8,7.9,3.4,3.0,54.0,53.3,10.0,1.1,1.0,4.4,1,0,2.0,6.3,6.51,54.45,2,2
2937,22.0,0,2.0,6.8,4.1,7.7,69.5,100.0,7.3,9.6,4.8,5.9,1,0,1.2,5.0,4.14,52.62,2,2
2938,21.0,1,5.7,9.2,3.0,2.6,65.9,79.6,7.6,6.1,3.6,8.0,0,1,5.0,6.6,3.95,74.47,0,0
2939,25.0,1,5.2,8.9,10.7,0.2,84.9,32.2,5.8,1.6,2.4,5.4,2,0,6.0,6.8,7.44,46.62,1,1
2940,16.0,1,5.8,6.7,5.2,2.9,73.6,67.3,7.2,0.7,5.1,7.2,2,0,0.0,4.0,6.75,52.31,2,2
2941,18.0,1,3.1,6.5,4.1,6.0,77.6,63.3,1.3,4.6,4.7,4.0,0,1,3.8,12.4,8.28,44.92,1,1
2942,21.0,0,8.2,6.5,5.3,4.9,71.7,61.9,4.4,4.3,3.8,7.1,1,1,2.6,1.3,3.68,50.0,2,2
2943,19.0,1,4.4,5.8,8.1,1.2,62.2,94.7,7.5,2.9,6.2,5.957923664122137,1,0,2.6,5.3,7.21,64.54,0,0
2944,22.0,0,1.8,9.3,7.7,3.7,77.0,79.6,7.6,1.0,5.7,4.8,0,1,3.3,2.2,4.48,37.43,1,1
2945,22.0,1,3.7,5.7,4.6,2.7,63.1,86.4,4.8,1.9,4.6,6.3,1,0,3.2,1.5,5.94,54.67,2,2
2946,17.0,1,1.8,8.1,5.0,4.5,56.2,72.5,3.1,3.6,5.9,6.6,2,0,2.1,3.5,7.98,45.67,1,1
2947,20.0,0,7.4,7.9,2.4,1.9,88.1,90.4,5.8,3.9,5.3,5.5,0,0,4.9,15.6,6.66,71.63,0,0
2948,20.0,1,2.9,6.6,6.3,3.9,63.9,68.3,5.0,8.5,3.5,4.7,0,0,2.0,2.1,5.32,48.61,2,2
2949,19.0,0,5.2,9.4,9.2,6.4,98.9,79.2,8.1,2.9,5.7,5.3,2,0,3.1,8.5,6.62,73.94,0,0
2950,24.0,1,3.3,5.0,4.5,0.0,98.4,83.8,7.5,4.5,6.8,5.8,1,0,2.8,4.8,8.12,69.21,0,0
2951,23.0,1,3.0,6.9,7.6,4.1,91.5,63.8,9.4,1.4,5.0,6.1,1,1,7.2,0.4,5.06,61.91,2,2
2952,22.0,0,0.4,6.4,4.5,5.4,65.2,37.3,8.4,4.2,10.0,6.6,0,0,3.0,2.3,5.95,32.41,1,1
2953,22.0,0,5.4,8.2,3.3,0.2,100.0,44.5,5.4,1.1,5.4,6.3,1,0,8.9,5.0,6.73,65.56,0,0
2954,20.0,1,6.8,7.5,7.7,1.7,49.4,100.0,6.8,5.7,6.5,5.2,2,0,5.4,7.9,6.489753023681269,60.04,2,2
2955,24.0,1,2.4,4.8,11.9,2.3,68.5,86.7,10.0,2.3,6.0,5.1,1,0,0.0,9.5,7.69,47.89,2,2
2956,22.0,0,1.1,8.6,7.4,1.7,90.8,87.6,5.1,2.4,6.9,7.3,1,0,1.3,3.0,5.81,61.82,2,2
2957,22.0,2,5.8,7.6,5.0,1.5,89.8,100.0,6.4,0.6,6.8,6.5,1,0,2.1,6.4,8.59,78.88,0,0
2958,20.134890807516506,0,0.9,5.7,5.1,2.3,70.6,54.8,6.0,2.4,4.2,6.4,1,0,7.6,9.7,5.59,40.29,1,1
2959,18.0,1,6.6,6.5,10.8,4.5,69.8,62.0,6.0,6.2,6.1,5.4,1,0,6.8,2.7,6.92,57.17,2,2
2960,23.0,2,2.4,5.3,6.8,5.7,77.2,55.1,4.1,1.3,4.8,3.7,0,1,8.6,1.4,3.77,21.65,1,1
2961,18.0,1,2.0,6.8,4.1,5.3,78.9,100.0,8.9,2.8,4.2,5.6,0,1,4.0,3.7,8.01,62.73,2,2
2962,19.0,1,4.7,7.2,5.8,4.8,73.9,57.0,4.0,5.9,5.1,6.2,0,0,3.0,3.1,6.15,52.14,2,2
2963,19.0,1,2.1,6.6,6.5,6.3,100.0,97.6,10.0,1.6,5.1,4.4,0,1,1.6,4.7,6.0,53.25,2,2
2964,25.0,1,2.8,6.4,7.2,6.7,71.1,63.1,9.6,7.0,8.4,10.0,0,0,6.4,4.0,3.89,57.12,2,2
2965,23.0,1,4.9,4.9,9.8,3.3,99.1,76.5,6.6,2.6,3.7,8.2,1,0,1.2,7.3,1.39,54.67,2,2
2966,22.0,1,0.0,7.4,9.2,5.6,85.3,97.9,6.0,2.3,6.0,5.9,0,0,4.8,4.7,4.82,41.78,1,1
2967,22.0,1,7.5,4.5,6.5,3.8,93.2,80.1,4.3,0.9,6.0,7.2,1,0,3.0,4.9,7.11,53.31,2,2
2968,21.0,0,4.3,7.0,5.9,2.6,60.6,72.6,6.2,4.8,4.9,6.2,0,0,6.1,4.7,9.62,61.45,2,2
2969,24.0,0,1.6,4.7,7.0,2.9,93.4,100.0,8.4,4.1,8.0,5.7,0,0,3.5,12.1,6.489753023681269,49.41,2,2
2970,20.0,1,2.2,7.1,4.5,4.8,92.9,42.0,4.5,5.5,6.7,9.8,0,0,5.8,13.4,6.53,55.38,2,2
2971,19.0,0,6.2,7.0,8.5,5.6,71.3,58.0,9.2,3.9,2.0,6.5,1,0,4.050203624516392,3.5,6.95,71.09,0,0
2972,18.0,0,5.4,7.5,5.5,4.0,91.0,69.4,8.3,0.4,8.8,3.8,2,1,3.6,5.6,8.47,54.84,2,2
2973,22.0,0,7.0,8.1,7.2,2.3,60.8,93.8,5.8,2.7,10.0,6.5,0,0,5.5,2.1,7.59,49.16,2,2
2974,22.0,1,2.8,8.4,10.3,2.1,73.8,65.9,7.8,4.0,9.9,6.2,2,1,7.3,2.1,5.34,52.62,2,2
2975,19.0,2,4.8,4.9,7.4,0.0,95.2,92.4,5.991217524197657,2.0,6.5,5.8,1,0,5.6,10.4,8.99,56.55,2,2
2976,16.0,0,5.1,6.9,6.6,3.6,79.81730107309173,44.0,5.8,2.2,3.1,6.8,1,0,6.7,1.2,3.89,54.48,2,2
2977,23.0,1,5.6,9.6,4.7,3.5,76.6,95.7,10.0,4.5,5.9,5.5,2,0,0.5,5.1,8.14,65.38,0,0
2978,16.0,1,6.5,7.2,5.8,1.1,98.3,91.1,8.6,2.7,2.7,1.9,2,0,5.8,7.5,6.32,77.05,0,0
2979,22.0,1,2.8,5.9,3.2,3.9,54.6,55.7,7.1,2.3,7.7,7.2,2,0,4.050203624516392,16.6,7.18,47.0,2,2
2980,25.0,0,4.0,6.9,7.3,3.8,77.7,74.4,6.2,0.5,6.7,4.9,1,1,4.4,8.9,5.96,45.65,1,1
2981,20.0,1,3.0,6.5,1.0,0.3,79.1,70.2,5.8,1.0,10.0,5.6,2,0,2.4,1.6,6.35,57.19,2,2
2982,18.0,0,4.1,5.5,8.4,2.4,69.6,83.1,5.9,5.4,7.3,5.6,0,0,5.2,5.1,6.86,45.25,1,1
2983,22.0,1,5.6,8.1,7.8,5.5,97.9,95.9,4.3,3.1,3.7,7.3,0,0,7.3,4.3,8.55,81.82,0,0
2984,23.0,0,0.9,7.8,6.2,1.9,68.2,62.7,7.4,3.9,8.5,5.957923664122137,0,0,3.6,3.4,10.0,60.45,2,2
2985,20.0,1,6.4,5.3,4.7,3.0,68.3,81.7,8.3,4.2,5.4,4.6,1,0,3.3,7.9,6.18,58.97,2,2
2986,25.0,0,1.9,6.9,6.0,3.3,47.9,79.4,5.4,0.4,5.2,7.4,2,0,2.5,5.6,8.32,48.27,2,2
2987,16.0,2,3.6,6.3,1.6,3.0,94.4,77.2,7.0,1.6,6.2,4.4,2,0,10.0,5.4,6.88,60.18,2,2
2988,20.0,1,6.7,4.9,8.1,4.2,75.7,100.0,4.4,5.3,4.5,9.4,2,1,4.3,9.1,4.96,52.99,2,2
2989,22.0,1,4.9,5.2,5.6,4.7,75.7,77.9,5.9,2.4,4.2,3.5,1,1,1.6,1.7,6.98,46.55,1,1
2990,20.134890807516506,1,4.9,5.4,9.8,5.3,77.2,53.1,4.1,0.3,10.0,7.3,2,0,2.9,4.8,5.3,16.78,1,1
2991,18.0,0,1.8,6.9,7.0,2.4,95.5,88.3,5.5,0.4,8.2,6.4,0,0,2.2,5.9,8.12,60.35,2,2
2992,23.0,0,2.1,6.4,6.6,3.9,100.0,100.0,6.3,0.6,6.9,7.7,0,0,2.9,2.2,7.49,58.19,2,2
2993,20.0,1,6.1,5.8,7.0,4.5,57.5,77.5,7.3,1.3,5.7,5.2,1,0,5.7,6.0,4.42,35.37,1,1
2994,19.0,1,3.0,6.5,3.6,2.8,74.0,99.3,4.7,4.5,2.4,9.4,0,1,9.2,7.8,6.95,67.73,0,0
2995,17.0,1,3.2,8.0,4.9,1.7,65.2,67.5,7.0,8.5,7.8,5.3,1,0,3.9,3.5,8.63,66.1,0,0
2996,23.0,2,6.1,7.5,6.3,3.3,77.1,82.5,3.9,3.8,4.4,8.3,0,0,0.9,5.4,4.47,54.84,2,2
2997,17.0,0,2.1,8.3,5.2,1.9,78.8,46.9,6.7,0.2,5.0,1.2,1,0,0.0,3.6,9.31,44.78,1,1
2998,19.0,0,4.7,6.7,4.6,1.7,57.7,64.0,10.0,3.4,7.5,5.6,0,0,5.3,1.1,4.93,46.47,1,1
2999,19.0,1,4.3,9.1,5.3,3.4,84.8,78.0,5.2,0.9,2.1,8.8,1,1,4.9,4.7,4.96,72.91,0,0
3000,23.0,1,4.2,7.5,6.1,2.7,74.2,87.1,3.1,4.2,5.2,6.5,0,0,3.1,1.5,7.59,60.69,2,2
3001,20.134890807516506,2,3.2,6.4,11.8,3.3,90.1,82.9,8.0,5.2,6.0,10.0,1,0,2.1,6.1,4.11,60.3,2,2
3002,23.0,1,3.0,7.1,5.2,0.2,80.4,98.0,6.6,3.0,7.1,10.0,0,0,0.0,2.9,5.91,69.25,0,0
3003,18.0,2,2.0,5.4,4.3,2.7,57.7,47.5,7.0,6.8,4.5,3.0,1,1,4.0,7.1,9.16,39.87,1,1
3004,21.0,1,5.2,6.6,5.6,0.0,88.0,100.0,8.8,2.2,2.1,10.0,1,0,4.3,8.3,8.33,88.22,0,0
3005,21.0,1,2.9,7.6,9.8,1.1,62.6,62.2,4.4,10.7,6.0,7.9,1,0,0.2,5.5447261663286005,6.91,55.44,2,2
3006,23.0,0,6.1,7.8,9.9,2.8,64.0,52.9,4.5,2.0,3.6,7.1,0,0,1.3,10.6,5.75,58.56,2,2
3007,24.0,2,3.8,6.5,10.9,5.2,75.9,93.7,7.2,2.0,6.7,2.7,0,1,5.6,2.4,6.64,58.26,2,2
3008,16.0,2,2.1,10.0,6.2,4.0,76.3,55.0,8.3,7.0,7.9,8.3,2,1,0.9,7.0,8.01,58.04,2,2
3009,21.0,1,3.7,6.8,7.6,3.2,57.2,100.0,6.5,2.0,5.542839731870811,8.5,0,0,2.0,8.2,5.82,54.68,2,2
3010,16.0,1,3.4,4.8,3.4,2.3,78.1,35.7,5.8,4.4,2.8,5.1,2,0,5.6,8.3,10.0,46.94,2,2
3011,20.0,0,6.2,8.6,5.1,2.5,79.81730107309173,61.4,6.7,1.8,6.0,9.3,0,0,8.1,10.5,5.2,60.95,2,2
3012,18.0,1,3.5,7.8,3.2,5.4,78.3,90.8,7.6,0.6,6.0,3.1,1,0,5.2,1.8,6.23,59.1,2,2
3013,19.0,0,3.6,7.3,7.2,1.0,58.1,87.1,2.8,1.3,3.9,6.1,0,0,4.050203624516392,0.9,7.02,53.83,2,2
3014,19.0,1,7.0,6.4,6.1,1.7,81.9,27.6,3.8,0.7,8.4,9.2,0,1,4.3,14.6,8.12,44.66,1,1
3015,21.0,2,5.2,7.5,6.6,4.9,88.1,63.1,5.8,3.0,6.0,4.5,0,1,1.5,2.5,7.44,63.51,0,0
3016,19.0,0,7.5,9.1,3.9,2.4,62.5,44.1,7.5,5.5,6.0,5.2,0,1,4.4,3.1,7.34,46.46,1,1
3017,22.0,0,6.7,7.3,8.1,6.5,66.0,77.5,10.0,1.3,5.6,4.7,1,1,4.5,2.9,5.71,54.09,2,2
3018,19.0,0,2.4,5.1,1.0,4.2,90.2,75.9,5.8,3.2008618067525094,9.4,5.2,0,0,7.7,2.5,4.12,54.61,2,2
3019,16.0,1,6.2,3.0,5.4,5.1,100.0,70.5,6.5,0.8,8.9,5.8,0,1,2.8,2.4,10.0,24.55,1,1
3020,22.0,2,7.3,7.5,5.7,0.1,77.8,73.1,4.5,0.9,4.8,5.957923664122137,1,0,4.9,7.3,5.43,58.44,2,2
3021,18.0,0,7.3,5.7,1.0,4.9,74.2,55.2,7.4,2.2,7.6,10.0,1,0,5.9,11.8,7.48,61.93,2,2
3022,20.0,0,6.2,6.9,7.0,1.5,82.6,61.8,3.6,2.1,5.4,4.7,0,1,3.3,5.8,6.06,45.3,1,1
3023,22.0,2,6.1,5.9,5.6,4.3,97.6,94.2,6.0,0.8,7.1,5.5,1,0,1.6,4.5,4.35,55.28,2,2
3024,19.0,0,3.6,5.9,7.4,2.3,68.9,66.2,3.9,6.5,4.0,4.0,2,0,4.6,2.0,8.36,36.0,1,1
3025,16.0,0,2.5,6.0,11.0,3.4,73.7,64.7,1.4,1.6,5.1,3.1,0,1,4.1,0.8,8.29,33.49,1,1
3026,19.0,1,3.5,6.1,6.8,1.0,73.4,95.5,10.0,2.4,2.0,7.1,2,0,2.6,6.9,6.16,63.0,2,2
3027,24.0,1,0.9,8.0,8.4,0.0,61.6,53.8,7.8,1.9,5.5,9.4,1,0,2.7,7.0,5.34,51.62,2,2
3028,21.0,1,6.9,7.7,9.5,3.3,91.1,100.0,7.8,3.8,3.6,10.0,0,0,8.8,5.6,6.57,80.02,0,0
3029,21.0,1,3.6,5.4,7.2,2.5,83.4,100.0,8.0,3.8,2.6,7.6,2,0,1.9,0.9,6.23,61.59,2,2
3030,21.0,1,6.8,5.6,3.8,1.4,53.8,56.7,9.1,3.0,5.7,6.0,1,0,4.0,3.7,8.98,57.6,2,2
3031,18.0,1,1.7,7.5,1.9,0.0,79.9,91.6,6.4,6.4,3.1,9.1,1,0,7.2,8.9,4.24,79.77,0,0
3032,19.0,1,6.4,8.4,6.9,0.0,100.0,36.1,7.9,1.4,4.1,5.8,0,0,1.1,4.4,7.12,64.99,0,0
3033,22.0,1,3.2,8.3,5.0,3.9,83.6,76.8,4.9,3.6,9.7,8.9,2,0,0.5,13.2,5.16,63.2,0,0
3034,17.0,1,1.6,5.7,9.2,2.5,100.0,56.8,5.6,1.1,3.3,4.6,0,0,2.8,7.3,8.49,43.02,1,1
3035,18.0,1,7.5,8.3,6.047861775435752,1.9,72.7,84.1,2.6,2.0,4.8,9.7,0,1,1.1,5.7,6.43,73.51,0,0
3036,18.0,0,6.4,4.7,6.0,3.4,92.6,80.7,6.4,0.8,3.2,5.7,0,1,3.9,12.3,7.79,50.32,2,2
3037,20.0,0,4.6,6.7,3.1,4.8,97.1,70.0,4.8,0.3,8.6,9.0,0,1,8.1,21.0,5.82,63.31,0,0
3038,25.0,1,4.3,7.6,5.1,3.5,79.1,55.3,5.7,1.7,6.0,9.9,2,1,0.0,2.2,4.95,65.37,0,0
3039,16.0,0,5.1,4.3,3.6,2.2,74.7,91.5,7.8,1.0,8.0,6.5,1,0,4.7,8.4,7.16,36.4,1,1
3040,20.0,0,4.6,9.7,3.9,6.8,94.3,74.4,6.7,2.0,6.4,6.1,0,1,3.5,1.9,7.32,59.35,2,2
3041,18.0,1,2.6,8.7,5.9,1.9,87.0,74.2518720906699,8.3,4.3,6.0,9.0,2,0,2.7,12.8,6.84,65.43,0,0
3042,25.0,0,3.4,7.8,4.5,0.5,92.4,65.8,4.7,4.2,6.8,7.7,1,0,3.6,1.5,5.8,62.79,2,2
3043,17.0,2,8.1,5.7,12.6,3.2,85.4,73.3,6.8,2.6,1.6,8.9,0,1,4.4,6.9,5.74,46.82,2,2
3044,19.0,0,9.5,6.9,8.1,2.5,79.0,73.2,5.991217524197657,1.7,3.0,7.8,1,1,3.4,1.7,4.24,45.3,1,1
3045,22.0,1,7.3,8.0,8.7,4.7,78.8,80.6,5.991217524197657,5.0,6.6,6.8,0,0,6.0,2.8,6.59,62.73,2,2
3046,22.0,0,5.2,5.5,5.7,2.1,75.4,92.2,5.3,2.9,6.2,7.9,2,1,2.2,2.7,4.24,50.09,2,2
3047,19.0,1,3.5,6.8,6.3,2.7,85.2,93.9,3.8,1.6,3.1,6.4,0,1,5.5,1.3,7.82,54.57,2,2
3048,19.0,0,2.6,8.2,4.9,1.4,77.7,70.9,5.1,3.2,5.7,3.7,1,0,4.050203624516392,12.4,7.74,62.66,2,2
3049,19.0,2,2.7,5.1,12.6,4.5,83.3,82.7,7.3,2.5,4.9,7.0,2,0,3.2,4.8,7.94,45.56,1,1
3050,18.0,0,3.1,7.4,5.7,3.3,69.7,71.4,4.0,0.9,7.7,5.0,0,1,8.6,5.1,5.83,57.32,2,2
3051,18.0,0,8.5,4.7,4.5,2.5,68.9,96.8,4.5,2.3,6.1,4.3,0,0,3.4,3.1,10.0,42.07,1,1
3052,20.0,1,7.8,5.8,4.1,2.7,87.6,72.6,8.7,4.4,6.3,5.957923664122137,1,0,2.9,2.1,6.96,51.82,2,2
3053,18.0,2,5.7,6.3,6.8,3.0,85.1,77.2,5.991217524197657,0.7,3.9,3.4,0,0,4.1,2.5,6.54,51.95,2,2
3054,18.0,0,2.3,7.7,9.6,0.4,74.4,74.5,7.8,2.5,4.8,1.0,1,0,7.2,3.4,5.66,47.09,2,2
3055,21.0,1,6.0,6.1,8.7,5.1,97.9,83.3,9.8,4.4,3.7,7.6,0,1,9.1,0.9,6.83,72.91,0,0
3056,25.0,0,3.7,7.2,4.1,5.0,69.3,86.4,9.0,2.9,5.5,4.7,0,0,5.1,6.2,3.95,57.71,2,2
3057,21.0,1,0.0,6.1,4.0,3.1,85.7,99.9,5.8,8.6,5.5,6.6,2,0,6.7,0.7,6.83,59.51,2,2
3058,17.0,1,4.8,6.3,9.1,2.9,86.0,96.8,10.0,0.8,7.0,5.7,1,1,7.8,1.2,5.87,63.72,0,0
3059,17.0,0,2.5,8.6,11.3,1.2,80.7,75.8,9.4,2.4,8.2,8.2,2,0,2.6,9.9,8.57,61.68,2,2
3060,25.0,1,2.6,5.5,5.6,6.1,96.5,74.2,5.8,4.7,5.4,5.957923664122137,0,0,4.050203624516392,9.3,7.79,58.25,2,2
3061,19.0,0,3.7,8.0,9.0,5.7,100.0,70.9,6.6,1.9,1.0,3.2,2,1,6.8,14.2,5.38,47.23,2,2
3062,17.0,1,3.2,7.0,2.3,3.7,65.0,93.1,5.991217524197657,2.0,8.5,7.9,1,1,4.7,10.0,6.48,50.29,2,2
3063,21.0,1,4.1,6.3,3.9,4.5,50.4,79.4,5.8,0.4,6.9,1.0,2,0,4.8,11.6,4.07,29.47,1,1
3064,21.0,2,4.0,5.4,3.5,5.2,73.6,100.0,2.6,4.2,3.6,6.5,0,0,6.0,10.3,5.63,59.17,2,2
3065,21.0,1,0.4,5.5,7.0,4.8,67.2,73.9,4.7,2.6,10.0,6.5,1,0,4.7,3.6,7.13,22.24,1,1
3066,18.0,0,7.2,6.0,5.6,1.5,74.3,100.0,7.7,3.8,5.7,7.4,2,0,1.4,6.4,6.29,60.64,2,2
3067,16.0,0,2.2,6.8,6.6,2.4,100.0,100.0,3.7,6.8,4.1,10.0,1,1,2.5,9.5,4.54,71.13,0,0
3068,25.0,0,2.3,7.8,9.0,3.8,100.0,100.0,5.3,4.5,4.6,5.2,0,0,3.7,8.5,4.31,70.44,0,0
3069,18.0,0,3.5,6.6,4.4,3.4,67.7,69.1,7.2,2.2,7.7,7.0,2,0,7.4,4.3,6.92,54.1,2,2
3070,21.0,0,4.0,6.7,6.2,4.4,82.9,73.5,5.4,0.6,4.2,7.4,1,0,4.3,11.6,7.44,56.55,2,2
3071,22.0,1,7.1,6.9,2.7,4.2,82.6,72.1,8.5,3.2,2.3,6.2,2,1,0.0,3.5,8.54,63.15,0,0
3072,21.0,0,4.7,7.6,8.9,3.4,84.5,100.0,8.6,1.7,8.3,4.2,1,1,4.1,8.6,6.33,51.26,2,2
3073,19.0,1,5.3,7.8,8.7,0.0,62.2,66.9,4.6,2.7,5.5,2.6,0,0,0.0,3.8,9.96,43.16,1,1
3074,18.0,0,4.7,5.2,6.9,5.1,96.1,64.6,5.0,7.3,4.4,4.5,2,0,2.5,4.7,4.27,50.69,2,2
3075,21.0,2,4.7,6.6,6.3,4.5,79.81730107309173,87.5,6.1,0.6,7.5,3.0,0,0,0.1,5.2,6.11,47.14,2,2
3076,23.0,0,4.8,8.6,4.7,6.7,73.8,51.1,4.5,2.6,5.8,3.2,1,1,4.1,8.4,6.86,46.88,2,2
3077,24.0,0,0.3,5.3,2.5,2.1,96.0,88.8,9.6,2.3,4.8,6.1,2,1,6.5,3.2,6.83,64.34,0,0
3078,17.0,0,3.7,7.1,6.8,0.0,61.3,54.5,5.1,5.9,4.9,3.1,1,1,2.0,3.4,5.89,47.79,2,2
3079,17.0,0,6.5,6.8,7.9,2.7,58.0,67.6,8.0,3.4,6.3,7.3,0,1,2.3,3.7,5.02,47.14,2,2
3080,24.0,2,12.0,6.3,11.0,3.8,83.4,95.8,2.7,0.9,8.0,3.5,2,0,6.6,13.3,4.36,18.19,1,1
3081,22.0,1,1.8,9.1,5.0,2.2,85.6,65.0,4.3,3.5,6.5,7.8,1,0,3.6,0.6,4.73,55.43,2,2
3082,24.0,1,5.0,7.0,6.7,5.5,77.9,80.5,3.6,2.1,9.4,3.9,0,1,2.6,5.5,6.79,45.52,1,1
3083,18.0,0,3.1,9.0,8.8,1.8,94.4,96.8,3.3,2.2,2.5,7.5,1,0,5.6,3.9,10.0,80.54,0,0
3084,21.0,0,8.3,7.0,8.9,2.8,71.5,54.5,4.9,6.3,3.5,6.4,0,0,4.7,7.7,6.23,56.94,2,2
3085,22.0,1,1.5,7.6,4.4,2.6,95.7,78.1,6.8,4.0,1.6,7.3,0,0,2.2,7.0,7.02,75.14,0,0
3086,22.0,1,5.4,6.2,5.3,8.0,90.2,86.6,9.4,1.4,4.6,5.1,1,1,5.3,5.5447261663286005,6.23,64.09,0,0
3087,19.0,1,4.219583121504829,6.3,4.7,1.4,100.0,49.4,5.6,0.8,9.2,4.9,0,1,0.0,10.7,7.2,39.05,1,1
3088,16.0,2,3.6,7.5,3.7,4.1,57.0,56.3,6.2,6.9,6.9,9.8,0,0,3.9,7.0,3.65,51.86,2,2
3089,21.0,0,4.1,7.6,9.7,0.8,73.7,100.0,6.7,0.8,7.3,3.8,1,1,2.9,8.0,4.42,51.5,2,2
3090,18.0,1,6.3,7.8,6.2,3.6,68.2,54.4,4.4,2.1,6.2,4.2,0,0,2.0,4.9,4.7,36.74,1,1
3091,20.0,1,2.0,7.5,5.8,1.3,90.1,68.7,5.9,3.9,4.0,1.7,1,1,0.7,8.2,8.52,58.78,2,2
3092,25.0,1,5.5,5.3,6.6,5.0,100.0,38.7,10.0,1.2,8.8,4.4,0,0,4.8,1.2,5.19,43.57,1,1
3093,19.0,1,4.2,6.0,6.1,4.6,75.2,60.9,6.9,0.9,4.3,2.7,0,0,7.0,5.5,6.57,52.32,2,2
3094,23.0,1,4.7,8.1,5.4,3.5,87.8,89.0,10.0,3.2,5.1,9.7,2,0,3.0,0.7,5.55,72.55,0,0
3095,18.0,1,6.1,4.5,4.1,0.5,98.8,92.3,6.1,1.3,9.7,7.5,1,1,1.4,2.3,8.84,55.91,2,2
3096,21.0,2,1.6,7.4,9.9,2.9,84.2,89.3,4.6,6.4,6.7,4.6,0,0,2.7,3.2,8.2,53.32,2,2
3097,25.0,1,5.8,6.9,4.6,2.5,89.1,74.4,8.3,1.3,7.4,7.8,0,0,7.0,1.1,7.75,68.48,0,0
3098,17.0,1,3.1,8.1,3.7,4.5,54.2,55.6,8.8,7.8,4.5,1.0,0,0,2.0,4.5,8.24,58.08,2,2
3099,16.0,1,6.4,7.5,5.8,1.4,100.0,82.4,4.9,0.5,2.5,3.6,1,0,6.1,2.4,7.39,72.56,0,0
3100,20.0,1,4.9,6.1,11.4,5.1,76.1,67.1,6.8,3.7,2.6,7.6,1,1,0.2,1.8,6.07,51.11,2,2
3101,17.0,1,3.8,6.1,3.9,4.7,100.0,74.2518720906699,5.9,2.8,4.1,3.5,2,0,2.9,7.9,7.53,54.64,2,2
3102,22.0,1,3.0,6.3,7.8,0.5,68.9,75.5,3.0,2.1,4.9,4.6,1,1,4.050203624516392,15.1,6.6,32.89,1,1
3103,24.0,1,5.8,7.8,5.4,2.6,86.2,97.9,3.1,2.3,5.5,8.1,2,1,3.3,6.4,2.82,56.83,2,2
3104,20.0,0,6.7,4.0,6.6,2.9,90.7,95.0,5.5,2.2,6.0,6.9,0,0,7.0,3.4,7.59,52.2,2,2
3105,18.0,0,3.1,7.2,8.3,4.8,47.5,96.2,8.5,6.9,5.7,3.3,0,0,5.5,2.6,7.29,51.37,2,2
3106,20.0,0,1.9,5.9,1.7,1.8,100.0,80.5,7.9,3.8,7.0,5.2,0,0,4.8,7.6,8.64,64.8,0,0
3107,22.0,1,5.6,7.2,3.8,3.4,89.7,58.3,4.0,4.0,6.1,4.6,1,1,3.5,7.2,6.3,51.24,2,2
3108,16.0,0,1.3,6.976601980998585,8.3,5.0,60.6,85.6,3.5,1.9,7.7,4.5,0,1,5.5,8.2,5.05,34.56,1,1
3109,21.0,2,1.6,4.8,6.2,3.5,84.8,77.7,4.1,3.8,6.5,5.957923664122137,0,0,4.1,1.2,7.62,29.89,1,1
3110,21.0,1,2.1,6.7,6.5,0.0,84.7,70.4,3.9,0.6,5.8,8.7,0,0,4.7,3.8,7.31,53.21,2,2
3111,21.0,1,3.4,7.2,7.8,2.1,78.3,87.0,4.1,4.7,4.0,4.2,1,0,2.9,5.6,8.14,65.18,0,0
3112,18.0,0,1.5,7.1,3.8,4.6,72.3,83.2,1.5,2.1,6.7,8.6,0,1,7.6,4.4,7.61,50.99,2,2
3113,22.0,1,4.219583121504829,6.8,8.6,4.4,79.1,63.8,0.6,1.4,5.542839731870811,7.9,0,1,7.0,2.9,5.88,40.14,1,1
3114,17.0,1,1.9,5.4,8.0,0.0,91.2,63.0,0.4,0.7,8.3,8.1,0,0,1.0,7.8,7.07,36.1,1,1
3115,18.0,0,5.5,5.6,6.6,3.4,90.7,54.3,2.6,2.7,7.7,7.2,2,0,0.7,5.5447261663286005,6.4,39.44,1,1
3116,23.0,0,1.7,5.2,7.2,4.7,80.1,79.6,8.6,0.3,4.9,7.2,1,1,2.5,6.8,4.33,50.3,2,2
3117,22.0,1,3.5,7.7,8.9,4.0,83.0,91.3,10.0,0.7,4.6,6.5,1,0,5.7,4.6,7.72,68.05,0,0
3118,16.0,0,8.1,6.8,4.5,4.2,78.3,64.4,10.0,1.0,7.6,4.9,0,0,0.0,9.2,5.85,53.13,2,2
3119,18.0,2,4.1,6.9,7.7,6.7,67.4,55.8,6.5,4.2,5.4,9.5,1,0,4.0,10.3,6.65,51.95,2,2
3120,18.0,1,4.9,4.8,10.4,2.9,79.3,84.1,4.3,3.7,7.5,5.1,0,0,2.6,3.5,5.77,39.54,1,1
3121,18.0,0,2.3,7.0,7.6,3.5,70.5,100.0,5.1,4.3,7.8,5.8,0,0,0.0,1.0,5.79,49.0,2,2
3122,18.0,1,8.5,7.8,5.4,1.3,67.1,100.0,6.3,5.0,3.8,7.5,0,1,3.2,1.3,6.58,68.12,0,0
3123,16.0,1,3.1,4.6,11.8,1.9,48.6,100.0,10.0,2.3,2.2,7.0,0,1,4.3,13.1,6.35,43.01,1,1
3124,20.0,0,3.7,6.3,6.6,2.4,74.7,74.1,3.8,1.2,5.3,3.2,0,1,2.6,3.9,6.489753023681269,36.65,1,1
3125,22.0,1,6.8,5.0,9.5,4.5,90.2,58.8,6.0,3.9,7.5,5.6,0,0,7.1,2.6,9.93,35.05,1,1
3126,21.0,1,3.8,6.5,4.9,1.7,95.9,85.9,6.2,8.3,5.4,5.6,1,0,3.8,4.7,6.02,79.52,0,0
3127,21.0,1,4.3,5.8,8.7,5.2,85.8,73.7,5.8,0.8,7.8,8.9,0,0,4.1,6.0,8.78,50.8,2,2
3128,17.0,0,4.219583121504829,7.5,4.6,1.0,63.2,71.4,1.6,3.2,3.0,7.0,0,0,6.1,1.7,6.27,48.81,2,2
3129,25.0,0,3.7,7.2,6.8,4.2,78.0,100.0,5.4,1.5,1.5,9.9,2,1,1.8,1.8,6.68,65.5,0,0
3130,23.0,1,4.9,8.7,4.5,4.0,65.0,99.9,3.0,2.1,5.542839731870811,5.8,1,0,4.050203624516392,10.7,6.18,59.26,2,2
3131,23.0,0,5.3,6.9,10.8,3.5,100.0,86.5,10.0,6.6,3.2,5.9,2,1,3.8,5.1,7.82,78.84,0,0
3132,23.0,1,2.9,7.4,5.4,4.8,75.0,73.3,7.3,1.2,4.5,5.8,0,0,2.4,8.2,4.69,46.35,1,1
3133,24.0,0,2.7,6.3,3.2,1.7,73.6,75.1,8.5,2.2,5.1,7.0,2,0,0.3,11.1,6.66,64.41,0,0
3134,20.0,1,3.0,5.6,6.047861775435752,2.2,92.0,47.2,4.1,1.5,7.8,10.0,1,0,3.9,2.5,8.28,54.28,2,2
3135,18.0,0,1.4,8.1,7.3,1.3,79.5,93.8,5.0,3.4,7.2,6.2,2,1,4.3,1.5,6.72,52.73,2,2
3136,21.0,2,1.0,8.6,5.9,3.0,93.9,98.4,10.0,6.5,4.5,4.0,0,1,3.4,5.6,2.88,58.87,2,2
3137,22.0,0,4.8,7.9,4.0,2.8,65.4,61.2,8.3,0.9,8.0,6.7,1,0,6.5,2.1,8.0,60.86,2,2
3138,22.0,1,6.1,7.2,8.6,4.5,81.2,63.7,6.9,3.0,10.0,4.5,0,0,4.3,2.6,4.32,41.8,1,1
3139,20.0,0,5.9,5.7,9.1,3.7,86.6,92.6,9.0,0.6,5.5,4.8,0,1,5.9,4.0,5.44,55.18,2,2
3140,16.0,1,0.0,8.5,1.9,4.2,46.0,69.2,10.0,2.0,8.3,6.4,0,0,4.7,14.6,5.7,40.46,1,1
3141,19.0,2,3.7,7.8,3.8,2.6,71.1,95.4,9.3,3.6,10.0,10.0,0,0,6.1,4.1,8.5,77.47,0,0
3142,24.0,1,2.0,9.6,5.6,3.7,72.0,60.9,8.3,0.9,7.1,5.4,0,0,8.6,1.0,9.35,45.89,1,1
3143,21.0,1,4.5,5.5,4.7,6.3,80.7,69.4,8.5,5.6,4.9,6.7,0,0,4.4,9.2,4.21,55.61,2,2
3144,20.0,1,3.4,8.1,7.3,0.6,76.0,84.3,5.3,1.2,6.7,6.0,0,1,6.2,6.8,7.33,62.52,2,2
3145,18.0,1,5.4,7.7,10.6,0.0,83.8,69.2,6.4,0.8,3.5,7.5,0,1,4.9,6.7,7.42,63.38,0,0
3146,19.0,0,4.2,6.6,5.0,4.1,77.0,68.1,7.5,1.7,4.1,1.0,0,0,6.5,3.0,8.75,57.6,2,2
3147,24.0,2,0.4,8.8,9.9,1.5,94.9,67.7,6.7,1.3,4.6,5.4,1,1,5.6,13.5,5.22,46.42,1,1
3148,21.0,0,2.3,7.5,2.3,0.5,100.0,87.5,7.1,2.6,5.6,5.7,1,0,2.4,2.1,5.22,74.56,0,0
3149,22.0,0,4.2,5.8,7.1,4.0,60.5,92.3,5.7,6.8,6.1,6.6,0,0,4.4,3.0,10.0,61.63,2,2
3150,20.0,0,4.4,6.8,4.5,1.2,80.3,83.9,0.0,1.0,3.4,7.7,1,0,3.0,4.7,7.83,62.33,2,2
3151,21.0,1,1.4,5.8,7.2,5.8,94.1,62.4,7.5,0.8,9.2,9.0,1,0,4.7,3.6,7.67,42.73,1,1
3152,18.0,1,1.1,6.4,1.6,3.3,70.9,99.6,5.991217524197657,4.0,5.3,6.2,0,0,6.3,2.9,6.56,60.82,2,2
3153,22.0,1,4.3,7.9,2.8,2.6,83.6,79.6,5.991217524197657,2.0,4.5,9.4,0,0,3.8,4.9,8.91,80.13,0,0
3154,19.0,1,1.4,8.3,7.2,1.5,75.1,93.9,10.0,6.7,9.0,7.8,0,1,4.7,1.0,9.31,64.61,0,0
3155,20.0,1,0.9,7.3,4.4,3.4,67.0,51.8,6.8,0.8,7.4,8.5,0,0,9.0,4.1,5.17,37.55,1,1
3156,21.0,1,3.3,6.0,5.2,0.1,66.8,96.0,4.2,1.8,6.4,6.9,2,0,4.3,8.7,6.08,63.06,0,0
3157,24.0,1,3.2,7.5,10.6,0.0,47.9,68.3,7.5,1.7,6.4,6.7,0,1,3.0,5.5447261663286005,8.54,47.73,2,2
3158,16.0,1,2.4,7.9,6.3,0.2,82.2,67.0,6.2,0.3,5.7,9.0,2,0,0.6,4.3,5.64,58.27,2,2
3159,23.0,0,2.8,4.4,8.3,5.0,83.0,82.3,8.5,1.5,5.5,7.0,0,0,6.6,7.8,7.03,46.15,1,1
3160,19.0,1,4.2,7.2,4.1,1.3,67.6,38.1,4.7,2.6,6.0,7.2,2,0,4.6,1.4,7.91,45.85,1,1
3161,20.0,0,2.8,6.8,2.6,0.4,76.4,74.2518720906699,4.2,1.5,7.3,4.0,2,0,7.2,11.4,7.5,51.46,2,2
3162,16.0,0,4.3,8.2,5.8,3.03210685483871,61.3,70.0,4.8,1.3,5.542839731870811,6.0,1,0,4.8,11.4,5.81,51.24,2,2
3163,19.0,0,3.4,7.5,2.3,7.0,86.9,100.0,2.2,5.1,6.6,5.3,0,0,7.5,10.1,6.76,62.34,2,2
3164,20.0,1,4.5,7.6,4.3,5.0,74.8,79.9,5.0,3.2008618067525094,4.1,8.1,1,0,5.2,4.8,6.71,56.43,2,2
3165,16.0,1,6.0,6.4,6.6,1.6,90.0,57.1,9.5,2.3,8.7,7.2,2,1,2.6,4.3,5.13,57.12,2,2
3166,20.0,1,5.9,7.0,5.7,1.5,75.8,60.6,4.4,11.3,4.8,7.4,1,0,4.6,7.1,3.97,56.37,2,2
3167,24.0,1,6.8,8.2,6.8,1.6,67.2,30.7,3.0,1.3,4.6,5.5,1,0,5.2,4.9,7.24,41.13,1,1
3168,17.0,1,5.9,6.9,7.5,1.4,73.0,100.0,4.8,4.4,1.5,5.1,1,1,6.7,5.4,8.86,76.86,0,0
3169,22.0,0,4.7,7.2,3.0,4.0,99.6,29.9,6.5,5.1,4.5,6.7,1,0,4.2,2.1,3.94,66.43,0,0
3170,19.0,0,3.3,5.0,3.6,2.4,100.0,65.3,4.4,0.5,7.7,8.7,1,0,0.1,3.3,6.6,56.44,2,2
3171,21.0,0,3.4,6.9,1.0,1.0,60.4,88.3,6.2,3.1,8.8,4.0,1,0,3.0,5.1,5.68,56.12,2,2
3172,18.0,1,2.4,6.976601980998585,5.1,0.6,91.8,74.2518720906699,6.6,5.3,1.4,5.0,0,0,5.1,6.1,7.95,65.18,0,0
3173,17.0,1,4.2,6.3,7.8,7.1,65.6,100.0,6.0,2.2,3.0,10.0,2,0,4.8,4.0,6.61,65.52,0,0
3174,18.0,0,5.6,7.1,9.7,4.3,70.1,73.2,5.8,0.9,6.6,3.7,2,1,4.2,17.5,6.4,39.38,1,1
3175,17.0,1,2.7,8.0,6.5,1.5,82.7,84.0,9.9,2.1,4.6,8.5,0,0,4.7,2.0,5.73,69.1,0,0
3176,18.0,0,4.1,5.7,9.4,5.2,86.4,69.5,6.4,0.2,10.0,2.3,0,0,4.1,5.2,8.73,39.47,1,1
3177,21.0,0,2.8,7.5,7.0,0.9,70.5,47.0,4.3,5.4,5.542839731870811,4.7,1,1,3.3,14.7,6.4,41.8,1,1
3178,24.0,1,4.6,8.9,6.3,2.8,87.9,56.2,7.7,3.5,8.0,7.8,0,1,6.5,2.3,7.01,65.6,0,0
3179,23.0,1,3.1,6.2,4.5,2.6,95.4,44.1,5.9,3.9,8.0,4.9,0,1,4.9,10.4,7.45,49.91,2,2
3180,22.0,1,2.7,5.0,1.0,3.3,89.5,80.7,6.2,4.1,5.5,5.2,0,1,2.8,1.8,6.07,49.49,2,2
3181,17.0,1,2.8,7.4,9.1,3.03210685483871,67.4,68.8,8.2,6.1,3.9,2.3,2,0,4.050203624516392,5.9,5.15,56.08,2,2
3182,18.0,1,5.2,5.5,5.9,3.2,74.2,71.6,9.0,0.9,10.0,4.0,0,0,5.5,10.5,6.97,44.61,1,1
3183,19.0,1,4.0,5.9,9.5,0.0,91.4,87.1,3.5,3.5,4.3,2.6,0,0,4.7,3.6,5.43,48.21,2,2
3184,18.0,1,3.3,8.2,3.6,2.3,100.0,79.5,9.8,1.4,4.2,3.2,0,0,0.0,7.8,6.19,70.63,0,0
3185,20.0,0,4.7,9.4,12.1,5.4,63.5,86.9,5.9,0.3,6.1,7.6,0,1,2.9,4.5,4.6,37.91,1,1
3186,20.0,0,3.4,5.7,5.4,4.8,83.9,100.0,5.9,2.8,4.8,3.1,0,0,2.7,0.3,7.17,49.93,2,2
3187,19.0,1,6.5,6.0,4.3,1.7,89.5,60.7,5.991217524197657,0.9,3.4,6.6,0,1,0.3,6.8,5.71,50.03,2,2
3188,19.0,0,2.3,6.4,5.5,0.3,61.8,41.3,7.6,1.8,6.0,5.7,0,1,0.0,11.6,8.21,48.24,2,2
3189,23.0,2,3.8,6.3,6.4,0.0,93.2,64.6,2.9,2.2,6.0,3.6,2,0,3.1,10.9,4.53,51.85,2,2
3190,22.0,2,4.219583121504829,9.5,5.8,4.1,100.0,71.3,7.2,7.4,5.9,3.4,2,0,5.0,7.9,8.71,57.45,2,2
3191,19.0,0,3.5,6.3,4.7,3.5,88.6,82.8,5.991217524197657,3.1,2.4,7.3,0,0,3.8,4.1,7.26,86.91,0,0
3192,24.0,1,0.8,6.5,1.5,3.7,87.4,88.0,5.3,2.8,2.5,7.4,0,0,6.2,0.8,6.94,64.9,0,0
3193,25.0,1,5.7,9.1,4.0,6.0,70.2,55.8,8.4,1.7,5.4,8.6,0,0,7.6,14.5,5.8,55.79,2,2
3194,19.0,0,5.7,7.7,8.7,3.3,73.6,53.2,6.2,5.7,8.2,5.6,1,0,1.0,4.5,6.67,54.27,2,2
3195,19.0,0,5.8,8.3,3.8,3.4,71.6,99.6,2.9,1.4,7.7,5.0,0,1,6.9,8.6,6.52,53.04,2,2
3196,20.0,0,4.3,5.8,1.7,0.5,68.5,80.7,6.3,1.8,5.6,2.0,1,0,3.2,8.3,3.4,48.33,2,2
3197,24.0,2,2.4,6.3,3.4,5.9,76.9,81.4,5.6,7.5,3.0,6.0,2,1,2.8,0.7,9.05,56.64,2,2
3198,23.0,0,2.6,5.6,5.8,2.7,84.0,79.8,8.0,0.7,7.6,2.9,1,0,5.7,4.5,5.8,45.52,1,1
3199,17.0,1,7.3,8.0,4.1,1.5,68.9,77.7,5.2,0.9,9.8,4.7,0,0,7.2,4.8,9.09,59.13,2,2
3200,19.0,1,7.1,8.6,5.3,3.4,75.5,71.0,7.1,1.9,7.4,5.3,0,0,0.7,6.0,7.53,51.38,2,2
3201,20.0,1,4.4,6.2,4.0,6.6,84.1,62.2,3.7,7.2,9.3,3.7,1,0,5.2,6.8,6.45,44.6,1,1
3202,20.0,0,3.2,6.5,8.5,6.8,52.5,65.3,6.9,6.2,7.3,9.0,1,1,5.4,11.4,4.68,36.84,1,1
3203,18.0,0,6.9,6.6,7.2,1.3,92.3,100.0,6.1,1.8,9.1,10.0,1,0,4.8,1.6,7.28,65.41,0,0
3204,23.0,0,2.8,5.0,11.5,5.1,82.8,100.0,5.7,5.3,6.4,5.957923664122137,2,0,4.0,3.6,5.1,46.29,1,1
3205,21.0,0,4.7,6.1,5.0,3.6,82.9,91.7,6.1,2.0,2.4,9.1,0,0,5.0,8.1,5.46,68.88,0,0
3206,23.0,0,6.9,8.0,5.3,4.8,95.0,73.8,5.4,2.7,5.9,7.0,2,1,2.0,10.7,6.26,56.39,2,2
3207,23.0,0,2.5,5.9,9.0,3.5,92.2,85.2,6.3,9.4,6.7,8.1,0,1,3.5,1.4,7.73,64.34,0,0
3208,22.0,0,5.9,7.1,7.0,4.1,87.9,49.4,5.6,3.4,3.0,7.8,1,0,3.9,9.4,7.39,63.24,0,0
3209,20.0,1,5.2,5.3,3.6,5.4,83.6,92.9,3.9,7.4,1.0,5.1,1,0,4.050203624516392,6.5,7.2,60.54,2,2
3210,21.0,0,4.1,6.8,7.4,0.0,79.9,70.7,3.1,5.4,5.8,8.7,0,0,3.9,1.0,10.0,77.26,0,0
3211,18.0,0,2.2,6.3,7.0,3.6,72.4,75.3,4.9,1.3,6.1,4.8,0,0,2.9,5.0,8.3,30.65,1,1
3212,21.0,1,2.8,6.976601980998585,1.5,0.9,67.5,76.8,5.3,1.8,5.6,8.6,2,0,4.5,10.5,3.94,49.13,2,2
3213,18.0,1,4.8,8.0,4.4,2.2,85.0,71.8,0.0,4.8,8.7,7.9,0,0,9.2,7.3,5.97,63.52,0,0
3214,22.0,0,1.4,8.1,6.5,3.0,85.1,89.5,6.0,1.3,7.6,5.957923664122137,0,1,3.5,2.2,7.58,53.36,2,2
3215,18.0,1,4.5,5.7,9.6,1.2,81.8,100.0,10.0,3.4,8.2,3.5,0,0,0.0,0.3,5.74,47.21,2,2
3216,20.134890807516506,1,5.3,6.7,7.7,2.0,62.5,90.4,7.5,1.1,7.8,7.8,0,0,2.9,12.3,9.24,63.8,0,0
3217,18.0,1,6.2,7.1,4.6,0.5,45.5,76.2,5.6,2.8,4.8,4.0,0,1,2.3,4.2,5.27,47.99,2,2
3218,16.0,0,1.4,4.6,4.2,1.9,80.7,55.8,4.2,2.4,5.542839731870811,7.0,0,0,4.8,2.7,9.02,41.09,1,1
3219,22.0,0,6.8,5.2,8.0,3.9,56.2,75.7,2.3,5.9,3.9,6.8,1,1,1.7,1.5,4.48,35.33,1,1
3220,22.0,1,7.6,8.7,1.0,4.6,84.1,73.6,8.0,2.5,7.2,6.3,2,0,5.3,2.4,9.74,74.72,0,0
3221,20.0,1,5.0,5.6,4.0,1.6,100.0,89.8,6.9,2.9,1.7,6.6,2,0,1.7,4.1,5.09,65.16,0,0
3222,18.0,2,2.1,8.6,9.5,5.4,84.3,63.4,3.3,8.5,4.9,5.4,1,0,3.9,6.3,6.23,43.58,1,1
3223,17.0,0,3.5,5.3,6.7,4.0,74.3,59.0,8.1,2.2,5.0,4.1,1,1,5.2,4.4,8.55,49.12,2,2
3224,16.0,0,4.1,7.9,4.1,3.03210685483871,66.4,80.4,7.8,1.9,4.7,7.2,1,1,5.7,5.8,7.42,64.34,0,0
3225,18.0,1,4.7,6.6,3.0,0.0,72.5,91.6,4.5,0.7,5.7,10.0,0,1,1.7,8.4,4.39,58.93,2,2
3226,24.0,1,4.2,6.8,8.1,3.6,79.5,77.8,5.4,1.6,3.7,8.2,0,0,2.5,10.2,6.97,66.21,0,0
3227,18.0,1,4.8,9.4,6.2,4.1,93.9,92.4,6.5,7.2,8.0,7.5,1,0,2.2,4.0,7.87,74.16,0,0
3228,19.0,0,4.0,5.4,5.5,0.0,81.8,52.0,7.2,3.0,7.7,5.0,1,1,5.7,3.7,5.26,47.53,2,2
3229,17.0,1,4.7,7.8,6.9,7.3,76.2,83.5,3.6,5.3,7.4,10.0,1,0,1.3,0.8,8.17,66.48,0,0
3230,18.0,1,3.3,7.7,6.4,1.9,88.7,51.9,7.2,3.8,7.4,7.2,2,0,2.4,9.1,7.16,59.98,2,2
3231,20.0,1,3.5,10.0,6.2,4.0,99.2,100.0,6.1,4.6,10.0,6.7,0,1,3.4,4.7,5.37,56.69,2,2
3232,21.0,1,3.0,5.6,2.7,4.7,84.1,99.1,8.4,2.5,5.9,7.8,0,0,0.0,4.7,5.96,57.27,2,2
3233,18.0,0,8.0,6.2,3.4,3.2,82.5,81.9,7.7,3.3,5.4,3.8,0,0,5.4,3.7,8.88,61.3,2,2
3234,16.0,1,7.1,8.1,7.9,5.5,58.4,46.1,6.1,1.3,10.0,6.5,2,0,5.7,3.8,4.42,30.9,1,1
3235,19.0,0,5.3,6.7,7.4,6.6,62.3,50.2,8.0,5.5,4.8,7.9,1,0,4.0,6.3,6.55,53.19,2,2
3236,18.0,0,6.9,6.4,7.0,1.0,60.6,100.0,2.7,6.0,4.2,6.2,0,1,0.9,7.2,5.14,63.3,0,0
3237,18.0,1,5.8,8.2,4.5,3.2,77.5,54.2,5.2,3.6,7.2,2.6,2,1,4.7,8.4,7.42,45.19,1,1
3238,25.0,0,4.6,6.7,7.9,4.6,69.2,84.0,3.9,3.5,5.8,7.7,0,1,9.8,3.2,4.87,56.15,2,2
3239,21.0,2,1.2,5.8,5.1,0.1,73.6,100.0,4.8,0.3,9.9,5.5,0,0,5.0,4.2,2.79,40.86,1,1
3240,20.0,2,3.7,7.9,9.3,4.9,69.0,76.9,4.8,4.9,6.3,8.7,0,0,0.4,1.5,6.489753023681269,53.19,2,2
3241,19.0,1,3.5,7.5,4.1,6.1,70.1,53.5,3.2,3.8,4.8,5.9,0,0,4.1,7.8,7.16,52.19,2,2
3242,19.0,1,1.9,6.6,4.7,5.3,55.9,43.0,8.1,1.9,7.5,4.2,0,0,5.0,6.9,5.4,24.87,1,1
3243,20.0,1,1.2,6.5,5.6,3.8,82.9,81.9,7.7,4.2,2.9,6.4,1,0,5.3,4.7,7.19,72.78,0,0
3244,22.0,0,5.2,5.8,8.1,5.8,89.1,55.1,4.7,1.5,4.4,6.3,0,0,0.0,2.0,8.27,46.18,1,1
3245,22.0,0,4.8,7.9,5.9,3.6,80.9,75.0,0.9,3.3,7.4,8.1,1,0,5.2,2.7,5.38,65.55,0,0
3246,18.0,0,1.9,6.5,6.1,0.6,84.7,55.8,4.9,6.4,3.3,7.0,0,0,5.0,6.7,6.21,61.22,2,2
3247,20.0,1,2.7,6.0,5.0,2.1,86.0,64.2,5.9,1.7,4.8,4.4,0,0,7.5,8.9,5.1,53.43,2,2
3248,19.0,1,6.5,5.3,6.7,2.5,85.5,64.8,9.0,3.9,7.7,7.3,2,1,1.8,2.3,5.68,47.96,2,2
3249,23.0,0,2.4,7.5,5.8,2.9,91.0,70.3,4.8,2.6,8.2,8.0,0,0,3.3,17.0,8.21,60.88,2,2
3250,21.0,0,4.5,6.3,4.0,2.8,95.5,61.7,8.2,0.8,7.4,4.3,1,0,5.4,8.3,6.17,55.18,2,2
3251,20.0,0,3.8,4.4,6.3,2.4,100.0,80.1,4.9,2.4,1.0,6.4,0,1,0.6,1.8,5.86,50.27,2,2
3252,17.0,1,5.2,5.4,6.4,3.4,55.0,93.0,7.3,6.1,6.4,3.7,2,0,3.9,9.2,5.32,49.81,2,2
3253,21.0,1,2.5,6.7,11.9,5.7,86.1,68.5,7.8,2.5,8.3,9.2,1,0,2.5,2.8,6.47,54.95,2,2
3254,17.0,1,4.4,6.7,4.5,3.4,64.3,79.7,7.3,2.7,10.0,8.2,0,0,2.4,2.2,8.72,58.45,2,2
3255,19.0,1,4.5,6.7,3.9,4.1,98.3,58.2,3.9,2.3,3.0,5.0,0,1,0.0,4.6,4.32,60.47,2,2
3256,17.0,1,4.7,6.5,6.7,0.0,80.9,46.8,5.2,3.3,2.7,4.9,0,0,2.8,15.2,6.44,48.67,2,2
3257,22.0,1,4.4,5.1,3.5,3.2,83.6,82.2,7.3,3.2008618067525094,6.2,5.9,0,0,7.4,2.2,7.1,63.08,0,0
3258,18.0,1,4.9,5.9,3.3,5.0,81.5,90.8,2.5,3.1,2.5,5.9,2,0,7.6,11.1,7.56,65.32,0,0
3259,19.0,1,8.6,8.5,2.4,5.2,82.7,40.6,7.7,2.2,5.1,5.5,0,0,5.7,1.1,9.91,54.48,2,2
3260,24.0,1,9.3,8.3,4.1,5.1,100.0,73.4,3.3,0.8,6.6,5.9,0,1,6.7,7.7,8.1,61.4,2,2
3261,18.0,0,2.9,7.8,4.1,3.5,96.1,82.8,3.0,0.5,7.7,3.7,0,0,5.6,10.7,4.57,40.25,1,1
3262,20.0,1,0.0,7.6,2.8,3.7,100.0,80.2,4.8,1.7,6.7,3.6,0,0,2.1,6.0,6.87,58.06,2,2
3263,19.0,0,5.4,8.2,5.4,1.8,77.5,64.4,4.5,4.6,7.7,3.7,2,1,4.6,5.5447261663286005,7.17,51.48,2,2
3264,16.0,0,4.6,5.5,1.0,4.5,52.4,75.9,6.4,1.7,7.5,6.5,0,0,3.8,5.2,8.01,45.61,1,1
3265,23.0,0,6.3,7.0,7.2,1.8,89.7,91.7,6.6,3.4,6.1,8.4,2,1,0.0,2.3,6.6,66.37,0,0
3266,16.0,2,4.8,5.5,4.6,4.2,65.5,59.5,6.2,1.9,6.3,10.0,1,0,2.3,7.6,7.03,52.69,2,2
3267,20.0,1,4.3,5.6,5.0,3.1,75.3,100.0,3.8,2.9,9.1,9.5,2,0,6.6,5.7,7.26,62.17,2,2
3268,21.0,0,6.5,7.5,7.5,3.0,79.2,50.0,8.7,0.7,7.1,4.2,2,0,4.6,4.5,7.78,54.8,2,2
3269,21.0,2,6.7,8.2,6.9,4.8,80.0,91.2,6.1,5.1,5.542839731870811,8.6,0,0,4.8,7.2,7.08,74.46,0,0
3270,22.0,0,1.4,6.7,4.4,4.0,88.4,76.0,8.0,3.1,6.0,6.3,1,1,2.4,4.4,5.38,62.81,2,2
3271,18.0,1,2.6,9.1,7.1,3.5,68.0,65.7,1.0,2.9,2.6,7.3,1,1,6.7,11.8,6.29,60.29,2,2
3272,16.0,1,4.0,7.3,9.9,2.1,88.1,41.8,7.2,3.1,5.1,9.5,0,0,5.8,5.4,7.39,61.63,2,2
3273,22.0,1,4.4,6.0,3.5,5.9,77.5,96.4,4.7,3.1,6.2,8.8,0,0,0.1,4.3,5.75,62.24,2,2
3274,20.0,0,3.7,5.6,7.9,3.6,79.81730107309173,58.2,7.7,3.1,8.3,5.957923664122137,0,0,4.4,7.4,6.489753023681269,56.8,2,2
3275,23.0,0,5.1,8.3,3.2,4.3,59.3,74.5,9.9,2.5,9.2,5.3,0,0,4.3,3.4,5.63,59.66,2,2
3276,23.0,1,6.2,7.2,8.9,3.1,81.7,83.5,3.4,0.1,5.0,5.8,2,1,2.5,7.2,1.6,46.91,2,2
3277,23.0,0,7.6,7.9,4.2,1.8,88.0,100.0,7.9,4.4,8.0,6.4,0,0,6.6,6.0,7.68,71.12,0,0
3278,20.0,0,5.4,3.5,4.1,3.6,74.7,68.6,4.7,5.7,3.5,6.9,1,1,1.6,11.3,6.46,39.32,1,1
3279,19.0,1,2.5,7.3,8.9,1.9,72.5,75.9,1.9,5.1,6.2,9.3,1,0,5.5,8.6,5.36,60.36,2,2
3280,23.0,0,3.9,6.3,7.8,3.8,97.2,82.5,8.0,5.2,7.7,5.8,0,0,0.1,1.5,4.81,62.11,2,2
3281,20.0,0,4.0,5.2,4.3,0.0,90.9,77.1,10.0,1.8,10.0,5.2,0,1,1.0,14.2,4.87,48.78,2,2
3282,18.0,1,5.2,6.9,6.3,2.3,69.6,61.3,10.0,3.4,3.3,6.4,0,0,2.8,6.3,4.86,64.27,0,0
3283,23.0,0,4.219583121504829,8.4,4.2,3.0,60.7,100.0,6.7,6.7,3.2,4.8,1,0,7.0,3.8,5.98,74.94,0,0
3284,24.0,1,8.3,9.9,2.0,1.3,87.6,66.7,2.8,3.8,9.4,9.4,1,0,1.0,4.0,7.36,52.55,2,2
3285,20.0,0,3.3,7.3,6.5,3.7,84.2,83.4,5.5,1.6,9.2,3.5,2,1,4.0,6.5,4.59,51.17,2,2
3286,17.0,2,5.0,6.1,5.1,2.2,87.4,71.1,5.8,1.7,6.0,1.4,2,0,3.2,12.7,7.94,46.42,1,1
3287,19.0,0,8.9,6.0,6.047861775435752,3.0,78.3,64.1,8.4,9.2,6.6,4.1,0,0,4.9,12.1,5.55,46.67,2,1
3288,23.0,1,3.0,8.3,6.047861775435752,2.0,91.2,93.9,5.9,6.3,4.7,1.4,1,0,1.0,9.7,8.4,69.83,0,0
3289,24.0,1,4.5,5.7,3.7,4.7,100.0,79.7,1.4,2.0,5.2,6.7,1,0,4.2,4.4,6.11,54.58,2,2
3290,18.0,1,2.3,7.8,6.4,4.0,99.9,35.7,7.4,3.1,1.8,3.2,0,0,7.4,2.3,6.21,50.96,2,2
3291,16.0,0,4.4,7.4,8.7,3.5,69.4,80.4,6.2,4.4,5.6,10.0,2,0,8.2,8.9,2.85,62.11,2,2
3292,23.0,1,2.6,7.2,5.4,3.1,100.0,63.7,8.0,1.5,5.8,6.5,2,0,0.0,1.8,6.89,58.37,2,2
3293,19.0,0,6.3,5.0,4.2,7.6,88.6,46.4,6.5,7.2,10.0,5.3,2,0,6.0,7.8,7.78,47.73,2,2
3294,20.0,1,4.5,6.5,6.7,2.7,61.5,92.2,7.5,0.2,8.8,3.3,2,0,5.4,1.7,5.99,45.64,1,1
3295,25.0,1,2.3,5.1,7.1,1.7,79.81730107309173,61.3,6.0,0.3,6.7,6.4,2,0,4.9,5.5447261663286005,4.58,40.89,1,1
3296,16.0,1,5.9,6.2,8.2,0.9,83.0,79.7,6.6,6.6,3.4,9.9,0,0,4.4,6.1,6.37,69.39,0,0
3297,21.0,2,4.6,8.2,10.7,4.6,78.5,91.6,4.0,10.3,4.4,1.8,1,1,9.3,9.5,5.57,63.37,0,0
3298,17.0,0,6.1,8.6,4.9,5.9,77.4,74.2518720906699,6.8,3.1,5.0,7.8,0,0,2.3,6.5,7.09,60.34,2,2
3299,19.0,1,1.9,7.3,6.5,1.5,89.1,79.5,5.6,9.5,7.8,4.1,0,1,0.0,2.7,3.99,44.4,1,1
3300,23.0,1,4.9,6.3,2.8,2.5,89.2,62.7,7.1,3.3,1.9,8.5,1,0,5.5,1.2,8.26,80.23,0,0
3301,20.0,0,5.7,9.1,7.7,2.4,72.4,94.9,3.4,1.2,5.1,4.3,1,0,1.6,2.4,7.49,49.84,2,2
3302,25.0,1,3.4,6.2,6.5,2.8,73.0,71.7,9.1,1.8,5.4,9.4,0,0,0.0,10.1,5.55,56.6,2,2
3303,20.0,0,1.7,5.5,5.6,0.0,72.5,84.7,6.5,3.3,2.3,7.3,1,0,4.2,12.3,6.67,61.25,2,2
3304,19.0,0,4.1,7.9,4.5,4.5,77.7,100.0,7.7,2.7,7.6,3.8,2,0,3.1,5.7,4.6,48.1,2,2
3305,18.0,0,6.7,7.6,5.1,5.1,91.5,41.7,6.0,3.4,1.0,3.9,0,1,1.8,0.6,9.46,58.59,2,2
3306,19.0,0,6.5,6.3,6.6,0.0,95.6,62.7,7.3,3.7,5.0,5.5,0,1,1.8,3.9,5.17,67.19,0,0
3307,19.0,0,3.3,7.1,3.6,6.2,77.2,71.9,1.1,6.5,5.4,3.7,0,1,5.1,1.7,7.85,55.26,2,2
3308,16.0,0,1.6,7.6,5.2,5.9,94.3,77.3,5.8,0.7,8.7,2.5,2,0,6.8,4.5,6.16,46.55,1,1
3309,19.0,0,3.3,7.3,6.0,0.0,85.7,86.1,4.3,2.2,7.0,8.7,1,0,0.0,4.4,6.41,56.37,2,2
3310,20.0,0,3.3,7.6,2.2,0.0,81.7,97.0,5.2,0.8,1.5,1.7,0,1,6.2,7.2,6.34,70.9,0,0
3311,22.0,1,5.1,6.3,3.4,2.8,100.0,61.6,8.2,3.6,3.5,9.6,1,0,7.3,4.4,8.23,84.05,0,0
3312,21.0,1,4.0,7.7,4.3,5.4,84.3,71.4,2.5,1.1,2.1,5.1,2,0,3.6,12.6,9.43,57.97,2,2
3313,22.0,1,2.7,7.0,9.9,3.5,78.2,95.2,7.6,4.1,5.3,7.0,1,0,0.3,5.4,6.56,52.91,2,2
3314,16.0,0,6.4,6.4,3.9,3.0,90.9,81.1,7.0,1.4,3.8,10.0,0,1,1.7,2.5,5.61,68.16,0,0
3315,18.0,0,4.5,6.7,5.9,4.0,64.0,44.4,8.8,6.0,5.0,7.5,0,0,0.2,6.1,2.61,54.8,2,2
3316,21.0,1,5.1,6.9,3.4,1.5,77.1,42.9,1.4,1.4,3.1,4.6,0,0,1.2,3.1,6.55,42.98,1,1
3317,20.0,1,0.8,5.1,4.1,5.3,83.4,66.2,7.3,1.4,3.9,9.9,0,0,4.2,2.3,6.12,52.67,2,2
3318,16.0,1,0.0,6.2,2.4,2.8,89.4,84.9,6.6,2.7,7.1,1.9,0,0,3.3,3.0,7.07,47.48,2,2
3319,23.0,0,1.3,7.1,7.7,0.1,83.1,84.6,5.9,2.9,7.2,6.5,1,1,5.5,4.8,6.47,57.48,2,2
3320,22.0,0,3.2,5.2,2.7,1.6,63.2,58.9,9.2,5.3,3.4,8.8,0,0,3.9,1.6,10.0,71.98,0,0
3321,20.0,0,5.4,6.2,8.3,3.7,68.5,86.9,1.4,2.8,1.0,5.0,1,0,2.6,6.7,6.22,52.08,2,2
3322,16.0,1,0.0,10.0,7.2,2.5,74.4,74.2518720906699,6.3,3.1,7.9,3.7,0,1,3.6,1.3,8.78,41.93,1,1
3323,22.0,0,7.4,5.5,5.8,2.3,83.1,55.5,8.2,2.5,5.4,3.3,0,0,1.0,3.7,4.85,44.92,1,1
3324,21.0,1,4.5,6.5,8.4,3.4,63.1,64.2,2.4,1.6,4.1,5.8,0,0,3.4,2.2,6.489753023681269,43.4,1,1
3325,22.0,0,6.9,5.9,13.8,3.6,98.3,40.0,7.3,3.8,3.0,1.6,1,1,4.8,1.8,7.32,43.05,1,1
3326,22.0,1,2.4,6.8,7.2,0.8,84.1,53.6,6.7,1.6,4.8,1.8,1,1,3.4,9.9,7.79,42.93,1,1
3327,23.0,0,5.2,5.9,3.2,5.2,83.7,41.1,1.3,5.0,5.2,4.6,0,0,6.2,8.5,7.34,51.44,2,2
3328,20.0,1,4.4,6.7,9.7,2.8,77.7,47.2,8.4,1.5,7.0,5.0,1,0,4.1,2.3,7.19,47.67,2,2
3329,17.0,1,5.8,6.1,6.5,3.8,61.2,100.0,4.0,3.1,10.0,6.7,1,1,7.6,12.7,8.7,49.68,2,2
3330,21.0,2,3.7,8.4,11.3,3.2,81.2,67.8,9.5,1.2,4.1,5.3,2,0,1.8,4.0,4.94,44.18,1,1
3331,21.0,1,5.1,7.1,4.7,2.3,89.7,43.1,7.3,4.8,8.4,4.5,1,0,3.1,9.5,6.17,57.88,2,2
3332,22.0,1,6.4,5.7,9.2,4.6,78.0,82.5,6.7,1.7,4.3,8.8,0,1,0.0,12.5,9.04,66.32,0,0
3333,18.0,0,2.9,8.1,6.0,3.1,93.9,80.2,8.2,2.6,4.5,6.8,0,0,6.3,6.2,6.82,70.63,0,0
3334,18.0,0,4.7,5.8,12.6,3.1,79.2,78.5,8.0,2.0,1.4,10.0,0,0,1.8,3.1,6.92,60.3,2,2
3335,24.0,1,0.4,5.0,5.3,0.0,89.0,59.3,1.7,1.2,1.8,6.0,1,1,7.8,5.0,7.06,46.28,1,1
3336,22.0,0,5.6,7.0,13.5,4.5,78.6,86.2,2.2,0.9,1.3,2.4,2,0,0.0,2.5,6.52,48.48,2,2
3337,24.0,0,8.1,9.5,7.1,2.7,84.9,55.2,5.7,0.5,8.2,4.5,1,1,2.3,1.0,3.54,36.24,1,1
3338,22.0,1,1.7,4.6,8.1,4.4,91.3,89.3,3.6,0.1,6.7,3.4,0,0,7.6,4.3,5.4,26.59,1,1
3339,21.0,1,4.0,5.3,10.3,6.0,66.0,90.9,9.7,5.3,9.0,6.3,1,0,6.2,3.8,9.35,56.97,2,2
3340,21.0,1,6.0,8.0,4.0,4.5,88.4,73.8,3.8,3.6,2.5,6.4,1,0,0.0,6.9,4.79,67.01,0,0
3341,24.0,0,4.3,6.2,8.4,3.1,93.7,48.6,6.2,2.5,5.0,3.3,0,0,5.0,12.6,6.489753023681269,44.16,1,1
3342,21.0,1,4.5,7.8,5.3,2.5,100.0,89.4,7.3,2.0,4.7,5.5,0,0,1.8,4.5,8.29,81.03,0,0
3343,21.0,1,3.4,5.9,6.4,7.5,80.9,64.5,10.0,2.8,5.3,7.0,0,1,6.0,1.8,6.89,60.2,2,2
3344,17.0,0,3.3,7.2,6.2,3.9,52.7,79.9,8.5,2.8,2.6,3.8,2,1,2.9,3.7,6.07,48.14,2,2
3345,20.0,0,4.0,9.3,6.047861775435752,3.4,56.8,87.4,4.5,1.3,7.5,10.0,0,1,5.8,4.6,6.87,56.74,2,2
3346,22.0,1,4.3,5.4,7.3,2.7,68.5,60.4,7.2,2.1,3.0,4.9,0,0,0.6,1.6,6.89,46.14,1,1
3347,18.0,0,1.8,8.3,4.6,1.4,96.7,100.0,7.5,4.8,4.5,5.6,1,0,3.5,10.7,6.56,86.27,0,0
3348,18.0,1,4.1,7.9,6.3,0.0,100.0,74.2,7.4,0.5,8.5,4.5,0,0,4.8,2.0,5.88,67.16,0,0
3349,19.0,1,7.3,5.1,1.0,5.7,74.7,62.9,3.8,2.3,6.0,2.9,0,0,1.7,2.4,6.95,45.37,1,1
3350,18.0,0,3.4,6.976601980998585,8.5,1.6,80.7,93.0,10.0,0.9,7.6,4.3,0,0,3.2,10.3,5.4,48.54,2,2
3351,18.0,0,1.7,7.1,10.2,2.7,46.4,100.0,3.3,1.0,5.3,4.8,1,1,7.9,3.4,9.75,56.64,2,2
3352,19.0,1,3.9,7.1,6.5,2.8,88.5,37.8,7.5,1.7,7.8,6.8,0,0,5.0,5.2,5.41,49.57,2,2
3353,24.0,0,2.8,7.4,2.0,5.6,81.7,50.1,4.1,3.2,6.5,6.2,1,0,0.0,1.5,7.68,51.14,2,2
3354,20.0,0,1.5,6.5,7.9,1.6,76.7,61.0,6.9,2.5,1.0,3.3,2,0,3.4,3.9,3.62,38.58,1,1
3355,18.0,1,4.5,7.1,4.1,3.5,67.5,100.0,5.6,0.4,2.1,7.0,1,0,6.2,1.4,7.73,69.67,0,0
3356,17.0,0,2.8,7.3,6.5,3.9,75.4,66.4,3.1,0.7,3.3,6.2,0,0,4.050203624516392,2.1,8.74,59.69,2,2
3357,22.0,1,3.0,8.0,7.7,0.5,62.5,100.0,0.6,7.5,5.3,8.7,0,0,5.4,0.7,7.08,70.78,0,0
3358,19.0,2,4.5,5.0,7.4,0.3,68.8,79.0,7.9,3.8,3.4,10.0,2,1,6.5,5.0,7.91,71.47,0,0
3359,23.0,0,1.1,8.7,8.7,1.7,63.5,48.9,4.8,3.7,8.1,7.4,2,0,0.5,2.2,3.02,33.07,1,1
3360,21.0,1,0.7,6.976601980998585,6.047861775435752,3.4,66.8,90.9,6.3,2.1,6.7,7.5,1,0,5.1,3.6,2.92,40.95,1,1
3361,23.0,1,5.5,8.0,6.4,3.2,65.0,80.7,10.0,1.8,5.2,4.3,1,0,4.7,3.5,5.56,57.67,2,2
3362,18.0,1,0.3,7.1,7.8,2.8,87.5,59.5,7.4,3.3,5.8,5.7,1,0,6.7,4.3,6.91,57.6,2,2
3363,22.0,1,4.219583121504829,5.3,5.8,4.2,65.1,63.1,0.0,5.0,5.542839731870811,1.0,1,0,3.2,9.0,8.85,27.6,1,1
3364,18.0,1,0.6,7.7,4.3,1.5,79.3,56.1,3.3,11.2,2.1,4.9,2,0,5.0,2.8,5.76,48.95,2,2
3365,24.0,1,3.2,5.8,7.1,2.7,65.8,63.8,1.9,9.1,7.5,5.957923664122137,0,0,7.7,1.8,9.66,49.07,2,2
3366,21.0,0,5.1,8.4,3.2,2.8,66.3,86.9,4.2,7.2,6.2,9.5,1,0,6.6,3.8,7.02,77.79,0,0
3367,19.0,1,4.4,6.1,5.8,1.5,65.8,58.7,5.4,0.8,10.0,5.4,0,1,2.8,4.8,9.04,43.89,1,1
3368,18.0,0,9.0,5.1,2.6,7.1,92.7,76.5,10.0,4.9,8.0,5.4,2,0,4.0,2.1,6.15,45.02,1,1
3369,18.0,0,4.219583121504829,9.0,4.6,0.0,77.6,80.6,8.2,1.0,6.4,5.1,0,1,8.5,3.5,6.15,63.88,0,0
3370,22.0,1,2.3,7.2,4.7,5.2,70.3,74.0,6.8,5.2,5.2,4.0,1,0,0.0,6.9,6.87,54.68,2,2
3371,20.134890807516506,0,1.8,8.1,3.5,4.4,66.9,45.9,7.0,4.4,7.0,3.9,0,0,0.0,1.7,8.13,38.32,1,1
3372,21.0,1,9.6,5.9,8.8,4.5,62.5,88.5,7.0,2.3,3.6,4.1,2,1,6.8,7.7,6.53,38.19,1,1
3373,18.0,1,6.3,4.5,8.5,3.2,70.7,54.0,2.1,0.6,1.7,8.8,0,0,4.7,2.1,6.76,29.76,1,1
3374,21.0,0,5.4,9.2,9.3,5.4,61.3,64.6,2.9,5.4,5.9,5.6,1,0,6.7,14.9,7.25,43.11,1,1
3375,23.0,1,4.3,7.0,5.5,2.2,74.3,66.7,7.0,3.5,6.3,3.5,0,1,4.3,3.8,5.01,48.01,2,2
3376,22.0,0,4.7,7.6,4.9,3.7,70.8,74.4,6.0,2.7,2.6,5.957923664122137,2,0,5.6,5.5447261663286005,6.3,46.12,1,1
3377,22.0,0,1.2,7.9,8.0,3.1,69.9,76.7,6.7,3.3,1.5,1.7,0,0,6.8,7.0,6.489753023681269,49.73,2,2
3378,18.0,2,4.5,6.6,6.3,2.6,96.1,87.3,9.5,0.5,6.8,5.2,0,0,5.0,8.6,5.8,73.21,0,0
3379,17.0,0,4.3,7.3,6.3,3.2,76.8,69.4,4.5,8.0,7.1,4.6,1,0,3.8,3.8,8.14,55.22,2,2
3380,22.0,0,2.4,9.1,1.0,1.3,77.6,53.1,5.2,6.2,3.9,6.4,0,0,7.4,16.0,6.88,56.03,2,2
3381,19.0,1,3.1,7.0,7.9,1.8,96.7,94.6,6.5,7.6,2.3,7.6,0,0,5.0,2.5,6.489753023681269,68.72,0,0
3382,20.0,1,7.2,8.2,7.6,5.8,62.3,67.8,2.3,1.5,8.3,4.2,0,0,4.5,3.0,7.59,41.75,1,1
3383,16.0,0,3.9,4.4,6.0,8.2,73.7,71.7,5.991217524197657,7.3,7.6,5.5,0,0,8.8,10.7,6.48,29.73,1,1
3384,18.0,1,8.3,8.5,8.0,3.9,59.9,57.0,9.0,6.6,5.9,8.3,0,1,1.2,3.3,2.4,40.63,1,1
3385,16.0,1,0.7,5.0,7.5,4.5,80.9,59.4,5.4,0.8,10.0,4.5,1,1,0.3,9.0,5.77,18.13,1,1
3386,23.0,1,3.2,8.3,4.3,3.5,87.9,100.0,4.9,1.2,6.4,3.3,0,0,9.0,5.5,9.35,64.71,0,0
3387,18.0,0,1.1,7.5,5.5,3.8,48.5,50.2,6.5,3.1,5.4,6.9,1,1,0.0,2.4,6.24,31.88,1,1
3388,20.0,1,1.8,6.9,3.5,4.0,91.2,52.9,2.3,2.3,3.9,8.5,2,1,8.7,5.2,6.6,53.62,2,2
3389,16.0,0,2.5,6.9,9.7,4.9,84.0,66.7,5.3,3.2008618067525094,4.8,8.4,0,0,4.3,0.0,6.08,53.0,2,2
3390,21.0,1,4.219583121504829,6.7,8.4,5.8,80.5,80.7,4.7,1.7,2.4,4.4,1,1,0.7,5.6,6.83,57.69,2,2
3391,19.0,1,4.7,5.9,4.0,1.4,63.9,57.6,6.8,1.0,3.9,3.6,2,0,5.1,6.0,7.66,47.89,2,2
3392,24.0,1,2.8,6.7,7.5,8.1,90.0,46.6,1.4,1.9,9.4,5.4,2,0,1.5,2.2,6.45,18.56,1,1
3393,24.0,1,0.0,9.9,6.7,3.2,100.0,53.0,4.2,0.9,6.0,6.1,2,0,2.5,5.7,6.21,38.45,1,1
3394,19.0,0,7.2,8.7,4.3,3.2,74.7,67.5,5.0,0.9,6.9,6.0,1,0,5.2,0.6,7.29,52.59,2,2
3395,24.0,1,3.6,5.9,6.3,2.3,75.9,57.0,4.9,1.9,1.6,4.7,1,0,1.9,4.7,6.99,56.91,2,2
3396,25.0,1,2.0,7.3,8.1,2.3,80.3,100.0,8.3,1.4,9.6,8.6,2,1,1.8,11.9,4.19,46.24,1,1
3397,23.0,0,4.7,7.1,8.3,4.1,74.8,100.0,4.3,1.7,7.2,8.9,1,1,6.1,3.1,6.82,65.03,0,0
3398,23.0,0,4.6,6.8,11.8,4.1,77.7,96.0,10.0,1.0,4.9,3.0,0,1,2.4,6.0,8.33,53.47,2,2
3399,18.0,1,3.6,5.7,6.2,4.0,93.4,81.8,7.6,6.8,9.2,3.9,2,0,1.5,14.8,5.03,45.92,1,1
3400,21.0,1,4.5,7.6,5.4,2.2,79.1,81.8,4.9,0.9,1.7,5.5,0,0,0.0,7.1,6.77,64.97,0,0
3401,16.0,2,1.9,8.1,7.4,0.0,83.8,98.8,7.3,7.3,10.0,5.7,2,0,1.7,3.4,3.71,50.38,2,2
3402,17.0,0,5.7,5.9,5.5,0.0,100.0,77.4,7.6,2.7,5.1,7.1,2,0,1.8,4.6,8.58,80.53,0,0
3403,25.0,1,2.2,9.5,4.5,3.0,99.0,60.2,5.3,2.7,2.3,5.2,0,1,1.5,2.7,4.78,48.39,2,2
3404,19.0,1,3.0,9.0,3.7,3.6,66.4,100.0,8.5,5.0,3.9,5.5,1,1,7.8,3.4,5.11,68.26,0,0
3405,22.0,1,5.5,7.7,1.0,2.2,100.0,85.4,3.9,2.7,2.6,1.0,0,1,7.5,5.4,5.17,60.67,2,2
3406,23.0,1,6.6,5.4,7.8,1.8,97.9,100.0,7.3,0.8,7.7,8.7,2,0,4.4,6.0,6.95,61.75,2,2
3407,23.0,0,7.4,7.5,1.9,3.5,99.4,100.0,5.8,0.9,4.6,2.1,2,0,2.6,4.0,3.02,62.48,2,2
3408,25.0,0,6.3,7.4,3.8,2.8,71.9,43.1,6.6,2.4,1.0,2.1,2,0,2.2,4.0,8.95,65.21,0,0
3409,18.0,1,3.6,7.7,6.7,2.1,82.8,59.4,6.5,3.6,1.8,2.5,0,0,4.2,5.4,2.71,48.87,2,2
3410,16.0,0,1.1,9.1,5.2,0.1,79.81730107309173,71.3,6.0,3.2,1.5,4.1,2,1,4.1,3.2,4.89,49.97,2,2
3411,19.0,1,7.0,6.8,11.4,1.5,81.6,84.0,10.0,3.7,7.8,8.2,0,0,1.3,7.7,5.32,63.99,0,0
3412,17.0,1,6.9,9.7,2.2,4.7,100.0,91.5,4.7,3.2,5.542839731870811,8.2,2,0,6.5,7.3,3.52,65.12,0,0
3413,16.0,1,2.9,7.5,11.6,1.3,81.8,73.9,4.3,2.6,3.0,4.8,1,0,2.5,1.9,6.59,48.79,2,2
3414,19.0,1,6.0,6.6,9.5,4.2,57.6,98.3,5.8,1.1,4.5,2.7,0,0,4.4,3.5,6.47,33.71,1,1
3415,22.0,0,3.5,10.0,8.3,5.5,75.1,86.0,8.9,5.5,5.4,6.7,1,0,1.7,6.2,6.69,67.08,0,0
3416,21.0,1,7.2,8.1,9.6,1.6,71.5,85.7,6.1,5.5,4.5,5.3,0,0,0.6,4.3,7.26,60.43,2,2
3417,19.0,1,3.2,6.4,7.0,2.2,100.0,70.0,5.8,6.7,4.1,7.8,0,0,0.0,3.5,10.0,71.59,0,0
3418,21.0,2,8.2,7.1,1.7,4.8,69.4,80.7,4.8,2.8,4.1,3.2,0,0,4.5,3.0,3.73,56.59,2,2
3419,18.0,0,5.8,7.8,7.3,5.2,74.7,80.6,4.9,2.5,9.6,5.3,2,0,3.7,7.2,4.75,41.7,1,1
3420,16.0,0,7.8,6.8,2.3,1.8,75.2,92.3,8.4,0.9,4.3,7.6,0,0,1.5,3.5,5.96,73.45,0,0
3421,22.0,0,3.3,7.2,4.7,0.1,100.0,51.3,5.9,7.7,9.3,8.1,1,0,3.8,4.2,6.4,67.65,0,0
3422,21.0,1,5.0,5.9,5.8,5.3,92.5,87.6,6.6,3.5,4.6,9.1,1,0,3.5,1.4,9.28,66.23,0,0
3423,22.0,0,2.3,4.8,3.7,4.1,87.4,45.4,4.5,3.9,7.0,9.1,1,1,5.9,0.3,6.61,38.93,1,1
3424,16.0,0,5.9,7.1,8.4,3.7,83.0,59.6,7.7,4.3,8.1,5.7,2,0,0.5,4.4,6.81,57.46,2,2
3425,23.0,0,6.0,6.976601980998585,5.5,4.6,82.8,85.9,8.7,4.8,5.6,8.1,0,0,5.3,0.7,7.95,73.35,0,0
3426,21.0,0,9.0,7.7,7.0,0.9,81.0,59.9,4.0,2.9,4.6,8.2,0,0,1.9,4.1,7.04,57.18,2,2
3427,21.0,1,5.2,6.3,6.0,3.7,100.0,75.5,4.0,1.9,7.1,3.3,1,1,3.9,4.2,7.56,48.91,2,2
3428,21.0,0,5.6,5.3,6.3,2.5,63.5,58.4,4.1,5.0,4.6,7.3,0,1,0.0,11.2,5.58,52.38,2,2
3429,23.0,1,3.3,5.7,3.8,4.1,44.0,85.8,8.3,0.6,5.1,5.5,2,0,1.6,6.3,7.82,50.42,2,2
3430,21.0,1,5.3,8.4,3.1,4.4,85.8,75.9,3.9,2.6,7.4,7.4,2,1,3.1,5.5447261663286005,4.48,55.49,2,2
3431,21.0,1,3.4,6.1,5.6,4.8,98.2,74.6,5.2,5.2,4.0,7.1,1,0,3.7,6.4,8.05,62.36,2,2
3432,25.0,0,4.4,6.4,3.6,4.1,82.4,94.8,3.8,3.4,8.5,8.3,1,1,3.6,2.7,5.29,69.3,0,0
3433,22.0,1,4.5,6.6,9.5,3.5,54.3,82.5,9.7,0.4,6.3,7.4,0,0,0.6,4.0,6.61,54.93,2,2
3434,20.0,0,3.5,6.2,2.6,3.5,89.7,83.9,4.8,4.3,5.5,5.4,0,0,6.2,6.2,5.12,62.44,2,2
3435,22.0,1,4.3,6.1,11.8,3.7,66.2,95.0,9.7,4.9,6.3,6.4,1,0,0.8,3.8,8.08,65.4,0,0
3436,19.0,2,3.4,5.9,6.8,1.9,63.3,96.8,5.9,15.0,2.9,5.957923664122137,0,0,5.3,0.3,7.23,51.89,2,2
3437,18.0,1,3.4,8.8,6.2,2.3,67.3,57.9,4.9,2.5,7.7,8.8,0,0,1.8,4.3,5.16,58.74,2,2
3438,21.0,0,6.4,7.9,4.6,3.7,59.1,88.3,7.8,1.0,6.4,8.0,0,1,6.1,16.0,5.1,69.04,0,0
3439,24.0,0,4.6,8.6,7.6,4.2,82.6,82.8,5.9,2.3,10.0,3.2,2,0,4.6,5.4,5.54,50.82,2,2
3440,24.0,1,4.9,8.9,5.5,1.8,71.6,98.6,9.1,2.7,6.9,6.7,0,0,6.4,3.4,9.99,68.17,0,0
3441,19.0,1,1.3,3.9,6.8,1.1,62.7,51.8,5.5,3.0,4.6,9.3,0,0,5.0,1.9,6.8,23.88,1,1
3442,20.0,0,5.0,7.4,8.1,0.0,100.0,62.6,5.0,6.0,2.7,7.7,1,0,3.6,4.6,6.35,74.53,0,0
3443,18.0,0,5.3,6.2,7.7,0.7,73.1,71.5,5.0,6.5,4.0,7.0,2,0,4.3,14.8,6.98,64.85,0,0
3444,25.0,0,3.4,8.5,9.1,2.0,80.7,100.0,8.7,6.3,7.7,7.4,2,0,2.5,5.9,6.5,59.34,2,2
3445,25.0,1,8.4,6.0,7.3,2.2,100.0,69.8,6.6,0.2,6.0,6.3,0,1,5.6,9.1,8.68,59.01,2,2
3446,21.0,0,0.0,5.6,3.6,2.5,88.8,74.3,4.4,4.1,2.1,4.4,0,1,5.9,5.7,7.8,53.66,2,2
3447,23.0,1,5.8,5.1,1.0,0.8,100.0,62.7,2.8,2.6,1.8,5.1,0,0,1.1,15.8,4.69,46.22,1,1
3448,22.0,0,5.6,6.6,6.5,0.0,71.0,89.1,6.5,4.0,8.7,4.5,1,0,1.2,3.9,9.24,62.39,2,2
3449,21.0,0,5.3,8.2,6.6,3.2,93.6,87.2,3.9,9.9,5.2,6.9,1,0,7.0,4.2,5.9,78.35,0,0
3450,16.0,1,4.6,7.3,10.8,3.2,86.4,65.2,2.1,2.4,5.3,8.8,0,0,7.6,4.0,6.73,57.65,2,2
3451,20.0,0,5.3,5.4,5.7,4.1,92.9,56.2,8.4,5.6,5.0,8.5,1,0,0.9,1.9,5.22,59.93,2,2
3452,21.0,0,5.9,9.8,6.9,4.5,91.0,88.9,3.3,7.2,6.0,5.957923664122137,1,0,1.7,5.7,6.14,52.52,2,2
3453,21.0,0,2.7,7.8,7.9,3.7,70.0,84.2,2.1,6.7,7.0,4.1,0,0,1.3,3.1,7.02,47.94,2,2
3454,19.0,1,4.8,8.0,7.3,3.2,100.0,63.1,5.7,1.9,4.4,4.7,0,0,1.5,5.5447261663286005,7.34,67.84,0,0
3455,24.0,1,3.8,8.7,8.1,4.6,50.6,87.5,5.3,3.4,8.1,6.4,0,0,6.5,6.2,5.49,54.45,2,2
3456,18.0,0,2.0,4.9,4.0,5.6,68.8,86.5,4.1,3.0,2.4,4.0,2,1,7.2,7.4,6.99,35.27,1,1
3457,20.0,1,5.6,5.8,3.6,1.8,88.9,97.1,6.5,2.3,8.5,7.9,0,1,4.8,5.3,6.93,69.98,0,0
3458,22.0,1,3.1,8.1,5.3,4.4,83.8,90.2,5.3,2.1,6.4,3.2,1,0,7.9,2.5,5.41,54.73,2,2
3459,22.0,2,1.2,5.9,1.0,1.9,81.7,68.9,10.0,7.6,2.8,7.7,0,1,6.1,1.3,4.24,61.88,2,2
3460,21.0,1,3.1,6.6,5.9,3.4,89.3,61.3,5.6,6.8,9.0,7.2,0,0,3.0,5.9,5.9,48.49,2,2
3461,18.0,2,2.6,6.9,4.4,4.9,69.0,100.0,3.2,1.6,6.4,3.2,1,1,10.0,1.8,5.66,51.34,2,2
3462,17.0,1,6.3,5.3,6.8,2.5,90.9,65.8,6.7,4.2,7.7,5.8,2,0,3.9,7.4,5.51,45.63,1,1
3463,21.0,1,4.5,6.5,5.3,1.3,78.3,42.0,6.8,4.9,1.0,4.9,2,0,4.0,7.1,4.07,59.66,2,2
3464,21.0,0,7.0,8.2,3.5,2.2,98.2,53.3,5.3,1.0,3.8,3.6,1,0,8.2,4.6,6.82,58.68,2,2
3465,18.0,0,2.9,7.9,9.3,1.3,76.0,38.5,2.3,3.0,5.0,7.5,2,0,3.4,13.7,4.77,38.3,1,1
3466,22.0,0,5.9,8.4,6.2,1.1,86.1,97.0,9.4,3.9,5.6,6.6,0,0,3.4,1.8,5.86,64.2,0,0
3467,20.0,0,9.9,8.3,8.2,5.2,88.3,100.0,3.2,2.1,7.3,4.3,1,0,5.3,5.2,7.09,37.79,1,1
3468,21.0,0,4.9,7.5,6.5,4.0,91.8,79.5,7.9,1.4,7.5,9.8,1,0,5.4,4.8,8.54,75.59,0,0
3469,23.0,1,5.9,7.4,7.2,1.7,80.5,46.1,8.7,1.0,1.0,5.4,0,0,4.1,1.3,7.7,59.48,2,2
3470,18.0,1,5.6,7.3,2.6,1.2,76.3,96.6,5.3,2.7,4.1,4.1,2,0,3.2,3.2,7.22,56.22,2,2
3471,16.0,1,1.4,6.2,9.2,1.4,69.9,83.4,7.9,2.7,4.5,6.4,0,0,1.7,2.2,8.22,47.05,2,2
3472,22.0,0,5.4,5.7,8.2,1.7,86.3,97.2,8.1,1.6,6.4,9.5,1,1,3.5,3.1,8.7,75.06,0,0
3473,21.0,1,4.8,6.1,6.0,5.1,55.3,85.6,3.6,2.1,7.6,3.6,1,0,5.8,13.0,6.92,40.25,1,1
3474,22.0,1,3.7,6.6,6.7,2.8,84.0,50.1,9.2,2.8,7.4,6.3,0,0,4.0,2.1,4.06,52.44,2,2
3475,23.0,1,2.4,6.1,8.5,6.8,85.0,86.9,6.7,1.4,7.4,5.6,0,1,9.9,4.7,8.45,55.81,2,2
3476,23.0,1,5.6,7.5,5.1,2.9,100.0,47.0,1.2,8.7,4.8,6.7,0,0,2.6,5.4,6.77,63.36,0,0
3477,25.0,1,2.3,7.3,2.0,2.0,71.4,61.1,6.4,6.6,6.8,4.0,0,1,0.2,1.3,6.56,51.52,2,2
3478,20.0,0,8.5,7.4,5.1,4.7,82.4,93.6,4.8,2.0,1.6,6.9,1,0,3.1,7.1,4.54,56.73,2,2
3479,20.0,1,4.4,7.5,6.4,0.0,82.1,92.7,7.0,9.9,6.7,6.7,1,0,3.3,3.0,4.55,68.58,0,0
3480,19.0,0,1.8,8.6,5.9,3.3,65.6,58.0,4.6,0.1,8.9,7.8,1,1,6.7,1.3,5.04,37.15,1,1
3481,17.0,0,3.2,7.0,9.3,0.8,79.9,54.5,4.6,2.2,2.1,7.0,1,1,3.9,12.9,8.47,65.72,0,0
3482,21.0,1,3.6,8.3,3.6,0.0,62.6,75.5,3.7,5.0,5.4,8.0,1,0,5.0,1.7,9.98,68.47,0,0
3483,18.0,0,9.0,7.7,3.9,2.8,92.5,100.0,6.5,5.0,8.2,6.9,2,0,6.5,10.8,3.68,65.9,0,0
3484,24.0,1,2.4,8.5,3.4,4.5,87.7,85.1,7.1,2.2,7.1,8.1,2,0,8.9,3.2,8.09,72.57,0,0
3485,21.0,0,4.0,9.1,7.1,3.4,85.6,100.0,6.0,1.3,8.3,7.7,0,0,0.4,3.2,7.74,60.39,2,2
3486,21.0,2,3.1,7.7,2.2,3.2,79.81730107309173,72.0,5.4,3.9,6.1,7.1,0,1,6.1,1.4,7.65,56.4,2,2
3487,19.0,0,5.2,7.1,7.9,0.0,98.4,90.9,6.2,2.9,8.7,7.3,0,1,3.7,7.8,5.11,63.48,0,0
3488,16.0,0,3.2,7.1,3.7,2.7,65.9,69.3,8.3,3.9,6.8,6.8,0,1,3.9,9.1,6.92,62.49,2,2
3489,16.0,1,1.9,6.4,4.1,2.7,80.7,60.6,3.7,3.4,5.2,4.5,0,0,3.1,10.0,5.65,44.93,1,1
3490,19.0,1,3.8,6.3,10.4,4.1,64.8,57.9,3.1,1.5,6.1,6.2,1,1,0.4,5.4,7.2,42.38,1,1
3491,17.0,0,3.6,8.2,9.1,1.1,77.6,81.4,3.4,2.1,7.4,4.8,0,0,2.0,2.0,5.15,49.93,2,2
3492,21.0,1,3.0,5.7,6.3,4.5,96.5,98.3,2.4,3.7,5.3,7.1,2,0,2.4,8.0,6.0,54.48,2,2
3493,24.0,1,3.1,9.1,2.7,2.1,86.1,69.1,3.8,7.3,5.0,1.0,2,0,6.8,6.6,5.87,48.66,2,2
3494,24.0,1,6.6,6.8,11.0,2.5,68.0,100.0,8.5,0.6,5.5,5.3,1,1,9.0,3.6,5.66,53.42,2,2
3495,21.0,0,3.6,10.0,5.5,4.0,73.2,100.0,2.3,3.2,1.7,3.3,0,0,4.1,13.9,4.71,45.66,1,1
3496,18.0,1,1.9,6.1,6.6,0.9,75.1,90.6,5.4,4.5,2.5,6.0,1,0,6.5,3.7,8.14,58.78,2,2
3497,23.0,0,3.3,7.3,8.3,4.5,69.2,80.9,7.5,0.9,2.7,4.0,1,0,0.0,21.8,7.54,48.44,2,2
3498,24.0,1,4.3,6.5,1.1,0.6,83.5,62.9,6.0,4.1,6.6,9.8,1,0,4.9,1.9,8.77,81.54,0,0
3499,18.0,1,1.5,6.0,4.4,4.2,100.0,98.5,7.9,2.7,9.3,3.5,0,0,2.0,9.3,6.51,53.65,2,2
3500,22.0,0,7.5,8.4,5.8,2.6,72.7,54.5,4.7,5.0,3.9,5.1,0,1,3.9,3.5,4.72,47.91,2,2
3501,18.0,1,5.9,5.6,6.3,2.7,100.0,85.9,4.9,4.8,5.5,9.4,1,1,6.6,3.6,7.86,80.08,0,0
3502,23.0,0,7.1,6.1,2.7,0.0,80.0,51.8,5.1,0.7,6.1,8.5,1,1,5.2,2.8,9.08,64.73,0,0
3503,25.0,1,5.0,7.8,6.8,1.9,84.2,56.0,7.2,2.8,1.0,8.5,1,0,3.0,3.0,4.97,67.83,0,0
3504,16.0,1,0.0,8.0,6.1,2.6,83.4,73.9,10.0,1.1,6.2,2.4,0,0,5.5,4.8,7.88,50.69,2,2
3505,24.0,1,7.3,5.2,10.2,5.8,57.9,87.7,6.0,3.0,8.2,5.5,0,0,8.5,18.0,6.6,33.37,1,1
3506,21.0,0,2.5,7.8,8.5,2.9,85.9,93.1,5.5,1.9,3.5,3.8,2,0,5.2,7.5,4.47,45.25,1,1
3507,25.0,0,2.6,7.2,5.3,1.8,48.4,75.1,3.9,1.5,5.2,7.0,1,0,2.5,4.3,4.82,38.56,1,1
3508,20.0,0,4.5,5.8,5.5,4.5,82.7,67.5,9.8,2.8,7.2,7.5,0,1,0.7,7.1,6.67,55.62,2,2
3509,23.0,1,7.0,6.0,8.5,2.1,82.1,60.8,5.1,1.8,3.5,8.7,2,1,6.2,5.7,6.89,55.2,2,2
3510,16.0,0,6.3,4.4,6.7,4.9,60.0,87.6,4.6,0.1,5.4,6.1,1,0,2.2,3.4,6.86,36.49,1,1
3511,19.0,0,6.0,9.2,2.6,3.5,80.8,86.9,5.5,3.2,5.542839731870811,4.6,1,0,4.1,2.9,6.76,58.05,2,2
3512,16.0,2,3.6,8.3,11.2,1.4,76.2,78.2,10.0,3.5,5.542839731870811,4.5,0,0,6.9,10.2,4.42,63.57,0,0
3513,25.0,0,3.5,5.3,3.5,4.7,78.0,80.4,4.8,3.6,6.1,6.0,0,0,3.0,13.3,7.86,60.03,2,2
3514,23.0,0,4.9,8.0,12.2,4.1,78.1,100.0,5.9,1.1,4.3,7.0,1,0,6.9,1.8,7.91,61.92,2,2
3515,23.0,1,3.9,6.3,7.1,4.6,72.3,93.3,0.5,2.6,7.7,5.957923664122137,2,0,2.7,5.5447261663286005,6.76,48.7,2,2
3516,24.0,0,6.0,8.2,4.4,2.7,81.0,49.5,8.2,1.8,9.5,6.6,1,0,1.7,6.9,5.01,60.85,2,2
3517,17.0,1,5.9,6.4,1.0,4.1,91.3,91.0,5.4,1.3,2.4,3.4,1,0,3.0,9.2,5.01,69.37,0,0
3518,19.0,0,5.4,6.5,7.9,6.5,76.9,99.9,8.0,6.7,2.2,6.3,0,0,5.1,5.5447261663286005,6.29,66.0,0,0
3519,17.0,1,0.0,6.976601980998585,2.1,3.3,79.3,60.2,7.4,2.9,4.0,6.8,1,1,1.7,0.8,6.68,46.17,1,1
3520,18.0,1,4.5,6.1,6.9,2.3,88.4,92.1,6.3,0.8,6.8,1.0,0,0,3.9,1.7,4.99,45.92,1,1
3521,18.0,1,4.0,8.8,10.8,5.8,100.0,100.0,5.0,2.0,5.4,6.4,1,1,9.2,11.3,4.86,60.77,2,2
3522,20.0,1,4.5,8.2,3.2,4.2,77.5,83.7,6.1,0.6,8.9,6.0,1,0,6.8,6.5,5.21,55.53,2,2
3523,18.0,1,2.7,7.1,7.8,2.2,57.9,70.8,3.1,1.8,2.5,7.6,0,1,2.3,10.9,3.17,44.81,1,1
3524,17.0,0,1.6,8.3,4.0,6.1,68.3,73.2,6.5,3.0,3.5,4.3,0,0,8.7,2.1,8.71,42.5,1,1
3525,18.0,0,5.1,4.9,8.8,0.8,87.8,77.4,7.2,1.1,9.6,5.8,1,0,6.0,2.3,5.15,39.0,1,1
3526,17.0,0,3.5,5.4,6.2,4.0,99.7,46.6,6.2,1.8,5.2,5.3,2,0,6.4,5.9,9.35,51.57,2,2
3527,25.0,0,5.3,7.6,6.0,5.1,67.7,45.8,6.1,5.5,10.0,6.3,0,0,5.2,2.0,8.66,48.86,2,2
3528,22.0,1,2.9,8.0,9.0,4.9,79.4,79.9,4.7,1.1,7.2,4.0,2,0,3.7,2.5,6.98,42.86,1,1
3529,25.0,0,7.0,7.4,7.6,1.4,80.3,74.1,5.6,2.7,5.9,7.8,1,0,8.0,0.5,8.69,68.28,0,0
3530,20.0,1,6.2,4.6,4.0,0.8,70.0,86.9,3.6,2.8,6.8,2.8,0,0,5.7,10.6,10.0,54.6,2,2
3531,18.0,0,4.8,5.6,10.5,3.4,100.0,69.9,4.8,2.4,1.6,7.0,2,1,6.5,1.0,7.51,48.37,2,2
3532,23.0,1,3.8,7.5,2.2,4.3,95.1,76.5,10.0,1.8,8.3,10.0,0,0,3.0,3.7,5.6,74.97,0,0
3533,19.0,1,5.9,10.0,6.7,1.1,84.5,92.1,6.2,3.7,6.2,5.6,1,1,3.9,7.7,4.78,52.03,2,2
3534,19.0,1,5.0,8.6,3.9,3.5,74.5,34.0,7.1,10.0,1.1,8.6,2,0,2.4,8.1,7.71,64.99,0,0
3535,18.0,1,4.7,9.1,2.3,0.4,92.4,58.5,5.9,4.4,5.6,5.0,0,0,4.8,4.8,8.62,71.47,0,0
3536,17.0,1,6.3,7.4,3.2,4.9,86.7,65.6,6.1,2.6,5.0,9.4,1,1,4.9,2.6,9.58,75.87,0,0
3537,18.0,1,7.1,7.4,5.9,2.0,74.3,72.1,6.3,3.0,8.0,5.6,2,0,5.0,8.6,6.85,63.06,0,0
3538,19.0,0,1.7,5.7,6.9,2.7,92.6,49.5,5.5,1.9,4.0,5.957923664122137,1,0,4.0,8.6,7.08,42.82,1,1
3539,21.0,0,2.1,8.2,8.6,4.6,84.8,58.6,7.3,4.3,6.4,6.2,0,1,4.0,10.4,5.52,48.09,2,2
3540,16.0,1,2.6,6.9,9.7,4.4,58.4,87.6,4.4,0.8,4.0,3.3,2,1,6.5,0.7,6.87,44.06,1,1
3541,18.0,1,1.2,7.9,6.7,3.9,67.1,83.4,2.7,3.8,1.0,7.2,0,0,5.9,2.5,5.18,59.5,2,2
3542,23.0,0,4.1,7.0,4.9,4.9,62.7,24.7,6.4,6.7,2.3,5.9,0,0,7.9,3.0,8.15,52.97,2,2
3543,17.0,1,5.4,7.4,8.6,3.7,93.4,70.9,8.5,5.9,5.2,5.6,2,0,4.6,9.1,8.04,71.86,0,0
3544,19.0,0,4.2,6.9,4.5,5.6,70.9,72.4,4.6,2.4,4.7,1.6,1,0,0.5,8.5,8.63,54.25,2,2
3545,23.0,1,3.1,7.3,2.0,0.0,88.2,74.2518720906699,7.7,4.0,6.3,9.6,0,1,7.2,1.8,7.09,65.14,0,0
3546,17.0,0,6.5,8.3,8.3,2.9,100.0,72.4,7.5,3.9,4.5,10.0,1,0,2.3,2.4,6.04,72.13,0,0
3547,17.0,0,4.5,5.4,9.3,2.8,90.3,82.1,9.4,7.8,3.1,1.0,2,0,4.6,4.5,6.96,49.06,2,2
3548,20.0,0,4.9,5.1,3.9,2.6,74.6,87.9,10.0,0.7,4.9,6.3,0,1,6.8,3.3,6.489753023681269,58.68,2,2
3549,19.0,0,6.5,7.6,10.9,3.9,70.3,76.8,7.3,0.8,1.7,6.3,0,1,8.6,1.6,8.91,55.54,2,2
3550,21.0,1,4.0,8.9,7.5,3.4,76.0,86.6,5.7,1.4,5.3,9.9,1,1,2.9,12.5,9.64,66.87,0,0
3551,23.0,1,8.3,9.2,7.1,4.5,66.6,75.2,2.4,0.7,1.0,4.4,0,0,4.4,5.2,8.4,45.17,1,1
3552,17.0,0,3.3,5.4,6.047861775435752,0.9,65.1,33.9,8.1,1.5,6.2,9.2,1,0,0.0,1.9,6.18,37.4,1,1
3553,21.0,0,8.2,6.5,8.5,7.1,69.5,72.6,8.5,2.7,6.4,4.2,0,1,4.8,4.2,5.22,42.23,1,1
3554,20.0,1,2.3,5.1,6.047861775435752,2.3,86.9,52.9,5.4,1.0,8.2,5.9,0,0,2.5,3.8,6.46,36.78,1,1
3555,17.0,0,5.2,6.3,5.2,3.5,73.2,77.0,6.8,7.2,4.4,8.3,0,0,5.2,6.0,9.31,74.14,0,0
3556,21.0,1,2.9,8.5,4.2,2.6,77.1,71.0,3.7,3.6,6.9,7.1,1,0,1.3,5.5,6.96,68.84,0,0
3557,18.0,1,6.4,7.0,2.7,3.1,86.1,70.9,4.7,3.2008618067525094,1.8,6.1,2,1,5.0,2.6,5.16,69.12,0,0
3558,20.0,0,3.2,6.5,8.2,2.0,89.5,59.9,3.1,4.8,6.1,6.7,1,0,5.5,3.3,3.5,43.79,1,1
3559,17.0,1,4.8,7.7,6.9,3.4,54.9,67.8,6.6,4.6,3.9,8.4,0,0,7.8,2.2,8.85,67.49,0,0
3560,20.0,0,2.9,6.0,8.0,4.0,57.6,80.5,5.1,3.1,4.3,5.8,0,0,0.0,2.7,7.97,43.38,1,1
3561,19.0,1,6.1,9.1,5.3,0.0,75.0,58.6,8.7,8.3,9.1,5.957923664122137,1,1,7.2,1.9,3.87,49.78,2,2
3562,23.0,1,2.9,7.0,8.5,2.4,65.5,63.8,6.5,8.0,3.7,8.8,0,0,0.2,3.0,5.56,58.66,2,2
3563,16.0,0,7.6,6.5,6.2,2.3,91.1,43.5,6.8,0.7,6.5,6.2,1,1,1.0,4.6,3.54,47.76,2,2
3564,19.0,0,2.2,7.8,4.8,7.2,74.0,80.0,6.0,8.4,5.5,5.0,2,0,0.6,3.2,5.62,51.48,2,2
3565,20.0,1,1.5,8.2,4.4,4.5,100.0,52.0,9.5,2.4,7.5,7.6,1,1,8.0,3.0,7.06,52.69,2,2
3566,22.0,1,6.1,9.1,1.0,5.7,73.7,75.5,9.2,1.2,3.1,8.7,1,0,2.7,2.8,8.19,76.29,0,0
3567,21.0,1,3.0,6.7,8.9,4.0,84.0,87.7,5.6,5.2,2.2,8.6,2,1,4.9,6.7,7.2,76.62,0,0
3568,21.0,1,4.2,8.4,8.6,3.1,71.3,97.9,6.7,5.3,2.8,7.5,0,0,2.0,4.7,3.17,65.08,0,0
3569,22.0,2,3.6,7.1,13.3,3.7,86.3,69.2,9.1,3.7,2.1,9.5,0,0,5.9,11.7,6.68,68.45,0,0
3570,23.0,0,1.6,6.2,5.2,5.0,86.6,86.2,3.4,3.8,4.6,6.4,0,0,6.7,9.1,4.54,51.84,2,2
3571,20.134890807516506,1,4.0,6.0,4.3,6.2,91.5,74.9,6.7,2.9,5.1,5.0,1,1,7.1,0.5,9.04,61.33,2,2
3572,20.0,1,6.7,5.6,1.7,3.5,78.3,41.3,5.2,1.4,6.9,3.0,1,0,5.2,2.8,6.21,37.42,1,1
3573,23.0,0,6.2,6.0,8.4,1.9,96.5,48.2,9.2,2.1,6.8,3.8,1,1,4.8,0.8,6.11,55.45,2,2
3574,25.0,0,4.7,8.5,7.8,4.7,83.9,90.3,7.2,3.2,2.1,7.0,1,1,2.7,7.9,6.95,73.36,0,0
3575,24.0,0,6.4,7.9,9.9,1.5,71.6,95.8,2.2,4.9,6.6,7.0,1,0,4.050203624516392,10.3,7.9,69.87,0,0
3576,19.0,0,2.1,5.4,3.7,3.7,71.7,36.9,5.1,3.4,3.9,9.2,2,1,4.8,11.3,4.11,30.24,1,1
3577,18.0,1,3.5,4.7,7.8,4.2,89.5,81.0,9.1,2.0,6.8,7.5,0,0,7.8,7.1,6.489753023681269,53.06,2,2
3578,20.0,0,5.0,5.6,4.7,2.8,96.4,79.8,8.0,3.9,1.0,6.9,1,1,1.0,10.8,6.25,68.33,0,0
3579,22.0,2,3.9,6.0,9.4,1.4,65.4,60.6,3.7,5.2,5.0,4.8,1,0,0.7,2.3,4.67,32.77,1,1
3580,20.0,0,3.7,6.6,7.3,2.2,89.8,60.7,3.8,1.7,6.0,8.6,1,0,5.1,8.0,4.2,57.35,2,2
3581,20.0,1,1.8,8.5,2.1,2.4,60.7,56.0,6.2,1.5,4.5,10.0,2,1,5.6,0.9,6.48,51.84,2,2
3582,23.0,1,0.0,6.3,5.7,1.1,72.0,40.4,5.9,5.2,5.7,5.3,1,0,2.4,10.5,6.06,36.04,1,1
3583,19.0,1,5.8,9.2,1.1,2.3,86.4,56.0,5.4,2.3,7.8,4.4,1,0,6.7,1.1,8.8,60.8,2,2
3584,23.0,0,4.7,4.8,3.1,0.4,69.0,87.5,5.1,1.9,4.8,4.5,2,1,4.050203624516392,5.2,3.77,31.53,1,1
3585,19.0,1,6.0,6.5,3.2,4.1,99.1,68.7,4.7,4.1,7.5,9.6,2,0,3.9,6.7,5.92,61.57,2,2
3586,19.0,1,3.3,8.0,4.4,3.6,87.9,88.2,10.0,3.1,7.0,7.7,0,1,6.1,4.1,6.58,73.18,0,0
3587,20.0,2,2.8,8.1,5.3,3.5,64.6,39.0,5.2,3.6,5.542839731870811,6.2,0,1,7.3,2.6,7.59,47.07,2,2
3588,22.0,1,4.2,6.6,6.4,2.3,88.5,82.9,4.5,2.5,1.0,7.3,0,0,3.8,6.8,2.88,62.89,2,2
3589,17.0,1,5.9,8.3,6.3,2.5,62.8,89.0,7.1,1.5,5.5,2.5,0,0,0.2,1.8,7.28,42.45,1,1
3590,18.0,1,3.7,8.1,5.9,1.5,80.0,28.0,5.8,1.7,8.2,9.8,0,0,4.4,4.6,6.04,59.23,2,2
3591,25.0,1,5.8,6.1,6.8,3.9,91.4,65.5,4.0,1.5,8.0,7.5,1,1,5.1,7.3,6.42,53.51,2,2
3592,18.0,1,2.2,7.4,2.9,0.6,89.2,81.2,5.4,5.4,6.2,7.9,2,0,5.7,2.2,5.74,71.0,0,0
3593,20.134890807516506,0,3.9,7.9,6.2,3.2,78.9,98.5,5.9,8.7,4.2,5.0,1,1,5.4,2.7,5.42,63.4,0,0
3594,21.0,0,4.1,6.2,9.6,1.9,75.5,50.2,6.9,1.7,7.1,3.3,0,0,4.6,12.5,6.28,42.35,1,1
3595,20.0,1,6.7,9.2,5.6,6.2,64.9,100.0,6.7,2.1,2.6,6.4,0,0,8.1,1.2,8.91,61.59,2,2
3596,21.0,1,4.6,5.9,7.2,3.9,82.4,82.9,3.8,4.7,6.4,7.2,1,0,7.9,1.2,5.72,53.05,2,2
3597,18.0,0,7.7,7.2,7.0,3.0,90.5,57.0,7.3,0.6,7.7,6.4,2,1,0.5,2.8,5.36,39.5,1,1
3598,20.0,1,1.5,5.4,8.2,1.0,100.0,92.9,8.0,3.4,5.3,8.0,0,1,4.3,2.6,6.48,57.75,2,2
3599,19.0,1,4.5,7.1,6.7,0.5,74.1,100.0,3.6,2.8,3.1,4.1,1,0,0.5,4.4,6.72,63.83,0,0
3600,21.0,0,4.6,5.6,8.1,3.9,91.0,69.0,4.3,1.4,5.4,4.1,1,0,0.0,2.4,7.78,43.28,1,1
3601,17.0,1,5.4,6.6,7.3,6.2,89.9,74.2518720906699,5.6,8.4,6.2,4.3,2,0,2.2,0.4,6.44,53.97,2,2
3602,21.0,1,2.6,4.9,7.6,3.7,73.8,57.9,6.5,1.2,5.542839731870811,3.6,1,0,3.8,2.8,3.68,31.43,1,1
3603,18.0,1,7.6,8.0,7.1,3.3,89.4,100.0,6.6,0.8,4.6,5.1,0,0,1.6,2.5,6.9,63.46,0,0
3604,18.0,0,4.219583121504829,7.5,3.5,3.3,69.4,61.9,5.9,0.8,7.3,5.2,2,0,0.0,1.8,8.32,48.92,2,2
3605,18.0,1,2.0,8.4,3.1,3.2,83.3,57.6,2.9,1.5,7.6,6.4,1,0,1.7,0.7,5.43,45.12,1,1
3606,18.0,1,4.2,6.5,5.1,3.4,77.3,63.8,8.2,4.8,5.8,8.0,2,1,7.7,4.6,6.13,66.99,0,0
3607,23.0,1,3.6,8.5,9.9,1.8,85.8,64.0,3.8,1.1,3.7,6.8,2,0,5.5,1.6,7.1,48.81,2,2
3608,18.0,0,9.8,7.1,5.6,1.2,86.8,64.6,9.0,2.0,1.0,2.9,1,0,4.0,6.8,6.88,65.97,0,0
3609,24.0,1,6.3,7.1,6.8,3.2,73.1,60.8,8.6,1.1,6.1,7.8,2,0,3.9,10.8,6.71,54.92,2,2
3610,25.0,1,4.3,9.7,1.1,5.7,79.9,62.1,3.6,7.2,2.2,3.6,0,0,4.1,7.4,6.14,57.02,2,2
3611,21.0,0,4.0,6.4,6.5,4.4,78.3,77.6,6.8,0.5,5.8,1.4,0,0,4.0,10.3,8.93,43.67,1,1
3612,17.0,0,6.1,8.6,6.2,0.8,65.8,99.3,9.0,3.3,4.1,5.957923664122137,1,1,5.6,2.5,6.15,66.69,0,0
3613,19.0,1,6.2,7.6,1.0,2.5,75.2,57.1,7.3,1.5,6.9,8.2,1,0,10.0,3.6,3.18,58.85,2,2
3614,23.0,1,0.0,6.3,6.7,4.3,72.5,51.5,2.3,1.6,5.542839731870811,9.0,0,1,4.050203624516392,5.8,6.63,26.16,1,1
3615,19.0,0,5.5,5.3,1.9,5.7,65.3,80.9,5.9,3.0,2.3,6.6,2,0,0.5,10.0,3.63,43.17,1,1
3616,17.0,0,4.3,5.7,4.2,6.2,69.6,84.6,7.8,7.3,6.3,9.2,1,1,5.1,5.4,6.23,64.09,0,0
3617,20.0,1,1.6,8.5,8.5,2.6,76.6,100.0,9.7,2.9,5.4,2.4,2,0,3.6,10.5,8.03,58.49,2,2
3618,23.0,1,6.0,9.3,6.4,4.5,80.7,100.0,5.7,1.3,7.0,5.2,0,1,4.4,1.9,7.73,70.98,0,0
3619,23.0,1,8.7,7.1,4.9,3.4,63.8,46.5,2.3,0.8,8.3,8.0,0,0,0.0,3.4,4.15,33.07,1,1
3620,18.0,1,5.3,7.2,4.7,2.8,95.6,39.0,10.0,0.7,4.4,6.0,1,0,0.8,2.0,4.56,65.09,0,0
3621,21.0,0,6.4,8.0,5.0,3.1,88.0,85.2,5.7,3.2008618067525094,7.1,7.1,0,0,4.3,8.5,5.45,63.14,0,0
3622,18.0,1,7.8,7.1,6.4,3.1,78.9,84.7,9.2,4.9,1.9,7.1,1,0,2.5,6.4,4.97,75.16,0,0
3623,18.0,0,2.5,8.4,3.0,5.1,64.2,100.0,5.4,2.6,2.7,8.0,2,0,2.7,5.1,6.52,64.06,0,0
3624,23.0,0,0.5,7.4,8.8,0.5,77.2,82.1,5.991217524197657,0.6,5.5,10.0,0,1,1.3,5.5447261663286005,9.39,60.06,2,2
3625,18.0,1,5.5,7.2,3.1,3.8,76.4,64.9,4.5,2.4,4.7,7.1,0,0,3.5,12.7,6.8,60.99,2,2
3626,18.0,1,3.7,6.1,1.7,5.8,66.0,93.7,4.5,6.9,1.0,7.3,0,0,0.9,3.7,3.54,61.82,2,2
3627,16.0,0,1.5,5.8,8.5,5.6,64.9,56.2,10.0,3.8,9.4,4.0,2,1,0.9,5.0,5.57,32.32,1,1
3628,23.0,1,4.0,3.0,4.9,4.0,90.0,100.0,8.1,3.9,1.0,5.0,2,0,5.4,8.1,4.77,55.42,2,2
3629,23.0,0,5.7,8.6,6.2,1.6,75.8,79.9,5.9,3.3,4.5,6.4,1,0,4.2,12.9,6.38,67.21,0,0
3630,21.0,2,3.9,6.8,7.6,4.4,91.5,61.7,8.1,1.9,7.5,5.7,1,0,5.7,10.7,10.0,64.69,0,0
3631,22.0,1,2.6,6.5,4.2,5.4,79.8,59.0,4.5,2.2,5.0,5.957923664122137,1,0,4.050203624516392,2.7,8.09,43.18,1,1
3632,17.0,1,3.8,4.5,6.3,2.1,89.8,78.5,6.0,2.4,6.8,8.2,0,0,5.7,2.3,5.33,47.43,2,2
3633,20.0,1,4.2,6.2,7.6,3.6,89.3,73.6,6.2,0.7,3.8,4.9,0,0,9.7,4.6,4.85,60.31,2,2
3634,19.0,0,0.3,6.0,10.1,2.6,86.1,72.5,4.3,2.8,5.542839731870811,6.0,1,0,2.0,3.6,7.73,40.19,1,1
3635,17.0,0,3.9,6.0,4.7,1.9,95.4,51.4,4.0,3.2008618067525094,8.5,3.2,0,0,1.8,3.0,5.1,42.26,1,1
3636,20.0,0,1.5,7.4,4.8,2.4,81.3,72.1,1.8,3.2,4.4,7.5,1,0,5.5,4.7,6.71,53.35,2,2
3637,24.0,0,5.5,7.2,7.4,3.2,60.6,89.9,3.9,3.0,6.5,5.5,2,1,4.2,3.1,7.47,57.17,2,2
3638,16.0,1,1.1,5.2,6.5,1.3,62.6,61.4,10.0,0.7,4.9,7.3,0,1,4.5,13.6,6.99,37.54,1,1
3639,19.0,0,6.2,6.976601980998585,5.7,1.1,71.5,79.6,2.1,1.4,5.8,1.0,0,0,9.9,5.6,7.42,39.81,1,1
3640,18.0,0,3.4,5.3,10.0,1.4,89.6,95.1,5.9,0.9,6.5,4.3,0,0,5.3,6.1,6.66,50.49,2,2
3641,18.0,0,3.1,9.4,1.8,3.6,74.8,86.3,6.3,0.7,2.8,7.9,1,1,3.5,14.1,4.95,59.55,2,2
3642,24.0,1,4.8,8.9,2.4,0.4,82.7,53.2,5.5,0.8,3.1,5.9,1,0,2.4,3.4,3.25,51.61,2,2
3643,20.0,0,2.5,5.9,1.8,0.0,87.0,80.8,7.9,5.3,4.1,10.0,1,0,1.9,1.1,6.12,79.19,0,0
3644,20.0,0,4.8,4.4,9.0,5.5,82.1,100.0,5.4,2.1,7.0,6.7,0,0,2.2,4.7,7.67,37.94,1,1
3645,22.0,0,2.7,7.2,7.3,1.2,50.2,84.0,8.1,0.3,7.6,7.9,1,0,4.0,3.7,5.43,39.21,1,1
3646,17.0,0,3.1,7.1,2.6,2.7,64.6,96.2,7.2,5.9,9.3,7.5,0,0,1.8,5.2,7.55,60.1,2,2
3647,20.0,0,5.0,7.4,5.7,4.7,100.0,92.6,3.0,3.3,4.6,5.957923664122137,1,0,6.8,1.1,9.93,70.7,0,0
3648,19.0,0,1.9,8.0,5.9,0.4,84.2,54.5,8.6,3.3,4.3,5.4,0,0,1.6,9.4,5.37,49.03,2,2
3649,21.0,0,1.7,7.6,1.0,0.4,44.9,100.0,5.3,3.2008618067525094,5.8,7.5,1,1,3.4,2.0,6.28,51.92,2,2
3650,25.0,0,4.7,5.5,6.5,1.9,80.9,97.6,2.1,6.0,5.542839731870811,7.0,1,0,7.5,2.6,5.88,62.91,2,2
3651,22.0,1,4.219583121504829,7.4,3.1,4.7,100.0,69.9,7.0,7.3,7.6,2.2,0,0,2.4,2.3,7.76,67.02,0,0
3652,19.0,1,4.5,8.1,7.8,3.0,83.6,98.3,5.4,2.5,3.4,8.2,2,0,4.9,6.2,4.4,61.07,2,2
3653,23.0,1,4.9,6.1,3.1,3.0,80.6,72.7,9.6,9.3,3.0,6.3,0,1,4.1,4.0,7.03,71.18,0,0
3654,18.0,0,4.3,7.4,6.5,2.5,56.2,73.4,8.4,1.5,2.5,1.8,0,0,0.5,5.6,4.31,43.81,1,1
3655,16.0,0,5.4,6.3,9.2,4.0,76.5,58.9,4.0,6.7,4.0,4.6,1,0,4.7,3.6,5.96,50.86,2,2
3656,18.0,2,4.4,9.6,8.4,5.6,58.6,56.4,8.1,4.1,4.8,7.5,2,0,3.8,7.2,9.36,57.72,2,2
3657,19.0,1,0.2,5.3,7.3,8.4,64.1,77.7,4.5,1.7,3.8,4.6,1,0,6.8,3.9,6.18,20.64,1,1
3658,20.0,1,0.7,8.5,5.8,2.7,61.1,70.4,2.4,2.7,3.2,4.8,0,0,6.1,3.5,7.36,33.96,1,1
3659,21.0,1,8.1,4.8,2.2,5.7,100.0,48.2,4.6,2.1,8.8,7.6,0,1,7.2,5.7,8.63,40.13,1,1
3660,24.0,1,4.2,9.3,4.9,4.8,89.5,81.3,3.1,1.1,4.8,4.5,0,0,3.9,2.7,8.23,62.65,2,2
3661,20.0,0,6.1,5.5,5.4,3.5,98.2,84.2,6.0,8.0,6.2,7.5,1,1,2.9,5.5447261663286005,6.41,72.32,0,0
3662,20.0,1,3.5,7.2,5.3,0.0,62.8,80.4,10.0,5.1,6.5,3.3,1,0,1.1,4.4,4.25,49.54,2,2
3663,16.0,0,4.1,4.9,2.2,3.03210685483871,82.5,80.2,6.2,5.5,4.2,7.8,1,0,4.0,1.6,1.9,55.37,2,2
3664,16.0,0,3.3,5.2,7.1,2.4,66.9,82.3,7.0,3.4,2.6,8.5,0,0,9.5,3.7,6.15,50.54,2,2
3665,20.134890807516506,1,9.1,8.2,3.0,3.6,68.3,78.0,3.8,2.2,4.2,6.4,0,1,1.1,7.8,8.54,62.98,2,2
3666,20.0,0,4.7,8.3,9.9,2.6,86.1,81.3,4.8,2.4,6.3,6.0,2,0,5.5,4.9,7.18,56.47,2,2
3667,23.0,1,3.1,7.3,6.4,2.0,82.3,84.1,7.2,2.5,3.3,3.7,2,1,8.2,3.4,5.62,67.16,0,0
3668,18.0,1,0.9,8.0,8.4,6.7,83.7,64.5,5.8,1.1,6.6,8.1,0,0,5.7,5.5,9.64,56.44,2,2
3669,16.0,0,8.1,8.4,8.4,5.4,63.7,52.2,4.4,5.8,1.0,6.3,1,1,7.5,12.8,7.25,53.49,2,2
3670,20.0,0,3.9,6.1,11.2,0.0,81.7,80.7,8.2,12.2,5.4,8.5,2,1,7.3,2.9,5.25,66.55,0,0
3671,18.0,1,5.7,5.2,6.5,2.5,84.5,77.7,6.3,5.3,6.8,7.2,0,0,3.4,1.6,7.18,54.24,2,2
3672,16.0,1,5.9,7.0,5.0,4.1,71.2,83.2,10.0,0.9,7.9,9.1,2,0,4.3,10.2,5.18,59.81,2,2
3673,22.0,1,3.3,6.2,5.1,5.4,76.5,95.5,7.5,3.4,2.2,7.9,0,0,7.2,2.3,4.53,67.34,0,0
3674,17.0,1,5.5,7.5,9.7,2.2,58.6,74.4,3.5,1.6,5.542839731870811,8.1,1,0,4.0,4.0,5.88,47.11,2,2
3675,21.0,2,3.0,7.7,2.7,2.6,52.0,72.6,6.3,1.8,9.2,6.6,1,1,2.7,4.4,4.22,31.86,1,1
3676,18.0,0,2.2,6.1,3.8,3.2,100.0,83.4,3.4,2.9,10.0,5.3,0,1,5.6,1.7,6.26,43.11,1,1
3677,18.0,1,6.5,7.9,6.6,4.2,82.7,56.6,5.991217524197657,0.6,5.5,5.9,0,0,4.050203624516392,2.9,5.29,53.71,2,2
3678,19.0,0,3.9,7.9,5.6,0.2,75.3,75.8,3.8,3.5,3.4,5.1,0,0,3.5,2.0,7.61,56.12,2,2
3679,23.0,1,5.2,7.9,8.4,0.0,90.4,73.2,8.5,0.2,8.8,7.2,2,1,5.1,4.0,3.59,58.68,2,2
3680,19.0,1,5.0,6.5,2.7,5.3,68.7,90.8,8.1,0.7,7.0,2.6,0,0,0.6,3.1,7.58,45.98,1,1
3681,22.0,2,5.5,8.0,5.8,1.2,81.4,66.7,4.5,1.0,9.9,6.8,1,1,0.6,7.0,5.67,47.07,2,2
3682,17.0,0,1.1,7.7,5.5,6.8,94.4,76.6,6.7,2.1,9.5,6.4,2,1,3.7,5.0,7.77,47.74,2,2
3683,22.0,0,3.0,7.8,3.3,1.4,65.7,72.2,6.6,3.3,1.9,6.3,0,0,2.4,3.5,7.72,63.26,0,0
3684,18.0,0,3.6,9.2,8.2,2.7,73.6,30.2,7.8,5.7,6.6,4.3,2,1,3.4,7.9,6.83,36.04,1,1
3685,21.0,0,2.5,7.4,5.8,3.7,62.1,65.5,6.4,7.3,6.1,3.2,0,0,8.2,4.1,4.38,48.33,2,2
3686,21.0,1,5.1,6.2,5.7,0.0,90.9,74.8,4.5,1.6,7.6,4.3,2,0,1.8,2.5,7.17,49.99,2,2
3687,24.0,0,6.6,5.6,3.9,8.2,82.7,59.0,7.2,2.6,5.6,5.9,0,1,0.9,5.5,6.2,53.23,2,2
3688,19.0,2,6.9,8.5,5.1,2.3,79.81730107309173,72.8,5.991217524197657,3.9,9.9,5.8,0,0,2.5,1.6,5.49,62.12,2,2
3689,16.0,1,3.5,7.5,3.4,1.5,91.0,99.1,4.0,3.1,5.1,5.6,2,0,8.7,2.1,9.64,81.92,0,0
3690,16.0,0,4.8,9.2,8.2,0.9,76.6,92.3,0.9,2.5,5.1,6.0,1,0,4.4,6.9,7.67,56.69,2,2
3691,23.0,0,5.1,4.4,8.6,3.7,85.3,41.4,7.3,5.4,5.542839731870811,4.0,1,0,3.7,2.9,4.79,33.24,1,1
3692,20.0,1,5.4,8.2,10.2,3.5,85.5,88.7,6.8,1.0,5.2,6.4,0,0,4.9,2.9,6.45,70.93,0,0
3693,22.0,0,2.4,6.7,7.1,1.0,89.5,85.1,6.9,2.5,5.5,1.8,2,0,2.0,7.9,8.42,55.13,2,2
3694,18.0,1,7.8,6.5,5.2,0.5,99.1,73.3,8.9,3.2008618067525094,3.2,8.6,1,0,0.2,6.8,6.32,71.74,0,0
3695,19.0,0,6.1,6.0,4.8,4.9,65.8,32.8,7.9,3.7,3.7,5.3,2,1,4.050203624516392,10.0,8.71,45.04,1,1
3696,16.0,1,6.1,8.2,7.2,1.8,55.6,89.1,8.8,2.4,2.7,9.3,0,1,5.1,1.7,8.83,72.71,0,0
3697,25.0,2,6.6,7.8,6.5,0.0,66.3,67.3,7.7,1.3,4.4,5.6,1,1,6.1,3.7,7.13,66.24,0,0
3698,21.0,1,5.3,5.5,5.6,2.7,86.1,78.8,6.3,3.1,3.5,6.9,0,1,5.5,3.9,8.28,55.43,2,2
3699,24.0,1,2.1,7.2,5.3,2.3,85.4,57.6,3.3,3.0,3.1,9.7,0,0,1.4,5.2,6.15,54.53,2,2
3700,18.0,1,3.9,7.9,8.9,6.5,72.6,61.6,9.4,1.6,4.7,6.7,0,1,1.4,8.0,4.52,44.51,1,1
3701,21.0,2,0.9,7.2,4.9,2.1,76.5,91.9,5.5,4.8,7.6,4.5,1,1,3.1,5.6,4.42,51.39,2,2
3702,21.0,0,5.0,8.4,9.4,2.4,69.2,100.0,4.7,2.0,3.0,8.1,0,0,2.2,7.0,9.22,71.79,0,0
3703,19.0,0,3.9,6.6,6.5,3.4,78.6,67.3,7.4,6.4,6.3,6.7,0,1,3.8,3.7,6.27,58.52,2,2
3704,23.0,0,4.1,4.1,5.1,2.0,71.0,100.0,2.0,5.8,7.5,3.5,1,0,0.0,2.0,6.87,34.29,1,1
3705,24.0,1,6.6,7.2,4.0,3.8,100.0,67.3,4.4,2.9,2.4,2.9,1,0,2.4,6.7,6.62,66.63,0,0
3706,24.0,1,3.3,7.2,5.6,1.2,97.2,67.1,4.6,1.5,3.0,4.3,1,0,6.7,8.8,6.6,64.72,0,0
3707,22.0,0,3.7,7.4,7.3,2.6,89.4,49.5,4.6,3.5,9.5,9.4,2,1,3.9,8.3,5.4,56.74,2,2
3708,18.0,1,4.2,8.4,5.1,3.7,80.4,84.0,10.0,8.1,6.1,6.3,0,1,4.3,3.2,4.73,70.19,0,0
3709,18.0,2,0.5,4.5,8.1,5.0,94.8,71.5,5.8,8.9,6.7,5.9,0,1,7.1,5.0,3.8,26.87,1,1
3710,25.0,0,3.7,6.7,4.9,1.9,81.3,72.5,4.6,0.4,4.4,8.7,1,0,3.8,0.3,6.56,59.61,2,2
3711,16.0,1,0.0,6.976601980998585,5.7,1.9,82.1,68.2,5.9,1.3,4.5,10.0,2,0,5.6,5.5447261663286005,6.56,44.61,1,1
3712,22.0,1,3.0,5.4,2.8,5.8,57.5,57.1,7.9,9.7,1.0,6.1,1,0,5.4,8.3,6.35,50.86,2,2
3713,22.0,0,5.9,6.9,7.4,2.0,83.4,86.3,1.8,1.2,4.4,7.5,1,1,7.5,2.3,5.62,58.77,2,2
3714,21.0,1,5.1,7.9,5.3,2.9,63.2,73.9,6.3,8.2,7.6,7.5,0,1,0.5,4.6,5.29,58.99,2,2
3715,25.0,1,3.0,7.4,9.9,6.1,74.8,89.5,5.0,6.2,4.6,8.5,0,0,6.7,4.0,5.88,64.18,0,0
3716,19.0,1,4.3,6.1,7.8,3.1,82.2,58.0,6.6,5.1,9.9,5.8,1,1,0.5,3.5,5.6,42.85,1,1
3717,19.0,0,2.1,6.8,6.2,2.6,68.3,79.3,3.5,2.8,4.6,8.7,1,0,2.4,1.0,8.54,56.63,2,2
3718,17.0,0,4.2,8.2,9.1,2.7,86.2,100.0,5.6,2.6,1.7,2.4,2,0,3.1,4.4,7.67,59.47,2,2
3719,20.0,1,10.1,7.9,7.0,1.7,93.7,62.2,5.7,1.6,7.2,6.8,1,1,5.4,1.6,6.9,45.79,1,1
3720,18.0,1,4.219583121504829,6.3,8.5,3.8,68.5,66.3,3.2,0.8,8.1,4.0,2,0,5.7,2.5,5.11,23.32,1,1
3721,19.0,1,4.3,6.2,3.8,3.03210685483871,81.5,66.1,10.0,2.3,3.7,4.8,0,1,7.9,8.6,6.45,63.05,0,2
3722,23.0,1,4.5,4.8,7.2,4.4,79.81730107309173,56.2,6.9,1.3,7.9,9.3,0,1,6.3,6.2,8.2,43.92,1,1
3723,24.0,1,2.2,6.4,7.3,3.0,64.8,100.0,8.0,2.9,4.4,5.2,0,0,3.4,13.3,8.37,57.18,2,2
3724,18.0,1,2.6,4.7,2.1,3.4,84.0,33.5,5.2,3.4,8.6,6.0,1,1,6.9,0.6,5.48,23.97,1,1
3725,19.0,2,4.9,9.7,9.8,6.1,89.3,53.0,6.5,3.8,7.8,5.5,0,0,1.8,1.6,9.31,48.09,2,2
3726,24.0,2,3.2,5.9,3.1,0.4,60.4,83.4,3.4,1.2,5.7,6.3,1,1,4.0,5.5447261663286005,6.489753023681269,41.88,1,1
3727,16.0,2,6.0,8.4,2.8,3.0,100.0,74.2518720906699,4.6,3.0,7.7,8.3,0,0,4.1,3.3,7.4,68.44,0,0
3728,17.0,0,7.3,9.4,1.0,4.1,73.5,74.5,4.0,2.5,7.7,5.8,1,0,4.4,3.6,8.07,59.55,2,2
3729,18.0,1,4.9,7.3,7.2,1.9,82.7,74.5,6.7,4.4,10.0,8.2,1,0,6.6,4.2,9.31,70.5,0,0
3730,21.0,1,4.4,6.9,1.9,4.7,73.1,83.9,9.8,4.3,5.5,7.3,0,1,10.0,3.3,7.31,70.24,0,0
3731,17.0,1,0.8,5.3,4.7,2.0,76.3,76.5,8.0,1.7,1.8,3.3,0,0,7.4,11.3,7.16,39.54,1,1
3732,25.0,1,5.7,6.3,8.1,3.5,99.7,68.0,10.0,1.6,3.9,7.0,0,0,3.5,1.9,5.03,60.66,2,2
3733,20.0,2,1.9,9.1,6.5,2.8,99.6,77.3,7.7,8.9,7.1,8.7,1,1,3.3,8.5,6.19,70.02,0,0
3734,20.0,0,3.4,7.5,4.4,3.3,58.5,71.8,6.9,1.2,4.3,6.1,0,0,2.6,1.8,8.83,70.13,0,0
3735,18.0,0,6.1,7.0,2.0,3.1,72.7,100.0,4.0,3.2008618067525094,4.1,6.6,0,0,0.9,4.2,7.24,69.82,0,0
3736,20.0,1,6.3,8.7,5.7,2.9,100.0,64.6,6.7,9.7,5.4,7.1,0,1,10.0,5.5447261663286005,2.87,58.54,2,2
3737,21.0,0,3.3,7.9,6.047861775435752,2.1,74.4,85.0,5.0,1.6,9.8,8.4,2,1,5.8,2.8,6.58,48.25,2,2
3738,22.0,0,3.4,6.8,7.8,1.8,85.5,91.4,7.8,2.9,3.3,9.2,0,1,2.6,13.9,3.82,67.35,0,0
3739,22.0,1,2.8,7.3,10.5,3.6,94.8,51.2,3.0,1.6,1.4,8.1,0,1,7.3,5.2,6.68,61.97,2,2
3740,21.0,0,1.8,6.0,4.4,3.1,91.1,55.0,5.8,1.0,5.542839731870811,6.4,1,1,5.6,1.0,8.01,43.31,1,1
3741,24.0,1,2.9,6.3,2.7,1.8,43.4,100.0,6.0,4.9,6.9,7.7,1,0,7.5,5.9,6.12,59.67,2,2
3742,23.0,1,1.0,6.7,6.8,3.6,84.3,62.8,9.9,4.6,5.542839731870811,8.1,2,1,4.2,5.2,5.05,63.22,0,0
3743,22.0,0,4.219583121504829,7.7,6.5,2.2,79.81730107309173,75.2,3.7,2.8,4.6,3.8,0,1,4.8,10.8,5.51,68.28,0,0
3744,16.0,0,5.0,6.976601980998585,6.0,5.8,80.4,71.9,8.6,0.9,6.8,1.0,2,0,0.9,5.5447261663286005,6.72,42.32,1,1
3745,16.0,1,5.3,7.1,4.1,7.5,66.5,74.3,7.8,1.0,5.1,2.2,0,0,2.9,2.4,8.91,44.17,1,1
3746,18.0,1,2.3,6.5,1.0,5.5,66.7,68.3,5.4,2.7,4.3,5.5,2,0,0.0,12.8,6.71,50.91,2,2
3747,21.0,2,1.8,5.8,3.5,5.4,77.4,77.2,6.9,3.9,5.542839731870811,6.5,1,0,2.5,9.1,6.35,48.53,2,2
3748,19.0,0,4.3,6.5,7.4,4.5,88.8,60.4,5.5,3.9,10.0,3.7,2,0,4.8,4.9,6.51,45.28,1,1
3749,19.0,0,4.3,4.0,6.7,2.6,100.0,71.0,6.0,2.7,5.0,6.8,0,0,7.9,3.2,7.49,49.22,2,2
3750,24.0,1,3.9,6.0,8.4,0.0,76.2,39.5,7.7,2.7,4.2,6.3,0,1,5.0,9.1,7.68,47.57,2,2
3751,24.0,1,3.6,5.6,6.9,1.2,87.3,72.9,10.0,2.4,5.2,4.8,0,1,0.0,4.9,6.84,51.97,2,2
3752,24.0,1,7.6,6.6,7.8,1.8,59.9,81.0,8.1,1.3,4.1,7.6,1,0,6.2,1.4,7.25,52.49,2,2
3753,19.0,1,5.1,4.0,7.9,5.2,58.1,92.3,6.5,4.1,1.6,2.9,0,0,1.4,10.4,5.73,29.12,1,1
3754,22.0,1,8.1,7.2,6.1,3.5,73.5,95.7,9.1,0.3,5.3,6.3,0,0,2.3,2.6,6.9,58.35,2,2
3755,18.0,1,6.7,8.2,6.1,1.8,85.8,68.2,2.9,2.3,5.2,9.4,0,0,1.0,14.5,7.8,61.63,2,2
3756,18.0,0,7.6,6.8,1.0,0.0,78.9,90.1,5.1,2.3,3.9,5.6,2,1,5.0,9.3,8.94,75.19,0,0
3757,18.0,1,2.1,7.6,4.4,7.2,80.7,54.3,6.1,3.2,3.6,7.7,0,0,6.2,6.5,7.76,64.86,0,0
3758,19.0,0,5.4,6.3,4.5,4.0,76.4,65.7,3.7,2.6,4.5,7.6,0,0,6.6,3.0,3.84,46.45,1,1
3759,20.134890807516506,1,3.3,5.0,5.7,4.6,79.6,100.0,4.8,6.4,8.9,5.2,0,1,7.0,11.0,5.68,45.39,1,1
3760,23.0,1,0.9,7.0,3.7,2.0,76.2,78.3,2.4,3.4,10.0,3.0,1,0,3.0,18.7,6.28,32.92,1,1
3761,17.0,1,7.2,7.9,8.3,2.8,62.5,79.2,3.2,6.2,7.4,4.7,1,0,2.7,6.9,8.61,61.31,2,2
3762,22.0,0,3.6,5.3,3.8,2.4,60.6,71.8,5.5,5.4,5.0,6.7,1,1,8.0,4.8,7.49,50.2,2,2
3763,20.0,1,2.1,6.4,8.8,3.1,97.7,100.0,3.9,1.4,3.2,8.3,0,1,5.9,8.9,6.7,61.46,2,2
3764,18.0,2,3.4,6.7,3.6,6.3,69.3,84.6,6.9,0.5,4.9,2.4,1,0,5.4,2.4,6.15,53.17,2,2
3765,20.0,0,2.6,10.0,4.5,0.8,76.9,100.0,6.6,2.1,9.6,4.3,1,0,1.5,16.3,8.24,52.63,2,2
3766,19.0,0,2.8,7.3,4.3,2.9,95.5,64.3,6.8,7.8,6.9,6.1,0,0,4.050203624516392,4.3,8.34,66.07,0,0
3767,21.0,1,3.8,4.5,4.8,3.6,76.5,57.5,4.9,1.1,7.2,4.2,2,0,5.9,5.5447261663286005,9.1,23.87,1,1
3768,20.0,0,7.7,4.2,8.9,2.8,91.4,61.2,8.4,0.3,4.4,9.2,1,1,5.3,3.2,9.04,47.15,2,2
3769,18.0,0,2.9,6.976601980998585,5.2,4.8,68.5,86.3,7.1,6.4,6.3,5.7,0,0,3.2,3.8,7.81,74.7,0,0
3770,17.0,1,7.5,10.0,5.2,0.0,100.0,100.0,6.5,1.4,7.2,6.6,1,0,2.9,11.3,4.59,63.9,0,0
3771,20.0,0,5.9,6.6,4.1,6.4,83.0,88.5,6.5,1.8,5.0,4.2,1,0,4.2,4.1,5.25,55.66,2,2
3772,24.0,0,5.0,6.6,5.4,0.5,79.81730107309173,90.8,5.5,4.9,2.2,7.6,0,0,0.6,12.2,9.4,75.99,0,0
3773,19.0,0,5.7,7.6,6.5,1.0,77.9,78.1,8.9,8.0,5.1,4.0,1,1,0.1,3.2,3.36,67.97,0,0
3774,22.0,0,4.2,6.0,5.5,2.2,89.9,52.1,8.5,4.1,1.7,7.0,1,0,7.2,7.3,7.31,72.73,0,0
3775,21.0,0,6.8,3.7,5.6,1.8,83.1,100.0,5.2,2.2,7.1,9.5,0,0,2.0,4.6,7.27,49.55,2,2
3776,24.0,0,5.3,8.3,8.5,3.8,40.0,87.0,6.4,3.3,4.5,7.8,0,1,3.7,7.5,6.489753023681269,56.47,2,2
3777,23.0,1,0.9,6.2,6.7,3.6,74.2,84.4,5.1,3.9,7.0,6.4,0,0,3.2,3.3,7.7,47.0,2,2
3778,21.0,0,4.8,8.4,3.1,3.2,84.2,90.7,10.0,5.4,5.5,4.3,0,0,1.1,8.9,5.02,57.82,2,2
3779,20.134890807516506,0,5.8,6.976601980998585,5.8,0.4,67.4,44.1,5.4,2.4,9.0,4.4,0,1,4.3,8.2,4.92,33.75,1,1
3780,24.0,0,3.6,6.976601980998585,4.7,2.7,73.5,66.0,8.6,3.2008618067525094,6.9,7.0,2,0,5.1,3.2,5.96,59.63,2,2
3781,19.0,2,4.5,8.1,7.3,3.0,75.0,86.2,10.0,0.7,8.6,6.3,1,0,4.7,4.3,5.17,61.19,2,2
3782,19.0,1,4.219583121504829,8.4,6.3,5.2,100.0,72.4,6.7,4.4,7.1,8.0,1,0,8.2,2.2,8.17,73.68,0,0
3783,16.0,1,1.4,7.3,6.047861775435752,3.4,87.8,73.6,2.2,3.6,3.6,5.9,2,1,0.8,8.3,4.41,41.44,1,1
3784,23.0,1,1.1,7.2,4.1,3.7,84.3,98.1,9.3,4.6,2.8,7.2,1,1,3.6,1.3,8.83,81.09,0,0
3785,23.0,1,1.1,7.8,5.5,6.5,64.8,77.1,4.9,4.0,7.8,6.2,0,0,0.5,1.8,4.34,24.99,1,1
3786,17.0,1,5.5,7.6,3.3,0.9,71.1,100.0,4.5,1.7,6.1,7.4,2,0,3.0,1.2,8.75,68.45,0,0
3787,21.0,0,0.0,5.3,6.047861775435752,2.3,91.1,74.3,9.9,8.9,3.1,5.3,0,0,1.8,5.0,6.67,61.54,2,2
3788,20.0,1,2.9,6.976601980998585,2.2,1.0,88.6,89.5,3.1,4.9,5.2,2.8,1,0,7.7,23.6,6.6,41.52,1,1
3789,17.0,0,2.7,4.3,6.8,5.9,61.5,83.7,9.2,1.4,4.9,8.2,1,0,2.5,1.6,10.0,54.17,2,2
3790,25.0,0,3.6,8.0,5.9,6.0,98.2,64.7,5.5,0.9,8.3,5.7,0,1,2.0,8.6,7.24,54.76,2,2
3791,18.0,1,0.5,6.5,6.4,5.8,68.8,56.4,1.9,3.9,5.1,9.0,1,1,4.3,7.2,8.62,41.82,1,1
3792,16.0,1,5.0,8.1,8.0,4.0,84.7,75.7,7.9,4.5,6.5,6.2,0,0,3.1,13.5,5.67,62.56,2,2
3793,21.0,0,1.7,7.5,6.6,3.7,100.0,100.0,1.0,0.6,5.542839731870811,6.1,2,0,5.0,10.2,5.18,49.88,2,2
3794,22.0,0,6.5,5.7,2.8,2.2,74.6,67.9,5.9,3.9,4.0,8.9,1,1,3.8,13.8,5.56,61.16,2,2
3795,16.0,0,3.0,6.8,4.6,4.4,82.2,84.3,2.4,3.9,8.1,4.6,0,0,4.2,2.6,6.0,52.22,2,2
3796,21.0,0,4.0,6.4,5.8,0.7,72.7,70.4,5.3,4.3,4.3,5.0,0,1,5.6,4.3,8.3,56.45,2,2
3797,20.0,2,4.2,6.2,5.2,0.7,82.3,79.0,7.5,1.0,7.3,7.0,0,0,2.0,1.8,5.93,52.99,2,2
3798,17.0,0,4.7,8.2,5.5,2.2,98.5,95.6,6.9,0.1,8.7,4.1,1,0,5.2,5.8,6.23,59.6,2,2
3799,18.0,0,4.3,10.0,10.1,6.4,77.5,77.1,6.5,7.7,6.7,9.9,1,0,5.5,11.8,5.05,58.64,2,2
3800,20.134890807516506,0,3.3,8.5,6.3,2.1,76.2,63.9,8.2,1.3,4.3,5.3,0,0,3.8,16.6,4.69,39.29,1,1
3801,19.0,0,4.9,7.0,7.0,2.3,94.3,100.0,6.0,3.9,2.6,5.6,0,0,4.050203624516392,4.9,9.23,77.85,0,0
3802,24.0,1,5.1,8.6,6.047861775435752,3.5,63.6,64.1,5.5,12.0,10.0,9.0,0,0,5.4,12.1,4.99,69.39,0,0
3803,23.0,2,2.7,9.2,7.9,4.6,81.1,87.2,6.6,0.1,7.7,6.1,0,0,2.0,5.4,6.7,55.82,2,2
3804,25.0,1,5.1,5.2,13.1,3.03210685483871,70.5,48.2,4.5,0.9,6.9,4.2,1,0,0.0,1.4,5.26,12.12,1,1
3805,18.0,0,6.6,8.6,9.4,1.0,76.9,98.1,7.9,1.4,10.0,8.1,1,0,4.4,11.0,6.74,67.35,0,0
3806,25.0,1,5.6,8.0,4.9,2.8,68.5,100.0,6.2,7.0,8.6,7.9,1,0,5.3,3.6,6.47,72.14,0,0
3807,20.0,1,6.1,8.5,11.7,3.4,61.4,74.5,7.6,3.1,7.5,3.5,0,0,3.8,2.8,5.1,52.18,2,2
3808,19.0,1,4.5,8.1,6.1,3.6,51.3,56.5,5.6,1.6,5.8,4.5,0,1,5.5,0.5,6.69,40.99,1,1
3809,16.0,1,2.3,6.7,6.8,4.6,74.1,88.8,7.1,2.1,5.5,3.8,0,0,4.7,3.2,5.85,38.31,1,1
3810,16.0,1,2.6,9.6,5.3,4.5,83.0,76.6,7.5,2.9,8.9,1.0,1,0,1.6,5.1,7.17,36.56,1,1
3811,22.0,0,4.8,7.4,5.3,3.0,90.6,100.0,1.6,1.7,3.0,10.0,2,0,0.4,2.8,7.34,79.7,0,0
3812,20.0,1,6.1,6.4,1.0,5.1,62.6,64.2,2.8,0.7,7.9,2.9,0,1,1.8,3.1,8.11,32.11,1,1
3813,18.0,1,9.8,7.7,8.0,4.7,82.0,50.9,4.8,4.0,1.5,4.2,1,0,4.6,7.8,4.34,36.29,1,1
3814,21.0,1,6.2,8.3,5.3,4.6,87.3,80.5,5.7,3.3,2.8,7.1,1,1,6.4,2.2,8.67,83.18,0,0
3815,18.0,0,1.9,7.1,5.5,2.0,84.7,85.5,8.8,0.8,5.5,6.7,1,0,4.050203624516392,1.5,6.55,66.8,0,0
3816,21.0,1,2.7,7.5,6.7,4.3,83.4,61.2,7.0,6.8,9.1,7.4,2,0,0.8,7.5,6.6,55.94,2,2
3817,19.0,1,8.8,7.1,5.0,5.2,51.9,92.3,7.2,3.2008618067525094,5.542839731870811,6.6,1,0,0.0,9.3,6.04,50.4,2,2
3818,23.0,0,3.8,6.1,6.7,2.1,78.4,76.0,9.4,1.5,5.1,9.4,2,1,7.5,2.6,7.87,65.27,0,0
3819,23.0,0,4.3,5.9,9.0,3.2,78.9,70.1,9.0,4.0,4.1,4.7,1,1,2.4,8.9,6.86,59.8,2,2
3820,20.0,1,2.3,5.2,7.0,5.8,87.1,84.8,3.8,8.3,8.2,9.9,2,0,7.8,2.2,4.93,48.55,2,2
3821,19.0,1,7.3,9.0,5.6,3.7,98.0,69.8,8.7,13.2,6.5,5.1,0,1,4.050203624516392,5.1,5.88,76.0,0,0
3822,19.0,1,5.2,6.7,5.7,2.8,76.6,61.8,6.2,0.5,5.5,3.2,0,0,5.8,4.8,4.82,40.92,1,1
3823,23.0,2,2.7,3.0,6.5,5.6,75.5,46.0,4.9,1.9,9.2,5.2,0,0,2.0,3.7,5.63,4.93,1,1
3824,19.0,1,2.2,7.5,3.9,2.2,81.7,63.9,5.4,5.3,2.4,7.1,1,0,1.5,2.2,6.82,61.75,2,2
3825,18.0,0,4.8,7.5,6.5,0.0,80.3,100.0,4.6,3.3,9.0,8.8,0,1,1.6,2.9,3.46,63.41,0,0
3826,17.0,1,4.3,4.6,7.7,1.6,85.6,75.6,6.3,3.0,5.542839731870811,7.5,2,0,5.6,1.0,7.62,53.86,2,2
3827,20.0,0,5.9,5.9,6.2,5.0,86.9,56.7,5.8,1.2,4.1,3.4,0,0,3.1,1.2,4.96,38.87,1,1
3828,20.0,1,5.3,5.9,4.9,3.9,77.7,97.8,8.7,6.2,7.3,4.1,2,0,8.6,0.5,4.99,54.86,2,2
3829,23.0,1,3.7,6.0,5.3,3.1,86.5,74.2,10.0,2.0,7.1,4.8,0,0,3.7,10.8,5.98,66.14,0,0
3830,18.0,1,3.1,8.6,7.6,4.9,77.2,80.3,5.1,2.2,6.8,6.6,0,0,6.4,4.3,6.27,63.87,0,0
3831,19.0,1,3.9,6.8,3.2,3.3,61.1,79.9,3.1,2.9,5.0,8.3,0,0,3.5,2.8,8.1,54.93,2,2
3832,23.0,1,3.1,6.4,4.0,2.6,65.0,100.0,7.5,1.4,8.0,6.3,1,0,8.1,3.3,7.36,60.93,2,2
3833,23.0,0,3.9,8.5,2.0,4.5,49.6,51.1,8.1,2.1,7.1,2.4,0,0,1.8,5.3,4.44,45.31,1,1
3834,19.0,2,4.2,7.6,6.1,2.3,100.0,100.0,6.8,0.8,8.5,9.0,1,0,4.6,2.8,8.61,73.48,0,0
3835,20.0,1,2.4,4.7,8.2,3.9,96.7,88.4,2.6,5.8,5.4,4.6,0,1,4.1,6.7,9.64,47.79,2,2
3836,19.0,0,5.5,6.2,9.3,1.6,93.5,76.4,4.3,3.5,7.0,8.8,1,0,8.2,4.5,4.35,62.05,2,2
3837,24.0,2,3.5,7.4,9.9,1.1,77.2,59.6,6.3,1.7,8.8,5.3,2,0,2.6,5.3,3.84,44.75,1,1
3838,17.0,0,2.5,5.8,4.3,1.4,92.7,70.6,4.6,6.5,9.7,5.6,0,0,5.8,6.4,6.44,55.62,2,2
3839,24.0,1,3.5,9.6,6.6,3.0,91.7,75.8,3.8,5.3,4.4,6.8,1,0,6.9,5.5447261663286005,4.67,48.75,2,2
3840,22.0,0,4.219583121504829,7.1,5.0,1.8,61.1,100.0,10.0,3.2008618067525094,3.1,8.0,0,0,1.3,4.9,5.48,68.17,0,0
3841,20.0,1,4.4,6.0,10.1,1.9,69.8,100.0,3.8,0.9,3.5,10.0,0,0,5.0,2.1,7.58,62.16,2,2
3842,16.0,0,5.0,5.5,9.3,2.7,87.0,68.0,5.991217524197657,2.7,2.9,5.1,1,0,0.0,6.2,5.35,49.98,2,2
3843,20.0,1,4.219583121504829,8.2,6.4,2.9,73.6,100.0,6.9,2.6,10.0,5.6,1,1,5.7,12.1,9.62,70.44,0,0
3844,19.0,1,6.8,6.2,4.5,0.2,70.8,92.1,7.3,0.9,10.0,4.0,1,0,3.5,11.4,4.9,56.29,2,2
3845,18.0,1,4.8,7.5,1.0,0.0,90.7,83.5,8.5,1.2,6.0,4.2,2,0,6.8,4.7,6.93,73.71,0,0
3846,21.0,1,2.1,5.5,2.4,3.7,69.2,69.9,4.5,4.5,3.7,5.6,2,1,6.2,2.0,7.99,47.34,2,2
3847,25.0,0,3.7,7.1,1.4,3.3,100.0,64.6,5.3,0.4,5.4,8.2,1,0,1.3,4.1,5.22,58.38,2,2
3848,21.0,1,2.2,6.2,2.4,0.5,100.0,84.8,7.0,1.5,6.1,4.8,0,0,8.4,6.5,2.74,61.36,2,2
3849,22.0,0,7.6,6.6,10.7,3.8,77.2,81.9,1.9,2.3,1.9,8.2,1,1,3.1,0.8,4.07,40.62,1,1
3850,16.0,1,8.2,6.0,2.8,3.8,96.2,68.0,9.6,1.3,5.9,5.2,0,1,0.8,0.5,9.69,77.66,0,0
3851,19.0,1,5.5,8.3,3.3,2.5,82.4,95.1,6.3,2.6,6.8,8.4,1,1,1.5,3.2,5.75,61.99,2,2
3852,17.0,0,5.9,6.4,3.7,6.5,74.6,77.9,3.9,3.8,3.9,1.0,0,1,5.4,3.1,6.07,51.79,2,2
3853,21.0,2,4.7,6.8,12.5,5.3,100.0,82.5,8.4,2.1,5.2,5.957923664122137,0,0,9.0,6.3,8.42,59.16,2,2
3854,24.0,1,4.9,6.9,6.047861775435752,2.3,85.1,94.3,6.2,7.8,7.3,8.2,0,1,3.0,0.6,7.29,67.54,0,0
3855,21.0,1,1.0,9.1,8.5,2.3,68.4,89.9,4.4,6.8,5.9,7.0,1,1,5.5,9.2,6.61,53.07,2,2
3856,17.0,0,4.1,8.2,6.4,0.4,86.0,45.8,8.1,3.7,4.1,5.7,0,0,6.0,7.8,8.13,67.78,0,0
3857,19.0,1,2.4,8.0,1.0,5.2,100.0,88.7,0.9,3.5,5.8,6.7,1,0,6.2,6.1,5.82,66.07,0,0
3858,20.134890807516506,0,4.8,4.9,9.8,3.4,80.0,75.5,6.9,3.9,9.0,7.0,0,0,1.8,1.9,6.63,44.05,1,1
3859,19.0,0,4.1,6.1,7.0,4.5,79.81730107309173,67.0,8.9,3.6,9.0,5.9,1,0,8.2,0.5,9.58,62.98,2,2
3860,23.0,1,8.1,8.5,5.7,0.0,79.81730107309173,75.9,4.2,3.4,3.4,5.3,0,0,5.9,2.6,7.0,65.17,0,0
3861,23.0,1,6.0,5.5,10.4,4.4,84.6,69.5,3.2,1.6,8.8,8.0,2,0,3.5,4.9,6.15,36.4,1,1
3862,21.0,1,4.8,7.1,5.1,2.1,67.3,77.3,6.9,4.0,5.2,7.9,1,0,1.2,6.3,8.33,73.38,0,0
3863,19.0,1,3.7,5.6,5.6,4.1,69.7,74.6,4.5,2.0,6.5,8.3,0,1,0.0,3.4,5.93,46.96,2,2
3864,18.0,0,7.6,5.7,5.1,3.9,75.5,87.4,10.0,2.9,7.4,10.0,1,0,3.6,3.4,8.96,69.2,0,0
3865,17.0,0,4.1,9.2,8.7,3.0,82.2,47.4,4.8,0.7,2.3,6.7,1,1,6.6,8.7,4.04,56.1,2,2
3866,19.0,0,4.9,7.9,8.0,1.7,94.5,78.3,5.6,0.6,6.3,10.0,1,0,0.7,4.8,8.38,67.05,0,0
3867,19.0,0,4.3,8.3,6.7,3.7,78.1,74.5,7.1,1.7,8.4,9.5,1,0,3.4,12.9,4.88,48.2,2,2
3868,21.0,1,3.4,8.0,3.4,1.5,90.8,100.0,2.0,1.7,6.0,9.6,2,0,2.3,7.4,7.42,66.21,0,0
3869,21.0,0,4.3,6.8,5.1,4.9,74.3,39.8,6.1,4.9,6.3,7.1,1,1,0.3,8.4,3.9,50.85,2,2
3870,17.0,1,0.3,6.1,3.4,1.7,87.7,91.6,8.5,1.5,7.6,8.2,0,0,4.2,3.6,5.43,38.26,1,1
3871,19.0,0,1.1,6.5,8.9,3.0,95.6,82.8,5.991217524197657,0.6,5.0,9.8,1,1,6.8,5.9,5.92,63.38,0,0
3872,18.0,1,4.9,6.8,2.1,1.7,78.5,88.8,3.5,5.0,5.7,3.7,1,0,4.2,0.9,5.9,73.76,0,0
3873,17.0,0,7.3,9.3,10.0,3.3,84.6,66.9,5.0,5.9,6.4,5.9,0,0,1.5,8.3,6.42,49.15,2,2
3874,23.0,0,4.9,5.3,9.2,1.1,72.4,80.7,1.8,3.1,6.6,6.6,0,0,7.1,3.1,7.36,48.11,2,2
3875,16.0,1,2.8,6.3,3.7,1.5,87.6,77.6,5.4,5.6,4.4,8.7,0,1,0.9,2.1,8.56,83.39,0,0
3876,19.0,1,1.3,5.8,5.0,7.1,79.81730107309173,100.0,8.4,5.9,8.0,7.6,2,1,5.2,1.6,7.02,46.28,1,1
3877,18.0,0,5.8,8.4,4.2,4.5,58.9,69.4,4.6,0.7,4.1,8.1,1,0,1.8,1.2,2.98,51.8,2,2
3878,23.0,1,3.1,9.4,7.1,3.7,87.4,60.9,7.5,3.5,4.1,7.1,1,0,4.5,2.8,6.6,71.73,0,0
3879,20.0,0,5.5,7.4,9.5,3.9,58.7,100.0,2.7,2.4,5.6,6.6,0,0,8.5,7.1,5.32,53.7,2,2
3880,18.0,2,5.0,7.5,9.0,3.6,73.6,81.2,10.0,4.9,7.5,2.5,0,0,0.5,3.2,3.94,47.97,2,2
3881,20.0,0,5.2,6.976601980998585,4.9,2.8,98.2,84.3,8.5,1.2,3.2,5.1,0,0,1.6,19.4,7.45,73.62,0,0
3882,22.0,1,4.3,7.6,9.1,4.4,91.2,95.3,4.9,7.7,5.0,8.0,0,1,3.2,1.5,7.94,78.04,0,0
3883,25.0,0,5.0,8.0,8.9,1.5,100.0,76.4,3.1,3.8,3.5,6.1,1,0,3.1,1.9,8.56,65.31,0,0
3884,18.0,1,4.0,7.6,5.5,5.9,81.0,67.5,4.9,6.5,4.7,2.7,2,0,2.3,12.6,4.78,44.29,1,1
3885,24.0,1,4.219583121504829,7.6,6.0,3.2,78.9,77.4,6.6,2.8,3.9,4.9,1,1,4.050203624516392,8.4,3.27,62.86,2,2
3886,24.0,0,2.3,8.0,9.9,4.4,80.1,59.9,8.4,6.1,5.7,10.0,0,0,5.5,3.3,4.85,57.76,2,2
3887,24.0,0,0.0,4.7,8.6,5.8,68.0,48.9,1.4,1.1,1.8,2.8,1,0,5.5,5.1,6.41,0.04,1,1
3888,21.0,1,3.8,7.0,9.1,3.9,77.2,59.8,8.7,2.3,6.9,1.0,0,0,6.2,4.3,6.14,46.01,1,1
3889,21.0,1,7.2,7.4,12.5,1.5,63.6,32.5,6.6,1.0,7.5,8.5,1,1,3.8,2.2,6.67,31.38,1,1
3890,19.0,0,5.7,7.5,7.4,5.2,95.3,68.4,5.991217524197657,4.1,2.8,5.7,0,0,7.4,2.2,4.53,46.53,1,1
3891,22.0,0,4.7,6.8,6.8,6.1,89.6,66.0,0.4,3.5,5.6,7.3,0,1,4.3,6.9,3.62,42.63,1,1
3892,20.0,0,2.7,7.2,9.4,0.0,64.9,85.9,6.3,3.8,8.0,8.0,1,0,0.0,7.3,5.28,53.22,2,2
3893,21.0,1,6.2,6.1,11.0,2.8,71.4,77.3,6.5,2.0,2.5,3.1,2,1,3.0,7.7,5.81,45.64,1,1
3894,19.0,0,4.0,4.7,4.5,3.5,85.1,72.5,4.6,9.5,9.6,8.0,2,1,3.2,7.5,7.14,52.22,2,2
3895,22.0,0,7.3,8.3,5.5,2.5,83.5,96.2,8.0,1.6,6.2,1.4,1,0,0.7,2.9,8.75,61.38,2,2
3896,23.0,0,2.2,5.5,3.5,0.8,66.4,67.5,10.0,1.9,4.0,6.7,2,0,5.9,3.0,8.34,59.17,2,2
3897,17.0,0,2.7,6.8,6.9,1.4,80.9,55.0,5.1,3.8,4.2,7.8,2,0,3.7,7.2,6.58,56.64,2,2
3898,23.0,1,2.5,6.0,8.2,0.0,87.4,29.5,4.4,4.4,5.9,6.3,1,1,0.0,3.2,7.87,47.36,2,2
3899,20.0,2,1.2,9.1,3.6,4.7,87.8,75.4,9.8,4.2,5.2,3.2,0,1,0.0,3.6,5.39,52.0,2,2
3900,23.0,1,2.3,6.9,8.8,5.5,100.0,74.0,5.5,2.1,6.9,6.0,0,0,0.0,3.0,5.27,47.74,2,2
3901,20.0,1,4.4,6.6,4.9,3.03210685483871,83.3,97.8,7.5,2.7,4.4,9.6,0,1,4.1,2.4,7.58,76.05,0,0
3902,19.0,0,2.8,8.0,4.7,2.9,63.9,59.4,4.7,2.9,4.3,7.2,1,0,5.6,3.1,5.94,54.9,2,2
3903,24.0,0,0.0,9.8,8.8,3.5,66.2,88.5,8.5,3.1,6.1,4.7,0,0,4.7,5.8,6.61,33.46,1,1
3904,18.0,0,4.219583121504829,7.5,4.4,4.9,96.3,30.3,3.3,1.8,4.0,6.0,1,0,4.4,0.9,5.44,51.16,2,2
3905,23.0,0,0.8,6.5,2.5,2.6,100.0,51.6,6.3,4.9,4.9,8.1,0,0,1.3,17.7,6.54,59.13,2,2
3906,20.0,1,5.4,7.9,7.9,1.3,79.5,81.9,6.7,10.9,7.5,9.5,2,0,0.0,9.1,6.18,57.46,2,2
3907,20.0,0,4.3,5.0,5.7,2.0,85.0,87.4,5.6,4.8,1.8,2.1,1,1,8.7,8.2,9.75,69.84,0,0
3908,20.134890807516506,1,8.4,7.1,9.0,3.3,81.2,45.1,4.6,0.5,6.0,8.5,2,1,4.1,8.4,6.46,47.96,2,2
3909,21.0,0,6.2,9.6,8.1,1.7,76.1,60.7,9.9,8.3,6.9,8.2,0,1,4.2,1.1,6.36,65.92,0,0
3910,19.0,1,3.2,7.2,1.6,3.9,60.6,75.8,7.8,1.9,8.1,3.9,0,0,6.1,6.6,6.78,53.78,2,2
3911,16.0,0,2.8,7.1,9.3,0.6,86.2,73.3,4.1,1.7,5.7,7.1,0,0,4.8,7.3,6.06,52.4,2,2
3912,18.0,1,7.2,7.0,10.7,2.6,100.0,84.9,1.9,4.8,5.3,5.4,0,1,4.4,8.9,4.38,52.95,2,2
3913,16.0,0,1.2,6.5,8.6,3.7,82.2,91.4,9.3,1.0,2.9,4.1,0,0,5.5,3.0,10.0,61.19,2,2
3914,25.0,0,4.6,7.4,8.7,3.2,76.1,52.0,4.0,2.7,4.5,5.7,0,1,5.9,5.1,7.56,42.75,1,1
3915,25.0,1,3.9,8.0,5.4,1.7,74.4,83.0,6.1,1.4,7.7,2.9,0,1,5.5,10.2,7.93,53.08,2,2
3916,19.0,0,3.5,6.6,4.8,4.3,86.5,62.0,6.2,0.7,3.3,6.2,0,0,0.8,0.6,8.83,52.97,2,2
3917,22.0,0,4.9,3.8,6.5,3.5,95.0,81.0,6.6,2.7,1.0,5.0,1,0,5.3,2.9,7.86,44.26,1,1
3918,19.0,0,4.6,7.6,8.3,0.0,86.9,66.6,2.3,4.1,8.2,5.4,1,0,5.0,7.5,7.53,55.53,2,2
3919,21.0,0,5.1,9.8,8.2,3.8,55.7,94.4,5.2,4.1,4.9,5.3,2,0,5.4,3.7,6.14,51.34,2,2
3920,23.0,1,4.5,6.5,4.9,2.2,100.0,85.6,6.0,1.2,7.6,5.6,0,0,2.1,20.6,6.39,59.62,2,2
3921,24.0,1,5.0,5.1,4.7,2.1,90.8,57.2,5.9,2.1,3.2,4.4,0,0,1.8,4.2,6.43,43.36,1,1
3922,19.0,1,4.4,7.9,2.3,1.5,77.7,44.8,7.6,1.3,5.4,1.0,0,1,0.7,1.8,5.8,43.78,1,1
3923,22.0,1,2.9,9.3,7.6,1.2,73.1,96.4,6.4,1.0,4.3,10.0,2,0,4.3,1.9,9.32,71.39,0,0
3924,18.0,1,4.2,7.7,5.0,3.4,74.2,62.3,7.0,1.9,6.4,9.8,0,0,2.9,1.7,6.95,61.46,2,2
3925,25.0,0,2.8,9.2,5.2,4.0,91.2,64.2,4.7,1.1,5.8,7.6,0,0,4.5,7.0,6.36,57.32,2,2
3926,16.0,1,2.6,8.0,10.3,3.3,54.3,88.4,9.8,1.5,7.1,5.1,0,0,4.6,9.4,7.14,40.86,1,1
3927,21.0,1,3.5,7.9,7.5,4.7,86.7,56.6,5.4,7.4,5.0,7.7,2,1,5.0,2.5,4.72,64.01,0,0
3928,21.0,1,4.0,6.3,6.8,4.0,83.6,78.6,6.7,1.8,7.8,2.2,0,0,4.3,12.9,5.65,46.67,2,1
3929,22.0,0,4.3,7.4,8.1,0.0,83.5,75.3,6.3,1.8,3.9,8.0,1,0,3.3,5.5,6.79,71.21,0,0
3930,17.0,0,6.0,7.0,9.6,1.4,64.9,73.5,7.0,2.5,7.5,4.8,0,0,2.8,11.5,5.33,46.05,1,1
3931,24.0,1,3.2,6.9,2.0,5.1,57.8,96.5,8.6,1.2,8.2,3.1,0,0,4.9,11.6,5.69,55.09,2,2
3932,18.0,0,4.6,6.976601980998585,4.6,0.7,100.0,83.4,4.2,6.9,6.1,8.6,2,1,3.6,1.0,6.69,61.76,2,2
3933,21.0,1,4.4,7.3,5.4,0.0,81.7,92.6,7.8,2.0,3.6,7.1,1,1,1.0,7.3,5.53,72.47,0,0
3934,18.0,2,3.0,5.3,3.6,6.3,100.0,70.5,7.6,3.9,1.3,4.9,0,0,9.4,3.4,4.59,61.58,2,2
3935,19.0,0,4.219583121504829,8.1,5.3,3.5,91.7,62.0,5.991217524197657,0.5,5.0,5.9,2,0,3.9,0.1,7.13,62.95,2,2
3936,20.0,1,6.2,5.9,2.1,1.8,81.5,93.7,6.5,3.4,3.1,4.0,1,0,0.9,8.0,4.51,59.97,2,2
3937,19.0,1,4.6,6.7,8.3,1.5,83.0,64.7,3.5,2.0,4.3,7.1,1,0,0.8,4.0,7.97,59.24,2,2
3938,18.0,0,4.7,7.4,4.7,4.1,94.0,77.2,5.3,5.2,10.0,7.0,0,0,0.8,1.8,6.18,62.43,2,2
3939,18.0,1,2.8,5.8,6.5,3.9,95.5,82.6,1.8,5.9,5.0,6.8,2,0,1.3,9.3,7.58,57.29,2,2
3940,19.0,0,8.1,4.4,6.1,3.6,86.2,61.1,5.3,3.2008618067525094,2.4,1.3,0,0,6.3,8.8,7.05,37.47,1,1
3941,22.0,1,2.9,6.5,7.4,2.7,94.2,61.2,5.9,4.3,5.542839731870811,6.5,1,0,6.9,2.6,5.81,61.07,2,2
3942,24.0,1,0.9,5.1,1.0,0.7,94.8,70.1,2.9,2.2,7.6,3.5,1,0,3.7,10.6,8.15,45.8,1,1
3943,17.0,1,5.9,7.9,6.047861775435752,2.9,84.3,88.4,6.7,0.5,6.0,8.0,0,0,5.3,10.0,6.69,70.42,0,0
3944,19.0,1,4.0,5.5,5.3,4.9,72.2,81.2,8.7,6.5,7.0,5.9,0,0,5.2,8.0,7.44,59.07,2,2
3945,17.0,1,3.6,8.9,7.0,2.0,86.5,50.6,6.5,1.2,9.6,10.0,0,1,3.1,0.6,6.82,47.82,2,2
3946,16.0,0,3.1,7.0,3.1,4.1,70.3,100.0,6.0,3.2008618067525094,5.3,4.8,2,0,7.6,2.8,7.22,66.99,0,0
3947,21.0,1,7.9,7.1,7.0,2.3,75.1,81.8,4.8,4.0,8.8,2.9,1,0,0.9,10.5,6.48,48.82,2,2
3948,21.0,1,4.9,4.4,9.2,4.4,85.2,67.4,6.8,2.9,7.0,4.1,0,1,5.1,4.5,6.26,22.54,1,1
3949,18.0,0,5.3,7.2,6.5,1.2,79.0,72.3,3.8,2.7,4.2,6.0,1,1,5.6,3.3,4.76,56.18,2,2
3950,18.0,0,4.5,6.9,4.2,3.0,97.1,70.6,0.7,4.0,8.6,3.6,2,0,2.2,3.6,6.29,47.2,2,2
3951,16.0,2,4.7,5.3,4.3,3.8,71.4,68.3,9.5,8.6,6.0,1.0,0,0,7.0,4.1,6.2,36.94,1,1
3952,23.0,0,7.0,7.1,7.4,1.8,52.3,96.0,8.1,1.2,8.4,7.4,1,0,1.4,3.9,7.77,61.82,2,2
3953,25.0,2,3.7,6.5,7.4,3.7,97.0,100.0,3.6,1.0,5.1,10.0,0,0,4.4,3.6,4.48,60.0,2,2
3954,17.0,0,1.3,6.7,6.9,2.9,80.6,65.8,2.8,6.0,1.5,9.1,0,0,3.6,3.1,6.1,49.92,2,2
3955,18.0,2,5.9,7.0,5.9,2.9,81.2,66.8,6.2,0.9,1.0,5.2,0,1,0.9,10.8,8.32,61.69,2,2
3956,23.0,0,5.2,6.4,6.5,1.8,69.8,73.4,6.1,3.7,6.7,4.7,0,1,6.3,9.8,6.56,58.33,2,2
3957,24.0,1,4.4,7.3,5.8,4.8,55.5,50.2,7.8,1.2,4.3,5.9,0,1,4.5,10.1,5.83,31.85,1,1
3958,19.0,1,5.1,6.9,5.0,1.3,69.4,84.5,5.3,6.8,1.5,8.5,0,1,6.4,3.4,5.5,75.26,0,0
3959,16.0,0,3.5,7.6,7.9,3.5,87.4,78.4,8.5,5.6,6.6,4.7,0,0,0.0,5.9,6.66,54.83,2,2
3960,16.0,1,4.2,6.3,6.8,1.5,77.4,77.7,5.5,11.3,7.3,5.5,1,1,3.2,2.3,8.41,59.89,2,2
3961,21.0,1,3.9,5.6,9.2,2.9,75.7,41.6,8.7,0.8,5.7,10.0,0,0,3.0,7.1,6.18,37.65,1,1
3962,19.0,0,3.0,6.1,6.047861775435752,4.2,57.9,34.3,5.6,1.2,5.2,6.3,0,0,5.0,5.7,6.04,29.31,1,1
3963,16.0,0,6.6,8.9,6.7,2.5,100.0,68.4,4.1,1.2,7.2,9.1,1,0,3.1,1.7,8.2,69.32,0,0
3964,21.0,1,1.4,8.2,7.5,0.0,79.2,86.9,5.2,2.8,5.1,6.7,0,0,0.2,2.4,5.15,54.15,2,2
3965,16.0,0,8.9,8.6,3.6,0.6,100.0,43.0,7.4,3.3,4.7,5.9,1,0,3.2,4.7,4.6,51.34,2,2
3966,22.0,0,6.0,8.7,5.8,0.0,84.8,91.1,6.8,5.3,3.0,5.9,2,1,6.0,6.0,6.08,68.37,0,0
3967,19.0,2,0.6,6.4,6.9,3.1,100.0,69.5,6.1,3.1,2.5,2.8,1,1,5.0,9.3,5.57,40.36,1,1
3968,16.0,0,3.8,7.4,2.0,3.0,70.7,60.1,3.7,5.6,5.6,6.9,1,0,4.050203624516392,5.3,7.95,52.6,2,2
3969,21.0,0,3.9,7.1,7.1,2.4,60.3,76.5,5.9,4.2,3.7,7.1,0,1,0.2,7.1,7.27,61.82,2,2
3970,19.0,0,5.0,7.9,3.6,1.9,77.6,51.6,4.6,3.2,9.2,3.6,0,1,1.9,7.6,7.6,49.03,2,2
3971,25.0,1,2.2,6.6,3.9,3.4,87.3,29.3,4.5,0.9,5.7,8.5,0,0,1.5,8.6,5.25,54.63,2,2
3972,20.0,0,4.3,7.1,4.7,0.4,88.7,96.7,8.2,0.5,3.1,6.2,1,0,2.4,13.2,7.73,80.8,0,0
3973,18.0,0,4.0,7.1,5.9,4.7,85.1,74.1,4.3,1.5,6.1,5.4,0,1,7.7,4.8,8.59,64.72,0,0
3974,22.0,0,2.7,7.7,2.7,3.1,100.0,62.0,4.2,0.2,5.2,9.3,0,1,2.5,6.2,4.24,56.41,2,2
3975,18.0,0,2.4,7.9,8.1,1.3,85.1,64.6,6.7,4.8,6.4,2.8,2,0,1.5,10.2,5.35,50.51,2,2
3976,24.0,1,6.0,7.1,6.4,2.2,76.0,61.1,4.0,1.1,6.5,7.0,2,0,2.6,8.8,5.63,50.6,2,2
3977,19.0,0,0.8,7.2,10.8,2.8,77.0,68.6,4.8,6.4,3.9,7.4,1,1,1.2,2.7,6.63,47.77,2,2
3978,20.0,1,5.2,7.3,6.8,0.5,69.5,73.0,10.0,4.0,6.1,6.6,0,1,0.0,2.3,4.47,67.24,0,0
3979,16.0,1,5.8,9.1,7.4,4.2,83.8,87.4,5.6,1.9,9.9,4.8,2,0,4.4,4.9,6.27,49.65,2,2
3980,19.0,1,3.8,4.8,3.9,4.7,94.1,62.5,7.5,3.5,3.9,10.0,1,0,5.5,3.8,6.77,72.65,0,0
3981,23.0,1,4.3,5.7,3.0,3.2,98.3,56.0,10.0,4.1,4.6,7.6,0,0,3.1,5.2,6.65,75.69,0,0
3982,23.0,0,6.5,7.9,7.5,4.7,76.1,65.4,6.4,2.6,2.7,4.0,0,0,6.5,2.1,5.62,51.95,2,2
3983,18.0,1,2.8,7.4,3.3,7.8,79.3,100.0,7.2,1.7,8.3,4.6,0,0,0.5,0.9,4.62,50.95,2,2
3984,18.0,1,3.0,7.3,7.6,0.0,71.7,77.8,6.7,4.9,5.3,2.0,0,0,1.9,6.4,7.87,49.87,2,2
3985,23.0,2,3.2,7.9,10.3,3.1,92.6,82.2,5.3,4.7,2.1,5.6,0,1,2.8,7.5,7.05,70.74,0,0
3986,24.0,1,6.5,7.3,8.4,0.6,64.0,70.4,6.3,2.3,2.8,5.957923664122137,1,0,6.7,10.6,6.99,83.12,0,0
3987,17.0,1,6.8,6.3,7.4,5.8,70.6,100.0,5.6,1.4,3.5,2.9,0,0,3.6,7.2,6.96,51.36,2,2
3988,20.0,1,1.4,7.8,6.7,3.4,40.0,90.5,4.0,2.2,8.3,6.7,0,0,6.8,3.5,10.0,47.09,2,2
3989,19.0,1,6.2,7.0,5.0,1.7,64.7,56.3,7.8,3.8,5.8,5.2,0,1,1.9,4.4,8.55,57.4,2,2
3990,23.0,1,5.8,6.4,5.7,2.5,72.3,77.8,2.0,7.3,5.1,6.7,0,1,0.0,5.2,6.55,53.29,2,2
3991,17.0,1,7.3,7.9,4.6,5.4,73.4,68.0,6.0,3.4,3.9,6.8,0,0,1.6,1.9,8.41,58.93,2,2
3992,18.0,0,5.0,7.8,2.7,3.8,63.2,82.4,5.4,3.9,5.5,6.4,1,0,4.9,6.1,3.61,56.42,2,2
3993,22.0,1,4.1,7.3,6.1,4.0,65.3,74.2518720906699,3.7,3.0,4.1,2.9,1,1,2.4,6.4,5.35,47.98,2,2
3994,20.134890807516506,1,6.5,9.2,8.8,5.7,79.81730107309173,53.0,7.4,2.8,8.4,4.2,0,0,2.8,3.2,6.73,48.62,2,2
3995,20.0,0,5.6,8.7,2.8,4.7,69.9,81.5,3.8,4.7,5.8,5.1,2,0,0.9,5.3,6.489753023681269,59.49,2,2
3996,20.0,1,8.7,8.3,9.5,5.0,56.5,60.5,5.1,7.3,3.2,6.3,2,0,3.3,6.2,6.62,42.65,1,1
3997,19.0,0,6.1,10.0,9.0,2.8,66.4,100.0,7.6,3.1,3.9,9.0,0,0,9.7,2.0,6.76,65.43,0,0
3998,19.0,0,4.5,6.8,7.0,0.0,66.6,92.4,1.8,2.3,9.2,10.0,0,0,0.0,1.9,5.04,58.91,2,2
3999,20.0,1,1.9,6.4,7.0,3.2,79.1,39.2,8.4,3.3,5.0,5.7,1,1,3.2,8.6,5.11,43.8,1,1
4000,18.0,0,3.0,8.1,5.5,1.8,84.7,54.7,5.9,0.9,8.9,5.0,1,0,3.8,7.5,10.0,49.9,2,2
4001,21.0,1,1.3,6.7,6.1,4.4,62.4,50.8,5.3,1.9,6.0,6.3,0,0,2.2,7.1,6.77,39.39,1,1
4002,23.0,1,3.8,7.0,4.8,0.0,79.81730107309173,73.9,3.0,2.0,6.5,6.6,0,0,0.0,7.6,7.37,61.48,2,2
4003,22.0,0,4.219583121504829,5.7,6.1,4.5,98.2,80.4,6.2,3.3,4.3,10.0,1,0,5.9,8.7,5.36,65.41,0,0
4004,17.0,0,4.2,7.8,6.3,3.3,93.2,89.2,6.1,0.8,7.3,2.8,1,0,2.4,7.6,7.33,60.6,2,2
4005,17.0,0,6.2,5.1,10.7,3.6,87.5,70.6,7.2,3.4,2.9,7.6,0,0,2.4,11.2,5.34,39.4,1,1
4006,18.0,0,4.9,6.9,7.4,4.1,85.3,69.9,5.0,8.2,3.9,8.5,2,0,5.5,2.9,8.53,65.64,0,0
4007,19.0,1,3.4,7.0,5.5,2.9,75.9,80.1,3.9,3.3,6.3,4.0,2,0,2.1,2.0,8.12,46.5,1,1
4008,19.0,0,4.4,6.4,5.8,2.4,98.4,100.0,6.7,1.5,4.9,8.9,2,0,3.5,5.2,6.54,65.79,0,0
4009,21.0,0,5.1,4.7,4.2,5.0,85.6,74.2518720906699,4.7,3.2,5.6,3.8,0,0,4.050203624516392,6.5,7.49,42.37,1,1
4010,16.0,2,4.5,4.7,4.6,4.1,69.5,41.2,7.1,6.3,6.7,2.7,0,0,7.5,2.9,5.77,32.88,1,1
4011,16.0,0,4.5,6.0,8.3,4.2,78.0,65.3,3.7,1.1,5.4,5.5,2,0,4.1,6.6,3.35,35.57,1,1
4012,19.0,0,2.7,7.7,4.8,2.9,71.2,62.1,7.7,5.6,5.7,7.7,0,0,5.2,0.9,4.74,58.1,2,2
4013,22.0,1,3.3,7.4,4.5,3.2,78.2,61.7,9.3,1.2,9.6,1.8,1,1,0.0,2.5,7.28,43.64,1,1
4014,18.0,0,8.7,7.0,4.5,3.03210685483871,95.8,74.8,5.6,2.4,1.1,2.2,2,0,6.9,1.8,7.5,57.28,2,2
4015,21.0,1,6.7,5.9,4.2,0.0,77.7,53.9,9.0,14.8,4.4,8.4,0,1,2.5,2.3,5.03,61.87,2,2
4016,20.134890807516506,1,1.3,7.4,8.8,0.5,69.7,64.3,7.7,1.6,5.1,5.7,1,1,6.9,17.0,6.45,44.92,1,1
4017,24.0,2,0.0,4.7,6.4,2.8,93.5,69.7,6.7,2.4,7.6,6.8,0,1,4.0,4.7,4.25,31.54,1,1
4018,24.0,1,4.4,3.9,5.3,0.0,79.81730107309173,70.1,6.0,5.8,7.2,7.3,1,0,3.7,6.0,6.58,55.65,2,2
4019,19.0,2,6.0,6.7,6.1,2.8,69.8,72.5,4.8,1.9,1.0,2.8,2,1,2.7,10.1,9.16,47.18,2,2
4020,18.0,1,3.2,6.3,6.5,1.4,99.2,72.3,8.6,7.6,8.0,4.7,1,0,3.6,7.6,5.09,65.29,0,0
4021,19.0,0,6.2,8.3,4.1,2.9,92.5,60.5,8.2,4.5,5.7,5.9,0,0,5.4,2.3,4.05,66.5,0,0
4022,18.0,1,4.3,7.2,2.5,3.3,72.8,70.4,3.7,7.0,7.1,4.0,0,0,3.5,5.6,9.92,71.34,0,0
4023,21.0,1,3.9,9.1,9.3,0.0,95.8,74.9,6.3,6.2,4.3,5.1,0,0,3.8,4.5,5.69,65.99,0,0
4024,23.0,1,5.7,6.3,8.5,3.6,64.0,92.3,4.2,2.7,6.8,8.0,0,0,4.2,6.3,2.82,45.83,1,1
4025,21.0,0,3.1,7.6,6.9,2.2,79.81730107309173,48.3,7.0,4.0,5.542839731870811,1.5,0,0,1.4,1.1,5.13,31.39,1,1
4026,23.0,1,3.6,6.7,8.3,3.03210685483871,65.8,75.4,7.6,2.5,5.3,6.4,1,0,3.7,8.8,5.39,58.84,2,2
4027,19.0,0,5.5,8.8,6.047861775435752,2.2,67.3,78.0,2.6,1.3,9.1,3.7,2,1,5.1,12.5,8.03,26.15,1,1
4028,17.0,1,4.1,6.7,4.7,3.7,91.1,78.3,5.8,1.9,10.0,5.4,0,0,0.9,3.5,7.1,50.52,2,2
4029,22.0,1,8.0,8.1,3.2,2.3,79.8,79.2,6.9,3.0,5.4,5.4,0,1,1.8,9.1,6.89,64.03,0,0
4030,19.0,1,5.6,5.6,7.7,2.2,65.6,51.4,6.2,6.6,1.9,6.2,1,1,4.4,3.4,5.09,48.29,2,2
4031,21.0,1,5.5,6.976601980998585,2.3,3.3,72.3,77.9,9.9,0.7,6.7,5.8,0,0,6.5,10.1,7.33,60.23,2,2
4032,18.0,0,4.1,6.9,6.1,2.1,71.4,76.9,2.5,1.0,3.9,6.7,0,0,0.0,10.5,5.11,56.41,2,2
4033,17.0,0,5.9,8.6,6.047861775435752,2.5,83.3,84.9,9.0,0.4,6.2,7.4,1,0,8.0,1.3,6.62,65.57,0,0
4034,25.0,1,3.6,4.1,7.7,0.6,100.0,72.0,4.1,3.3,6.5,2.5,2,1,9.3,7.4,6.91,38.12,1,1
4035,17.0,0,4.8,6.6,4.8,2.1,82.7,65.3,1.3,1.6,5.9,5.2,0,1,7.0,2.4,8.14,52.97,2,2
4036,25.0,0,2.4,6.5,9.0,6.4,83.5,93.0,6.7,2.6,3.2,4.3,1,1,2.2,1.1,6.51,55.5,2,2
4037,25.0,1,6.3,4.3,4.1,3.3,100.0,53.1,5.7,2.5,2.3,2.2,0,1,6.9,4.3,6.94,45.27,1,1
4038,23.0,1,4.8,6.4,7.8,3.5,72.9,50.3,6.2,3.4,3.1,3.8,1,0,3.9,4.2,8.21,52.53,2,2
4039,21.0,0,8.2,5.0,4.3,1.8,97.3,52.7,7.1,6.4,5.3,8.2,2,0,3.5,19.4,5.15,45.55,1,1
4040,21.0,1,9.0,4.0,7.4,2.3,74.5,81.2,7.2,1.4,8.7,5.4,1,0,3.1,7.7,5.12,32.87,1,1
4041,23.0,1,5.7,6.7,3.5,2.6,75.3,62.0,4.8,1.9,4.8,7.1,1,0,3.7,6.6,7.84,73.51,0,0
4042,18.0,1,4.3,6.6,5.9,4.6,75.7,73.0,7.8,2.1,7.9,5.957923664122137,2,1,3.3,4.2,6.32,51.9,2,2
4043,20.0,0,2.3,6.7,9.3,5.2,78.6,99.9,1.6,5.3,1.2,4.0,0,0,3.1,5.4,8.29,52.4,2,2
4044,21.0,1,6.0,7.3,6.3,2.2,77.7,53.8,5.8,3.2,6.6,7.2,0,0,6.9,0.8,5.54,46.63,1,1
4045,19.0,1,4.6,5.9,9.0,3.0,84.7,44.4,8.5,3.0,9.1,3.6,0,0,5.6,4.2,6.33,47.99,2,2
4046,19.0,1,5.3,9.3,5.9,2.6,74.5,89.9,6.6,1.8,3.5,7.6,0,0,4.9,3.8,5.13,55.4,2,2
4047,19.0,1,7.7,7.0,4.7,4.4,81.3,60.0,6.1,1.3,5.1,4.7,2,0,2.8,4.8,6.489753023681269,52.7,2,2
4048,21.0,1,2.6,8.7,6.4,3.8,59.0,53.9,5.2,4.3,5.8,3.1,0,0,4.8,4.8,5.42,26.98,1,1
4049,23.0,0,2.4,4.8,7.5,2.8,90.2,73.1,6.8,2.2,7.1,6.3,2,0,1.4,3.0,5.37,22.97,1,1
4050,18.0,1,3.7,5.9,1.2,4.8,94.7,71.6,5.4,5.8,3.0,4.4,1,1,7.4,3.4,5.66,74.36,0,0
4051,24.0,0,5.8,7.9,7.3,3.9,82.9,59.4,5.991217524197657,9.6,2.8,7.4,0,1,6.4,1.2,7.59,68.82,0,0
4052,22.0,1,5.3,6.7,3.7,1.6,89.7,85.1,4.9,4.3,7.0,7.6,1,0,5.7,3.3,8.75,64.57,0,0
4053,20.134890807516506,0,2.4,5.6,3.0,3.0,79.81730107309173,61.0,9.4,8.3,6.7,1.0,0,1,0.0,4.3,6.15,44.62,1,1
4054,20.0,0,5.7,4.6,7.3,2.7,99.7,60.2,7.2,3.8,3.4,10.0,1,0,3.2,8.4,6.46,67.32,0,0
4055,22.0,1,1.8,8.0,9.3,1.2,82.5,41.4,10.0,2.4,6.9,3.2,2,0,3.2,8.6,7.57,46.16,1,1
4056,16.0,0,2.5,7.8,6.5,2.6,59.1,30.8,5.1,2.1,5.2,7.6,2,1,4.0,10.9,6.42,44.52,1,1
4057,23.0,0,4.0,7.3,2.6,5.1,95.8,79.3,8.7,0.9,3.5,5.0,1,0,4.9,1.5,7.09,67.09,0,0
4058,16.0,0,3.1,6.4,4.3,5.0,89.3,51.2,3.2,4.1,3.7,6.7,1,0,0.3,2.0,5.46,50.57,2,2
4059,24.0,1,6.0,5.6,5.0,4.6,100.0,72.3,7.6,0.3,4.8,4.6,2,0,6.4,0.3,5.84,49.59,2,2
4060,25.0,2,4.8,6.9,6.5,4.4,100.0,100.0,5.7,5.1,10.0,9.2,0,1,6.0,2.3,7.27,70.43,0,0
4061,19.0,0,7.7,5.3,5.8,3.4,97.4,83.4,6.3,1.4,6.0,2.8,1,0,7.7,2.1,7.45,54.2,2,2
4062,18.0,2,3.7,6.0,7.2,1.9,86.2,75.5,7.6,2.6,3.7,8.3,0,0,2.4,0.9,7.59,62.42,2,2
4063,22.0,0,4.0,8.6,8.5,4.0,89.3,82.6,7.6,1.4,3.8,1.8,0,1,5.0,6.3,6.12,59.3,2,2
4064,18.0,1,6.6,4.6,6.9,0.0,66.0,100.0,7.8,0.4,6.9,6.2,0,1,7.1,17.2,8.38,49.43,2,2
4065,23.0,0,4.0,7.9,8.2,1.8,76.4,41.0,6.8,2.4,5.3,2.9,0,0,2.5,11.8,6.59,45.93,1,1
4066,17.0,0,7.2,8.9,5.3,5.0,100.0,72.6,7.2,1.4,5.4,7.6,2,0,2.9,8.6,9.31,66.75,0,0
4067,17.0,2,5.3,8.1,14.2,2.1,57.5,100.0,5.5,8.5,4.5,6.8,0,1,0.0,1.6,6.57,49.71,2,2
4068,25.0,1,0.0,7.5,7.4,4.2,84.0,80.5,4.6,1.4,2.9,7.2,1,0,1.7,7.2,7.43,55.71,2,2
4069,21.0,0,6.6,6.4,7.7,2.3,79.5,96.7,6.4,2.9,5.7,5.4,0,0,0.0,12.1,5.39,57.34,2,2
4070,23.0,1,6.0,6.2,10.4,4.0,91.1,63.7,1.3,0.9,10.0,5.4,2,0,2.3,3.9,4.15,28.67,1,1
4071,19.0,0,6.1,4.1,6.2,0.2,82.6,52.5,6.9,3.5,5.2,5.7,2,0,4.3,3.6,8.08,32.55,1,1
4072,21.0,1,0.4,7.0,4.4,5.3,95.8,100.0,7.9,6.1,5.3,3.4,1,0,0.7,1.4,6.78,59.8,2,2
4073,21.0,1,2.9,6.5,9.3,1.0,80.2,76.4,7.4,1.2,6.8,10.0,1,1,6.1,1.6,7.91,66.39,0,0
4074,21.0,0,3.0,6.1,9.4,0.5,90.1,89.9,4.7,2.3,5.5,4.2,1,0,3.2,2.4,8.13,62.11,2,2
4075,22.0,1,2.5,7.0,6.4,5.2,84.8,91.0,1.5,3.7,3.6,5.1,2,0,3.9,16.0,9.05,66.71,0,0
4076,21.0,0,7.7,7.1,10.4,3.0,76.2,98.0,7.4,1.1,4.5,6.7,1,0,6.7,3.1,7.76,64.37,0,0
4077,19.0,0,4.2,6.2,5.8,2.4,74.4,80.3,4.3,3.1,4.3,5.0,1,1,4.9,6.7,7.15,54.36,2,2
4078,18.0,1,4.1,9.1,8.3,5.8,96.6,81.1,3.2,0.7,7.3,6.6,0,0,3.1,8.2,5.42,59.39,2,2
4079,22.0,1,5.3,7.9,9.8,4.3,88.1,84.0,8.1,1.7,4.1,1.9,0,0,3.1,1.5,5.48,54.2,2,2
4080,18.0,0,5.3,8.2,6.2,2.2,93.0,63.5,3.0,6.9,2.9,5.9,0,0,1.5,6.5,5.76,73.87,0,0
4081,22.0,1,0.0,6.9,7.1,2.8,96.3,93.9,5.991217524197657,1.8,8.0,3.9,2,0,4.7,4.0,4.89,38.86,1,1
4082,18.0,0,2.9,7.7,8.6,4.9,73.3,64.7,9.9,7.4,7.4,6.9,2,0,0.0,1.9,8.57,62.87,2,2
4083,21.0,1,1.4,5.8,5.1,1.3,76.5,94.9,4.5,2.1,6.2,9.4,1,1,2.2,2.6,5.01,55.22,2,2
4084,22.0,1,5.0,7.9,4.0,5.6,75.6,89.3,3.7,1.3,4.0,10.0,1,0,1.5,1.7,8.08,62.53,2,2
4085,18.0,1,3.6,6.7,9.3,2.2,93.4,35.3,7.1,4.0,1.0,5.0,0,0,2.4,1.9,7.05,64.47,0,0
4086,16.0,1,4.2,5.7,6.8,3.03210685483871,81.2,89.5,6.7,5.2,10.0,1.0,0,0,2.6,3.6,3.98,38.44,1,1
4087,17.0,0,0.0,7.0,4.7,5.0,82.4,79.2,2.4,3.3,10.0,6.7,0,0,3.0,17.2,6.78,38.42,1,1
4088,21.0,1,3.6,6.6,6.2,4.3,66.3,99.0,6.1,4.5,5.8,5.2,0,0,0.6,3.3,6.17,59.71,2,2
4089,23.0,1,6.4,10.0,7.3,0.0,90.7,100.0,8.6,0.8,5.9,3.9,0,0,5.8,2.7,4.29,55.54,2,2
4090,16.0,0,7.0,7.6,2.1,2.8,91.1,77.0,9.1,1.1,3.8,6.6,2,0,0.5,8.8,7.26,67.66,0,0
4091,22.0,2,5.6,9.1,7.8,1.0,87.3,81.4,5.4,0.7,1.0,6.5,0,0,5.9,6.0,8.49,64.38,0,0
4092,19.0,1,1.5,8.5,7.0,4.4,82.1,51.9,7.1,4.4,5.0,7.6,0,0,0.4,3.8,4.45,48.64,2,2
4093,20.0,1,6.7,7.0,10.1,6.1,93.6,72.0,7.2,3.2,1.0,4.9,2,0,0.0,5.8,7.04,62.04,2,2
4094,24.0,2,5.6,6.4,5.5,4.0,79.4,100.0,8.2,4.2,7.2,4.7,1,0,10.0,3.9,7.29,77.39,0,0
4095,19.0,0,4.0,4.7,9.4,1.6,98.5,75.0,5.8,1.3,6.3,4.6,0,0,6.2,3.7,7.42,35.42,1,1
4096,20.0,0,0.1,5.9,5.9,4.6,89.3,91.7,8.8,2.8,3.7,4.5,0,0,2.7,6.5,7.56,60.21,2,2
4097,16.0,0,6.1,7.9,6.3,2.9,79.81730107309173,74.6,4.4,7.6,7.3,7.5,0,1,8.5,1.6,8.28,65.6,0,0
4098,17.0,2,3.0,6.6,6.7,2.9,78.3,72.9,7.7,6.2,8.1,4.2,1,0,3.2,5.8,8.27,65.31,0,0
4099,18.0,0,4.9,7.5,11.2,2.1,84.2,85.3,3.8,2.8,5.5,2.8,0,1,6.9,2.5,7.95,57.38,2,2
4100,16.0,0,4.3,4.4,2.9,3.2,70.9,22.6,2.1,0.9,5.0,7.1,0,1,4.1,1.2,7.24,21.13,1,1
4101,21.0,0,7.3,7.6,7.2,2.9,94.0,81.7,7.3,9.5,5.3,7.0,1,1,0.0,4.6,8.42,70.37,0,0
4102,19.0,0,3.9,8.4,6.1,0.0,54.3,34.5,10.0,1.5,9.4,10.0,2,1,4.4,6.9,9.89,55.29,2,2
4103,20.0,1,4.2,4.7,5.9,3.0,90.4,73.5,6.7,2.3,5.7,10.0,1,0,1.3,2.3,5.71,60.29,2,2
4104,18.0,1,7.4,7.5,7.5,2.8,89.0,60.0,5.5,4.3,6.8,9.3,0,0,3.9,4.6,6.37,68.0,0,0
4105,19.0,0,2.9,8.7,8.8,3.6,54.2,54.2,8.7,6.7,9.8,7.5,1,1,6.4,0.3,7.44,49.64,2,2
4106,21.0,1,5.8,9.2,7.3,0.0,81.3,100.0,5.0,1.5,3.4,6.0,0,1,2.0,3.4,4.62,64.65,0,0
4107,25.0,0,3.8,6.3,9.1,3.9,74.3,95.2,2.1,3.0,1.0,4.3,0,0,6.2,3.8,5.76,47.65,2,2
4108,16.0,1,2.2,8.0,5.4,3.1,98.4,68.6,8.1,1.9,5.7,10.0,0,1,5.4,13.5,4.69,62.51,2,2
4109,24.0,0,4.2,8.9,5.9,3.9,69.1,100.0,9.4,3.2,7.0,6.9,1,1,3.6,2.6,7.74,74.16,0,0
4110,21.0,1,5.6,7.5,3.5,0.1,90.4,92.9,6.3,3.0,3.6,9.2,0,0,0.0,5.9,7.27,95.63,0,0
4111,21.0,0,6.9,8.7,11.0,0.8,93.0,72.2,6.7,2.6,6.6,5.9,1,0,0.3,3.7,3.6,51.47,2,2
4112,20.0,0,7.1,7.0,5.5,0.0,74.9,41.0,4.7,3.6,8.4,7.1,1,0,7.0,0.9,9.6,62.98,2,2
4113,16.0,1,3.6,7.5,5.3,3.3,79.81730107309173,73.2,5.6,6.6,1.6,6.4,0,0,1.2,8.7,6.7,66.28,0,0
4114,17.0,0,2.2,6.2,7.5,2.4,74.6,63.6,6.5,0.3,3.3,4.5,0,0,2.4,4.1,7.25,39.53,1,1
4115,21.0,1,3.6,6.8,8.8,2.7,97.3,66.7,6.1,2.6,6.3,7.2,1,1,6.1,2.3,6.73,56.62,2,2
4116,19.0,1,1.8,7.6,4.3,0.5,100.0,82.4,6.1,1.8,3.4,10.0,1,0,4.1,3.5,3.99,67.56,0,0
4117,24.0,1,3.8,6.1,9.0,0.8,92.1,63.7,0.0,1.8,4.5,4.8,2,0,3.4,15.3,4.88,33.17,1,1
4118,19.0,1,3.5,6.7,5.2,3.03210685483871,88.0,98.8,6.4,3.7,6.3,5.957923664122137,1,0,6.1,3.6,7.66,78.76,0,0
4119,17.0,2,5.7,8.0,9.6,0.6,73.8,65.5,3.1,0.4,2.9,2.0,0,0,4.3,12.5,8.27,43.2,1,1
4120,22.0,1,0.0,9.7,4.6,1.8,100.0,56.6,7.0,3.1,1.4,7.4,0,0,5.3,4.3,6.56,56.85,2,2
4121,19.0,0,2.7,4.3,7.8,1.9,91.5,86.7,8.3,1.4,4.4,7.3,0,0,1.3,4.0,5.48,47.54,2,2
4122,20.0,1,2.7,9.6,6.1,2.9,74.0,74.5,7.2,3.4,6.1,7.2,2,0,4.050203624516392,3.7,5.02,56.45,2,2
4123,22.0,0,6.6,6.7,3.2,4.4,99.5,90.4,3.5,0.7,7.2,5.4,1,1,3.2,10.1,7.3,62.96,2,2
4124,24.0,1,2.0,8.3,2.5,1.8,81.4,78.1,4.2,6.5,2.7,5.1,1,0,4.9,3.1,5.5,66.84,0,0
4125,23.0,0,4.7,8.5,4.1,3.9,88.8,50.0,5.9,0.4,3.5,6.4,2,0,2.1,8.1,6.68,54.93,2,2
4126,21.0,0,3.9,9.0,8.5,4.4,74.7,80.5,5.991217524197657,0.6,7.2,7.1,0,0,5.1,5.0,6.489753023681269,48.88,2,2
4127,21.0,0,6.3,6.1,1.1,5.1,67.8,58.7,8.2,6.6,2.9,6.0,0,1,4.5,2.3,7.54,57.25,2,2
4128,24.0,1,5.4,6.7,6.8,3.9,68.5,77.6,5.991217524197657,1.4,3.4,5.0,0,0,3.7,4.6,6.41,51.94,2,2
4129,19.0,0,4.4,6.9,6.6,3.1,75.0,64.2,3.9,0.8,8.7,2.5,2,0,6.4,2.9,5.9,45.95,1,1
4130,16.0,1,3.1,6.5,1.8,1.1,86.7,71.3,8.6,2.9,4.5,8.1,2,0,5.5,3.0,6.72,73.85,0,0
4131,18.0,1,0.5,8.7,4.0,3.5,76.1,75.8,5.9,3.1,3.0,5.957923664122137,1,0,7.6,2.0,6.81,50.44,2,2
4132,18.0,1,4.7,6.9,4.0,2.3,69.7,88.2,5.1,3.3,5.8,2.9,1,1,2.7,2.9,5.2,49.07,2,2
4133,21.0,1,5.3,4.9,6.1,5.5,67.6,65.1,4.9,2.9,6.8,7.4,0,0,6.5,0.8,7.14,38.6,1,1
4134,21.0,1,1.1,6.2,9.7,3.2,96.5,24.8,2.7,3.2,6.5,7.5,0,0,6.2,9.7,7.22,29.06,1,1
4135,21.0,0,1.7,4.9,8.7,2.7,78.4,57.8,8.4,5.6,5.3,4.9,1,0,0.9,11.4,6.81,40.48,1,1
4136,16.0,1,4.7,6.7,5.1,5.5,54.6,77.4,5.7,6.0,3.7,3.7,0,0,1.9,10.4,5.41,46.43,1,1
4137,22.0,1,4.9,7.9,3.9,2.1,79.9,96.3,4.5,0.4,9.1,8.3,0,1,3.4,4.3,6.81,64.79,0,0
4138,19.0,1,2.2,6.1,2.1,3.0,74.6,80.4,7.3,3.2,7.8,4.9,0,0,6.4,2.2,6.37,51.93,2,2
4139,21.0,0,3.1,6.976601980998585,5.1,6.6,82.7,92.9,7.7,6.3,4.1,1.0,0,0,5.5,8.8,4.1,57.39,2,2
4140,20.0,0,0.5,6.6,6.047861775435752,3.5,72.6,77.8,2.2,1.6,5.5,5.8,0,0,6.4,4.2,6.12,36.82,1,1
4141,19.0,1,7.0,7.2,5.9,5.0,96.7,78.9,9.4,1.5,3.7,6.3,1,0,2.9,2.4,6.489753023681269,59.93,2,2
4142,17.0,0,1.6,7.7,6.0,5.7,78.0,70.6,10.0,4.1,5.9,6.2,1,0,2.9,7.5,10.0,56.85,2,2
4143,17.0,0,5.3,8.0,4.8,2.0,77.3,93.9,6.2,2.5,5.8,4.4,1,0,5.4,6.5,6.12,69.13,0,0
4144,23.0,1,4.1,9.9,4.9,4.6,75.9,100.0,6.5,1.5,6.2,6.1,1,0,3.3,17.2,8.36,65.72,0,0
4145,24.0,0,6.8,7.2,4.3,2.4,86.2,57.6,10.0,5.7,8.7,7.5,2,0,3.1,12.0,7.36,60.15,2,2
4146,21.0,0,2.6,8.0,4.7,6.7,85.1,79.0,3.6,3.7,7.1,1.3,0,0,2.5,9.3,9.94,44.97,1,1
4147,17.0,0,4.3,4.9,9.6,5.6,74.9,53.5,4.9,4.8,3.8,7.2,1,0,5.7,8.0,7.03,47.02,2,2
4148,19.0,1,0.8,6.5,7.3,4.3,79.81730107309173,100.0,7.3,8.0,3.1,7.9,0,0,5.5,9.9,7.25,68.17,0,0
4149,22.0,1,0.3,6.6,7.3,4.9,76.7,78.1,8.5,0.8,6.1,5.3,1,0,8.5,2.4,6.15,39.69,1,1
4150,22.0,1,5.4,5.7,8.5,1.7,91.0,74.6,6.1,5.5,7.1,3.1,1,0,2.3,3.6,6.01,49.27,2,2
4151,17.0,0,0.6,6.3,8.3,6.1,63.2,54.5,4.2,0.8,10.0,8.0,0,0,4.8,1.5,5.69,20.05,1,1
4152,16.0,0,3.7,6.9,9.6,1.4,75.6,70.9,8.8,7.7,2.5,8.8,0,0,5.6,2.6,5.66,77.36,0,0
4153,22.0,1,6.2,6.3,7.5,3.7,77.5,73.6,6.0,2.6,7.4,3.5,2,0,2.4,13.6,4.59,45.05,1,1
4154,19.0,1,5.7,10.0,6.5,1.7,98.1,55.7,6.0,7.0,4.4,5.957923664122137,0,1,4.7,4.9,7.13,67.66,0,0
4155,18.0,0,2.9,7.7,4.5,4.5,95.3,77.7,5.991217524197657,1.3,9.4,3.8,1,0,2.4,5.6,6.84,59.49,2,2
4156,16.0,0,4.219583121504829,9.6,3.9,6.1,85.1,59.5,9.3,1.2,4.7,4.6,2,0,4.050203624516392,9.7,4.29,50.92,2,2
4157,20.0,0,5.2,8.9,8.2,3.8,67.1,82.8,6.5,4.6,8.1,5.9,0,0,3.5,7.3,9.13,54.65,2,2
4158,23.0,0,6.9,6.2,5.7,3.6,80.7,57.3,7.1,1.8,10.0,8.0,2,1,6.2,11.2,3.72,48.56,2,2
4159,25.0,0,2.9,7.0,2.6,2.8,100.0,77.8,5.991217524197657,4.1,6.6,7.4,0,0,2.6,3.7,4.63,69.4,0,0
4160,21.0,1,2.6,6.4,1.0,3.2,78.1,71.5,5.5,1.6,3.8,6.3,1,1,1.5,5.9,9.8,62.32,2,2
4161,20.0,1,3.2,6.8,11.4,2.4,81.7,80.4,4.8,2.6,5.542839731870811,10.0,0,1,9.1,2.2,5.62,56.47,2,2
4162,17.0,1,5.3,5.7,3.5,5.9,82.4,78.0,5.2,0.4,3.4,3.1,1,0,5.8,2.2,6.73,46.53,1,1
4163,20.0,0,6.7,6.4,4.3,4.4,69.0,74.2518720906699,4.0,4.3,4.0,4.8,1,0,3.9,5.1,6.4,61.85,2,2
4164,19.0,1,1.7,7.5,9.1,2.4,69.5,61.7,3.6,2.6,3.9,6.2,0,1,1.8,4.8,4.96,41.74,1,1
4165,21.0,0,1.2,7.4,3.0,3.1,69.5,85.0,10.0,4.8,10.0,5.3,2,0,4.7,5.1,5.92,47.13,2,2
4166,19.0,1,8.9,7.3,7.3,8.2,76.1,80.2,4.0,3.6,3.8,5.5,2,0,9.3,15.9,6.88,39.17,1,1
4167,18.0,1,3.8,6.9,10.6,3.5,85.7,86.5,6.6,1.8,5.8,7.9,0,1,3.8,1.0,8.12,64.84,0,0
4168,17.0,0,4.7,8.1,11.3,5.6,82.2,74.5,5.8,6.8,6.5,4.1,0,0,2.3,1.2,7.41,52.3,2,2
4169,19.0,1,2.8,6.7,4.9,2.0,86.6,71.8,8.3,0.8,6.4,9.9,0,0,2.0,8.9,7.02,62.06,2,2
4170,17.0,1,5.2,8.8,6.0,3.9,100.0,56.7,6.3,1.0,9.5,4.0,0,0,0.4,11.9,7.59,50.53,2,2
4171,18.0,0,6.1,4.6,5.0,1.9,100.0,63.1,9.1,1.5,2.3,4.4,1,0,1.5,1.8,8.55,60.55,2,2
4172,25.0,1,4.8,7.9,6.0,2.0,81.2,66.5,5.7,2.1,2.7,8.5,0,0,1.5,0.9,8.58,70.14,0,0
4173,20.0,0,7.7,7.6,9.2,4.4,92.0,92.3,6.5,3.4,3.5,8.7,2,0,2.1,6.3,6.11,64.84,0,0
4174,20.0,0,3.5,6.1,2.5,1.4,88.6,52.6,7.7,4.0,8.7,5.3,0,0,6.1,10.1,4.72,46.88,2,2
4175,23.0,0,3.7,6.5,6.047861775435752,0.9,94.0,50.9,6.4,0.8,6.7,8.7,2,0,3.0,4.7,8.7,60.11,2,2
4176,25.0,0,4.7,7.6,5.5,4.2,93.5,73.7,7.2,2.3,9.8,4.0,0,0,3.8,8.1,6.86,62.42,2,2
4177,21.0,1,5.1,8.2,9.4,2.1,73.1,61.2,6.6,10.8,1.3,1.8,2,1,0.0,6.0,7.34,60.15,2,2
4178,23.0,0,4.7,4.7,9.3,2.5,100.0,68.1,2.9,7.0,6.8,8.2,0,0,4.050203624516392,7.5,6.489753023681269,54.83,2,2
4179,19.0,1,1.6,7.8,5.0,0.0,99.9,67.1,7.7,2.2,6.5,2.7,0,0,5.4,3.0,3.68,52.71,2,2
4180,19.0,1,4.8,6.4,5.7,0.7,92.6,63.6,8.6,4.3,1.9,6.0,0,1,1.8,2.1,5.77,69.53,0,0
4181,19.0,1,3.5,8.5,8.2,3.4,88.9,61.3,5.7,4.8,6.5,10.0,0,1,2.3,7.6,3.23,60.12,2,2
4182,21.0,1,3.0,4.6,8.5,2.6,85.2,58.2,5.5,5.2,6.6,3.9,2,0,1.1,2.2,4.88,26.83,1,1
4183,22.0,0,4.3,10.0,1.0,4.6,82.7,68.3,6.6,1.4,4.1,3.2,0,0,7.5,2.0,2.43,45.57,1,1
4184,19.0,1,2.3,5.8,8.2,1.4,90.2,48.7,10.0,0.8,6.7,3.9,1,0,9.4,4.5,5.41,49.05,2,2
4185,17.0,0,1.9,8.9,10.1,2.7,83.3,85.9,5.4,1.9,3.1,3.3,1,1,7.7,1.2,6.59,48.24,2,2
4186,21.0,1,0.0,6.9,6.6,3.1,84.9,59.1,7.4,1.6,7.1,3.6,0,0,3.0,4.6,2.77,29.12,1,1
4187,17.0,1,7.7,5.9,8.4,2.6,80.3,83.2,5.6,1.9,8.1,2.6,2,1,5.9,1.6,8.38,40.62,1,1
4188,21.0,2,5.3,7.3,9.2,4.1,78.3,63.1,7.3,5.9,3.7,8.1,0,1,3.2,12.1,6.24,63.6,0,0
4189,22.0,1,4.0,8.3,6.6,1.0,100.0,93.7,3.2,1.9,7.5,2.3,0,0,1.3,8.8,8.26,60.55,2,2
4190,22.0,0,2.9,5.0,8.0,3.9,82.7,75.7,10.0,2.2,2.3,7.4,1,0,3.7,13.8,7.07,51.56,2,2
4191,22.0,1,0.0,7.9,6.0,5.1,76.3,55.6,6.8,0.6,5.8,2.4,2,0,1.9,3.8,6.64,26.65,1,1
4192,23.0,1,2.7,7.0,5.9,1.5,83.8,100.0,5.4,1.2,5.6,6.3,0,1,2.2,8.5,6.24,60.78,2,2
4193,20.0,0,5.6,7.8,4.3,3.7,65.9,67.5,5.4,2.9,4.7,8.0,2,1,4.0,4.2,4.43,43.95,1,1
4194,22.0,0,6.1,6.976601980998585,6.4,3.6,93.9,65.0,6.6,7.2,4.7,5.9,0,0,6.1,5.1,5.85,66.26,0,0
4195,21.0,1,5.5,6.3,10.7,4.1,81.8,66.2,10.0,3.4,9.1,3.3,1,0,5.6,11.4,4.59,39.27,1,1
4196,18.0,1,4.5,5.6,3.7,3.0,77.4,82.2,9.4,2.3,1.0,5.9,1,0,4.9,6.3,7.93,72.73,0,0
4197,16.0,1,6.8,7.9,7.5,5.6,76.0,48.9,5.4,6.1,8.9,4.8,2,0,2.6,3.1,5.24,41.41,1,1
4198,18.0,0,3.5,7.9,6.8,6.8,61.1,77.4,6.2,4.0,2.6,5.6,0,0,4.2,1.8,5.87,53.25,2,2
4199,20.0,0,6.4,7.9,6.047861775435752,4.1,100.0,44.7,6.3,1.7,9.3,3.2,0,0,1.1,6.4,6.37,40.38,1,1
4200,21.0,0,3.4,7.6,10.2,3.6,84.2,73.7,1.7,3.0,7.7,6.8,0,0,2.5,14.6,6.65,38.32,1,1
4201,23.0,1,2.4,8.2,3.7,3.0,100.0,95.3,5.5,1.2,6.4,5.4,1,1,3.6,5.0,7.17,72.91,0,0
4202,18.0,0,2.2,8.8,4.6,0.6,78.4,65.0,6.5,8.3,8.2,7.7,2,1,2.2,4.4,5.31,56.09,2,2
4203,17.0,0,2.1,4.6,4.7,0.4,87.7,91.0,4.0,3.3,4.5,8.3,2,0,4.050203624516392,8.4,6.01,51.54,2,2
4204,25.0,0,5.5,4.0,4.8,0.9,91.3,45.0,9.8,1.1,6.7,6.8,0,0,5.3,6.4,5.69,39.15,1,1
4205,17.0,0,2.7,9.2,5.0,3.5,88.1,63.8,3.5,0.5,5.2,5.3,2,0,7.6,12.9,6.92,52.56,2,2
4206,20.0,0,2.1,5.3,6.9,2.7,75.9,53.0,3.8,1.6,6.2,4.3,0,1,4.8,8.3,6.15,28.4,1,1
4207,21.0,1,5.6,5.6,3.9,5.7,58.7,100.0,7.5,1.1,7.4,4.1,1,0,5.4,18.6,6.3,46.93,2,2
4208,20.0,0,4.9,6.6,4.2,0.0,100.0,67.7,6.6,6.5,6.8,6.7,2,0,3.4,8.1,8.13,60.72,2,2
4209,17.0,0,6.1,4.8,4.0,3.1,72.2,63.3,5.0,3.5,4.6,7.1,0,0,10.0,6.6,6.81,51.31,2,2
4210,16.0,1,5.2,6.976601980998585,7.2,3.8,100.0,70.4,8.2,0.3,5.7,5.7,0,0,9.1,2.9,8.71,61.57,2,2
4211,17.0,1,2.7,5.8,5.8,4.6,73.9,75.1,6.5,4.2,5.2,6.0,0,0,6.1,9.3,5.35,55.45,2,2
4212,21.0,2,4.4,6.7,5.4,3.3,99.7,68.3,10.0,1.1,4.1,3.0,1,0,0.0,0.3,6.43,62.8,2,2
4213,20.0,1,4.5,7.4,3.9,3.7,89.3,53.6,5.991217524197657,0.8,7.8,6.3,1,1,8.9,4.6,7.06,54.15,2,2
4214,18.0,0,2.4,6.6,2.0,3.3,89.9,99.3,4.9,0.2,8.4,5.0,2,0,0.9,1.2,6.67,50.27,2,2
4215,21.0,1,2.0,6.5,10.1,3.8,73.6,94.6,9.6,2.8,10.0,8.6,0,1,6.9,0.9,5.62,46.71,2,2
4216,23.0,1,2.8,7.3,5.3,3.0,76.4,81.0,7.1,3.0,3.9,6.7,0,1,1.9,11.2,6.08,63.55,0,0
4217,16.0,1,8.3,8.4,12.8,6.8,76.6,80.0,5.8,11.8,7.9,5.3,0,1,5.0,1.4,6.85,38.02,1,1
4218,20.0,1,3.4,9.1,7.9,4.0,83.6,78.9,5.1,0.7,6.3,6.9,1,1,2.1,4.9,6.489753023681269,66.45,0,0
4219,22.0,1,6.7,6.7,10.6,3.4,78.9,66.8,6.8,4.3,4.9,10.0,0,0,3.5,4.9,6.65,66.31,0,0
4220,18.0,0,3.3,9.4,8.5,1.7,74.7,64.8,3.5,3.8,7.4,7.9,0,0,3.9,2.3,7.74,47.04,2,2
4221,19.0,0,6.0,8.1,6.4,2.4,69.4,100.0,2.8,3.8,5.6,4.7,1,1,2.0,1.6,7.88,50.52,2,2
4222,21.0,2,6.0,5.4,4.5,5.7,70.7,86.3,7.2,3.1,5.3,7.1,1,0,3.9,5.2,6.69,61.86,2,2
4223,24.0,1,6.1,5.4,3.6,0.0,86.9,51.1,7.9,4.4,5.4,10.0,1,1,4.050203624516392,2.4,9.06,79.39,0,0
4224,23.0,0,5.0,6.2,8.8,3.1,70.9,66.9,8.1,3.8,4.0,7.9,0,0,4.2,5.1,7.1,54.89,2,2
4225,21.0,0,7.0,8.9,6.7,3.0,65.7,83.8,5.1,3.1,8.3,5.7,2,1,0.0,9.7,8.44,41.58,1,1
4226,22.0,0,5.0,6.3,7.5,3.9,81.8,81.6,5.0,2.2,5.9,8.7,1,1,3.9,3.5,6.42,59.67,2,2
4227,19.0,0,7.6,4.5,8.0,3.5,51.6,84.5,6.0,0.6,7.2,2.0,1,0,2.5,2.4,6.67,9.78,1,1
4228,21.0,1,1.0,6.7,6.9,5.7,79.9,48.3,5.991217524197657,3.1,9.0,3.7,0,1,1.9,2.7,7.09,30.31,1,1
4229,20.0,1,4.9,4.4,4.8,3.2,81.0,80.8,7.5,2.0,3.5,1.9,0,1,5.1,1.6,8.27,34.16,1,1
4230,18.0,1,4.8,5.6,8.5,2.9,79.81730107309173,95.1,5.3,2.3,10.0,2.5,0,0,3.0,6.7,5.86,42.89,1,1
4231,22.0,1,2.3,6.2,5.5,4.7,84.4,47.9,5.9,1.9,5.7,6.0,1,0,1.3,3.6,8.92,51.54,2,2
4232,20.0,0,5.4,7.2,6.2,5.8,63.4,100.0,5.6,2.8,6.5,3.0,0,1,7.5,0.7,8.05,55.1,2,2
4233,19.0,1,1.2,8.3,7.8,4.2,77.6,80.9,7.1,2.4,7.2,3.8,0,1,5.2,2.7,7.7,52.82,2,2
4234,24.0,0,2.9,7.9,5.9,4.8,88.5,77.0,6.6,4.3,3.5,2.2,0,1,3.9,2.2,8.3,60.51,2,2
4235,16.0,0,0.2,5.5,1.5,2.6,85.4,57.9,10.0,1.2,3.7,7.0,0,1,7.7,3.7,8.82,58.18,2,2
4236,19.0,2,7.3,6.5,8.6,3.2,69.8,63.5,5.2,2.8,4.9,3.3,1,0,2.4,4.8,4.99,36.4,1,1
4237,16.0,0,3.7,7.1,9.1,5.7,85.4,68.2,9.9,3.9,5.8,7.9,0,1,4.8,3.0,6.76,59.07,2,2
4238,22.0,1,8.5,6.7,1.4,3.9,91.9,49.3,2.0,1.6,3.7,5.7,0,0,6.7,1.8,4.82,50.27,2,2
4239,22.0,0,5.8,6.6,3.4,2.6,67.3,69.3,7.1,3.4,2.5,9.1,2,1,4.4,6.3,7.28,73.75,0,0
4240,19.0,1,5.1,4.8,11.1,3.1,54.5,58.9,2.5,2.6,8.0,5.2,1,1,10.0,6.3,7.66,30.71,1,1
4241,21.0,0,3.0,5.5,6.6,4.9,100.0,87.3,3.7,1.5,3.1,7.9,0,0,4.7,3.0,6.94,57.44,2,2
4242,19.0,0,2.1,6.5,6.0,5.0,84.1,74.2518720906699,3.9,1.9,7.5,6.5,2,0,4.8,12.7,7.42,31.76,1,1
4243,22.0,0,5.2,3.0,6.047861775435752,1.5,74.1,70.6,3.7,8.7,2.9,7.3,0,0,7.2,2.1,6.42,40.13,1,1
4244,20.0,1,4.219583121504829,7.8,3.4,3.7,73.6,57.6,4.7,8.7,4.0,8.1,2,0,5.3,11.6,9.62,64.85,0,0
4245,19.0,0,1.5,5.2,5.5,3.0,81.9,75.0,10.0,0.8,5.1,6.4,1,1,4.6,6.2,7.24,49.61,2,2
4246,24.0,1,1.2,7.9,8.4,2.9,93.5,100.0,4.1,1.6,10.0,6.8,0,0,4.3,4.3,6.87,57.87,2,2
4247,18.0,1,2.3,7.8,6.0,5.4,60.4,100.0,2.4,1.6,5.9,7.2,2,1,3.3,7.9,7.35,47.43,2,2
4248,17.0,0,7.8,6.3,7.5,2.6,74.8,66.1,7.1,4.4,6.1,2.5,2,0,0.0,8.7,5.61,39.72,1,1
4249,21.0,1,8.6,8.3,10.4,2.0,100.0,71.7,5.991217524197657,2.4,5.2,6.8,1,0,5.4,7.8,3.2,48.67,2,2
4250,25.0,2,4.6,8.0,4.5,1.5,90.7,59.9,10.0,2.2,3.5,7.8,0,1,3.9,9.3,5.57,69.12,0,0
4251,19.0,1,4.5,6.6,6.8,2.7,89.6,72.3,5.9,1.4,7.0,5.8,0,0,1.1,2.1,5.6,51.51,2,2
4252,16.0,0,3.5,6.5,8.5,1.7,85.3,88.3,5.991217524197657,3.8,5.6,3.0,1,0,2.3,5.5,7.58,50.59,2,2
4253,19.0,1,2.3,8.4,3.7,1.4,84.0,51.4,5.1,4.6,8.6,7.1,0,0,1.9,6.3,6.17,58.87,2,2
4254,20.0,0,7.0,7.3,6.4,1.4,73.9,100.0,5.0,3.3,3.0,2.9,2,0,7.3,15.9,3.91,56.44,2,2
4255,18.0,0,7.9,8.4,10.7,1.5,72.7,91.5,3.3,2.1,8.5,2.3,1,0,6.3,10.5,7.01,39.82,1,1
4256,21.0,0,2.4,3.9,5.1,1.6,90.5,90.7,4.8,1.7,6.0,8.6,0,0,7.8,3.0,4.54,35.75,1,1
4257,25.0,1,4.0,7.1,8.7,3.7,73.0,81.9,5.7,5.5,3.8,7.1,1,0,4.6,3.4,7.9,79.74,0,0
4258,20.0,2,3.3,4.9,5.6,0.0,83.7,58.7,5.9,1.9,6.2,4.2,0,0,6.2,2.0,8.41,46.38,1,1
4259,19.0,1,3.4,7.0,10.5,1.7,82.0,93.2,3.0,2.2,3.7,6.9,2,1,5.3,2.5,8.67,73.53,0,0
4260,19.0,1,6.6,7.9,1.9,2.8,100.0,69.2,7.3,3.3,8.1,5.6,0,0,0.9,12.2,5.4,69.86,0,0
4261,17.0,1,1.6,9.3,6.2,5.1,77.9,44.6,9.6,5.5,5.2,7.8,2,1,3.4,6.8,6.5,45.39,1,1
4262,24.0,0,5.1,5.8,2.3,3.03210685483871,95.2,76.4,6.6,0.8,3.7,10.0,1,1,4.2,2.2,6.95,51.49,2,2
4263,19.0,1,5.7,6.3,4.2,2.7,89.2,54.1,8.4,5.5,4.3,4.1,0,0,7.1,6.4,4.55,61.24,2,2
4264,19.0,0,3.9,6.9,4.2,2.8,78.5,64.1,6.4,0.6,3.8,5.2,1,0,2.3,9.5,6.39,59.17,2,2
4265,21.0,0,6.0,5.7,5.3,0.0,63.8,87.7,3.7,1.4,8.9,3.4,1,1,2.1,11.4,6.65,47.26,2,2
4266,20.0,1,4.5,8.3,3.0,4.2,79.3,72.8,6.6,1.7,3.0,8.3,0,0,2.8,8.7,7.11,70.51,0,0
4267,21.0,2,6.6,6.9,5.8,4.1,91.7,74.3,4.9,2.1,5.4,5.5,0,0,4.050203624516392,6.7,7.74,73.86,0,0
4268,16.0,1,1.2,7.2,7.2,4.5,64.1,96.0,3.6,3.1,6.1,5.5,1,0,4.0,7.6,6.15,49.87,2,2
4269,23.0,0,3.5,7.8,2.2,7.5,90.9,34.4,5.8,2.4,4.5,5.1,0,0,5.6,2.5,6.79,54.06,2,2
4270,24.0,1,4.1,6.9,4.4,0.7,97.5,95.2,7.8,0.8,2.5,4.7,2,0,6.9,4.8,3.99,76.5,0,0
4271,21.0,0,0.0,5.9,12.4,0.3,81.2,77.7,5.3,4.1,10.0,4.8,1,0,4.1,1.7,8.38,31.45,1,1
4272,25.0,1,2.0,6.9,6.8,4.3,91.9,73.8,10.0,2.6,4.8,5.1,1,1,3.8,8.9,7.99,78.87,0,0
4273,17.0,1,2.6,5.9,1.5,2.4,81.8,74.3,5.991217524197657,2.4,2.6,7.7,0,0,3.9,7.2,6.4,63.54,0,0
4274,20.0,1,6.1,7.1,2.5,1.2,87.4,86.5,4.8,4.7,3.8,8.0,0,0,2.9,3.5,9.6,86.68,0,0
4275,21.0,1,2.8,8.3,6.6,2.5,99.4,93.5,4.7,4.7,5.8,6.3,0,0,5.4,7.0,4.29,71.49,0,0
4276,21.0,1,2.6,5.5,6.3,1.9,59.8,70.7,10.0,2.1,5.1,9.2,2,1,4.2,5.4,5.87,43.32,1,1
4277,19.0,1,5.8,5.0,4.5,6.1,70.1,72.6,5.3,2.9,2.4,7.4,1,1,5.6,5.5,7.29,52.54,2,2
4278,19.0,0,1.0,7.1,11.5,7.1,96.3,86.0,6.8,2.1,6.2,4.6,1,0,4.9,3.7,4.58,43.55,1,1
4279,17.0,0,0.1,6.0,12.5,0.1,98.7,37.2,6.9,2.9,2.9,7.9,0,0,3.5,3.0,8.4,41.18,1,1
4280,19.0,0,3.5,7.0,5.3,0.3,61.7,73.2,2.2,3.1,7.2,8.1,1,1,1.6,6.5,5.77,51.62,2,2
4281,18.0,0,1.3,7.4,8.2,1.6,100.0,84.0,2.2,1.4,6.4,6.4,0,0,2.2,3.1,6.28,46.45,1,1
4282,22.0,0,1.4,4.2,8.3,1.8,46.6,66.1,7.9,3.2,4.8,5.957923664122137,0,0,4.4,17.3,8.23,28.86,1,1
4283,18.0,0,5.3,7.9,8.6,1.6,88.1,60.6,3.7,0.7,10.0,3.0,0,0,3.4,8.0,6.03,38.64,1,1
4284,16.0,0,6.0,5.5,4.4,2.7,82.8,72.3,6.0,3.9,4.3,5.0,1,0,2.2,10.3,4.16,47.5,2,2
4285,20.0,1,5.8,7.0,10.8,2.2,70.5,64.5,2.7,7.8,5.2,1.9,2,0,4.3,3.3,5.6,29.99,1,1
4286,21.0,0,6.4,6.1,5.8,0.6,71.3,70.6,5.3,5.1,8.9,5.957923664122137,2,1,7.6,8.6,4.37,56.52,2,2
4287,23.0,1,6.7,6.3,7.1,1.2,71.7,66.5,6.5,1.6,7.3,6.1,0,0,7.1,6.7,4.79,35.93,1,1
4288,21.0,0,0.0,9.2,6.0,5.8,77.3,100.0,1.5,0.6,5.542839731870811,8.4,0,0,3.0,4.9,5.45,44.82,1,1
4289,19.0,0,5.1,7.4,5.7,2.4,100.0,54.5,6.1,1.1,6.4,4.8,2,1,4.1,5.4,6.29,61.13,2,2
4290,23.0,1,3.1,8.2,6.7,2.3,90.7,90.0,6.2,0.9,7.7,6.6,2,1,1.8,1.7,8.76,69.63,0,0
4291,20.0,0,2.7,7.2,3.0,0.3,98.6,64.4,5.0,1.3,1.0,8.5,0,0,7.5,6.5,4.87,71.83,0,0
4292,17.0,1,4.219583121504829,7.8,1.1,2.2,75.8,80.9,3.6,0.1,4.6,3.5,1,0,8.8,4.6,7.49,63.18,0,0
4293,21.0,1,0.7,7.5,5.5,4.7,83.0,86.6,5.2,2.0,9.5,7.2,2,0,5.5,3.9,5.54,42.76,1,1
4294,24.0,1,0.7,7.3,3.8,4.1,66.1,100.0,5.2,2.5,4.0,2.4,1,0,3.6,2.7,5.63,47.83,2,2
4295,19.0,0,5.5,8.4,7.4,4.5,76.4,82.1,10.0,3.8,8.8,3.9,0,0,2.5,1.9,7.67,56.47,2,2
4296,19.0,0,5.2,7.2,7.1,0.8,72.8,67.9,5.7,4.3,3.8,4.1,0,0,2.1,3.6,2.54,51.83,2,2
4297,17.0,0,4.5,10.0,6.0,0.8,86.4,76.2,5.0,2.5,6.0,4.5,2,0,3.8,6.7,5.47,44.92,1,1
4298,17.0,1,2.4,6.976601980998585,9.7,5.0,70.8,100.0,5.7,1.6,5.7,4.4,1,0,2.2,1.1,7.82,52.23,2,2
4299,20.0,0,5.7,5.5,6.0,4.5,69.1,77.9,6.9,3.2,5.542839731870811,6.7,0,1,0.0,2.1,8.1,53.57,2,2
4300,21.0,0,5.6,6.8,2.4,2.5,85.2,51.5,6.9,1.0,1.6,5.5,1,0,2.0,5.7,6.45,60.89,2,2
4301,17.0,1,4.4,7.5,5.4,4.5,79.3,68.1,7.0,1.4,7.3,3.7,0,1,6.7,6.3,6.19,48.03,2,2
4302,24.0,0,1.8,7.1,8.9,0.8,70.9,67.6,7.3,1.4,4.2,2.7,0,0,5.3,2.5,3.92,42.43,1,1
4303,22.0,1,3.3,7.9,1.3,0.8,69.0,88.1,2.8,8.1,10.0,7.5,0,0,7.8,2.7,4.7,61.28,2,2
4304,21.0,1,5.9,8.0,5.8,0.1,70.9,53.0,7.1,1.6,4.9,8.1,0,1,6.4,9.5,8.07,67.22,0,0
4305,23.0,1,6.9,5.2,7.4,3.7,90.6,65.9,6.4,2.9,5.2,6.0,1,0,0.0,13.7,8.83,53.12,2,2
4306,17.0,0,3.5,8.7,12.6,3.4,79.81730107309173,78.8,4.6,1.8,6.5,1.0,0,0,5.6,2.6,6.31,40.51,1,1
4307,20.0,1,3.7,6.4,9.0,2.1,70.2,70.0,6.2,2.6,3.8,4.9,0,0,3.8,12.4,6.489753023681269,52.98,2,2
4308,21.0,1,3.9,6.2,6.3,1.6,70.7,76.6,5.8,7.2,5.4,4.5,2,0,6.4,6.4,7.25,57.08,2,2
4309,23.0,1,4.7,6.2,7.3,7.3,65.1,77.7,6.0,3.2,1.9,4.9,0,0,1.6,9.3,6.08,48.4,2,2
4310,22.0,1,3.0,8.1,1.3,2.5,74.9,78.9,6.4,2.5,7.5,8.9,2,0,4.0,6.0,6.55,61.37,2,2
4311,18.0,1,0.0,6.7,3.4,5.5,81.6,58.3,2.3,3.4,2.1,7.5,1,0,6.3,6.8,6.37,46.88,2,2
4312,24.0,1,6.6,6.1,7.6,2.7,68.6,89.4,6.6,2.6,7.4,7.7,0,1,5.0,2.0,5.58,50.14,2,2
4313,17.0,0,7.8,6.4,6.4,2.1,100.0,65.4,7.4,1.3,4.8,8.3,2,0,3.4,3.5,7.05,69.55,0,0
4314,23.0,1,3.0,4.7,6.7,5.5,88.1,74.8,6.5,6.8,4.0,5.1,2,0,2.0,4.3,5.57,41.13,1,1
4315,25.0,0,2.1,5.9,6.1,4.4,79.6,53.2,4.4,6.3,4.5,5.3,2,1,6.2,5.2,6.38,47.21,2,2
4316,18.0,0,3.9,5.4,6.0,3.0,81.1,75.7,4.1,1.6,6.5,6.2,2,0,7.9,0.8,3.65,30.77,1,1
4317,22.0,1,3.8,6.7,6.3,5.0,61.9,78.4,6.4,3.6,6.4,4.7,0,0,6.7,6.0,6.56,51.45,2,2
4318,16.0,1,6.2,7.9,3.4,7.5,64.4,75.7,7.8,2.2,4.6,4.7,0,0,4.1,4.0,7.04,61.28,2,2
4319,19.0,0,4.3,7.7,5.4,1.7,97.2,61.0,8.9,1.9,3.7,7.9,1,0,3.6,1.4,6.489753023681269,73.13,0,0
4320,20.0,1,4.219583121504829,8.6,2.9,3.8,100.0,95.3,7.7,0.8,2.9,7.3,0,1,0.4,6.0,6.83,82.26,0,0
4321,21.0,1,1.6,8.3,4.5,2.3,51.2,85.5,7.1,2.6,1.0,1.4,1,0,3.0,7.3,6.57,32.54,1,1
4322,24.0,1,5.9,6.3,9.0,1.3,86.1,72.5,0.4,0.7,8.2,5.6,0,1,1.5,3.8,7.76,42.98,1,1
4323,21.0,0,5.4,7.0,5.5,1.3,98.0,72.3,4.7,0.2,6.2,8.6,0,1,0.0,2.3,6.67,63.6,0,0
4324,20.0,0,6.3,7.0,7.5,5.9,75.6,61.7,6.7,6.2,8.3,7.7,0,0,0.7,2.6,2.95,56.32,2,2
4325,23.0,2,2.3,4.2,6.3,0.0,99.8,63.8,4.5,2.0,7.7,6.2,1,1,0.0,5.2,4.1,34.06,1,1
4326,25.0,0,7.9,5.4,5.0,3.9,90.0,100.0,4.0,3.8,7.8,9.4,0,1,6.7,4.4,8.21,61.15,2,2
4327,16.0,1,0.7,6.8,3.5,1.5,79.81730107309173,68.6,3.7,7.5,4.4,5.1,1,0,7.4,8.5,3.87,57.93,2,2
4328,25.0,1,5.6,6.8,5.0,6.2,76.8,100.0,9.9,0.7,5.8,5.5,2,1,4.9,0.7,5.75,58.17,2,2
4329,17.0,1,0.4,7.7,6.5,2.5,81.2,54.1,3.1,0.1,3.3,1.5,2,0,4.5,2.6,6.59,20.74,1,1
4330,23.0,1,2.6,7.6,7.5,2.3,74.2,81.6,5.5,1.2,6.8,6.0,0,0,4.7,6.3,5.02,45.98,1,1
4331,18.0,1,7.3,4.7,6.3,5.8,83.9,79.1,4.4,3.0,5.9,10.0,0,0,5.2,3.2,6.489753023681269,37.82,1,1
4332,17.0,1,5.9,7.7,7.6,4.6,83.3,75.7,4.1,3.4,6.6,6.0,0,1,3.0,1.1,5.93,44.83,1,1
4333,20.0,1,3.1,7.2,2.2,4.0,74.4,46.3,6.9,3.0,5.3,6.5,1,1,2.5,6.4,8.43,52.22,2,2
4334,21.0,1,3.2,7.8,8.2,4.5,54.7,50.3,7.8,0.9,8.0,5.6,0,1,6.0,3.0,8.77,45.38,1,1
4335,19.0,1,4.4,8.4,3.2,1.1,77.5,78.5,3.4,2.1,4.4,7.0,2,0,3.5,10.9,6.46,73.67,0,0
4336,16.0,2,5.2,6.8,8.5,4.3,66.8,56.6,6.1,4.9,3.4,4.5,0,1,1.5,21.6,5.18,37.9,1,1
4337,21.0,0,6.7,8.6,7.3,2.6,65.4,96.8,5.8,2.5,8.8,9.9,2,0,2.2,20.6,5.44,41.79,1,1
4338,24.0,2,3.3,5.8,1.3,3.6,71.0,71.0,5.0,4.6,6.7,8.4,2,0,9.0,3.9,6.4,53.41,2,2
4339,19.0,1,1.0,5.8,7.8,3.9,90.7,79.6,3.9,0.4,4.7,7.6,0,0,8.3,3.2,5.29,49.97,2,2
4340,18.0,1,4.5,7.6,8.5,1.0,79.81730107309173,74.3,8.4,0.8,1.9,8.6,1,0,8.6,0.4,6.76,68.43,0,0
4341,20.0,1,3.3,6.5,9.1,4.1,68.5,73.8,3.7,1.9,4.6,5.9,0,0,10.0,3.8,7.27,50.79,2,2
4342,16.0,1,1.6,7.3,4.1,2.7,89.2,100.0,3.1,5.1,1.0,5.957923664122137,2,0,2.8,2.5,6.88,62.41,2,2
4343,23.0,1,4.8,9.6,6.4,0.8,70.0,94.5,8.4,6.2,3.5,6.8,0,0,7.4,6.1,4.17,71.76,0,0
4344,23.0,2,3.8,7.5,7.7,2.7,65.3,77.8,6.4,3.2,4.5,8.6,1,0,3.2,4.6,4.75,64.57,0,0
4345,21.0,2,4.8,7.3,7.8,3.0,90.5,87.1,3.4,1.1,6.9,5.4,2,0,2.6,4.5,4.56,49.49,2,2
4346,19.0,1,2.4,5.9,7.0,4.1,78.3,96.1,5.8,0.9,5.5,5.3,0,0,7.1,4.7,7.6,60.08,2,2
4347,23.0,1,5.2,4.8,4.9,0.0,80.8,64.2,4.6,3.6,3.6,6.3,0,0,4.0,2.1,5.01,45.47,1,1
4348,20.0,1,1.6,6.9,8.5,3.7,77.1,47.0,9.3,4.0,8.1,1.6,1,0,0.3,2.5,8.22,47.09,2,2
4349,23.0,1,2.5,8.4,8.5,2.1,85.5,85.0,5.5,3.8,3.1,3.7,0,1,4.050203624516392,0.4,6.489753023681269,47.32,2,2
4350,21.0,1,3.7,6.6,5.6,4.5,88.9,97.4,7.2,3.5,1.1,4.7,0,0,0.0,4.6,10.0,67.45,0,0
4351,22.0,1,7.7,7.5,4.0,3.0,78.4,44.1,5.9,1.1,7.4,8.6,1,0,4.050203624516392,2.4,4.48,56.39,2,2
4352,21.0,1,5.8,8.9,4.2,2.4,60.5,64.1,9.2,0.7,4.5,6.9,2,1,5.8,15.9,5.17,49.78,2,2
4353,19.0,1,6.4,8.8,9.4,2.7,83.9,70.7,6.4,2.1,7.1,3.7,0,0,7.9,3.1,9.53,56.07,2,2
4354,25.0,1,7.0,7.6,8.4,3.6,75.6,74.2518720906699,8.5,3.2,3.8,6.7,0,0,7.1,2.9,7.99,70.06,0,0
4355,20.0,1,11.4,7.2,5.9,4.6,91.1,72.4,7.2,0.9,3.8,6.2,2,0,9.0,4.0,8.61,54.83,2,2
4356,21.0,1,4.3,5.0,5.5,1.4,68.4,55.0,4.8,1.4,2.8,4.9,1,0,3.6,2.9,6.8,39.34,1,1
4357,18.0,2,7.0,6.2,1.6,2.4,75.9,69.3,6.0,1.7,5.9,4.6,1,0,0.0,9.2,7.94,64.54,0,0
4358,21.0,1,6.2,6.6,6.047861775435752,5.6,60.7,87.6,5.5,5.0,7.0,10.0,2,0,8.4,12.6,6.65,64.94,0,0
4359,21.0,0,6.2,5.9,3.0,2.3,90.2,37.7,4.7,5.2,7.6,2.1,1,1,1.1,3.7,6.08,43.74,1,1
4360,18.0,0,7.7,7.3,6.4,3.7,95.9,56.1,3.6,2.1,8.7,4.8,0,0,7.6,0.5,5.46,45.68,1,1
4361,16.0,2,3.4,9.5,9.0,0.8,73.7,100.0,9.0,4.8,6.6,7.8,1,0,0.0,6.4,9.61,69.87,0,0
4362,21.0,1,3.2,9.0,3.5,0.0,77.5,60.2,1.5,1.7,3.3,4.1,0,0,4.7,8.8,8.46,56.01,2,2
4363,22.0,0,4.8,7.3,6.6,1.1,69.5,28.2,8.9,2.6,8.3,4.8,0,1,1.5,5.0,4.57,40.36,1,1
4364,20.0,0,3.8,8.0,8.5,1.8,70.7,78.1,3.1,1.8,5.8,3.4,0,1,5.3,1.3,7.69,46.7,2,2
4365,18.0,1,4.8,6.1,6.6,4.9,89.0,73.7,7.2,6.4,7.4,6.6,1,0,2.8,2.5,4.29,54.33,2,2
4366,21.0,1,7.3,8.9,4.7,5.1,73.4,77.7,4.7,4.0,4.6,6.8,0,0,4.9,6.5,9.02,68.16,0,0
4367,17.0,2,3.2,5.0,6.0,0.0,86.2,76.0,2.3,1.7,5.8,3.6,0,0,1.2,5.0,5.83,43.96,1,1
4368,20.0,0,3.6,8.2,8.4,2.0,79.8,97.9,8.5,2.6,5.8,9.2,2,0,1.7,6.8,8.39,69.23,0,0
4369,18.0,2,4.5,7.6,6.7,4.3,89.8,62.3,0.7,0.9,3.1,3.9,0,1,0.0,4.3,7.12,56.63,2,2
4370,18.0,0,3.7,6.0,6.0,2.8,74.9,73.3,7.8,4.7,1.6,7.0,0,0,7.8,4.4,6.67,61.15,2,2
4371,20.134890807516506,0,0.4,6.7,8.9,5.7,94.1,67.2,6.3,2.4,4.6,3.2,0,1,0.6,4.0,3.85,34.58,1,1
4372,19.0,0,3.0,5.5,7.3,4.2,100.0,87.2,8.3,7.2,8.7,7.2,2,0,5.0,2.6,6.43,47.28,2,2
4373,16.0,0,5.6,5.6,3.0,2.5,57.9,89.0,7.4,1.1,4.9,7.1,0,0,3.0,1.7,8.04,56.53,2,2
4374,19.0,0,7.1,4.9,7.6,2.7,78.8,81.7,7.3,11.1,5.5,4.4,2,1,0.0,5.0,10.0,54.11,2,2
4375,20.0,0,1.9,8.0,8.4,2.9,78.8,100.0,8.0,5.8,5.4,6.8,2,0,0.8,5.4,5.58,62.73,2,2
4376,20.0,0,1.9,8.6,2.9,1.5,70.7,85.0,7.8,2.1,7.7,6.8,2,0,2.8,0.6,7.12,62.5,2,2
4377,19.0,0,4.3,4.2,1.0,4.7,85.3,97.6,7.0,0.7,2.9,5.957923664122137,0,0,4.0,5.9,3.7,41.65,1,1
4378,23.0,0,0.0,9.4,3.4,4.3,94.6,59.1,5.3,5.7,7.3,7.8,0,0,3.3,8.4,7.18,53.41,2,2
4379,17.0,1,3.3,7.0,5.7,3.8,54.3,62.4,5.5,3.4,5.1,4.0,0,1,6.7,4.5,3.6,27.3,1,1
4380,20.134890807516506,1,0.7,7.4,8.5,3.4,53.4,100.0,6.2,1.8,5.5,8.7,0,0,3.8,0.4,5.9,55.47,2,2
4381,16.0,0,6.9,5.1,3.8,1.2,100.0,50.6,5.4,0.4,6.5,7.2,1,0,4.7,10.8,3.94,32.42,1,1
4382,17.0,0,2.7,8.7,7.4,3.9,76.9,88.8,10.0,2.0,5.4,3.2,1,0,2.7,2.6,5.0,63.23,0,0
4383,21.0,1,7.5,7.3,1.0,3.2,81.2,98.2,5.8,5.3,6.1,7.2,0,0,2.8,5.8,9.19,78.73,0,0
4384,21.0,1,6.4,8.5,6.5,6.6,66.1,96.2,3.5,3.2,4.1,5.5,0,1,3.1,5.0,6.15,48.53,2,2
4385,23.0,0,2.9,8.6,5.0,0.7,80.6,46.3,5.7,3.3,8.1,4.7,2,0,5.3,6.2,6.47,50.82,2,2
4386,20.0,0,2.1,8.7,11.2,3.03210685483871,97.8,68.7,4.2,2.3,5.7,7.7,1,0,3.6,12.8,4.35,47.48,2,2
4387,25.0,0,3.8,6.2,1.3,0.1,86.5,74.2518720906699,10.0,0.3,7.7,8.3,1,0,7.9,5.0,4.15,72.72,0,0
4388,16.0,0,4.0,6.7,6.0,2.6,82.5,88.4,6.2,2.6,6.7,1.0,2,0,0.8,5.5,6.44,47.31,2,2
4389,17.0,1,4.9,6.2,1.3,0.0,57.0,74.8,7.4,0.5,7.5,5.9,0,1,6.2,11.9,4.13,43.8,1,1
4390,16.0,1,2.6,8.2,4.6,5.1,89.7,62.5,7.1,3.0,7.5,5.7,0,0,2.2,5.7,4.56,51.08,2,2
4391,18.0,1,5.7,7.4,1.7,5.0,80.1,70.1,8.1,4.4,6.1,4.8,0,0,6.6,11.5,6.73,76.56,0,0
4392,20.134890807516506,0,4.7,8.4,11.8,2.7,72.1,63.9,6.5,1.5,7.5,6.4,0,0,3.1,9.9,2.31,39.25,1,1
4393,21.0,1,3.5,8.4,5.1,1.2,88.4,52.6,5.1,3.1,6.4,8.3,0,1,2.7,10.4,9.96,67.81,0,0
4394,20.134890807516506,0,2.8,4.8,5.5,0.3,69.0,69.6,6.1,0.9,9.9,3.1,1,1,4.8,5.5,7.24,24.4,1,1
4395,24.0,0,3.8,8.8,5.9,1.7,87.3,100.0,3.3,4.4,5.8,4.4,1,1,1.9,2.8,3.01,52.06,2,2
4396,23.0,0,2.6,8.2,3.2,4.1,95.8,70.0,5.7,1.4,6.4,4.4,1,1,1.7,2.1,5.52,57.26,2,2
4397,19.0,0,4.3,6.5,8.6,1.6,82.0,47.8,9.9,3.1,7.2,7.3,1,1,6.6,5.6,6.47,56.8,2,2
4398,17.0,1,4.4,7.5,7.6,6.4,74.5,68.5,7.6,3.6,4.4,4.7,0,1,2.1,8.9,7.2,62.26,2,2
4399,18.0,0,4.7,6.8,8.3,5.7,72.6,100.0,5.8,5.1,7.4,7.7,0,0,5.5,4.7,7.84,69.72,0,0
4400,20.134890807516506,1,7.7,7.8,3.0,3.0,85.0,46.3,10.0,2.5,4.6,8.0,0,1,0.0,5.5447261663286005,4.52,54.19,2,2
4401,17.0,1,3.9,6.5,8.8,2.2,74.4,75.0,4.7,8.3,4.5,5.5,0,0,4.050203624516392,4.5,4.12,46.22,1,1
4402,20.0,1,4.219583121504829,7.6,8.5,2.0,100.0,88.3,6.8,3.7,4.5,6.4,0,1,4.8,3.1,4.91,59.82,2,2
4403,18.0,1,4.7,7.1,5.4,5.9,61.6,54.5,5.3,0.6,1.0,5.7,0,0,5.4,10.0,8.29,51.58,2,2
4404,19.0,0,3.7,6.4,8.2,1.8,78.3,78.4,5.5,2.6,6.4,10.0,1,1,2.8,3.0,4.27,60.52,2,2
4405,25.0,0,4.0,7.2,6.7,4.7,83.5,58.6,6.9,4.7,5.6,3.9,0,0,4.3,5.3,5.68,59.51,2,2
4406,22.0,1,4.1,10.0,2.0,3.0,82.0,52.9,7.3,5.0,5.7,2.7,0,1,4.050203624516392,4.5,7.29,50.29,2,2
4407,24.0,1,4.8,6.1,5.5,4.3,72.7,86.2,5.6,0.7,6.6,1.0,1,0,0.0,4.4,6.38,45.03,1,1
4408,17.0,0,2.3,6.7,4.8,1.5,96.0,100.0,4.2,2.0,5.5,6.5,0,0,3.5,5.3,4.3,63.31,0,0
4409,19.0,0,1.3,6.1,6.2,2.4,88.7,68.0,10.0,4.8,7.1,6.5,1,1,3.1,1.3,7.14,54.8,2,2
4410,20.0,1,5.5,6.3,8.6,3.0,89.6,85.5,6.2,5.5,4.2,3.5,0,0,6.2,5.7,7.91,74.83,0,0
4411,17.0,0,6.0,8.1,1.9,1.9,71.3,83.7,3.7,0.8,3.0,4.3,0,0,3.3,2.2,8.3,75.14,0,0
4412,16.0,0,5.7,7.9,4.9,5.2,74.8,74.2518720906699,3.8,1.3,5.0,8.2,0,1,3.2,5.6,4.72,58.64,2,2
4413,21.0,0,4.5,7.0,3.9,1.6,86.3,62.6,10.0,2.7,5.9,7.8,1,0,2.9,6.1,4.41,77.3,0,0
4414,21.0,1,5.7,8.3,4.1,2.0,65.7,56.8,10.0,3.9,6.2,5.5,1,0,0.0,3.4,7.28,70.89,0,0
4415,19.0,0,5.6,8.0,3.9,5.4,88.7,60.7,6.7,3.1,5.542839731870811,5.0,1,1,3.2,5.8,7.09,56.32,2,2
4416,20.0,0,5.8,6.8,6.2,5.1,78.7,71.8,4.6,6.0,10.0,4.9,2,0,3.5,7.1,6.4,47.56,2,2
4417,19.0,0,2.5,5.0,7.3,5.9,93.8,67.5,6.7,6.4,1.0,6.8,2,0,3.2,3.4,5.35,54.52,2,2
4418,16.0,0,2.0,8.1,6.9,0.0,74.4,54.3,5.3,2.3,6.2,6.8,0,1,3.2,8.8,8.16,56.35,2,2
4419,19.0,2,3.4,7.2,6.5,3.4,100.0,71.3,7.3,4.3,4.6,7.7,0,0,3.6,2.6,7.6,73.03,0,0
4420,18.0,1,4.2,7.0,7.6,3.2,85.3,63.6,6.8,2.3,7.0,7.5,2,0,5.3,1.0,3.31,45.19,1,1
4421,17.0,2,3.7,6.4,12.0,2.0,86.8,85.0,5.9,3.2,6.5,4.3,1,0,7.4,10.8,8.73,62.72,2,2
4422,25.0,0,0.4,8.0,6.3,3.6,71.0,68.0,5.8,1.4,5.0,6.3,1,0,3.6,8.9,7.59,52.78,2,2
4423,21.0,0,7.6,7.5,8.6,2.4,83.3,90.2,5.5,3.7,3.1,7.0,0,0,1.0,6.5,6.49,62.73,2,2
4424,22.0,1,3.7,6.7,8.4,3.3,72.9,79.1,8.1,2.6,4.4,4.8,1,0,4.2,2.2,8.31,58.98,2,2
4425,19.0,1,4.5,5.4,10.4,9.1,60.0,66.1,5.6,3.2,4.8,6.0,0,1,5.6,4.3,7.4,35.62,1,1
4426,19.0,0,6.7,8.4,7.4,3.6,79.81730107309173,72.1,10.0,9.2,5.542839731870811,4.6,0,0,6.5,6.6,3.13,58.94,2,2
4427,18.0,0,0.0,7.8,3.9,3.6,95.1,72.6,10.0,4.2,7.7,4.1,2,0,5.0,2.8,7.1,48.85,2,2
4428,17.0,1,3.2,7.3,6.8,4.5,79.2,78.0,5.2,7.2,8.5,3.3,1,0,1.4,21.4,6.14,37.85,1,1
4429,18.0,0,3.4,3.5,6.6,3.3,76.2,81.5,5.2,2.6,3.9,3.5,2,0,4.9,12.4,7.49,35.48,1,1
4430,23.0,1,3.5,7.0,8.0,1.0,76.0,66.9,5.9,2.0,1.5,5.1,0,1,4.050203624516392,11.2,7.59,55.66,2,2
4431,21.0,2,3.9,6.7,3.8,0.0,100.0,70.7,4.6,2.9,4.2,4.6,0,0,5.2,2.7,5.81,64.9,0,0
4432,20.0,0,7.1,6.2,9.2,2.9,87.9,77.1,7.9,1.0,2.2,7.9,0,0,3.9,10.0,5.73,60.92,2,2
4433,20.0,1,5.5,8.0,6.0,2.5,59.3,21.8,8.6,0.8,6.8,4.4,0,1,5.3,0.8,6.96,40.45,1,1
4434,24.0,0,6.1,7.9,8.1,0.0,72.9,85.0,8.8,0.4,3.9,5.7,0,0,2.3,4.7,5.2,60.73,2,2
4435,17.0,0,4.3,7.6,6.8,5.9,74.8,57.8,5.5,0.8,2.0,6.4,2,0,2.3,8.3,6.59,53.21,2,2
4436,18.0,1,1.4,8.3,6.3,3.2,70.6,69.8,5.5,0.5,2.8,4.1,2,0,0.9,4.9,4.72,39.81,1,1
4437,19.0,0,0.0,5.7,6.6,5.6,80.8,62.8,1.6,1.3,2.4,5.2,1,1,0.0,7.7,5.33,28.19,1,1
4438,22.0,1,1.1,6.4,7.7,0.0,72.5,88.5,4.6,3.6,7.1,1.0,1,1,3.1,1.1,9.15,37.35,1,1
4439,25.0,0,4.9,7.1,10.9,5.6,73.3,93.4,3.9,1.7,3.8,8.4,1,1,2.1,5.4,8.92,54.17,2,2
4440,18.0,1,4.219583121504829,6.2,1.0,2.1,82.0,73.0,3.6,0.8,5.1,6.7,0,1,7.2,2.0,7.09,61.92,2,2
4441,23.0,1,3.8,7.9,7.4,5.3,60.0,73.2,4.9,1.2,5.7,10.0,0,0,7.4,2.7,5.76,55.43,2,2
4442,20.134890807516506,1,3.5,6.3,6.1,3.4,52.0,74.3,5.3,1.0,3.0,5.7,1,0,0.0,4.6,8.39,58.75,2,2
4443,18.0,1,8.2,8.7,5.6,3.8,96.2,74.7,5.9,5.4,2.1,7.4,1,0,8.2,2.4,6.47,76.89,0,0
4444,19.0,0,2.6,5.8,1.0,3.8,90.9,93.0,9.0,4.3,5.0,8.1,0,1,7.4,10.4,5.84,79.81,0,0
4445,19.0,1,6.1,9.8,7.5,2.2,84.8,100.0,8.6,0.6,8.2,6.4,0,0,5.8,7.4,10.0,66.64,0,0
4446,25.0,1,4.2,9.6,5.7,1.8,84.0,71.9,3.5,3.5,4.3,2.7,1,0,9.0,3.2,8.43,57.64,2,2
4447,18.0,0,4.1,6.9,3.9,2.3,77.5,85.2,6.9,2.8,9.7,10.0,0,0,9.1,8.4,7.49,73.94,0,0
4448,23.0,0,6.6,8.5,6.1,0.4,100.0,59.8,4.2,4.3,4.7,5.5,2,0,8.0,3.6,4.99,49.34,2,2
4449,19.0,0,4.219583121504829,6.5,5.3,2.1,82.5,61.4,6.3,4.7,3.2,5.2,0,0,4.1,9.5,5.42,58.51,2,2
4450,22.0,2,3.7,8.3,1.6,1.7,100.0,56.6,8.9,0.4,4.2,6.3,2,0,4.0,2.4,6.99,62.83,2,2
4451,19.0,0,5.8,6.976601980998585,6.2,0.3,100.0,99.1,4.9,6.4,1.0,9.7,2,0,6.4,5.3,7.78,84.23,0,0
4452,21.0,1,4.9,5.3,7.5,3.8,86.0,87.7,3.8,2.2,6.5,7.9,1,1,2.3,7.0,3.49,42.46,1,1
4453,23.0,1,4.2,3.0,4.6,3.0,77.3,68.1,6.1,2.3,4.8,8.0,1,0,3.5,11.2,5.17,27.6,1,1
4454,23.0,2,4.6,6.7,6.7,3.4,80.2,78.8,8.9,3.7,3.8,5.5,1,0,0.0,0.9,7.83,59.8,2,2
4455,23.0,1,2.8,7.4,6.3,4.3,74.8,88.8,10.0,6.8,8.9,9.3,0,0,2.7,1.9,9.57,70.03,0,0
4456,16.0,1,3.6,8.7,8.6,2.6,86.0,96.5,4.6,3.2,4.2,5.5,1,1,4.5,4.6,3.79,50.21,2,2
4457,22.0,1,3.0,7.0,6.047861775435752,1.3,88.8,82.4,6.3,3.1,7.2,3.0,0,1,3.6,11.1,5.26,48.62,2,2
4458,17.0,1,4.219583121504829,8.3,8.0,3.5,64.1,76.7,6.6,3.8,5.2,5.9,2,0,5.1,11.8,6.7,57.83,2,2
4459,19.0,0,4.219583121504829,6.4,5.2,0.0,100.0,98.7,2.9,5.9,7.4,6.0,2,0,9.9,1.3,7.7,71.56,0,0
4460,20.0,0,1.6,6.6,10.9,2.8,69.8,55.1,2.8,5.5,6.2,3.8,0,0,4.7,3.9,5.54,28.19,1,1
4461,19.0,2,2.8,8.4,4.9,4.4,45.1,40.4,6.7,2.3,6.6,4.7,0,0,2.2,2.4,5.34,21.65,1,1
4462,20.0,0,0.0,3.8,4.3,4.9,78.9,97.6,5.2,2.6,4.4,4.5,2,1,1.6,1.1,5.08,21.1,1,1
4463,25.0,1,3.2,7.0,5.7,2.0,65.1,66.9,2.9,1.9,6.0,8.8,1,0,7.3,3.9,4.63,53.63,2,2
4464,17.0,1,4.3,6.5,4.2,0.0,79.3,99.1,7.5,1.4,4.6,5.1,1,1,1.9,1.2,6.39,68.9,0,0
4465,21.0,2,3.9,8.8,2.9,0.0,80.9,100.0,6.1,6.2,2.8,7.4,0,0,5.5,5.6,6.62,83.68,0,0
4466,19.0,1,8.2,6.3,7.8,4.1,85.8,100.0,6.0,8.7,3.2,7.6,1,0,5.9,3.4,4.12,65.49,0,0
4467,17.0,1,5.3,6.976601980998585,1.0,2.4,93.1,20.8,3.6,7.0,4.3,8.0,1,1,6.0,2.2,6.36,69.06,0,0
4468,17.0,0,5.3,8.2,4.2,6.6,66.9,89.4,2.2,6.5,5.9,7.5,2,1,1.6,3.1,7.56,64.71,0,0
4469,24.0,0,0.9,5.1,2.6,0.5,75.3,65.8,4.7,1.1,6.7,6.7,1,0,5.2,4.9,4.42,36.15,1,1
4470,23.0,1,3.5,6.8,6.047861775435752,3.6,88.8,63.3,6.1,0.8,7.7,1.0,0,0,4.3,3.0,7.67,44.66,1,1
4471,24.0,0,3.2,6.4,1.0,6.0,71.5,81.7,4.4,9.4,9.0,2.1,0,0,1.2,5.6,8.06,51.67,2,2
4472,25.0,2,2.6,8.2,7.4,3.4,55.6,63.7,3.6,1.5,4.0,4.1,0,0,1.5,0.7,5.24,33.1,1,1
4473,18.0,1,2.6,7.9,7.6,0.1,88.1,88.5,5.2,1.2,8.5,4.7,0,1,5.6,7.5,8.5,53.0,2,2
4474,19.0,0,0.6,6.7,1.9,8.0,72.7,98.8,6.1,8.9,2.9,4.5,0,0,9.1,4.4,4.31,53.13,2,2
4475,21.0,1,1.6,5.6,6.5,5.8,71.8,71.4,9.1,7.3,5.6,5.957923664122137,0,0,5.1,5.9,7.73,49.91,2,2
4476,20.0,0,5.9,8.3,7.3,2.6,81.6,81.5,6.3,0.6,2.9,6.3,2,0,2.9,11.1,5.36,61.65,2,2
4477,19.0,0,3.9,6.9,8.4,4.5,80.1,66.8,2.8,3.0,3.9,2.7,2,0,0.0,3.9,8.02,41.73,1,1
4478,19.0,2,3.2,4.9,2.3,4.5,93.0,83.4,1.6,4.8,2.4,7.9,0,0,6.2,7.0,7.67,61.53,2,2
4479,21.0,1,4.2,5.0,2.0,4.2,79.81730107309173,100.0,0.6,1.9,5.5,6.7,0,0,5.8,5.4,8.55,48.68,2,2
4480,21.0,1,6.5,7.6,9.8,0.5,100.0,82.4,6.7,2.1,3.6,5.4,0,0,5.8,1.0,7.2,68.81,0,0
4481,18.0,1,4.2,5.3,3.9,3.6,61.6,72.9,3.7,5.7,4.2,6.0,0,1,4.8,8.2,7.8,51.21,2,2
4482,20.0,0,5.3,9.4,4.7,5.6,75.0,98.6,7.1,3.7,4.1,8.6,2,0,5.8,1.8,6.489753023681269,78.12,0,0
4483,20.0,1,2.5,5.8,7.6,3.9,68.7,67.7,8.6,8.7,4.3,6.2,0,0,2.4,3.9,7.72,41.43,1,1
4484,21.0,1,3.0,7.0,3.1,3.7,80.7,68.1,7.3,3.5,7.0,7.3,0,0,9.1,4.4,6.56,65.59,0,0
4485,18.0,1,4.9,7.2,5.3,2.0,80.2,63.0,5.5,3.3,8.1,3.0,0,0,5.5,2.3,7.23,49.17,2,2
4486,22.0,1,8.0,6.1,8.2,1.4,82.2,46.8,10.0,5.8,2.8,5.7,0,1,9.2,4.6,4.54,58.5,2,2
4487,16.0,1,7.1,4.1,2.4,0.2,83.4,59.5,5.0,5.8,5.5,5.0,1,0,4.3,3.7,5.51,40.7,1,1
4488,19.0,0,5.4,7.2,4.7,4.4,97.0,76.0,4.0,4.5,6.1,5.957923664122137,0,1,0.4,8.0,6.27,56.05,2,2
4489,22.0,1,4.5,6.0,3.2,2.6,82.0,79.1,6.7,3.2008618067525094,5.5,5.6,0,0,3.1,4.2,5.47,54.3,2,2
4490,21.0,1,7.0,7.2,4.1,0.6,98.0,57.6,7.7,2.7,10.0,6.6,1,1,4.6,11.1,9.21,58.08,2,2
4491,18.0,0,5.8,6.8,9.0,4.8,57.2,65.8,0.3,2.0,5.0,6.5,0,1,6.9,15.0,7.09,52.45,2,2
4492,22.0,0,0.0,7.3,9.5,1.9,51.6,40.9,8.4,2.6,2.7,6.7,1,1,4.9,3.3,7.57,43.92,1,1
4493,21.0,1,2.1,9.0,6.6,1.5,81.7,100.0,2.4,2.5,4.2,1.0,1,0,1.6,5.2,5.72,42.88,1,1
4494,23.0,1,4.9,6.3,7.3,2.1,84.3,100.0,1.5,2.9,5.9,6.7,2,1,0.5,4.1,7.45,46.13,1,1
4495,22.0,0,0.6,6.4,7.3,2.7,73.1,62.1,5.2,2.2,6.4,7.3,2,0,1.7,1.4,6.58,32.62,1,1
4496,21.0,1,2.4,4.8,4.3,3.8,79.9,77.5,3.7,1.7,4.5,3.4,0,1,6.8,11.7,7.58,33.69,1,1
4497,20.0,0,2.8,6.7,6.6,1.4,94.0,59.2,6.9,3.1,5.9,7.4,2,1,2.8,3.5,5.24,56.04,2,2
4498,17.0,1,3.7,7.5,2.8,4.8,88.7,93.4,6.8,7.9,8.7,8.3,1,0,2.9,6.3,5.79,80.98,0,0
4499,18.0,1,3.6,6.976601980998585,3.6,3.9,75.7,74.2518720906699,6.7,4.9,9.7,6.4,0,0,0.9,6.8,6.01,59.01,2,2
4500,19.0,1,3.6,7.5,5.8,2.1,82.6,51.3,8.7,4.3,8.4,5.5,2,0,6.2,3.2,7.62,60.65,2,2
4501,21.0,0,5.9,6.8,3.3,2.7,89.9,57.5,5.3,1.6,7.9,6.0,1,0,7.1,7.3,3.75,64.72,0,0
4502,20.0,0,3.7,5.3,2.8,2.2,64.0,73.7,6.8,1.3,7.1,3.8,1,1,3.9,4.5,4.22,34.13,1,1
4503,18.0,1,3.4,7.4,4.2,3.03210685483871,69.5,99.9,2.3,2.9,5.1,5.1,0,0,7.4,1.2,8.46,53.33,2,2
4504,16.0,0,1.5,6.7,8.9,5.7,92.0,68.2,8.1,1.8,5.3,6.7,2,0,6.0,3.8,5.48,41.46,1,1
4505,20.0,1,6.2,7.2,9.9,2.2,57.5,98.5,4.9,3.1,7.5,9.1,1,0,5.0,3.8,7.25,49.85,2,2
4506,18.0,1,2.9,6.3,5.9,3.3,65.8,80.6,5.4,1.5,7.5,7.8,1,0,5.5,4.3,7.96,57.59,2,2
4507,22.0,0,2.0,6.1,7.5,1.7,64.2,60.0,5.2,0.6,6.6,1.9,1,1,1.0,4.5,6.33,24.92,1,1
4508,16.0,1,4.6,7.2,4.6,4.0,91.9,67.5,5.8,1.3,7.8,3.8,0,1,5.9,2.9,8.99,53.19,2,2
4509,21.0,0,2.7,6.7,1.0,3.5,65.9,86.4,5.2,3.0,1.4,4.8,0,0,7.6,2.7,7.05,63.44,0,0
4510,24.0,0,3.1,9.2,3.8,5.4,90.3,90.1,1.2,2.4,6.3,7.0,1,0,4.0,14.2,7.82,67.77,0,0
4511,18.0,0,4.7,8.0,5.2,1.5,75.4,91.8,8.7,1.2,2.7,6.1,2,1,2.2,4.6,7.25,63.14,0,0
4512,20.0,0,3.5,7.7,6.4,4.2,100.0,78.9,4.6,4.1,4.9,10.0,0,0,2.8,2.3,6.9,70.49,0,0
4513,17.0,1,8.8,6.8,5.7,5.3,81.7,83.0,5.2,5.2,5.4,7.4,2,0,6.8,8.4,6.9,54.64,2,2
4514,21.0,1,4.1,4.4,5.3,2.2,93.9,100.0,5.6,3.1,4.7,7.0,1,1,4.0,10.2,5.79,52.46,2,2
4515,20.0,1,5.4,6.0,4.6,2.8,86.0,100.0,7.2,1.4,3.7,7.3,1,0,2.9,0.2,7.01,65.49,0,0
4516,19.0,1,0.3,6.2,6.9,3.3,74.1,75.9,4.9,2.8,7.4,6.4,0,0,4.8,1.9,6.29,31.72,1,1
4517,20.0,1,2.5,6.6,2.6,2.6,79.8,43.2,8.3,2.4,6.7,8.6,1,0,4.4,2.3,4.66,66.54,0,0
4518,24.0,1,2.0,7.0,8.0,3.3,79.81730107309173,77.3,10.0,6.0,8.2,5.5,0,0,3.8,7.5,4.86,64.03,0,0
4519,18.0,2,2.3,7.9,4.5,4.2,74.0,77.1,9.6,5.8,4.8,3.5,1,0,5.6,5.6,6.42,65.92,0,0
4520,16.0,1,5.0,7.4,11.2,2.8,91.5,52.3,6.6,4.5,5.2,7.0,2,0,0.5,4.9,6.75,47.93,2,2
4521,23.0,0,6.3,8.5,5.2,2.8,100.0,77.2,4.7,2.3,10.0,8.3,2,1,8.8,1.8,7.45,69.03,0,0
4522,21.0,2,4.219583121504829,6.6,4.8,3.5,81.5,56.2,4.7,0.8,4.7,6.4,0,0,2.8,9.9,7.19,51.9,2,2
4523,24.0,0,3.7,7.3,4.6,2.3,89.3,81.8,5.2,4.9,2.1,5.3,1,1,2.5,0.9,6.17,70.05,0,0
4524,21.0,1,2.9,7.4,4.8,2.4,86.9,85.7,4.1,3.2,7.4,5.957923664122137,1,0,6.6,15.3,7.49,68.1,0,0
4525,23.0,0,6.4,7.3,7.5,1.4,46.1,84.5,6.9,3.4,7.6,3.3,1,1,5.2,18.5,4.97,35.45,1,1
4526,19.0,1,8.3,8.7,5.9,2.9,86.4,92.8,5.5,0.7,8.0,6.0,1,1,6.0,1.6,5.52,54.45,2,2
4527,22.0,1,4.5,8.0,8.5,3.8,85.7,83.4,6.0,2.4,7.9,7.5,0,0,5.5,6.7,8.62,58.88,2,2
4528,24.0,1,6.1,5.3,7.2,2.5,63.8,89.2,5.3,2.5,3.5,5.8,2,0,0.0,8.0,5.33,46.38,1,1
4529,21.0,0,4.9,6.9,6.1,1.6,56.7,98.3,7.0,1.6,7.0,6.2,0,0,1.7,1.7,6.25,58.49,2,2
4530,18.0,1,5.7,7.0,6.9,2.8,85.6,67.0,6.6,2.3,6.6,5.4,0,0,4.2,13.4,5.23,60.14,2,2
4531,18.0,0,1.9,9.8,9.0,3.7,100.0,72.4,5.2,9.3,7.0,7.3,0,0,1.3,3.6,3.87,40.11,1,1
4532,18.0,2,3.2,6.6,7.6,3.2,75.2,68.6,5.7,5.6,5.2,6.5,2,1,4.0,3.0,5.32,43.35,1,1
4533,18.0,1,5.0,5.7,6.7,7.0,75.7,61.6,5.7,2.7,7.8,6.8,0,1,4.5,14.8,8.48,38.1,1,1
4534,19.0,0,6.6,7.6,7.1,1.8,100.0,69.6,7.5,4.4,6.6,4.5,0,0,3.8,0.4,5.52,60.09,2,2
4535,20.0,0,2.6,7.6,6.047861775435752,2.7,91.6,90.0,4.3,6.2,6.3,7.1,0,1,2.4,0.5,6.87,73.67,0,0
4536,21.0,1,0.1,6.9,12.4,4.4,64.2,88.1,5.0,0.3,4.4,2.3,1,1,1.8,3.7,7.24,21.62,1,1
4537,19.0,0,4.219583121504829,6.7,7.3,1.7,70.7,44.5,1.8,0.6,7.3,7.3,0,0,4.8,5.1,6.16,34.48,1,1
4538,21.0,1,6.2,8.2,7.6,6.5,100.0,100.0,3.6,1.0,5.2,10.0,1,0,0.6,1.3,6.46,67.48,0,0
4539,17.0,0,1.0,5.9,5.9,3.0,71.4,90.2,5.5,5.0,6.1,7.1,1,0,4.9,5.7,4.69,49.58,2,2
4540,17.0,1,1.8,6.6,1.0,4.0,73.1,79.1,5.0,1.9,5.3,5.9,2,0,5.2,0.6,7.52,46.28,1,1
4541,18.0,1,4.5,6.3,5.3,3.0,88.7,50.1,1.7,6.0,7.2,7.4,0,0,3.1,3.9,3.77,52.76,2,2
4542,20.0,0,4.0,8.4,6.2,4.8,76.6,53.7,7.2,4.9,5.542839731870811,6.2,1,0,4.9,4.5,7.63,57.5,2,2
4543,18.0,1,5.4,7.4,3.9,1.1,85.8,100.0,4.1,7.4,3.5,9.7,2,0,2.8,3.3,6.92,78.38,0,0
4544,18.0,1,1.7,5.6,3.9,5.8,83.7,93.1,2.4,4.1,7.6,8.7,2,0,4.9,6.0,5.46,45.11,1,1
4545,19.0,1,3.6,5.7,5.2,3.4,78.1,95.3,6.8,2.3,7.3,5.6,2,0,1.8,2.3,7.16,47.03,2,2
4546,23.0,1,6.6,9.4,7.9,4.2,95.7,72.6,7.8,7.8,6.5,3.9,0,0,3.2,8.7,8.4,71.25,0,0
4547,16.0,0,1.8,8.4,9.1,1.7,63.4,98.5,0.6,2.0,6.0,6.5,2,1,4.7,4.6,9.1,53.69,2,2
4548,21.0,0,7.2,8.1,6.4,3.6,81.5,50.3,7.5,2.6,3.7,6.5,0,0,3.7,7.3,4.16,56.59,2,2
4549,21.0,0,2.1,7.0,4.6,1.3,72.5,52.8,5.5,2.7,5.6,6.9,0,0,3.6,7.5,4.45,47.51,2,2
4550,23.0,0,5.9,9.0,5.1,5.1,100.0,93.2,5.4,0.9,4.0,8.4,0,0,7.1,2.1,8.9,77.49,0,0
4551,24.0,1,3.5,5.6,6.2,0.7,77.7,58.5,3.5,4.9,6.6,10.0,1,0,1.6,7.1,5.87,52.09,2,2
4552,16.0,1,1.9,8.0,6.5,3.3,100.0,74.3,5.7,3.7,7.1,5.2,1,0,1.3,1.1,5.23,53.45,2,2
4553,17.0,0,3.2,6.4,7.1,2.3,74.5,43.1,5.8,1.8,8.0,3.0,0,0,5.0,0.7,7.41,34.9,1,1
4554,24.0,0,5.3,6.7,4.9,0.2,81.4,23.8,10.0,1.8,5.8,3.7,1,1,0.6,1.5,8.21,48.98,2,2
4555,20.0,1,4.2,7.9,7.3,1.3,94.1,56.6,7.1,4.1,6.6,4.5,0,0,3.6,9.4,6.45,54.44,2,2
4556,21.0,1,6.4,6.8,7.1,3.8,67.6,68.2,6.0,5.5,4.7,8.3,1,0,4.2,3.4,4.95,61.59,2,2
4557,21.0,0,7.1,6.4,5.0,1.4,99.6,58.4,8.6,5.1,3.0,2.0,0,1,4.8,5.7,5.38,69.86,0,0
4558,21.0,0,1.8,6.4,1.7,1.8,80.3,86.2,7.9,5.3,4.1,6.3,0,0,2.0,1.7,5.97,67.07,0,0
4559,24.0,0,1.7,4.4,3.8,3.7,85.4,93.2,2.8,2.0,6.9,3.3,0,1,3.1,9.3,7.52,32.77,1,1
4560,25.0,1,1.6,8.0,9.9,4.6,87.1,86.0,7.5,6.4,4.9,5.6,2,1,5.3,12.2,4.14,63.2,0,0
4561,22.0,0,2.4,5.7,1.8,4.2,79.0,54.2,6.2,2.3,2.1,4.9,2,1,3.8,1.8,5.16,39.45,1,1
4562,18.0,1,6.4,9.4,9.3,2.9,69.5,84.4,4.5,0.4,5.3,2.1,0,0,4.3,5.1,5.73,37.6,1,1
4563,23.0,1,5.3,6.6,1.7,3.4,81.2,52.9,3.7,1.8,4.8,7.3,1,0,5.7,3.6,5.3,57.85,2,2
4564,16.0,0,3.1,8.7,4.1,3.2,53.9,100.0,5.7,2.2,5.1,3.9,1,1,4.050203624516392,21.5,6.0,50.94,2,2
4565,18.0,1,4.2,4.6,5.1,1.1,79.81730107309173,75.9,6.0,7.6,6.5,6.6,0,0,2.7,6.4,7.43,48.57,2,2
4566,24.0,1,7.0,8.0,10.5,3.5,78.2,59.6,8.5,3.2,10.0,10.0,2,1,3.9,2.5,6.89,52.88,2,2
4567,18.0,2,8.0,8.3,6.1,1.1,100.0,76.0,1.0,1.0,3.0,3.9,2,1,0.0,2.2,5.12,53.12,2,2
4568,18.0,0,4.7,8.7,5.5,4.1,99.7,78.0,3.2,3.1,8.8,7.3,2,0,5.7,3.5,7.37,61.38,2,2
4569,17.0,0,0.0,5.0,3.7,3.2,92.7,87.7,5.991217524197657,2.1,5.7,4.4,0,1,4.2,1.2,8.6,37.88,1,1
4570,23.0,1,4.8,6.1,7.3,0.0,60.0,41.0,5.7,5.7,8.0,2.6,0,0,9.3,3.0,8.18,40.83,1,1
4571,20.0,1,6.1,7.7,4.7,4.8,83.9,62.5,6.2,2.6,6.4,9.6,0,1,2.3,2.1,4.69,45.89,1,1
4572,21.0,2,4.6,7.2,5.4,2.1,68.8,83.7,5.0,3.1,5.6,6.4,0,0,0.0,0.6,5.41,54.67,2,2
4573,18.0,0,5.7,7.4,5.1,1.9,79.1,89.0,6.5,4.9,6.5,6.8,2,0,0.2,0.5,7.7,69.58,0,0
4574,22.0,0,4.9,6.5,7.8,4.7,92.4,100.0,2.5,1.8,2.3,2.9,0,0,3.8,8.5,4.62,53.89,2,2
4575,22.0,1,1.7,9.0,7.9,2.7,88.6,99.8,10.0,6.0,4.4,4.5,0,0,5.4,8.6,6.01,65.44,0,0
4576,19.0,1,2.4,10.0,3.8,4.1,96.7,62.6,6.9,1.0,6.0,5.0,1,0,4.0,2.4,7.85,54.97,2,2
4577,19.0,2,3.6,7.1,4.4,1.8,61.7,100.0,7.0,1.6,2.6,5.9,2,0,5.7,2.6,7.62,78.12,0,0
4578,18.0,0,6.3,7.6,4.2,3.03210685483871,66.7,85.4,3.7,4.1,5.6,7.9,1,1,5.4,3.6,8.18,74.33,0,0
4579,25.0,1,2.7,7.1,6.5,3.4,99.6,99.6,4.7,0.6,3.6,7.1,0,0,4.1,7.9,5.98,66.84,0,0
4580,21.0,1,5.1,8.7,8.3,3.7,99.8,83.4,7.1,5.4,6.5,5.0,0,0,3.4,0.8,9.49,66.52,0,0
4581,24.0,0,4.8,8.1,6.5,2.7,79.8,100.0,5.2,6.0,6.5,4.3,1,1,6.7,4.2,7.05,65.64,0,0
4582,19.0,1,7.4,5.6,1.0,5.9,79.7,94.5,6.6,1.8,8.4,5.1,0,1,1.5,4.0,5.68,60.17,2,2
4583,22.0,1,4.1,6.2,7.9,6.4,95.2,84.9,4.3,0.3,6.3,5.6,0,1,7.6,4.7,5.53,44.15,1,1
4584,22.0,1,0.7,5.7,2.6,0.0,86.9,67.1,3.1,6.1,3.1,5.0,2,0,4.7,1.3,6.86,52.31,2,2
4585,22.0,0,5.5,10.0,4.2,4.7,87.9,67.1,8.4,7.4,4.3,5.5,1,0,0.9,4.3,7.75,66.95,0,0
4586,25.0,1,8.5,7.8,6.5,1.1,68.0,57.9,4.0,2.4,2.7,8.5,1,1,3.9,0.5,6.61,49.33,2,2
4587,19.0,2,5.6,6.2,5.8,3.9,94.9,73.7,8.0,0.3,6.3,4.8,0,0,6.3,11.1,7.66,59.99,2,2
4588,17.0,1,2.6,6.1,8.2,0.0,77.4,94.9,4.2,8.3,4.5,4.1,0,0,5.1,3.7,6.74,48.85,2,2
4589,21.0,0,2.0,8.0,4.5,3.7,61.9,85.5,5.7,4.3,5.5,6.8,1,0,3.7,16.9,7.27,49.81,2,2
4590,22.0,1,2.3,8.2,3.6,1.5,69.8,61.0,5.1,3.1,5.2,4.3,0,0,7.1,6.7,4.43,58.7,2,2
4591,21.0,0,8.2,8.0,5.2,2.2,72.2,92.4,5.5,1.9,2.7,5.5,0,0,6.2,10.3,5.56,61.82,2,2
4592,18.0,2,3.5,6.4,8.4,2.2,99.2,53.8,5.991217524197657,0.7,6.2,3.2,1,0,5.7,16.4,6.04,50.21,2,2
4593,20.0,0,2.9,7.4,7.6,1.7,70.9,81.0,9.6,2.8,7.4,6.2,2,0,3.1,1.1,7.07,50.9,2,2
4594,19.0,0,3.9,7.1,6.2,1.7,85.0,100.0,5.6,5.6,3.9,5.4,1,0,3.3,3.6,6.62,71.24,0,0
4595,19.0,0,3.6,5.8,9.3,2.3,52.6,53.8,6.3,7.7,4.8,4.0,0,1,4.4,1.9,9.4,44.87,1,1
4596,21.0,0,7.3,5.8,8.9,2.7,92.2,78.1,5.4,2.5,7.1,4.8,1,0,4.3,2.6,5.19,51.77,2,2
4597,22.0,0,2.2,7.5,8.0,3.6,69.7,62.4,6.2,4.7,3.9,5.3,0,0,9.5,3.7,7.83,53.12,2,2
4598,18.0,2,6.6,7.3,3.1,6.3,85.1,100.0,4.4,4.2,5.3,10.0,0,0,0.5,1.1,4.31,59.46,2,2
4599,19.0,1,4.4,7.7,8.0,1.3,85.1,100.0,3.7,2.7,6.5,4.9,2,1,3.7,9.7,4.34,64.52,0,0
4600,18.0,2,6.6,8.0,5.5,3.2,88.2,85.0,6.7,2.7,7.6,10.0,1,1,2.2,4.7,4.94,73.09,0,0
4601,18.0,1,7.4,8.9,5.0,4.4,84.3,90.8,6.5,2.7,5.9,6.7,1,0,5.8,14.1,9.64,73.69,0,0
4602,22.0,1,4.4,6.0,4.3,1.7,100.0,99.6,8.5,4.1,3.8,3.4,1,0,4.8,4.2,7.72,80.38,0,0
4603,24.0,1,3.6,7.8,5.6,0.0,82.7,88.8,6.1,2.4,6.1,6.5,1,1,5.2,9.6,10.0,77.76,0,0
4604,19.0,1,4.3,8.0,4.4,0.0,100.0,60.2,5.9,1.7,4.5,6.6,0,1,0.0,12.0,5.8,59.61,2,2
4605,22.0,0,4.0,6.6,6.4,0.0,88.3,67.0,7.1,5.4,5.3,8.5,1,1,4.9,4.3,4.28,62.1,2,2
4606,24.0,0,0.9,7.2,5.6,5.8,83.6,66.9,8.2,4.6,3.1,5.3,2,0,1.7,2.4,7.83,54.66,2,2
4607,23.0,0,7.3,6.6,6.6,4.1,91.6,43.8,5.7,4.2,3.6,8.4,1,0,0.0,2.3,6.489753023681269,60.54,2,2
4608,18.0,0,4.7,9.7,7.4,4.4,82.6,92.6,0.3,3.5,6.8,8.1,1,0,6.8,4.0,7.03,53.66,2,2
4609,20.134890807516506,0,1.9,7.1,5.3,4.8,85.8,52.5,3.7,3.8,6.0,3.5,0,0,4.050203624516392,19.9,5.39,37.99,1,1
4610,19.0,0,0.1,7.6,4.2,2.0,84.5,89.9,8.4,4.3,4.7,3.6,2,0,4.8,5.5447261663286005,4.17,54.77,2,2
4611,19.0,1,0.0,6.7,1.0,7.1,83.2,61.9,9.8,1.0,3.6,2.2,1,0,5.1,3.7,6.59,41.73,1,1
4612,16.0,0,5.7,6.4,7.9,3.6,100.0,71.0,8.9,1.7,8.2,8.0,1,0,1.4,1.1,5.71,57.5,2,2
4613,20.0,0,3.0,5.3,6.2,2.9,100.0,85.0,5.0,1.7,6.6,3.1,1,0,2.4,7.9,5.73,53.75,2,2
4614,17.0,0,3.3,8.4,5.6,5.0,84.3,100.0,5.3,2.1,10.0,8.6,1,0,2.3,1.4,6.25,54.6,2,2
4615,20.134890807516506,0,5.2,8.0,8.9,4.2,96.4,90.7,7.6,1.2,3.7,9.0,1,0,4.2,5.7,6.66,73.8,0,0
4616,20.134890807516506,0,3.2,6.6,2.8,5.4,95.6,72.9,7.3,1.7,2.5,10.0,0,0,0.6,4.8,4.57,68.92,0,0
4617,23.0,1,5.3,5.8,6.1,5.5,94.2,74.4,0.5,0.2,6.3,7.4,0,1,5.8,3.2,6.71,49.03,2,2
4618,23.0,1,4.4,6.976601980998585,3.6,2.4,87.1,53.8,5.991217524197657,0.5,5.2,7.7,1,0,5.4,5.5447261663286005,6.81,72.36,0,0
4619,19.0,0,4.0,6.4,7.6,3.3,88.6,86.5,5.9,4.2,5.1,5.9,1,0,4.0,22.4,7.7,58.01,2,2
4620,23.0,0,1.1,6.7,1.0,1.4,87.4,73.5,3.5,3.3,3.1,2.7,0,0,4.4,8.0,5.74,56.18,2,2
4621,23.0,0,2.6,5.4,8.0,0.1,70.7,58.3,4.7,2.8,5.6,3.5,1,0,7.4,1.0,6.85,37.17,1,1
4622,22.0,1,5.4,7.3,7.9,4.5,79.2,89.0,6.6,1.8,4.2,4.8,1,0,6.2,16.3,4.87,53.11,2,2
4623,17.0,1,2.8,7.3,3.7,4.7,64.4,100.0,5.5,2.3,3.4,7.3,2,1,6.8,23.9,10.0,55.33,2,2
4624,22.0,0,6.6,8.4,6.2,0.0,87.5,71.8,8.1,2.2,4.2,5.0,2,0,6.3,5.4,4.03,65.41,0,0
4625,24.0,1,8.9,6.8,3.7,1.7,85.6,64.9,9.9,4.9,2.2,4.8,0,0,4.4,6.5,4.26,63.71,0,0
4626,22.0,0,5.5,6.6,7.1,3.1,89.1,64.6,8.1,4.0,7.6,9.8,0,1,6.1,8.5,6.12,68.81,0,0
4627,19.0,1,7.2,5.0,8.1,3.3,69.9,82.2,7.0,1.8,5.542839731870811,4.4,0,1,6.5,8.5,5.26,46.02,1,1
4628,20.0,1,5.6,8.4,3.5,6.7,92.5,53.5,5.7,5.9,5.2,3.4,0,1,5.1,11.0,9.47,61.58,2,2
4629,21.0,0,3.1,8.2,2.8,1.9,86.1,76.4,7.8,0.3,8.3,8.1,0,0,0.0,3.2,6.01,68.71,0,0
4630,20.0,1,4.6,7.0,8.7,2.7,100.0,67.7,5.991217524197657,4.2,4.2,8.2,0,0,0.6,25.0,6.34,51.86,2,2
4631,17.0,0,8.2,5.3,10.9,4.2,90.5,84.1,4.8,4.9,3.1,8.3,0,0,6.7,25.0,8.48,49.47,2,2
4632,19.0,0,3.2,5.4,7.2,2.4,72.2,85.5,3.3,2.4,6.7,4.7,0,1,0.0,2.8,4.78,24.74,1,1
4633,23.0,1,2.1,6.3,7.4,2.1,62.4,54.8,2.6,1.3,3.1,4.8,0,0,1.7,3.9,5.89,32.72,1,1
4634,23.0,0,1.9,8.3,5.2,1.9,82.8,87.0,8.8,5.1,1.0,9.3,0,0,0.7,9.3,3.58,78.0,0,0
4635,17.0,0,3.8,6.976601980998585,6.5,3.4,66.6,83.2,6.6,1.0,6.8,5.3,0,1,0.0,8.1,6.28,42.58,1,1
4636,25.0,1,2.2,5.1,6.9,2.7,70.5,71.6,7.2,2.6,6.0,6.4,0,0,4.9,1.5,9.37,52.63,2,2
4637,19.0,1,7.5,7.5,5.5,4.2,67.4,67.3,5.7,4.5,5.542839731870811,9.4,1,0,4.8,1.5,5.95,58.86,2,2
4638,21.0,1,4.6,5.9,9.4,3.6,72.4,67.4,10.0,1.6,2.7,5.957923664122137,1,1,2.6,1.0,8.54,53.8,2,2
4639,22.0,0,6.1,6.3,6.4,0.0,98.9,71.9,9.9,5.7,6.7,4.6,1,0,7.2,5.0,8.88,70.45,0,0
4640,23.0,0,3.6,8.3,6.8,0.0,67.4,58.2,6.0,3.5,4.4,5.4,1,1,0.0,14.8,5.96,40.95,1,1
4641,24.0,0,1.9,8.0,5.6,2.1,74.5,62.7,5.9,0.5,7.2,6.7,1,1,2.7,17.4,5.96,43.5,1,1
4642,19.0,0,1.6,8.4,5.8,4.8,61.4,78.7,5.5,2.1,6.7,3.5,2,0,2.3,7.7,7.63,33.89,1,1
4643,23.0,1,2.4,7.0,9.0,1.8,57.8,64.7,3.5,2.3,3.7,3.4,0,0,8.4,4.7,7.57,42.68,1,1
4644,17.0,0,4.9,8.1,6.4,3.7,76.4,90.8,5.1,2.9,2.6,5.0,2,0,4.1,5.5447261663286005,2.67,64.8,0,0
4645,22.0,0,5.2,6.2,6.4,4.1,82.7,72.6,5.3,2.3,6.4,7.5,0,0,5.0,5.0,8.12,58.99,2,2
4646,22.0,1,5.4,6.7,6.5,4.0,65.0,66.5,1.1,3.7,6.3,7.0,0,0,3.7,6.0,5.44,37.74,1,1
4647,21.0,0,1.2,6.6,5.1,2.0,60.2,81.0,1.0,1.1,6.2,5.2,2,0,2.3,17.1,6.8,29.5,1,1
4648,18.0,0,4.2,7.0,2.5,0.9,55.7,67.7,5.9,1.3,5.5,7.2,0,0,5.6,1.8,7.1,60.79,2,2
4649,23.0,0,2.1,5.3,9.9,0.6,81.9,61.0,7.8,3.2,7.6,3.4,0,1,5.9,2.0,6.16,43.65,1,1
4650,18.0,0,5.0,6.7,8.7,8.3,92.2,68.9,4.3,1.2,10.0,6.1,2,0,8.5,14.3,6.27,49.18,2,2
4651,16.0,1,5.2,8.9,9.1,3.8,61.4,38.2,9.8,2.2,9.2,6.0,0,1,0.0,5.5,7.29,53.51,2,2
4652,22.0,0,1.9,5.6,3.3,6.3,71.6,39.5,5.4,2.3,6.1,8.9,0,0,1.0,10.6,4.13,30.64,1,1
4653,20.0,1,6.1,5.3,9.6,1.5,94.1,58.4,4.1,1.4,7.2,6.8,0,1,2.3,3.0,5.51,34.12,1,1
4654,23.0,0,8.9,5.4,10.9,5.2,77.2,53.5,2.9,1.5,5.0,1.6,1,1,7.7,11.4,4.06,20.59,1,1
4655,19.0,1,5.9,10.0,8.6,2.1,78.7,86.7,6.2,4.4,1.0,3.2,0,0,2.1,1.5,5.75,51.57,2,2
4656,18.0,0,3.9,7.6,10.1,2.9,84.9,97.7,1.6,3.5,8.9,6.8,1,0,4.050203624516392,7.7,6.83,55.03,2,2
4657,23.0,0,3.6,6.6,8.0,2.5,74.2,80.8,5.991217524197657,1.0,4.0,1.7,1,1,0.2,5.5,4.97,37.9,1,1
4658,20.0,0,3.8,7.1,3.9,1.4,69.9,40.9,6.1,6.1,2.6,5.9,1,0,4.8,9.9,8.17,69.28,0,0
4659,18.0,1,2.7,7.3,7.3,1.4,84.0,49.6,2.9,8.5,7.9,4.8,1,1,4.2,13.2,7.32,39.4,1,1
4660,22.0,2,4.7,6.2,3.4,2.9,62.0,81.3,4.9,2.6,10.0,5.9,0,0,1.0,4.6,3.37,44.55,1,1
4661,20.0,0,1.9,6.3,4.5,1.9,59.0,71.9,6.1,6.9,6.6,4.5,1,0,5.0,4.0,8.15,60.08,2,2
4662,21.0,0,0.4,6.8,6.8,3.2,71.0,41.6,3.3,5.1,5.0,8.0,0,0,2.9,4.8,3.8,44.0,1,1
4663,20.0,1,4.6,6.1,6.5,1.5,89.3,59.6,7.4,1.8,7.8,5.1,2,0,5.7,3.8,6.18,50.18,2,2
4664,23.0,0,4.2,6.5,7.2,4.3,95.1,55.7,8.1,8.8,6.3,7.0,0,0,5.8,1.9,5.87,58.59,2,2
4665,23.0,1,3.1,7.5,1.5,2.2,73.8,100.0,3.8,5.6,2.6,7.0,1,1,3.2,8.5,6.489753023681269,79.15,0,0
4666,22.0,0,1.6,5.7,6.047861775435752,3.03210685483871,90.8,87.7,5.6,5.0,3.3,3.3,0,0,4.1,2.2,6.47,47.88,2,2
4667,17.0,1,4.8,10.0,7.4,2.9,98.0,69.8,5.991217524197657,3.6,4.4,6.6,0,1,7.7,0.9,5.8,62.09,2,2
4668,23.0,0,2.2,8.0,7.9,2.8,80.5,79.1,6.8,3.3,6.3,4.7,0,1,2.1,1.1,4.24,43.95,1,1
4669,21.0,0,3.9,5.3,8.0,5.9,88.3,77.6,5.3,7.8,7.3,6.9,2,0,2.8,2.1,10.0,57.79,2,2
4670,22.0,1,7.7,3.8,6.6,2.1,100.0,76.4,4.4,1.7,4.7,3.6,1,0,5.1,2.4,8.77,39.88,1,1
4671,19.0,0,5.5,6.1,5.1,2.3,70.8,100.0,3.7,0.7,7.8,5.3,0,0,5.1,7.4,6.57,51.38,2,2
4672,23.0,0,1.5,7.9,7.3,1.7,76.9,100.0,5.991217524197657,4.5,8.7,6.9,2,0,0.0,6.0,9.33,62.27,2,2
4673,22.0,1,1.7,7.6,5.3,3.4,100.0,100.0,4.7,2.2,5.2,6.7,0,0,2.5,5.5,8.92,57.01,2,2
4674,17.0,1,4.5,6.9,8.3,1.7,67.8,81.0,4.3,1.3,2.4,4.0,2,0,2.7,2.2,5.61,41.31,1,1
4675,19.0,1,1.4,6.2,7.1,4.4,82.0,68.9,8.3,6.0,7.1,6.6,0,0,7.2,9.8,6.52,56.49,2,2
4676,24.0,1,0.2,5.8,5.8,2.9,71.8,52.7,6.3,0.9,9.5,6.9,2,0,4.3,6.6,5.0,22.98,1,1
4677,16.0,1,5.3,6.5,4.1,4.5,97.7,57.1,3.8,0.4,4.5,2.9,1,0,0.0,3.4,5.12,42.81,1,1
4678,25.0,0,4.8,5.7,8.8,4.3,64.6,93.3,5.6,2.3,9.2,2.3,1,1,6.8,9.0,5.32,33.18,1,1
4679,21.0,1,5.1,6.5,7.4,2.1,79.1,52.1,3.9,6.3,4.2,7.3,2,0,6.2,2.7,5.28,50.19,2,2
4680,21.0,0,4.7,8.7,11.3,1.7,66.4,71.8,3.4,2.8,5.2,3.4,2,0,1.5,3.5,4.11,36.05,1,1
4681,18.0,0,4.1,6.0,7.3,2.4,60.9,50.1,4.8,4.6,8.2,6.2,0,0,5.6,8.6,6.46,40.64,1,1
4682,18.0,1,2.9,7.8,7.5,3.0,55.3,73.2,5.5,3.8,4.9,5.6,2,0,3.5,5.5,7.04,51.49,2,2
4683,24.0,0,5.2,8.0,2.3,3.6,77.9,55.9,4.6,0.9,2.5,4.8,0,0,5.7,11.6,6.94,57.97,2,2
4684,19.0,1,7.3,5.6,6.8,3.8,86.3,87.0,7.2,3.3,7.0,9.4,0,1,8.5,2.9,6.92,60.41,2,2
4685,22.0,0,3.2,5.9,5.2,2.9,80.2,70.6,7.4,4.5,2.7,3.7,1,0,4.3,3.8,10.0,66.05,0,0
4686,19.0,1,2.2,8.4,8.1,1.8,83.0,60.4,4.4,5.0,7.6,4.2,2,0,0.0,1.8,6.489753023681269,38.07,1,1
4687,17.0,1,1.9,5.8,6.8,1.9,74.4,57.8,5.6,4.7,7.2,7.4,2,0,1.7,7.4,6.45,43.69,1,1
4688,16.0,0,2.5,6.9,8.5,3.9,92.8,77.4,5.0,7.9,8.8,6.7,0,0,3.0,5.9,5.84,57.36,2,2
4689,20.0,2,4.6,9.7,11.3,1.8,89.5,75.9,3.8,1.7,3.5,6.3,0,0,3.8,3.4,7.12,55.53,2,2
4690,25.0,1,0.0,8.3,4.0,4.0,81.6,65.1,6.3,4.2,3.6,6.6,2,0,2.0,10.0,7.92,47.68,2,2
4691,19.0,0,5.1,7.1,8.4,4.1,82.7,69.3,1.9,0.5,5.5,4.7,1,0,3.8,2.9,5.46,42.02,1,1
4692,19.0,1,5.5,8.1,7.7,5.8,73.9,66.1,3.9,2.7,4.6,3.7,1,1,0.7,6.2,5.79,44.17,1,1
4693,19.0,0,0.6,6.9,10.9,2.1,100.0,35.8,3.4,1.8,1.9,9.4,0,1,2.6,7.2,4.82,57.06,2,2
4694,20.0,0,2.2,8.3,6.047861775435752,2.4,90.5,74.3,4.0,4.2,4.9,3.5,0,0,4.050203624516392,0.9,5.12,51.31,2,2
4695,20.0,1,4.4,4.3,7.5,0.0,78.7,47.0,3.6,0.8,5.6,1.6,1,0,5.6,3.8,5.6,22.43,1,1
4696,23.0,1,3.9,6.8,8.1,1.3,77.8,59.0,2.4,5.2,6.6,4.4,1,0,0.0,4.5,3.7,48.5,2,2
4697,20.0,1,5.2,4.3,8.3,1.3,74.9,80.8,5.4,2.1,6.0,7.8,1,1,1.1,6.8,8.48,59.48,2,2
4698,20.0,1,3.9,7.2,9.6,3.9,76.1,70.7,5.2,6.7,5.0,1.6,2,0,3.2,6.1,6.38,43.38,1,1
4699,17.0,1,6.7,6.7,4.0,6.3,83.2,100.0,6.0,0.9,9.0,4.1,0,1,1.8,6.3,5.77,46.64,1,1
4700,25.0,0,3.6,8.8,5.0,4.0,57.8,60.6,6.5,4.3,4.7,8.0,0,0,4.3,3.4,7.07,63.65,0,0
4701,18.0,2,2.2,7.9,10.3,4.8,76.8,67.6,6.9,3.5,4.1,3.2,0,1,7.8,4.1,7.71,59.48,2,2
4702,17.0,1,2.1,6.3,1.1,1.7,78.3,77.9,4.2,1.5,5.1,6.4,2,0,0.9,8.5,6.87,49.86,2,2
4703,21.0,0,5.7,6.5,5.8,0.8,79.9,74.3,6.1,2.8,6.8,6.0,1,0,0.5,4.0,5.02,51.42,2,2
4704,21.0,0,4.3,7.5,6.4,2.6,82.3,93.9,5.4,0.6,4.5,6.1,1,0,3.8,1.2,6.89,60.46,2,2
4705,20.134890807516506,0,5.5,6.3,5.6,1.9,80.4,86.5,5.8,2.6,6.7,7.4,0,1,2.3,4.5,5.98,61.94,2,2
4706,19.0,0,5.4,7.0,10.0,1.5,85.3,100.0,5.0,3.4,6.7,3.2,0,0,3.7,5.8,6.0,51.5,2,2
4707,22.0,0,0.2,8.7,7.2,3.4,78.2,45.9,4.2,6.9,4.1,8.0,0,1,6.6,6.9,4.11,36.98,1,1
4708,18.0,1,1.9,5.9,5.0,0.9,79.81730107309173,89.2,5.5,1.9,4.5,3.4,0,0,5.7,6.0,6.97,51.06,2,2
4709,23.0,1,2.2,6.4,4.4,4.5,88.6,57.3,5.0,5.6,9.6,4.9,1,1,1.8,15.9,5.82,34.61,1,1
4710,21.0,1,2.6,6.6,6.7,2.3,100.0,83.0,6.7,6.8,5.8,5.2,2,0,2.9,6.9,5.28,66.98,0,0
4711,19.0,1,3.4,10.0,8.9,2.9,89.1,70.6,8.1,1.2,1.0,6.9,1,0,0.4,4.2,5.25,50.91,2,2
4712,20.0,1,6.2,7.8,6.3,3.2,70.3,62.6,3.9,2.3,3.9,2.5,0,0,0.0,4.0,6.5,48.21,2,2
4713,18.0,0,6.6,8.5,5.7,2.2,78.0,96.1,4.8,4.8,6.8,9.6,1,0,0.0,2.4,5.7,71.32,0,0
4714,22.0,1,3.6,8.0,4.3,5.3,73.4,44.8,10.0,3.6,5.4,5.4,1,1,0.0,2.4,4.62,60.9,2,2
4715,20.0,0,3.7,8.1,6.9,0.1,80.1,100.0,2.0,5.1,5.5,7.7,1,1,2.3,2.2,7.31,62.57,2,2
4716,19.0,1,4.219583121504829,7.6,6.8,5.3,94.3,86.4,2.5,3.6,7.1,3.3,1,0,4.4,4.8,3.57,43.12,1,1
4717,21.0,0,4.219583121504829,7.5,4.2,2.4,79.81730107309173,78.0,8.3,2.8,3.7,4.8,0,1,4.7,14.6,8.97,63.75,0,0
4718,25.0,0,4.6,5.1,8.6,4.7,72.6,72.3,10.0,1.2,5.8,1.0,0,0,3.6,10.7,8.84,49.34,2,2
4719,20.0,1,5.8,7.5,10.3,3.4,86.7,68.3,9.2,1.1,5.1,7.8,1,1,5.2,14.1,6.92,62.86,2,2
4720,24.0,1,5.8,6.9,6.1,4.5,69.4,83.4,6.7,10.9,6.0,3.7,1,1,4.050203624516392,3.4,6.72,60.52,2,2
4721,20.134890807516506,0,0.0,7.7,6.8,2.8,68.6,49.9,5.1,0.7,4.7,3.4,1,1,5.2,6.6,6.1,27.78,1,1
4722,16.0,1,3.9,6.9,3.2,3.4,85.0,19.7,5.4,2.2,4.8,7.2,0,1,4.050203624516392,1.0,7.48,53.65,2,2
4723,18.0,1,7.0,8.0,7.8,5.0,56.7,76.5,6.9,1.9,6.5,1.0,1,0,6.3,0.8,8.65,59.34,2,2
4724,19.0,1,3.3,8.2,7.2,3.2,73.7,61.6,8.1,1.5,3.5,5.5,1,0,3.8,3.8,5.77,58.56,2,2
4725,18.0,0,6.5,3.2,5.2,5.4,91.1,58.5,7.2,2.5,4.2,9.9,0,0,4.3,5.1,3.24,25.97,1,1
4726,16.0,0,3.6,6.4,4.1,3.6,56.2,46.6,1.6,1.0,9.0,5.957923664122137,1,1,5.5,12.1,4.45,23.14,1,1
4727,24.0,0,4.5,4.6,10.6,1.7,57.1,96.7,3.4,2.8,6.6,4.0,0,0,0.0,4.5,6.24,23.73,1,1
4728,23.0,0,1.9,7.3,7.0,2.4,61.4,100.0,6.6,3.9,7.4,8.0,0,0,4.5,5.4,8.69,68.36,0,0
4729,22.0,0,2.0,6.6,3.7,4.6,44.5,74.1,3.0,7.6,5.6,3.4,2,0,2.2,6.3,4.66,23.24,1,1
4730,18.0,0,5.7,8.8,8.1,0.8,100.0,72.2,1.8,7.8,5.8,9.1,1,0,2.9,9.0,7.08,62.43,2,2
4731,17.0,2,6.0,7.3,6.6,4.4,81.6,82.6,7.9,9.9,3.7,8.4,2,0,2.8,0.3,5.24,66.53,0,0
4732,16.0,1,4.3,6.4,6.1,2.3,71.3,81.5,6.6,5.7,6.1,7.1,2,0,4.3,3.1,6.93,63.12,0,0
4733,22.0,1,1.7,8.2,8.4,0.7,63.2,65.6,9.4,4.1,6.1,3.9,1,0,6.4,11.3,8.06,55.07,2,2
4734,24.0,0,4.3,6.6,1.0,3.4,100.0,96.8,8.1,0.8,7.4,5.8,0,1,5.6,10.4,9.19,81.13,0,0
4735,20.0,0,6.7,6.4,1.5,1.7,88.5,95.4,4.6,5.7,4.9,5.4,0,1,6.8,4.3,7.54,76.08,0,0
4736,17.0,1,7.7,7.5,9.4,2.0,78.3,88.4,6.5,2.3,5.5,6.2,1,0,3.1,1.8,7.36,54.41,2,2
4737,20.0,1,3.6,9.1,5.7,1.9,95.9,100.0,4.3,1.7,10.0,6.7,0,1,9.2,2.7,6.29,60.11,2,2
4738,19.0,0,0.9,8.1,4.9,3.2,85.1,88.9,2.5,0.5,5.6,4.8,0,0,7.8,7.8,7.22,59.03,2,2
4739,19.0,0,5.9,7.7,2.7,2.3,73.5,63.2,8.6,2.9,3.7,4.8,0,1,4.4,4.6,6.72,68.43,0,0
4740,21.0,1,3.6,10.0,6.5,3.7,72.1,76.4,5.6,1.0,6.7,7.6,1,0,2.8,1.9,4.5,50.53,2,2
4741,22.0,0,6.1,6.0,6.8,4.8,72.3,91.9,9.0,0.8,5.8,10.0,0,1,4.050203624516392,7.8,8.12,81.29,0,0
4742,17.0,0,4.8,6.0,9.6,4.0,66.8,56.1,6.2,2.8,3.6,3.3,0,0,0.0,15.2,8.14,48.94,2,2
4743,16.0,0,2.4,7.2,6.9,6.2,94.5,70.1,6.6,2.6,6.4,7.7,1,0,3.3,1.6,6.489753023681269,64.88,0,0
4744,25.0,1,4.3,9.0,5.2,6.7,73.3,46.5,7.3,2.8,7.7,7.2,1,0,3.3,1.0,7.8,56.42,2,2
4745,18.0,1,6.8,5.8,7.0,2.5,97.6,100.0,5.6,3.6,4.0,7.0,1,0,6.0,2.4,4.32,59.98,2,2
4746,16.0,1,3.9,9.3,8.8,0.9,69.2,82.3,5.5,1.6,8.3,6.5,0,1,0.0,1.0,8.21,44.93,1,1
4747,18.0,1,2.1,5.1,8.2,2.5,72.2,85.7,6.5,0.9,4.1,4.8,1,1,6.3,6.0,8.14,45.7,1,1
4748,16.0,0,1.0,6.8,7.6,3.2,74.1,47.8,8.7,1.9,3.7,6.3,0,0,8.7,19.4,4.04,46.46,1,1
4749,19.0,1,2.7,7.2,6.7,7.0,68.3,95.0,7.1,6.9,5.8,5.4,1,1,4.5,11.3,6.41,52.4,2,2
4750,23.0,2,3.4,5.9,4.5,2.3,72.4,80.6,6.0,1.0,7.1,7.2,0,1,1.9,7.2,5.77,54.47,2,2
4751,19.0,1,5.8,6.2,3.4,3.5,87.2,42.6,5.1,2.1,7.4,7.0,0,0,7.6,5.1,7.13,62.09,2,2
4752,20.0,1,2.0,8.0,3.0,1.8,95.6,83.2,5.7,1.6,6.2,1.0,1,1,3.6,3.5,7.59,44.87,1,1
4753,21.0,0,7.3,8.9,7.0,2.4,83.9,57.4,4.1,4.2,3.0,6.4,0,0,0.6,5.0,6.03,63.7,0,0
4754,20.0,0,1.5,4.3,7.2,0.8,64.5,76.0,3.8,0.8,3.6,6.5,1,1,3.6,2.7,4.02,17.97,1,1
4755,23.0,1,8.9,7.2,8.7,0.4,72.2,88.5,5.5,4.5,4.8,8.3,0,0,2.3,7.5,5.28,62.02,2,2
4756,23.0,0,7.7,6.9,7.4,5.4,72.5,78.5,6.0,3.1,6.7,6.0,0,0,6.3,5.5447261663286005,4.63,48.67,2,2
4757,16.0,0,4.5,7.1,8.6,4.9,100.0,41.8,7.6,4.1,4.6,5.1,2,1,3.0,6.8,3.37,54.92,2,2
4758,22.0,0,0.9,6.6,5.7,2.3,92.8,79.8,3.5,1.4,7.7,8.1,1,1,2.2,4.9,6.09,44.53,1,1
4759,20.0,0,4.1,5.3,7.9,4.9,95.8,90.3,6.0,3.0,9.7,4.4,0,0,0.9,3.3,3.68,40.9,1,1
4760,25.0,1,3.4,9.0,3.5,0.6,70.8,71.4,6.9,4.5,3.4,2.6,2,0,2.3,8.6,8.23,58.11,2,2
4761,20.0,0,1.7,8.5,5.8,2.7,63.4,84.3,3.8,5.2,5.6,7.4,1,0,3.3,1.5,6.58,52.63,2,2
4762,25.0,0,4.8,6.9,1.4,3.3,87.5,84.6,5.0,0.3,6.8,8.9,2,0,5.6,3.2,7.83,64.77,0,0
4763,22.0,1,2.6,6.4,6.1,5.3,74.0,38.6,7.7,3.3,7.3,5.957923664122137,1,1,0.2,2.2,5.8,22.24,1,1
4764,18.0,1,2.8,6.2,9.1,3.4,83.8,97.5,5.9,1.6,6.0,4.4,0,1,0.0,0.5,4.9,44.04,1,1
4765,20.0,0,3.8,3.6,6.2,4.0,85.4,64.9,1.6,2.8,5.3,8.7,1,1,5.5,2.4,5.69,22.4,1,1
4766,25.0,1,3.1,7.5,7.8,2.2,74.9,62.0,7.7,2.9,2.1,7.1,0,1,2.2,4.7,7.67,54.21,2,2
4767,23.0,1,8.4,8.0,6.7,3.5,93.1,62.5,6.2,2.1,4.6,5.4,0,0,7.6,9.1,6.6,54.81,2,2
4768,17.0,2,3.1,7.2,4.6,5.3,61.0,97.1,2.5,6.6,6.8,6.6,0,0,2.0,6.9,9.01,59.57,2,2
4769,22.0,1,5.1,6.9,5.5,0.1,81.4,100.0,4.1,5.6,8.5,3.8,1,0,4.4,5.0,6.26,69.4,0,0
4770,19.0,1,4.5,7.2,8.9,5.0,88.8,83.5,5.7,7.6,3.0,6.7,2,1,2.6,7.9,8.13,65.68,0,0
4771,16.0,0,4.9,5.9,7.8,2.6,100.0,66.3,6.7,0.9,8.3,1.7,0,1,2.8,4.7,6.57,38.83,1,1
4772,19.0,0,5.1,6.4,4.5,0.5,81.8,100.0,8.3,1.6,7.7,4.1,1,0,0.7,0.6,7.4,68.24,0,0
4773,18.0,1,6.0,6.8,2.5,2.5,96.3,74.7,4.0,0.8,5.9,5.6,2,0,7.4,1.5,5.98,57.55,2,2
4774,23.0,0,4.7,7.9,6.5,5.3,95.5,63.3,5.0,4.1,3.8,6.3,0,1,4.3,1.3,7.66,58.68,2,2
4775,19.0,0,4.6,8.8,4.5,2.1,100.0,93.4,7.9,1.0,8.6,5.1,0,0,4.8,2.2,4.88,74.24,0,0
4776,23.0,0,4.3,6.7,5.6,3.5,84.2,72.8,8.3,3.1,5.3,8.1,0,0,7.5,6.0,9.13,75.18,0,0
4777,16.0,1,3.9,5.6,2.4,0.1,100.0,100.0,5.3,1.9,6.5,6.4,0,1,6.4,3.4,5.79,67.02,0,0
4778,19.0,1,2.4,7.0,8.6,0.0,90.5,59.8,4.8,1.8,3.7,5.0,1,0,4.3,9.3,7.77,55.86,2,2
4779,18.0,1,4.1,9.6,5.8,1.1,60.1,71.7,7.1,0.4,2.3,5.5,1,0,1.5,5.6,5.43,44.72,1,1
4780,18.0,0,4.7,5.8,6.1,4.8,80.4,100.0,1.4,11.3,7.0,7.4,1,0,0.0,6.3,4.49,46.22,1,1
4781,16.0,0,5.0,8.2,3.9,2.9,68.1,83.8,6.0,2.8,6.4,6.9,1,1,6.5,7.8,5.21,66.66,0,0
4782,18.0,2,4.6,8.7,5.3,5.0,99.9,69.7,5.9,1.8,6.5,5.3,1,0,5.4,3.0,7.35,66.47,0,0
4783,20.0,0,3.7,6.5,6.3,5.1,82.2,58.4,5.0,5.2,3.1,9.2,1,0,3.2,7.4,5.09,64.69,0,0
4784,19.0,0,4.1,6.1,4.5,1.6,62.8,54.6,7.0,8.4,7.2,3.9,2,0,8.6,1.8,7.66,46.15,1,1
4785,19.0,1,3.1,7.7,5.5,5.8,91.5,51.7,8.4,7.3,7.1,9.3,1,0,0.0,4.9,6.15,60.13,2,2
4786,19.0,0,4.8,7.5,9.5,2.0,97.2,92.5,3.9,9.6,10.0,2.8,0,0,5.0,6.7,6.55,64.67,0,0
4787,23.0,0,3.8,7.9,1.6,4.8,74.8,89.1,4.4,3.5,4.9,3.3,0,0,1.2,10.2,8.94,66.61,0,0
4788,24.0,0,4.6,9.7,6.5,4.7,74.2,84.4,7.5,6.5,1.7,3.5,2,0,5.2,6.6,7.81,64.88,0,0
4789,20.0,1,6.2,7.2,4.0,3.1,82.6,55.1,2.8,2.5,4.5,8.6,0,0,5.3,4.9,3.99,61.18,2,2
4790,19.0,0,2.8,5.5,9.3,3.1,56.5,69.8,4.8,6.8,4.6,4.7,0,1,6.0,5.5447261663286005,5.53,36.48,1,1
4791,17.0,1,5.4,7.1,5.5,3.6,89.2,80.9,10.0,6.2,5.7,5.3,0,0,0.0,4.9,7.44,75.46,0,0
4792,25.0,1,4.3,7.3,3.4,3.2,100.0,97.7,6.4,3.0,7.0,2.9,1,0,6.2,2.1,7.99,72.5,0,0
4793,16.0,0,8.2,8.6,5.5,2.3,71.5,81.5,5.4,0.8,4.3,4.9,0,0,3.2,6.2,3.61,42.39,1,1
4794,19.0,0,3.8,6.7,6.9,2.1,100.0,77.4,2.2,2.0,7.8,5.5,1,0,3.3,13.8,6.57,50.68,2,2
4795,19.0,1,5.6,6.5,12.9,2.3,92.9,58.3,0.7,3.5,5.5,7.3,0,0,6.5,0.9,6.02,43.42,1,1
4796,19.0,0,4.2,5.2,1.0,5.2,79.0,91.2,8.3,1.5,1.0,6.8,0,0,7.7,11.8,6.24,58.58,2,2
4797,18.0,1,1.4,7.7,3.0,0.1,88.3,70.0,3.4,4.8,5.4,4.5,0,0,3.7,4.5,5.76,54.34,2,2
4798,22.0,1,3.2,10.0,9.3,2.1,100.0,49.6,6.1,3.3,5.542839731870811,3.0,2,0,2.2,8.0,6.25,54.55,2,2
4799,17.0,1,6.0,6.7,2.2,2.4,81.8,59.1,8.8,2.6,5.8,5.4,2,1,1.1,8.3,8.73,58.6,2,2
4800,21.0,0,3.3,7.6,6.0,2.6,85.1,87.3,4.9,1.7,7.8,10.0,1,1,1.8,1.1,4.25,65.09,0,0
4801,17.0,2,0.0,6.3,4.8,3.5,73.0,87.9,5.0,0.8,2.9,6.7,1,0,4.1,3.6,7.49,51.84,2,2
4802,17.0,0,4.1,5.3,4.4,0.6,78.4,26.7,7.5,1.6,5.1,3.6,2,0,2.2,16.8,7.25,40.69,1,1
4803,24.0,2,2.0,7.6,5.6,4.8,89.1,73.4,9.0,0.3,9.1,2.6,2,0,6.5,6.1,6.31,47.66,2,2
4804,18.0,1,4.5,7.0,5.2,4.6,77.7,51.7,7.9,1.8,4.6,3.8,1,1,5.3,6.7,7.92,49.26,2,2
4805,23.0,1,7.3,3.9,8.6,4.2,73.5,82.1,9.2,4.8,4.1,5.3,2,0,4.7,8.2,2.7,31.0,1,1
4806,20.0,0,5.7,9.1,9.3,2.6,95.0,85.6,0.9,4.8,9.6,8.7,0,1,3.8,7.0,6.98,59.16,2,2
4807,17.0,1,7.3,7.5,7.1,1.7,86.3,55.7,6.9,2.6,6.6,1.0,1,0,2.8,5.8,9.36,53.18,2,2
4808,25.0,0,3.1,7.1,5.4,2.4,73.8,75.2,8.8,4.0,8.6,6.6,1,0,2.2,3.0,7.79,59.14,2,2
4809,18.0,0,3.9,6.5,6.6,3.1,100.0,90.0,7.0,2.2,4.0,3.9,1,0,1.0,16.9,8.0,60.52,2,2
4810,23.0,2,2.1,7.5,8.0,4.2,100.0,93.4,5.7,1.1,4.6,7.5,0,0,0.5,13.9,5.26,59.66,2,2
4811,18.0,1,2.8,7.6,8.5,2.9,93.2,59.8,3.3,4.3,3.3,6.5,0,1,3.3,2.3,6.97,52.23,2,2
4812,23.0,0,2.3,7.5,6.9,3.6,64.5,94.4,4.4,2.2,6.6,10.0,0,1,2.7,5.5447261663286005,7.58,58.19,2,2
4813,16.0,0,1.6,8.4,9.8,2.2,85.3,79.6,9.3,3.6,4.0,6.3,1,0,4.3,9.7,5.47,63.71,0,0
4814,20.0,1,6.9,8.7,4.5,3.5,87.7,66.1,5.9,3.7,3.5,9.5,1,0,2.6,15.9,6.13,70.27,0,0
4815,22.0,0,0.0,9.6,8.8,2.6,59.4,73.4,4.6,0.6,5.8,4.1,0,1,3.7,6.5,6.35,21.6,1,1
4816,24.0,1,6.9,5.9,7.8,3.5,95.5,89.4,2.6,0.5,6.3,5.3,1,1,3.4,4.9,4.05,38.76,1,1
4817,24.0,1,6.7,6.3,4.5,0.0,82.7,89.1,7.0,0.1,5.542839731870811,1.7,0,0,2.3,6.9,6.32,58.86,2,2
4818,23.0,1,5.2,7.5,6.6,3.9,94.6,91.3,4.2,3.7,5.8,6.3,0,0,8.8,6.1,6.53,68.38,0,0
4819,24.0,1,2.0,6.0,6.8,4.0,76.0,62.9,5.9,1.6,8.9,5.4,0,0,5.8,3.7,4.96,29.99,1,1
4820,18.0,0,1.0,6.2,5.6,4.0,86.3,79.0,9.8,5.5,7.8,6.9,2,0,2.6,5.4,7.25,52.62,2,2
4821,18.0,1,3.1,7.6,5.6,1.2,86.9,70.7,7.8,5.1,5.4,5.6,2,1,1.8,1.8,5.0,74.21,0,0
4822,18.0,1,5.5,8.2,2.2,1.7,82.5,78.8,8.9,2.7,6.9,9.1,1,0,2.3,4.4,6.57,79.1,0,0
4823,19.0,1,4.2,8.7,4.3,1.4,86.4,65.9,6.3,3.9,7.4,5.5,1,1,6.2,1.8,3.36,52.98,2,2
4824,19.0,1,2.1,6.7,5.4,3.6,78.2,100.0,7.6,2.7,6.2,7.2,0,0,5.4,4.1,8.4,69.27,0,0
4825,20.0,1,6.5,7.6,4.6,4.2,64.6,74.7,8.9,4.1,3.8,9.6,0,0,2.5,8.9,8.23,74.48,0,0
4826,20.134890807516506,1,7.6,7.3,3.9,1.7,53.5,72.5,4.2,4.3,1.5,9.9,2,0,2.9,15.3,6.63,70.49,0,0
4827,22.0,0,3.7,7.0,8.7,5.4,72.0,83.0,5.9,2.4,9.5,6.9,0,0,0.0,1.6,5.44,54.16,2,2
4828,18.0,0,4.4,5.9,5.7,5.3,90.3,95.0,4.5,3.0,5.6,6.3,0,0,6.8,6.7,7.9,66.0,0,0
4829,19.0,0,1.2,5.8,6.047861775435752,3.2,66.5,75.8,4.7,1.0,6.5,6.9,1,0,3.2,1.9,6.68,32.31,1,1
4830,20.0,0,3.4,7.9,6.6,3.7,93.8,69.4,5.7,4.2,3.6,9.6,0,1,5.5,6.1,5.32,71.66,0,0
4831,23.0,1,5.2,5.9,8.6,0.0,98.1,91.0,3.9,2.5,5.0,6.2,2,1,0.3,15.4,2.42,47.96,2,2
4832,22.0,0,4.9,4.7,5.5,2.0,86.1,100.0,5.2,3.2,3.8,6.3,0,0,5.0,6.0,5.19,59.25,2,2
4833,21.0,0,3.2,7.0,4.3,0.7,77.8,100.0,7.5,2.4,3.3,4.2,0,0,7.6,0.7,6.09,66.69,0,0
4834,17.0,1,3.7,8.9,6.7,1.4,93.3,57.3,5.8,2.1,6.2,4.3,2,0,3.9,9.8,6.17,49.36,2,2
4835,20.0,0,3.3,3.4,9.2,3.9,95.0,88.9,4.3,4.0,6.2,7.3,2,0,5.7,5.1,7.59,41.14,1,1
4836,17.0,1,3.6,6.6,5.8,4.4,77.1,73.7,7.7,5.2,5.8,4.0,2,0,9.2,0.9,7.73,68.97,0,0
4837,19.0,1,5.0,7.9,7.1,4.4,81.1,97.9,4.0,2.7,5.7,6.7,0,0,2.8,7.6,7.91,69.55,0,0
4838,19.0,0,0.3,4.6,6.6,3.4,69.4,100.0,3.6,0.7,6.7,5.4,0,0,5.3,1.5,5.57,18.26,1,1
4839,16.0,1,4.1,6.7,5.8,3.9,83.7,32.3,8.6,3.6,1.0,4.6,1,1,0.4,5.9,8.37,55.82,2,2
4840,18.0,1,4.9,5.5,5.9,0.1,53.1,75.2,7.9,2.7,5.542839731870811,4.1,0,1,5.7,2.2,6.32,41.78,1,1
4841,25.0,1,3.1,5.7,3.5,0.7,76.2,66.8,5.3,3.1,10.0,10.0,1,0,7.3,6.8,9.29,55.48,2,2
4842,25.0,1,4.219583121504829,6.5,6.0,2.6,68.9,62.2,10.0,1.3,2.3,7.2,1,0,5.6,11.1,3.59,56.25,2,2
4843,19.0,1,3.3,5.5,7.6,4.1,78.9,58.4,4.8,13.0,1.3,3.0,1,1,2.7,2.8,3.75,45.23,1,1
4844,16.0,0,3.2,5.4,6.7,2.2,69.7,67.0,7.5,6.9,1.8,10.0,0,0,7.1,8.2,4.99,60.42,2,2
4845,18.0,0,4.2,6.9,6.5,0.6,55.1,69.8,2.5,1.3,7.7,6.3,2,0,7.3,10.1,5.39,39.58,1,1
4846,19.0,0,4.5,9.9,7.8,1.8,71.5,68.7,3.8,2.0,2.9,4.4,0,0,5.8,4.1,7.42,51.39,2,2
4847,24.0,1,0.0,8.0,6.5,1.3,73.8,38.6,8.3,5.8,5.9,5.6,0,1,2.3,5.3,4.32,35.49,1,1
4848,17.0,2,5.5,8.3,6.0,0.0,93.8,77.3,9.1,6.9,6.6,9.5,2,0,2.8,8.2,7.14,86.97,0,0
4849,22.0,0,3.6,8.0,7.8,7.0,71.7,94.0,5.7,2.4,5.1,4.4,2,0,4.5,4.6,7.64,60.91,2,2
4850,17.0,1,8.1,6.1,6.3,3.03210685483871,69.0,65.0,10.0,1.2,4.4,5.1,0,0,8.3,5.5447261663286005,8.48,58.16,2,2
4851,20.134890807516506,0,1.8,7.4,5.4,0.0,64.5,45.4,8.9,3.8,4.8,7.2,1,0,3.9,4.1,5.8,63.55,0,0
4852,19.0,0,2.5,8.4,7.2,0.0,94.9,76.7,4.5,0.6,2.6,5.5,0,1,4.3,4.9,6.67,56.7,2,2
4853,22.0,0,3.8,8.1,5.9,1.5,77.1,94.1,5.2,1.1,7.3,9.0,2,0,1.7,15.8,4.83,52.04,2,2
4854,19.0,1,5.0,7.3,5.3,0.3,83.5,77.8,3.0,3.2008618067525094,7.9,4.3,0,0,3.4,9.6,9.05,55.51,2,2
4855,21.0,1,0.3,7.7,6.4,7.3,59.9,61.9,5.0,4.0,5.9,4.5,0,1,1.9,5.9,4.47,28.15,1,1
4856,18.0,0,2.5,10.0,6.4,1.6,57.2,56.1,6.5,1.3,3.6,5.2,1,1,6.2,4.3,8.97,40.42,1,1
4857,17.0,0,5.4,8.1,3.2,3.7,68.3,87.7,6.1,7.0,5.4,5.4,2,0,3.8,4.8,5.73,71.18,0,0
4858,24.0,0,2.3,6.6,6.8,2.1,100.0,70.8,6.1,1.8,5.1,6.8,0,1,5.2,2.4,7.52,57.45,2,2
4859,24.0,0,6.9,6.9,10.6,0.9,65.8,65.7,8.2,3.3,4.2,5.6,0,0,3.7,2.3,6.04,49.06,2,2
4860,24.0,0,3.3,5.6,3.6,4.9,71.9,64.1,6.4,2.6,5.6,4.4,0,1,2.7,2.2,5.29,47.47,2,2
4861,21.0,1,2.4,10.0,4.7,4.2,80.2,79.0,7.5,3.5,4.9,7.1,2,0,0.0,0.8,7.08,57.61,2,2
4862,23.0,0,5.4,9.1,13.0,2.9,79.81730107309173,77.1,7.0,1.9,8.0,4.3,0,1,6.1,5.4,5.77,34.64,1,1
4863,16.0,1,7.4,7.1,3.9,7.3,86.2,76.0,6.6,1.2,3.5,7.9,1,0,3.7,0.8,8.63,57.01,2,2
4864,19.0,0,5.0,9.8,9.2,3.4,69.2,57.6,8.0,2.6,5.0,5.957923664122137,2,0,4.6,8.0,5.15,42.46,1,1
4865,19.0,0,6.7,7.8,5.4,2.2,65.7,56.5,7.8,0.5,3.6,6.5,0,0,8.6,0.7,5.26,49.68,2,2
4866,21.0,1,7.6,6.4,6.2,6.4,100.0,63.3,3.5,0.7,5.4,5.9,0,0,3.1,14.2,9.65,58.35,2,2
4867,19.0,0,2.4,8.2,5.7,3.7,67.8,80.2,10.0,4.4,6.1,6.8,0,1,7.0,3.0,5.14,64.91,0,0
4868,17.0,1,6.1,7.5,7.1,5.9,90.3,84.9,6.3,3.9,4.9,7.1,0,0,0.9,2.9,10.0,75.41,0,0
4869,21.0,1,1.2,8.1,2.1,2.9,67.8,100.0,3.9,7.1,7.4,6.1,1,1,8.0,6.7,8.9,58.07,2,2
4870,23.0,1,5.0,5.2,6.5,0.0,60.0,59.9,5.9,1.4,9.2,10.0,0,1,4.0,1.3,8.9,50.68,2,2
4871,19.0,1,4.1,5.9,5.0,0.2,78.8,88.1,6.6,3.6,1.0,7.4,1,0,5.6,2.8,8.4,60.12,2,2
4872,17.0,1,6.7,8.9,1.3,4.9,62.6,44.0,7.3,1.7,7.5,10.0,2,0,4.6,5.7,6.37,55.85,2,2
4873,18.0,1,6.5,9.2,8.8,1.9,74.9,81.3,8.1,7.6,5.4,6.6,0,1,4.3,5.4,5.58,52.48,2,2
4874,18.0,0,5.3,8.8,1.0,3.5,69.7,47.8,7.7,3.2,5.5,4.7,0,0,5.8,23.9,7.33,56.27,2,2
4875,19.0,0,4.8,9.9,11.4,5.0,96.3,52.9,10.0,2.0,4.9,1.4,0,0,2.2,4.0,6.99,46.5,1,1
4876,21.0,0,5.2,7.8,7.5,3.3,60.0,88.6,6.2,3.8,6.8,6.8,1,1,3.1,12.4,8.43,57.88,2,2
4877,21.0,1,4.3,7.7,2.6,1.5,88.8,77.8,5.7,1.2,5.6,7.4,0,0,7.4,3.3,7.56,83.6,0,0
4878,22.0,0,4.1,5.8,9.3,3.0,83.7,69.3,2.8,4.8,7.3,3.2,0,1,1.5,6.4,7.47,38.78,1,1
4879,19.0,0,7.1,6.2,4.1,3.2,77.0,49.9,8.1,4.6,5.5,6.1,0,1,3.3,4.7,6.35,58.87,2,2
4880,23.0,1,7.3,4.4,4.2,2.3,70.1,81.6,7.3,1.9,6.7,2.9,2,0,3.9,6.2,3.2,29.04,1,1
4881,18.0,0,3.9,6.6,1.5,0.5,82.2,76.6,4.8,4.2,7.2,7.8,1,0,0.1,6.0,7.65,73.7,0,0
4882,20.0,1,4.7,4.3,3.8,2.4,82.9,88.0,6.5,0.5,5.2,7.5,0,1,8.3,11.0,6.68,50.38,2,2
4883,23.0,0,4.4,8.4,4.1,2.8,85.1,43.7,6.0,1.0,7.2,2.0,0,1,2.0,3.3,6.28,38.74,1,1
4884,18.0,1,1.0,7.5,8.0,0.4,76.5,86.2,6.4,2.9,6.6,2.8,0,0,0.9,6.0,5.07,53.12,2,2
4885,17.0,1,3.5,4.4,8.9,1.3,65.1,65.2,5.4,9.9,5.9,1.5,0,1,2.2,6.0,6.56,23.52,1,1
4886,24.0,0,7.4,6.8,2.9,1.7,91.4,80.2,6.2,1.1,4.0,6.8,1,1,3.5,5.3,4.63,66.57,0,0
4887,19.0,1,2.7,9.6,6.7,0.0,80.0,73.9,2.7,5.6,3.6,6.8,0,1,6.5,7.1,5.04,57.82,2,2
4888,22.0,1,8.4,6.8,1.4,3.2,72.0,59.7,5.1,2.3,6.3,7.9,0,0,3.1,5.2,6.54,53.85,2,2
4889,16.0,2,6.5,5.7,6.7,3.4,67.0,67.6,6.7,2.2,6.9,3.6,0,0,5.0,2.7,6.91,46.9,2,2
4890,22.0,0,5.0,4.7,11.4,2.0,92.0,59.2,4.4,0.8,4.8,5.0,1,0,5.7,18.4,3.64,25.68,1,1
4891,19.0,0,5.3,4.7,1.6,0.5,79.81730107309173,65.5,6.9,3.1,7.1,4.3,0,1,4.8,5.2,4.42,43.47,1,1
4892,16.0,1,2.4,7.7,3.5,3.7,87.5,58.6,10.0,2.3,4.0,5.957923664122137,0,0,2.8,11.4,5.71,57.84,2,2
4893,21.0,1,3.7,6.4,7.8,4.0,88.4,82.2,3.5,2.1,5.2,3.9,2,0,7.9,8.6,6.76,57.22,2,2
4894,18.0,0,7.1,6.5,8.1,3.2,95.2,59.5,2.0,0.8,4.2,3.2,0,0,2.8,8.3,5.24,47.89,2,2
4895,19.0,1,3.0,6.4,3.6,3.1,75.3,85.0,8.7,4.0,4.1,5.957923664122137,1,0,5.0,11.1,8.39,71.49,0,0
4896,17.0,1,6.3,6.8,9.7,4.1,100.0,100.0,10.0,1.3,3.7,9.2,0,0,3.6,3.6,7.5,81.78,0,0
4897,17.0,0,1.4,5.4,4.0,2.8,66.2,70.4,6.8,2.0,10.0,7.9,1,1,1.3,0.5,9.6,34.36,1,1
4898,19.0,1,1.8,7.4,10.2,3.03210685483871,76.8,46.5,6.0,3.2,8.0,5.1,2,1,2.6,2.8,8.45,45.76,1,1
4899,17.0,1,8.0,5.2,7.2,2.9,70.0,100.0,4.6,0.9,6.6,5.8,0,1,5.6,6.7,6.489753023681269,33.0,1,1
4900,24.0,1,4.2,6.0,9.2,2.3,80.8,81.3,7.2,1.4,4.6,6.9,0,0,10.0,11.4,7.47,56.78,2,2
4901,16.0,1,3.1,8.3,6.9,2.9,100.0,72.7,6.0,2.8,3.0,6.3,0,1,4.8,11.1,6.97,68.23,0,0
4902,20.0,1,6.9,7.5,7.6,4.6,76.9,68.3,7.9,4.5,2.1,4.0,1,0,4.9,8.6,5.85,60.34,2,2
4903,17.0,1,6.7,7.9,7.8,0.8,85.5,56.1,2.2,4.0,5.1,7.0,2,0,4.050203624516392,1.6,4.75,51.5,2,2
4904,19.0,1,6.0,9.8,8.9,3.3,42.2,68.9,6.7,2.0,7.5,7.1,2,0,10.0,6.3,7.9,42.85,1,1
4905,24.0,0,3.1,6.9,5.9,0.7,85.6,61.0,4.2,0.9,5.542839731870811,3.9,2,0,4.050203624516392,4.8,6.64,37.18,1,1
4906,18.0,0,3.6,7.0,3.8,1.3,93.0,61.1,8.1,1.0,6.7,6.3,1,0,6.6,2.5,3.65,50.29,2,2
4907,25.0,1,4.8,6.7,5.8,5.8,81.6,85.5,3.5,3.2008618067525094,5.9,5.5,1,0,2.4,6.7,6.65,60.97,2,2
4908,18.0,0,5.6,6.4,6.047861775435752,3.8,66.1,92.5,7.4,2.0,5.8,7.0,0,1,4.0,1.3,7.3,68.58,0,0
4909,22.0,1,3.2,5.7,4.5,3.3,79.81730107309173,70.9,4.7,1.8,10.0,4.6,0,0,4.050203624516392,5.5447261663286005,5.62,40.54,1,1
4910,20.0,1,4.5,7.1,10.1,0.0,72.8,84.0,5.0,2.5,6.1,10.0,2,0,1.9,0.9,7.87,58.39,2,2
4911,24.0,1,4.7,7.5,7.6,2.6,64.3,100.0,7.9,5.2,6.0,2.9,0,0,6.1,6.7,6.56,65.43,0,0
4912,20.0,0,6.8,7.5,7.4,0.0,100.0,59.9,4.2,3.4,4.2,10.0,2,1,7.3,3.2,5.69,69.93,0,0
4913,20.0,0,5.7,7.1,8.7,3.1,86.1,45.6,2.7,0.3,4.0,4.2,2,1,0.0,6.8,3.36,29.99,1,1
4914,18.0,0,1.2,8.2,7.5,0.8,98.8,90.0,6.2,4.7,3.1,7.2,0,0,7.1,12.5,8.58,77.34,0,0
4915,18.0,1,3.8,7.0,10.7,4.0,76.2,61.8,4.5,5.1,2.6,3.6,2,0,8.4,2.9,5.21,49.99,2,2
4916,24.0,1,2.3,6.5,1.0,3.3,70.1,65.5,3.0,1.1,5.0,4.3,1,0,0.0,10.5,3.74,39.74,1,1
4917,19.0,0,5.3,6.976601980998585,3.5,0.8,70.9,77.2,6.8,2.8,6.6,4.0,1,1,0.0,7.2,3.2,45.74,1,1
4918,19.0,1,6.0,5.0,4.2,3.7,74.0,97.3,6.6,6.9,1.4,4.9,0,1,4.5,4.3,3.91,49.39,2,2
4919,22.0,0,4.4,8.9,2.6,6.8,73.6,77.4,6.3,7.7,5.2,3.9,0,0,1.8,4.4,6.86,52.63,2,2
4920,19.0,0,3.7,6.1,6.3,2.6,95.9,36.8,7.1,1.7,3.8,10.0,1,1,6.6,2.9,8.33,64.48,0,0
4921,25.0,0,4.3,5.8,6.4,4.6,91.9,81.4,1.6,4.7,7.2,8.3,0,0,5.6,4.1,5.87,56.8,2,2
4922,20.134890807516506,0,4.6,6.5,10.9,0.0,83.5,79.2,4.3,1.7,4.6,5.4,0,0,6.2,5.4,4.13,62.23,2,2
4923,21.0,0,2.9,6.6,8.3,3.8,58.4,59.5,6.6,3.9,5.542839731870811,8.2,0,1,4.8,7.1,5.55,45.13,1,1
4924,24.0,0,1.8,9.1,4.7,2.0,83.8,44.4,8.3,0.3,4.2,10.0,1,0,3.4,6.6,7.51,68.59,0,0
4925,16.0,0,0.1,6.6,7.2,2.5,76.0,68.1,6.5,1.1,6.5,8.3,0,1,3.9,6.4,6.85,46.69,2,1
4926,18.0,1,6.7,10.0,1.4,4.1,98.3,33.5,8.6,2.7,5.5,9.3,1,0,1.6,7.2,6.02,67.18,0,0
4927,20.134890807516506,0,5.2,7.1,6.4,2.6,91.6,42.8,4.5,3.7,6.6,8.8,0,0,7.0,3.8,4.77,56.91,2,2
4928,18.0,1,4.9,9.7,6.2,0.1,81.8,50.7,4.6,1.6,7.7,9.2,1,1,5.4,1.0,6.7,55.91,2,2
4929,22.0,1,6.7,8.2,3.7,5.7,52.7,52.5,5.2,6.0,9.6,8.2,0,0,4.6,5.3,4.96,48.83,2,2
4930,24.0,1,1.7,7.5,5.5,0.4,78.2,90.8,5.8,3.3,5.8,3.7,0,0,2.5,5.2,7.5,51.95,2,2
4931,19.0,1,0.7,9.1,4.3,1.5,71.5,72.3,2.1,7.9,5.4,9.4,1,0,5.7,5.9,7.03,56.06,2,2
4932,19.0,0,5.0,8.5,3.7,3.2,85.3,81.3,6.0,1.8,8.6,6.1,1,0,5.3,5.4,2.99,53.03,2,2
4933,25.0,0,4.8,7.8,7.7,3.2,65.2,78.7,5.9,3.6,5.542839731870811,5.957923664122137,0,1,4.7,10.1,6.96,72.89,0,0
4934,20.0,1,0.7,10.0,8.6,3.8,83.4,47.3,4.7,2.5,6.5,1.5,0,0,1.9,3.2,7.14,27.81,1,1
4935,20.0,1,4.9,6.4,7.3,3.2,51.2,64.9,4.3,6.3,4.2,4.3,1,0,6.5,4.8,8.06,47.06,2,2
4936,19.0,2,3.4,5.7,4.9,5.1,62.0,70.9,6.6,1.3,5.2,8.7,2,0,2.1,4.2,5.44,43.5,1,1
4937,24.0,0,2.6,6.1,4.3,3.9,68.6,72.6,7.3,3.8,3.9,8.2,2,1,4.2,1.1,3.52,56.93,2,2
4938,21.0,0,3.5,6.976601980998585,5.0,0.9,72.9,83.6,6.3,1.0,7.0,7.8,0,1,0.4,10.0,6.67,65.62,0,0
4939,22.0,1,0.0,8.9,5.4,0.0,85.1,91.7,6.3,3.0,5.0,2.8,0,0,7.1,2.5,6.45,49.69,2,2
4940,23.0,0,3.0,6.3,3.8,3.3,58.5,81.7,5.9,1.8,2.8,6.5,1,0,5.5,1.4,6.59,51.82,2,2
4941,19.0,0,2.8,3.9,8.6,5.6,71.7,100.0,6.0,4.7,2.7,5.9,1,0,0.0,4.6,5.8,34.08,1,1
4942,20.0,1,5.3,6.7,5.5,0.7,72.0,82.9,7.5,3.4,5.8,7.6,1,0,0.3,13.8,7.99,68.19,0,0
4943,23.0,1,3.9,5.7,7.9,1.1,88.9,65.4,9.6,2.3,7.9,5.7,0,1,3.4,6.2,7.52,49.33,2,2
4944,19.0,1,5.5,6.4,2.5,3.6,77.5,98.1,9.3,5.9,1.4,4.3,1,0,4.9,4.2,9.15,77.93,0,0
4945,23.0,1,0.0,5.6,4.3,3.9,67.4,53.0,3.6,3.0,4.9,4.6,1,0,1.1,10.7,6.65,41.1,1,1
4946,24.0,2,2.5,4.9,8.1,5.0,66.0,84.6,1.4,8.0,4.2,1.0,2,0,3.9,8.1,6.61,28.17,1,1
4947,21.0,1,5.3,9.4,8.2,6.0,72.8,72.3,7.2,0.4,7.5,5.4,1,1,5.7,11.2,7.22,45.43,1,1
4948,22.0,1,3.6,6.1,3.0,3.4,58.6,59.6,6.0,1.8,3.4,5.6,1,0,7.4,3.4,7.44,46.65,2,1
4949,23.0,1,5.9,8.8,6.8,1.3,100.0,78.8,5.9,4.1,5.4,2.9,2,0,6.4,11.3,9.33,73.52,0,0
4950,23.0,1,0.6,6.7,6.8,1.4,79.9,69.9,6.8,5.4,2.7,4.9,1,1,3.0,5.3,7.39,48.22,2,2
4951,19.0,0,5.7,5.5,4.2,2.0,68.1,41.8,5.5,3.6,8.1,10.0,1,0,3.1,3.2,8.65,50.05,2,2
4952,16.0,1,2.9,7.7,6.9,4.9,66.3,78.3,2.4,2.8,3.5,4.2,1,0,0.8,8.2,4.84,47.1,2,2
4953,19.0,0,2.7,6.5,2.0,2.1,64.3,56.4,3.5,1.4,8.1,8.2,0,1,5.3,6.4,5.82,43.06,1,1
4954,21.0,1,6.2,6.7,3.7,4.7,84.8,77.2,3.6,2.2,5.6,6.1,1,0,2.9,5.4,4.69,52.63,2,2
4955,20.0,0,6.5,7.2,7.5,0.3,58.5,72.7,7.5,1.1,3.5,6.5,0,0,3.0,4.2,6.61,57.13,2,2
4956,22.0,0,6.3,5.9,6.1,3.5,77.7,82.7,10.0,0.8,6.8,8.0,0,1,6.9,4.3,6.37,68.91,0,0
4957,19.0,0,8.3,4.9,6.2,1.6,87.5,34.1,5.0,1.8,7.2,1.0,2,1,4.7,13.1,7.24,21.58,1,1
4958,21.0,0,6.7,6.9,5.6,3.9,72.4,57.2,10.0,0.6,9.3,7.3,0,0,2.6,7.2,7.66,49.27,2,2
4959,18.0,0,2.6,8.3,7.3,2.5,66.8,76.9,1.8,4.5,6.7,3.8,1,1,4.050203624516392,7.3,5.86,39.31,1,1
4960,22.0,1,4.5,5.8,7.5,4.4,90.9,100.0,4.9,1.7,6.9,7.5,0,0,4.5,19.9,9.34,47.37,2,2
4961,20.0,0,3.5,7.2,8.0,2.2,65.3,77.5,6.4,3.7,7.4,6.8,0,1,4.050203624516392,11.2,7.74,57.44,2,2
4962,18.0,0,8.3,9.0,6.3,3.0,76.4,67.1,5.991217524197657,5.4,1.0,2.3,0,0,0.9,7.7,5.03,42.58,1,1
4963,19.0,0,6.4,6.9,5.0,4.5,81.5,90.7,9.3,5.9,6.3,9.4,0,1,3.8,1.7,7.08,67.91,0,0
4964,22.0,1,3.8,7.1,4.6,2.8,72.1,64.4,4.5,2.9,7.7,7.6,1,0,5.2,4.2,3.52,55.91,2,2
4965,20.134890807516506,1,6.0,7.1,3.4,3.1,79.81730107309173,82.8,6.1,4.3,6.0,6.3,2,0,3.4,8.4,6.489753023681269,77.59,0,0
4966,18.0,0,1.7,6.1,5.0,4.4,72.7,75.9,7.0,2.2,4.4,10.0,2,1,4.4,3.2,5.09,38.49,1,1
4967,25.0,1,4.7,5.7,4.5,2.9,84.4,94.3,2.5,5.3,4.0,4.3,0,0,7.4,5.1,2.63,55.18,2,2
4968,22.0,1,2.3,5.7,10.0,0.1,70.5,86.9,10.0,5.9,5.4,5.5,1,1,3.7,3.5,7.8,66.73,0,0
4969,25.0,1,0.8,7.5,3.4,2.0,85.9,66.4,6.3,1.8,5.2,8.3,1,0,3.8,3.4,4.68,55.79,2,2
4970,19.0,0,5.8,8.0,8.6,0.0,76.7,48.0,5.3,5.1,6.0,8.0,2,1,4.9,6.2,7.99,60.22,2,2
4971,20.0,2,6.0,8.0,5.3,2.6,72.1,55.8,3.6,1.4,5.5,7.1,1,1,8.3,3.6,3.56,45.3,1,1
4972,24.0,0,5.1,6.5,5.5,3.8,70.6,80.3,6.5,5.2,6.9,4.1,0,1,7.0,2.1,5.83,46.78,2,2
4973,20.0,1,3.8,8.4,7.0,3.2,83.0,74.1,2.5,2.6,2.6,6.8,1,1,5.9,3.1,7.37,63.87,0,0
4974,22.0,1,1.7,7.4,2.5,5.5,94.7,75.5,6.3,2.0,7.3,10.0,1,0,1.0,2.0,7.06,67.66,0,0
4975,18.0,1,1.9,7.1,4.0,5.3,81.6,79.6,9.1,2.6,8.3,8.6,1,0,6.5,9.9,3.89,59.53,2,2
4976,20.0,0,2.3,3.0,2.9,3.5,67.5,60.3,8.6,1.5,1.8,7.6,0,0,3.6,1.6,7.98,22.3,1,1
4977,17.0,0,3.7,5.9,5.0,0.0,94.2,73.1,4.8,3.9,4.5,10.0,0,0,5.5,2.4,8.01,74.18,0,0
4978,18.0,1,6.4,5.0,3.7,4.2,68.5,74.8,5.4,3.5,7.4,8.5,0,0,8.1,5.7,4.85,44.92,1,1
4979,16.0,0,6.3,7.8,9.3,1.6,100.0,49.1,7.2,1.8,6.4,7.4,0,0,4.6,4.3,6.91,63.52,0,0
4980,16.0,0,0.9,7.1,4.5,4.6,77.9,64.0,8.6,3.0,3.0,5.4,0,0,3.3,6.5,6.16,57.86,2,2
4981,25.0,1,2.8,5.6,1.0,3.6,68.6,82.0,9.4,7.2,6.8,5.0,0,0,3.6,9.7,8.98,61.56,2,2
4982,20.134890807516506,1,2.8,7.4,5.2,4.2,87.3,87.6,9.6,2.2,1.4,3.4,2,0,5.2,7.7,5.28,71.6,0,0
4983,21.0,2,0.0,5.1,8.0,3.9,76.0,60.5,3.9,0.8,6.6,5.8,0,0,1.4,0.5,6.55,24.42,1,1
4984,23.0,1,5.3,5.6,10.1,7.3,85.8,84.0,7.7,1.9,8.5,4.8,0,1,4.7,7.1,6.78,35.3,1,1
4985,20.0,0,3.7,6.1,5.4,3.9,81.2,63.9,3.0,4.0,5.4,5.7,1,0,6.4,3.3,8.25,46.08,1,1
4986,17.0,1,4.0,7.7,4.7,0.7,62.1,59.2,5.0,3.2008618067525094,7.3,6.6,2,0,0.0,4.0,10.0,56.37,2,2
4987,22.0,0,6.9,8.8,6.0,4.9,79.1,100.0,3.4,2.1,6.2,4.8,0,0,3.0,5.4,5.24,39.93,1,1
4988,21.0,0,4.4,6.2,7.0,2.2,86.5,67.5,5.991217524197657,5.5,3.8,8.1,1,0,5.0,1.7,6.1,55.69,2,2
4989,22.0,0,3.3,8.7,3.2,5.4,81.5,48.5,6.5,2.3,4.3,5.6,2,1,4.3,9.5,5.31,57.56,2,2
4990,22.0,0,5.3,7.1,5.4,5.8,96.3,67.1,4.5,1.2,4.8,5.0,0,0,2.5,5.5447261663286005,7.34,68.58,0,0
4991,25.0,0,6.3,7.3,5.9,4.1,84.1,70.2,6.6,0.9,5.0,7.6,2,0,3.6,11.2,5.67,58.98,2,2
4992,21.0,0,4.8,6.9,6.1,0.7,76.9,91.4,3.3,2.8,8.1,6.2,0,0,4.9,4.2,3.9,55.84,2,2
4993,19.0,1,5.6,6.7,5.6,2.2,82.7,68.5,7.1,3.9,8.8,3.6,0,0,2.9,7.7,7.1,44.71,1,1
4994,21.0,1,3.9,7.6,3.7,5.4,73.6,81.8,5.1,5.2,7.4,2.7,0,0,6.1,3.0,4.07,55.39,2,2
4995,16.0,0,4.0,8.0,6.8,6.6,84.7,94.1,5.4,3.5,8.8,5.1,2,0,5.3,3.0,6.13,51.1,2,2
4996,24.0,0,4.4,5.9,5.9,3.1,84.7,64.5,3.1,2.5,6.1,9.5,0,0,7.6,7.1,6.4,55.09,2,2
4997,17.0,1,2.7,6.8,5.9,2.5,63.9,80.2,8.2,1.4,1.0,7.1,0,0,3.5,5.3,7.17,68.12,0,0
4998,19.0,1,3.1,9.2,3.3,0.9,90.0,73.9,6.3,1.2,5.5,7.3,2,0,4.5,9.2,6.1,65.16,0,0
4999,23.0,0,7.0,7.2,7.6,0.9,100.0,79.1,7.2,1.2,3.8,5.6,0,0,6.2,3.1,7.38,76.82,0,0
5000,21.0,1,8.2,7.4,3.6,3.4,87.1,76.8,3.2,6.4,7.0,6.8,2,0,4.1,3.9,6.06,54.04,2,2
5001,19.0,0,7.4,8.5,10.0,4.3,53.6,77.6,7.5,4.7,5.2,7.8,1,0,3.6,2.0,3.22,51.02,2,2
5002,20.0,0,1.6,6.3,3.1,0.3,74.5,69.9,6.1,1.1,6.2,5.6,0,0,5.9,4.9,8.22,59.54,2,2
5003,23.0,0,1.4,7.0,7.9,4.5,63.4,75.5,4.9,2.2,5.6,2.9,0,0,8.5,12.4,8.28,49.28,2,2
5004,19.0,1,1.8,8.1,1.2,5.5,76.2,70.1,9.0,4.1,4.3,4.2,1,0,7.0,7.1,6.53,65.52,0,0
5005,23.0,1,4.5,6.976601980998585,1.0,4.1,88.9,100.0,6.9,3.1,3.7,4.2,1,0,8.4,3.2,5.8,77.83,0,0
5006,17.0,1,0.0,3.9,4.6,6.0,70.7,85.9,7.0,1.5,4.4,10.0,2,1,5.7,7.6,1.42,24.61,1,1
5007,22.0,1,3.0,6.0,1.0,3.6,100.0,75.0,1.7,1.3,6.5,6.7,2,1,4.1,5.5447261663286005,7.76,53.92,2,2
5008,23.0,0,7.0,5.7,7.8,3.7,42.6,68.9,8.4,10.2,8.5,5.5,1,1,3.1,4.2,4.48,39.95,1,1
5009,18.0,0,6.2,6.8,5.9,3.6,76.8,92.6,7.0,1.6,6.5,3.0,2,0,8.1,2.2,4.42,45.85,1,1
5010,20.0,1,3.2,5.8,9.5,5.4,84.9,60.3,8.7,1.7,10.0,7.8,0,1,5.8,2.1,6.86,44.51,1,1
5011,18.0,1,3.3,7.9,5.6,4.0,64.1,51.9,4.7,2.4,6.9,7.0,2,1,1.2,3.0,6.67,43.19,1,1
5012,22.0,1,5.3,7.2,6.6,2.0,65.9,74.2518720906699,4.4,5.1,6.0,6.3,0,1,5.2,5.5,8.36,49.13,2,2
5013,20.0,2,6.1,8.2,5.3,3.8,89.8,98.4,9.6,3.4,8.0,7.0,0,0,1.1,6.9,7.24,71.64,0,0
5014,21.0,1,3.1,8.2,3.8,3.8,100.0,97.4,8.1,0.7,2.4,3.5,0,1,0.0,9.3,5.71,61.3,2,2
5015,18.0,0,3.7,7.9,5.0,2.6,100.0,77.9,2.9,1.0,4.1,6.0,2,0,7.0,7.1,4.97,64.08,0,0
5016,18.0,0,3.1,6.6,3.0,4.8,75.5,64.9,6.0,15.0,6.9,6.2,1,0,7.1,2.3,7.92,54.79,2,2
5017,16.0,0,1.5,7.1,7.0,3.2,97.6,65.1,8.2,1.7,3.9,7.7,0,0,5.9,7.8,5.07,57.12,2,2
5018,19.0,0,3.8,6.4,5.2,4.3,79.1,100.0,6.4,3.7,8.7,8.2,0,0,7.7,1.2,9.5,63.29,0,0
5019,20.0,1,3.6,5.2,5.7,3.9,91.9,73.4,4.8,0.8,4.4,1.0,0,0,0.3,8.1,8.54,48.79,2,2
5020,23.0,0,1.7,8.2,13.1,1.7,77.3,81.2,4.5,3.3,7.3,5.5,1,0,2.4,3.3,6.96,40.25,1,1
5021,21.0,1,5.5,6.9,5.0,1.2,65.2,67.1,6.1,3.0,5.7,8.0,2,1,2.8,6.9,6.74,50.75,2,2
5022,20.0,0,5.2,5.0,6.8,1.7,100.0,76.6,8.2,0.9,9.8,9.7,1,1,1.3,2.8,6.26,52.11,2,2
5023,25.0,1,5.6,7.7,5.9,2.9,100.0,81.8,3.8,3.8,7.1,3.7,0,1,7.5,6.0,8.64,67.79,0,0
5024,22.0,0,2.7,6.7,8.9,5.9,74.5,100.0,1.3,3.3,6.8,5.9,1,1,1.0,2.6,5.87,47.92,2,2
5025,24.0,1,0.2,4.3,6.6,2.9,92.2,73.4,5.1,4.3,4.7,7.5,1,1,2.1,1.6,8.11,35.51,1,1
5026,20.0,0,5.1,5.2,5.3,3.7,78.1,84.3,7.0,4.4,4.2,7.3,0,0,2.8,1.6,8.25,56.82,2,2
5027,18.0,1,2.9,6.1,11.7,4.6,100.0,68.6,7.5,4.8,5.7,3.3,0,0,3.7,4.6,4.89,45.46,1,1
5028,16.0,0,2.4,7.3,3.9,2.4,60.6,78.4,3.8,3.6,6.7,3.6,0,1,5.7,2.1,7.72,47.43,2,2
5029,22.0,0,4.219583121504829,8.0,5.5,2.3,77.7,81.2,6.6,5.3,6.2,1.3,1,0,7.5,0.4,8.61,52.74,2,2
5030,17.0,1,3.6,8.0,8.3,4.9,61.2,71.3,4.6,0.4,2.3,5.0,0,0,4.050203624516392,13.9,7.97,40.0,1,1
5031,19.0,0,7.4,7.8,4.0,4.0,59.4,79.3,7.6,4.9,4.8,4.2,1,0,7.4,2.9,7.62,64.01,0,0
5032,20.134890807516506,2,3.2,7.0,7.9,2.0,78.5,74.2518720906699,5.7,4.5,6.2,1.3,0,1,7.5,3.4,5.07,45.92,1,1
5033,21.0,1,2.0,9.2,4.8,2.3,74.1,84.0,7.8,3.2008618067525094,3.4,7.0,2,0,4.0,0.7,6.75,59.52,2,2
5034,21.0,0,5.5,7.9,8.5,3.2,66.9,76.0,6.1,4.5,6.4,5.4,1,1,0.7,10.8,8.17,55.98,2,2
5035,18.0,0,4.5,7.3,8.4,3.6,90.9,65.1,7.1,0.7,4.5,7.3,2,0,3.3,5.9,7.59,65.47,0,0
5036,19.0,0,0.0,7.7,5.8,5.2,96.9,72.9,5.0,0.4,6.8,6.8,1,1,7.2,5.9,4.75,57.8,2,2
5037,21.0,1,5.5,6.5,3.5,4.0,86.7,98.5,4.4,0.8,5.0,7.8,1,0,5.4,3.4,6.48,67.32,0,0
5038,25.0,1,8.5,6.9,5.0,1.2,55.6,73.1,5.4,1.1,5.6,5.3,0,0,3.7,6.6,3.89,40.95,1,1
5039,22.0,0,0.0,4.3,6.0,1.6,84.4,82.7,7.4,7.7,5.9,6.0,0,1,2.7,6.7,5.23,38.46,1,1
5040,24.0,1,1.7,6.5,8.2,3.6,84.3,74.2518720906699,10.0,1.3,6.7,5.6,0,0,3.6,2.0,7.89,55.59,2,2
5041,22.0,0,0.0,9.3,6.047861775435752,3.3,69.1,85.4,8.8,0.7,7.4,8.1,0,0,6.2,8.4,7.61,50.6,2,2
5042,21.0,1,4.0,7.2,7.3,1.5,84.5,55.1,9.3,0.5,2.9,7.6,0,0,4.2,4.3,7.07,68.39,0,0
5043,18.0,1,6.2,7.1,6.9,4.9,73.4,56.4,5.8,3.2008618067525094,5.5,7.1,2,0,1.7,3.3,5.52,43.29,1,1
5044,21.0,0,4.4,8.3,8.1,0.0,69.3,61.5,4.8,5.3,5.8,3.0,0,0,4.050203624516392,8.8,5.21,49.1,2,2
5045,21.0,0,7.0,7.5,5.5,3.6,64.6,85.9,1.2,2.1,10.0,10.0,0,0,3.6,7.9,9.89,72.1,0,0
5046,21.0,0,5.9,6.0,6.4,0.2,90.8,79.7,4.7,5.0,7.5,5.0,0,0,0.8,9.0,7.51,55.79,2,2
5047,20.0,1,7.6,7.0,6.1,4.6,96.8,78.8,3.0,4.9,5.8,5.3,1,1,0.0,5.5447261663286005,5.73,56.16,2,2
5048,20.134890807516506,1,6.5,5.5,4.9,2.5,78.2,72.8,7.7,8.2,2.8,9.7,1,1,0.0,7.7,7.95,70.72,0,0
5049,19.0,1,3.4,7.2,8.5,4.3,92.8,51.2,5.6,3.1,5.1,6.2,0,0,4.0,7.8,4.7,48.4,2,2
5050,20.0,0,4.3,5.9,8.5,2.3,99.8,64.2,3.1,4.5,10.0,5.2,0,0,5.6,4.7,5.63,42.95,1,1
5051,18.0,0,2.5,8.2,9.0,5.4,81.7,78.8,7.2,5.4,2.2,7.6,2,1,6.3,9.0,3.44,52.43,2,2
5052,23.0,0,3.7,6.3,4.1,0.0,79.0,71.9,6.7,1.1,5.0,3.8,0,0,5.1,5.8,9.84,62.94,2,2
5053,18.0,1,4.3,5.9,6.9,4.6,86.1,78.2,3.5,1.1,8.4,2.3,1,1,5.4,3.8,5.58,37.21,1,1
5054,17.0,0,4.0,6.9,8.7,1.9,69.1,47.0,9.3,1.7,10.0,4.4,1,0,6.3,9.3,4.61,42.08,1,1
5055,20.0,1,6.9,7.5,9.8,3.7,87.1,74.8,4.3,0.8,5.1,9.9,0,1,3.8,1.5,6.76,51.04,2,2
5056,21.0,0,3.5,5.4,2.2,3.8,82.0,37.4,7.3,3.2008618067525094,6.9,4.1,0,0,4.6,7.9,7.19,46.04,1,1
5057,20.0,1,2.3,6.3,6.0,0.5,63.0,51.5,5.7,0.6,7.7,5.2,1,0,3.2,2.8,8.1,43.29,1,1
5058,18.0,0,2.5,7.1,5.5,4.8,63.2,57.5,9.6,3.3,7.0,6.4,0,0,5.7,9.4,6.92,61.89,2,2
5059,20.0,1,5.5,8.7,10.0,3.7,67.2,41.8,8.0,2.4,6.2,7.3,1,1,0.9,10.1,6.58,50.07,2,2
5060,19.0,1,1.4,3.7,1.0,3.2,86.7,60.6,3.6,7.7,8.6,6.8,0,1,4.5,2.8,5.59,29.81,1,1
5061,24.0,1,3.8,7.8,3.4,3.7,75.6,80.0,10.0,3.2008618067525094,8.2,4.0,0,0,5.8,2.3,6.489753023681269,75.6,0,0
5062,20.134890807516506,1,6.9,6.5,9.6,3.2,79.7,96.0,3.2,2.3,6.6,9.4,1,0,7.4,3.5,8.56,57.0,2,2
5063,20.0,1,4.8,6.4,4.8,4.5,97.8,65.4,3.7,5.9,9.3,5.8,0,0,3.7,6.0,5.68,53.09,2,2
5064,19.0,1,4.1,6.1,2.7,2.2,85.8,63.2,9.6,2.1,5.9,8.6,1,0,5.8,13.5,5.53,62.56,2,2
5065,22.0,1,4.1,6.5,9.8,4.5,71.6,72.8,5.9,0.3,6.0,3.5,2,0,2.0,1.6,6.15,34.24,1,1
5066,16.0,0,2.1,7.8,2.4,4.0,67.2,70.2,6.7,1.8,5.1,7.0,2,0,3.9,2.8,6.42,59.76,2,2
5067,20.0,1,2.5,6.3,8.6,2.7,84.0,56.8,6.9,5.9,1.0,7.3,0,0,5.2,4.6,5.06,51.08,2,2
5068,19.0,0,3.8,9.2,2.1,6.3,67.4,84.7,3.6,3.1,6.1,4.3,0,0,6.1,6.0,6.38,45.72,1,1
5069,24.0,1,4.7,7.8,2.4,3.8,96.3,69.7,10.0,3.9,5.9,7.6,0,0,3.0,3.4,5.16,74.1,0,0
5070,16.0,2,6.1,7.3,6.5,3.4,83.2,63.1,10.0,2.4,2.9,2.9,0,1,6.2,5.5,5.77,65.7,0,0
5071,20.0,0,4.4,6.8,3.9,4.0,81.7,64.8,5.991217524197657,3.5,4.0,3.7,1,0,1.5,2.4,6.68,61.35,2,2
5072,22.0,1,6.9,8.5,6.7,2.8,67.6,100.0,5.0,1.7,7.8,7.5,1,1,4.3,5.0,5.1,57.02,2,2
5073,20.0,0,7.4,8.7,10.5,5.2,88.1,88.9,7.5,1.7,2.6,2.8,0,0,0.6,6.4,5.84,50.37,2,2
5074,17.0,1,5.8,5.5,5.6,3.0,94.7,68.9,5.8,1.3,5.5,5.957923664122137,2,1,2.4,5.0,5.32,49.25,2,2
5075,25.0,0,6.6,6.1,10.1,4.5,78.2,31.1,4.8,3.9,7.4,3.6,0,0,3.2,2.2,5.12,21.52,1,1
5076,20.0,0,2.2,7.8,6.8,1.1,92.1,44.3,7.2,2.8,3.1,7.7,1,1,8.4,5.2,6.44,66.31,0,0
5077,21.0,1,1.9,8.2,8.4,0.0,74.7,76.6,7.5,3.9,5.7,2.1,0,0,8.1,6.4,8.55,54.58,2,2
5078,18.0,1,5.2,6.6,1.0,3.7,79.2,69.8,9.7,0.4,6.4,5.957923664122137,2,0,1.6,6.8,5.08,45.97,1,1
5079,20.0,1,1.5,6.0,7.6,2.3,100.0,54.3,2.2,4.5,7.4,7.2,0,0,2.0,2.4,5.77,33.08,1,1
5080,19.0,1,3.6,7.1,7.2,2.7,75.2,72.6,3.8,5.0,6.2,10.0,0,1,1.7,7.0,3.32,56.31,2,2
5081,17.0,0,5.7,8.9,5.1,0.0,87.0,61.6,4.3,8.0,6.5,4.3,1,0,3.7,4.5,10.0,80.01,0,0
5082,17.0,1,7.0,7.1,10.7,6.1,74.9,63.5,10.0,6.2,4.5,2.0,2,1,2.0,4.8,3.68,42.29,1,1
5083,23.0,1,3.7,5.4,4.8,3.2,83.6,71.9,9.3,1.9,6.4,3.5,1,0,0.0,5.7,5.45,47.02,2,2
5084,18.0,1,2.9,7.1,2.0,5.4,89.0,56.7,6.6,5.8,7.3,7.4,1,0,0.0,14.8,7.43,55.04,2,2
5085,18.0,1,4.8,8.0,8.0,0.5,68.3,50.1,5.8,0.8,2.5,10.0,0,0,0.0,5.5,8.63,63.21,0,0
5086,20.0,1,2.1,6.976601980998585,2.4,3.2,70.8,50.6,7.0,0.8,6.5,4.5,2,0,3.0,15.7,6.1,39.39,1,1
5087,22.0,0,3.9,8.6,6.2,3.7,87.4,67.7,8.6,4.1,10.0,8.1,0,1,4.0,3.5,7.48,62.39,2,2
5088,16.0,1,4.2,8.1,9.3,3.2,82.1,46.5,5.4,3.0,4.3,6.2,1,0,4.0,4.0,4.78,53.09,2,2
5089,21.0,0,4.1,6.9,7.2,3.4,95.2,100.0,6.6,4.9,5.9,7.0,2,0,1.5,6.2,6.69,66.06,0,0
5090,17.0,1,4.4,7.1,5.4,0.5,83.5,91.8,5.3,3.0,3.8,5.5,0,0,2.3,9.4,6.1,66.12,0,0
5091,16.0,1,2.5,4.6,5.1,3.6,100.0,88.0,2.9,2.7,8.2,3.6,0,0,6.9,7.4,8.51,42.98,1,1
5092,20.134890807516506,0,2.7,6.976601980998585,9.2,1.5,89.1,59.1,2.1,2.6,6.6,8.8,0,0,7.4,2.5,6.61,64.41,0,0
5093,23.0,1,2.7,6.6,3.0,1.9,100.0,59.7,4.5,1.9,5.3,5.0,1,1,8.2,12.4,6.65,54.05,2,2
5094,17.0,1,1.0,6.5,7.9,3.0,100.0,49.5,5.2,4.7,7.3,4.3,0,0,2.8,9.8,6.79,48.54,2,2
5095,20.134890807516506,0,4.9,6.3,11.5,2.4,71.7,100.0,7.0,4.6,7.6,6.4,1,0,1.6,7.7,7.51,53.5,2,2
5096,20.0,0,6.0,7.6,7.4,2.5,99.2,99.2,6.6,0.7,2.9,5.7,1,0,3.0,5.2,5.24,74.24,0,0
5097,23.0,1,5.8,5.5,5.4,5.0,92.2,87.1,2.9,2.2,6.5,10.0,1,0,7.3,7.8,6.92,67.21,0,0
5098,18.0,0,3.7,5.7,5.6,2.7,91.3,72.8,6.0,5.0,6.3,6.2,2,1,4.4,3.6,4.74,48.19,2,2
5099,19.0,0,2.6,6.9,4.8,2.3,95.4,68.0,4.8,3.4,5.5,6.0,1,0,0.0,1.2,5.77,58.42,2,2
5100,16.0,1,5.7,6.2,4.4,2.8,76.0,84.1,5.5,2.9,5.5,8.2,2,0,6.7,5.3,4.7,66.04,0,0
5101,20.0,1,5.5,7.4,6.3,1.0,84.3,100.0,6.2,1.3,7.3,6.1,0,1,6.8,3.8,2.8,60.35,2,2
5102,21.0,1,4.6,6.2,7.7,3.3,74.5,86.6,8.8,2.1,2.4,5.957923664122137,0,0,4.3,1.9,7.68,61.23,2,2
5103,21.0,1,7.7,9.1,10.0,4.3,100.0,55.0,5.991217524197657,4.7,4.4,6.8,2,0,5.1,2.0,5.44,57.19,2,2
5104,19.0,0,4.1,7.9,1.1,3.6,70.2,61.2,9.7,0.5,5.8,8.2,2,0,6.7,8.2,2.76,53.67,2,2
5105,19.0,0,3.7,7.9,1.0,3.1,63.4,83.4,3.1,0.2,4.3,8.3,0,0,2.7,0.3,8.78,63.52,0,0
5106,17.0,0,3.4,6.2,10.1,4.1,69.4,59.5,4.1,6.9,5.3,4.1,0,1,9.5,2.4,4.66,32.65,1,1
5107,19.0,1,1.1,10.0,6.1,2.0,79.3,66.5,5.8,0.5,4.8,3.6,0,0,6.3,8.6,3.29,34.43,1,1
5108,17.0,1,5.5,6.4,6.3,3.1,79.2,100.0,3.4,2.8,7.8,3.5,0,0,4.2,4.5,5.83,53.2,2,2
5109,22.0,0,4.0,6.1,7.3,5.5,91.6,69.3,3.1,2.2,5.5,6.8,0,1,4.3,2.7,4.4,39.27,1,1
5110,25.0,1,5.2,7.9,5.5,2.5,80.4,74.2518720906699,6.2,4.0,9.3,9.2,1,1,2.9,6.9,6.15,63.83,0,0
5111,25.0,0,4.219583121504829,7.3,6.047861775435752,4.1,73.6,100.0,3.1,5.4,5.5,2.1,0,1,4.0,2.5,7.1,39.77,1,1
5112,23.0,0,3.4,5.9,7.2,4.1,86.3,94.6,3.9,0.7,7.9,10.0,0,0,6.8,2.0,6.23,51.01,2,2
5113,21.0,0,0.0,9.9,4.9,1.6,95.1,73.9,5.8,1.8,6.7,8.0,1,0,6.1,10.4,6.76,46.94,2,2
5114,22.0,1,5.2,8.3,5.1,4.2,82.7,74.9,9.7,2.4,8.7,3.4,1,0,2.1,2.2,8.92,68.93,0,0
5115,18.0,1,4.5,7.0,5.6,1.9,91.3,36.7,5.6,10.0,4.8,5.2,2,0,6.3,5.8,6.71,58.64,2,2
5116,21.0,0,2.7,10.0,4.1,3.8,81.1,67.9,6.3,13.6,6.0,4.0,2,1,6.1,2.5,6.51,48.23,2,2
5117,20.0,0,5.0,8.1,10.2,1.9,76.6,61.6,3.5,3.5,2.6,8.7,1,0,0.3,7.5,4.13,50.51,2,2
5118,20.0,0,5.8,7.0,6.3,3.5,89.1,76.8,3.7,0.5,2.4,7.6,2,0,6.4,2.2,5.3,65.6,0,0
5119,22.0,1,2.3,10.0,3.1,3.2,83.0,100.0,5.991217524197657,1.3,7.4,5.3,1,1,5.8,10.2,7.39,37.99,1,1
5120,18.0,0,3.6,7.9,7.0,3.2,93.1,82.9,3.8,0.7,3.9,6.0,0,0,7.6,8.4,7.28,64.71,0,0
5121,19.0,0,7.2,7.8,9.6,3.5,100.0,100.0,7.7,5.1,7.7,7.8,0,0,1.3,0.5,9.9,72.89,0,0
5122,24.0,1,2.8,6.5,8.7,2.0,78.5,49.9,4.7,8.2,5.4,5.4,2,1,2.1,5.6,5.24,42.75,1,1
5123,16.0,0,4.3,7.1,4.1,0.9,88.4,47.2,6.3,0.9,7.5,4.2,0,0,3.3,2.7,5.45,53.26,2,2
5124,20.0,0,0.0,6.5,3.2,3.1,93.9,97.4,6.5,1.7,7.3,5.957923664122137,1,0,4.0,6.5,6.49,51.56,2,2
5125,24.0,1,1.2,8.9,9.6,5.0,85.3,76.9,7.6,1.1,1.0,6.7,1,0,0.0,3.0,6.74,57.7,2,2
5126,21.0,1,4.5,4.9,1.9,4.0,86.6,83.4,9.7,2.2,4.9,3.7,0,0,5.9,5.9,7.66,56.3,2,2
5127,20.0,0,6.7,8.8,6.9,3.8,81.9,74.5,7.3,3.1,3.2,5.3,1,1,0.9,1.8,8.19,65.99,0,0
5128,18.0,1,1.5,5.9,4.6,2.1,83.3,78.5,5.5,0.8,1.0,5.9,2,0,2.0,8.9,7.23,43.99,1,1
5129,19.0,0,4.3,6.9,9.3,3.3,86.8,87.4,7.8,3.3,4.0,6.0,1,0,2.2,0.7,6.58,63.88,0,0
5130,23.0,1,3.4,6.6,3.4,1.5,72.1,79.6,6.7,1.4,1.9,8.8,1,0,1.6,12.7,6.82,58.03,2,2
5131,20.0,1,6.1,6.3,4.0,2.2,57.9,64.7,1.1,0.5,5.4,7.2,2,1,5.5,9.4,6.55,54.98,2,2
5132,20.0,2,1.8,7.9,7.5,3.6,78.9,100.0,3.4,7.6,3.8,7.1,1,0,0.0,3.5,5.15,51.39,2,2
5133,17.0,0,5.1,7.0,8.0,0.0,77.8,76.7,5.5,6.8,6.6,3.6,0,0,3.2,6.2,6.0,42.84,1,1
5134,16.0,1,2.9,6.1,9.4,6.1,100.0,71.4,4.7,0.4,5.7,4.9,1,0,4.2,9.2,5.59,37.15,1,1
5135,25.0,0,4.6,7.2,7.2,0.6,83.9,68.8,5.7,2.2,7.5,6.6,0,0,6.3,3.4,4.45,52.39,2,2
5136,19.0,1,4.3,6.1,6.9,6.4,87.3,81.1,0.7,2.3,7.4,5.8,0,0,6.5,3.2,5.33,40.48,1,1
5137,21.0,1,3.7,6.3,8.6,1.5,74.6,70.6,7.9,1.3,7.3,7.9,2,0,7.0,3.3,7.68,52.14,2,2
5138,17.0,1,5.2,5.1,2.6,1.5,72.3,38.5,5.9,6.5,6.2,7.4,1,1,3.2,3.6,6.24,42.78,1,1
5139,22.0,1,4.3,6.4,3.8,2.3,69.1,70.4,8.7,2.3,4.7,1.5,1,1,1.4,5.1,7.43,60.56,2,2
5140,24.0,0,3.9,7.6,2.8,2.2,63.6,55.5,5.991217524197657,2.1,4.4,6.5,0,1,3.3,1.0,5.33,52.54,2,2
5141,21.0,0,4.219583121504829,7.0,1.0,1.9,89.4,79.8,6.4,3.4,4.0,7.1,1,1,2.1,5.9,6.75,78.66,0,0
5142,17.0,2,4.4,9.4,8.1,2.3,84.0,74.5,3.7,2.9,5.1,1.5,1,0,2.1,2.1,8.99,52.09,2,2
5143,21.0,0,4.6,10.0,9.6,3.2,99.2,63.1,3.3,3.1,7.4,6.8,2,0,5.9,3.9,6.82,50.14,2,2
5144,22.0,1,2.2,6.4,7.4,1.4,87.1,91.9,6.3,2.6,7.6,10.0,1,1,6.0,7.7,8.64,59.28,2,2
5145,19.0,0,3.5,5.9,7.0,4.5,83.2,73.7,6.0,5.6,2.1,4.9,1,0,9.8,4.1,8.43,64.98,0,0
5146,23.0,2,2.1,8.5,6.2,5.5,54.2,68.2,2.4,1.4,5.9,5.0,1,0,4.9,5.9,6.02,31.77,1,1
5147,21.0,0,4.1,7.4,6.1,0.0,100.0,68.5,8.1,1.5,5.6,6.5,2,0,0.8,2.8,2.48,66.63,0,0
5148,24.0,0,3.0,8.5,10.2,6.3,80.5,68.1,6.1,4.3,3.2,8.3,1,0,3.4,5.5447261663286005,3.84,59.6,2,2
5149,21.0,0,5.7,7.5,9.9,4.4,52.9,84.1,4.9,3.1,7.2,8.0,1,0,0.9,1.5,6.09,53.21,2,2
5150,17.0,1,5.5,6.7,4.5,3.5,82.9,61.0,4.1,1.0,9.7,4.2,1,1,3.3,6.3,7.48,44.72,1,1
5151,19.0,0,2.4,6.8,8.8,2.0,69.5,74.2518720906699,7.7,0.9,4.5,6.7,1,1,5.6,4.0,2.83,46.87,2,2
5152,18.0,0,4.2,7.6,9.1,3.3,69.0,74.2518720906699,4.5,5.7,5.4,5.2,0,1,4.6,5.2,4.35,51.85,2,2
5153,24.0,2,5.5,6.7,7.6,4.6,83.5,63.4,6.5,2.3,6.7,4.7,2,0,2.1,2.7,8.67,57.41,2,2
5154,22.0,1,3.8,8.6,7.0,7.7,72.4,83.5,5.6,6.0,10.0,7.9,0,0,0.0,5.1,9.09,59.53,2,2
5155,21.0,0,2.7,5.3,6.9,6.9,93.3,58.2,4.8,4.3,7.5,10.0,1,0,1.6,0.8,3.18,50.97,2,2
5156,19.0,0,2.0,8.6,2.3,0.2,78.5,84.4,3.1,2.2,4.1,5.5,0,0,2.3,4.2,6.67,62.62,2,2
5157,18.0,1,5.9,4.6,2.1,2.6,85.2,80.6,8.9,9.2,3.8,5.957923664122137,0,0,5.8,18.2,7.44,60.1,2,2
5158,22.0,0,6.0,7.2,8.0,3.1,87.4,98.9,3.8,1.2,5.5,3.6,0,0,2.5,0.7,2.78,48.34,2,2
5159,20.0,1,3.8,6.6,3.2,5.4,83.3,43.3,4.1,1.2,5.3,8.5,1,1,6.3,2.3,5.18,45.53,1,1
5160,18.0,1,5.7,5.0,2.5,2.8,82.8,93.3,8.9,5.2,7.2,10.0,0,0,2.1,7.6,7.62,73.35,0,0
5161,21.0,1,0.0,4.3,1.0,1.6,81.8,69.6,5.8,2.1,5.5,2.7,0,0,6.1,6.8,3.77,23.03,1,1
5162,16.0,0,6.9,5.6,4.8,3.1,99.4,42.8,6.7,1.7,6.0,5.3,0,0,4.6,6.8,7.57,52.48,2,2
5163,19.0,1,3.9,7.1,6.9,2.3,91.0,63.1,9.3,0.8,3.8,1.2,0,1,4.8,0.5,7.19,52.32,2,2
5164,20.0,0,4.5,6.2,7.1,4.8,71.0,84.2,9.3,11.0,5.2,7.4,0,0,6.0,6.9,7.94,59.56,2,2
5165,17.0,1,3.6,5.6,8.1,7.3,65.6,73.5,4.8,0.6,6.6,4.5,1,0,2.4,8.9,6.37,29.68,1,1
5166,25.0,1,7.0,8.8,5.0,4.6,69.7,99.3,8.5,3.7,10.0,3.9,0,0,5.4,1.9,3.91,57.47,2,2
5167,18.0,1,2.1,5.4,6.3,4.7,85.6,68.9,2.5,0.6,5.4,4.6,0,0,8.7,1.3,6.37,26.89,1,1
5168,17.0,1,7.1,7.9,8.1,5.2,65.6,74.4,2.1,2.3,6.1,3.0,2,1,1.2,9.9,4.89,34.84,1,1
5169,18.0,0,5.0,5.8,7.2,3.8,71.5,71.7,6.1,5.6,4.4,8.7,0,0,4.3,15.3,5.51,52.86,2,2
5170,22.0,0,5.4,5.5,4.5,2.3,62.5,56.6,5.8,2.0,3.8,7.8,0,1,1.2,6.3,6.86,51.1,2,2
5171,19.0,1,3.5,6.2,6.7,2.5,92.1,74.5,7.4,4.0,6.6,9.0,0,0,1.3,6.6,7.59,65.41,0,0
5172,21.0,1,1.6,7.8,1.0,5.0,88.6,71.1,7.2,4.4,6.5,4.8,0,0,4.3,3.3,4.41,52.97,2,2
5173,16.0,0,6.1,5.2,6.0,3.5,91.4,76.6,7.5,1.3,2.6,6.8,1,0,5.6,2.2,5.34,60.12,2,2
5174,16.0,1,4.8,7.4,4.5,1.2,73.8,76.1,9.5,1.9,2.5,7.0,0,0,7.4,9.5,6.43,80.42,0,0
5175,20.0,2,6.9,5.8,9.8,5.4,57.1,75.0,10.0,1.3,7.6,7.1,0,0,6.2,2.2,5.42,42.31,1,1
5176,23.0,0,3.8,6.0,3.6,1.6,69.1,76.7,7.9,3.9,3.8,4.9,0,1,4.6,5.3,4.98,58.04,2,2
5177,24.0,1,3.4,7.5,6.3,1.0,62.5,94.8,6.0,4.2,5.8,7.3,2,0,5.0,6.6,5.04,63.09,0,0
5178,17.0,1,7.0,9.8,4.9,3.03210685483871,62.3,57.4,5.5,2.7,6.1,7.9,0,0,4.1,2.1,3.83,53.05,2,2
5179,20.0,0,8.0,5.8,4.6,3.6,94.8,62.0,6.0,5.0,5.9,6.5,1,0,4.3,4.9,8.47,61.65,2,2
5180,24.0,1,4.2,7.9,6.9,4.8,76.8,100.0,4.7,5.8,5.0,6.5,0,0,0.0,13.1,5.85,64.71,0,0
5181,19.0,1,2.7,6.6,5.0,3.5,83.8,97.9,8.0,5.4,6.9,10.0,1,0,3.2,5.5447261663286005,6.65,84.07,0,0
5182,23.0,1,5.8,6.4,10.6,2.0,94.3,74.2518720906699,8.3,3.2,8.1,7.7,2,1,8.3,9.2,6.69,60.74,2,2
5183,17.0,0,3.7,8.4,1.1,1.5,66.7,100.0,4.6,1.2,5.5,4.2,2,0,3.6,13.1,7.98,65.35,0,0
5184,24.0,0,5.4,5.9,7.6,4.4,88.0,83.8,5.6,0.2,2.4,5.3,1,0,5.3,4.8,6.25,60.01,2,2
5185,22.0,1,3.7,5.5,5.8,2.8,61.1,100.0,2.1,2.5,3.0,9.6,0,1,1.4,3.2,7.93,56.07,2,2
5186,24.0,0,7.3,7.6,5.9,3.6,83.3,100.0,5.8,5.9,8.6,10.0,1,1,4.3,15.5,6.07,70.17,0,0
5187,21.0,1,2.8,9.1,6.8,2.7,93.9,100.0,6.1,3.2008618067525094,3.8,4.7,0,1,0.8,6.9,5.86,60.99,2,2
5188,19.0,0,5.2,8.0,8.5,3.5,65.2,54.3,3.6,0.3,7.6,7.2,0,0,4.0,3.8,5.41,43.63,1,1
5189,24.0,1,3.2,5.2,6.7,3.7,90.8,87.0,4.8,1.0,2.5,6.9,0,0,6.2,5.7,4.61,52.21,2,2
5190,18.0,0,3.6,6.2,8.5,7.4,82.9,73.5,3.5,6.1,2.7,7.0,0,1,5.8,5.7,5.38,48.39,2,2
5191,19.0,2,3.4,8.3,6.1,3.7,74.1,50.9,2.5,2.4,6.5,4.2,2,0,0.8,3.8,9.83,49.71,2,2
5192,22.0,1,5.7,9.1,3.4,2.3,64.4,99.1,9.3,1.1,3.9,7.3,1,1,2.2,1.7,7.43,76.87,0,0
5193,22.0,1,6.0,7.3,5.8,3.3,83.1,96.5,2.5,5.4,8.4,4.2,1,0,3.4,3.4,9.88,60.87,2,2
5194,24.0,1,5.3,6.2,8.9,1.3,86.4,72.4,6.3,2.7,5.4,2.1,0,0,1.7,1.4,8.22,55.93,2,2
5195,18.0,1,4.0,9.1,5.0,1.3,75.9,63.9,8.1,1.5,3.5,7.9,0,0,1.5,1.4,6.33,75.46,0,0
5196,23.0,1,4.5,6.9,3.3,5.2,67.2,76.0,9.1,2.1,2.7,10.0,0,1,1.3,7.3,7.29,71.6,0,0
5197,22.0,0,6.0,6.2,7.5,3.5,89.9,42.3,3.7,7.4,9.6,5.1,2,1,3.9,2.4,5.88,28.92,1,1
5198,16.0,0,6.1,6.0,6.8,5.0,95.4,50.8,8.8,3.2,5.1,6.0,2,0,4.050203624516392,2.4,9.75,54.34,2,2
5199,19.0,1,0.0,5.4,4.1,0.1,92.4,69.6,6.4,2.5,5.3,4.0,0,0,1.3,11.5,8.13,48.18,2,2
5200,18.0,1,3.7,10.0,5.4,1.2,100.0,86.1,7.3,4.1,5.0,6.4,1,1,3.2,6.4,7.15,69.2,0,0
5201,19.0,0,3.8,8.8,5.5,3.5,71.5,71.7,9.9,2.8,6.0,5.7,1,0,0.0,1.6,7.74,59.71,2,2
5202,25.0,0,5.5,6.1,6.0,1.5,61.6,65.0,7.3,2.9,6.0,4.1,0,0,5.5,5.5447261663286005,8.26,45.55,1,1
5203,21.0,1,4.1,9.3,7.6,0.4,85.3,60.1,4.0,2.7,5.6,4.7,1,1,4.1,7.1,7.0,50.08,2,2
5204,22.0,1,5.6,7.7,5.0,1.1,74.8,100.0,1.5,4.1,1.7,1.6,0,0,2.0,4.6,4.17,55.45,2,2
5205,25.0,0,2.0,7.6,7.7,2.4,92.8,55.7,7.4,3.0,7.1,2.2,1,0,4.4,9.3,6.84,49.34,2,2
5206,19.0,1,4.7,6.1,4.7,3.7,66.5,42.1,6.9,1.0,4.9,1.7,2,1,5.2,3.0,7.07,38.06,1,1
5207,23.0,0,6.0,6.3,10.2,6.1,67.5,64.6,4.3,2.2,7.8,4.5,1,0,2.7,3.7,8.43,40.92,1,1
5208,20.0,0,1.3,6.9,10.2,1.1,80.9,84.3,6.4,10.5,9.1,5.3,1,1,0.5,3.9,8.63,49.03,2,2
5209,23.0,1,9.2,4.4,3.9,1.2,82.3,76.9,3.0,4.2,5.5,6.8,0,0,2.3,3.2,7.18,37.18,1,1
5210,18.0,1,6.6,6.4,2.9,0.4,88.8,61.5,6.8,3.6,5.9,8.2,1,0,4.2,5.5,6.89,79.15,0,0
5211,24.0,0,4.2,7.0,8.4,4.0,78.7,78.5,3.1,1.5,4.8,2.8,1,0,2.1,2.5,8.93,56.47,2,2
5212,18.0,0,2.5,8.7,6.6,3.2,55.1,95.0,8.7,1.8,2.6,8.2,0,1,5.8,5.4,4.43,62.68,2,2
5213,19.0,0,3.8,6.2,7.4,1.3,100.0,78.7,10.0,2.9,8.7,5.3,1,0,7.1,4.7,7.48,70.53,0,0
5214,22.0,1,4.4,8.1,4.4,1.5,80.4,77.8,6.6,0.8,4.6,7.4,1,0,4.5,8.9,6.87,60.88,2,2
5215,19.0,0,5.1,4.3,5.7,2.8,100.0,77.8,6.9,3.6,6.0,7.4,0,0,7.3,2.9,7.5,58.9,2,2
5216,21.0,0,7.2,8.5,5.1,2.9,78.4,61.6,7.3,3.5,1.7,6.5,0,0,2.9,3.1,8.31,69.34,0,0
5217,20.0,0,3.2,5.8,6.8,3.03210685483871,66.3,83.1,6.6,5.8,3.1,6.9,0,0,5.9,10.5,5.73,67.37,0,0
5218,22.0,1,5.3,7.2,2.9,3.3,75.9,93.8,3.6,3.5,1.0,7.5,1,0,5.6,1.2,8.63,77.76,0,0
5219,18.0,1,1.6,7.5,5.8,0.5,94.3,99.3,9.1,3.6,5.8,10.0,1,0,6.5,5.5447261663286005,6.12,70.49,0,0
5220,16.0,1,3.4,7.3,2.9,3.1,88.1,82.7,7.0,2.1,3.5,10.0,1,0,7.3,3.7,6.15,78.87,0,0
5221,19.0,0,5.0,6.9,4.7,2.7,84.0,75.3,7.2,1.5,4.5,5.3,0,0,0.3,5.9,7.89,69.25,0,0
5222,20.0,0,5.6,5.4,5.8,3.7,79.2,100.0,8.2,0.4,5.8,9.1,0,1,3.9,4.3,5.82,60.09,2,2
5223,18.0,2,2.7,5.8,7.3,5.2,81.7,77.2,8.1,4.1,2.1,6.1,0,0,0.9,0.3,8.28,54.46,2,2
5224,19.0,2,3.3,8.3,7.5,2.3,78.1,66.3,8.7,1.5,4.3,7.4,1,0,4.050203624516392,3.2,7.59,59.97,2,2
5225,19.0,1,7.1,6.2,7.9,3.0,95.6,62.6,7.0,0.9,6.0,4.5,0,0,3.7,11.5,5.6,45.86,1,1
5226,16.0,1,6.5,6.9,2.3,0.0,91.9,60.5,4.1,1.4,5.8,8.6,1,0,8.4,2.8,5.46,67.8,0,0
5227,21.0,1,4.6,5.1,9.2,6.5,67.7,65.9,6.9,4.3,1.0,7.3,1,0,7.4,10.8,6.489753023681269,56.96,2,2
5228,24.0,1,0.0,8.1,4.4,0.0,60.8,100.0,5.9,3.6,6.4,8.7,1,0,1.9,9.9,2.81,44.87,1,1
5229,17.0,0,9.2,5.3,4.6,2.9,64.1,61.4,4.1,1.4,3.0,4.5,2,0,5.4,1.3,4.95,34.12,1,1
5230,21.0,0,4.2,8.2,6.7,0.0,75.4,100.0,9.2,2.6,5.9,1.0,0,1,9.7,4.5,5.45,57.24,2,2
5231,21.0,1,3.6,5.6,5.2,1.5,82.9,71.3,5.7,4.7,5.9,10.0,2,1,1.0,15.7,5.94,57.39,2,2
5232,19.0,0,3.2,8.3,6.9,6.1,79.3,93.8,6.5,4.4,8.5,4.5,2,0,7.5,11.9,6.69,59.69,2,2
5233,22.0,0,5.0,7.0,7.4,5.1,88.2,55.6,4.4,0.7,5.5,5.8,1,1,2.3,4.7,3.61,45.71,1,1
5234,19.0,1,5.0,6.3,4.1,4.8,79.8,74.7,5.9,0.1,4.5,10.0,2,0,4.7,2.0,9.01,73.93,0,0
5235,20.0,1,6.1,9.1,5.5,2.7,100.0,45.9,8.0,0.9,5.542839731870811,3.8,1,0,5.3,7.3,10.0,67.77,0,0
5236,16.0,1,2.3,6.9,5.6,6.0,86.6,75.4,5.991217524197657,4.1,6.3,7.3,0,1,6.0,1.9,5.96,58.84,2,2
5237,22.0,1,3.6,6.5,8.4,3.5,80.2,89.2,2.8,1.0,2.3,10.0,2,0,5.5,3.0,7.63,64.04,0,0
5238,21.0,0,8.3,8.2,4.8,4.2,60.4,92.4,6.0,2.5,3.8,6.7,1,0,1.4,5.5447261663286005,5.13,57.55,2,2
5239,16.0,1,4.6,5.1,4.7,7.8,84.6,74.9,0.0,0.9,1.0,10.0,0,1,3.9,6.9,4.17,38.33,1,1
5240,19.0,1,3.9,3.7,3.4,5.0,86.5,68.5,5.1,0.3,2.2,6.2,0,0,2.0,5.0,5.14,40.36,1,1
5241,25.0,2,2.3,8.5,3.7,2.9,70.7,76.6,6.3,2.5,7.5,8.3,0,0,4.4,5.5447261663286005,7.43,53.86,2,2
5242,19.0,0,5.2,5.9,2.6,3.9,65.0,64.7,6.4,3.6,3.6,5.7,1,0,5.1,4.4,5.89,53.27,2,2
5243,20.0,1,6.3,8.1,4.2,5.5,94.2,64.7,9.6,0.6,4.8,4.3,0,1,6.9,17.1,5.49,52.1,2,2
5244,24.0,2,5.9,7.1,10.0,4.1,67.4,67.7,5.5,4.8,3.4,6.5,1,0,0.6,7.9,5.78,48.22,2,2
5245,22.0,1,3.7,5.5,7.7,4.4,82.2,79.1,9.4,1.5,7.8,1.0,2,0,3.7,2.7,6.63,36.66,1,1
5246,21.0,1,4.9,7.8,9.2,5.3,80.4,100.0,6.5,3.1,4.6,3.9,2,0,8.4,9.2,5.65,49.62,2,2
5247,23.0,0,7.5,6.5,3.6,7.6,85.8,98.4,4.9,1.5,5.6,5.6,0,1,0.6,8.8,8.12,56.02,2,2
5248,23.0,1,6.3,5.6,1.1,1.3,67.5,69.3,6.4,3.9,3.8,6.8,0,0,3.7,3.6,7.28,59.62,2,2
5249,20.0,0,2.6,5.6,6.8,4.3,78.4,60.3,6.3,0.6,9.9,5.957923664122137,2,0,1.9,8.1,5.77,42.88,1,1
5250,20.0,1,0.0,4.7,10.6,3.8,67.4,61.8,6.4,2.0,2.5,5.4,0,0,6.8,11.5,4.77,20.86,1,1
5251,19.0,1,4.8,7.5,4.8,2.3,81.0,48.4,4.5,0.2,4.3,4.4,0,1,5.0,17.4,8.72,51.31,2,2
5252,25.0,0,5.8,5.8,6.3,1.8,86.6,88.1,4.4,3.3,8.6,6.6,0,1,0.8,14.3,9.21,62.35,2,2
5253,22.0,1,2.0,7.0,2.1,6.0,91.6,49.9,8.5,3.0,5.1,4.6,0,0,2.9,8.4,9.21,64.45,0,0
5254,17.0,0,4.219583121504829,6.8,6.1,1.2,99.4,34.4,8.3,3.1,6.5,2.4,0,0,0.2,8.9,9.01,60.59,2,2
5255,23.0,0,3.7,5.8,5.7,0.5,76.6,88.1,4.2,2.0,6.9,4.5,1,1,7.8,2.6,6.14,47.59,2,2
5256,20.0,0,4.4,5.0,1.0,2.0,76.3,87.3,5.7,1.1,6.7,3.6,0,1,7.5,1.6,5.91,45.51,1,1
5257,16.0,0,3.1,10.0,3.4,0.0,96.5,55.5,6.8,0.9,7.9,7.7,1,0,5.1,2.6,6.38,61.23,2,2
5258,20.0,1,6.8,6.9,3.2,1.5,87.5,80.4,7.8,6.0,7.2,4.4,0,1,0.0,20.3,5.62,57.41,2,2
5259,19.0,0,4.5,9.4,2.1,1.1,96.1,51.3,6.4,3.3,1.2,7.7,0,0,6.4,2.0,4.85,77.05,0,0
5260,23.0,0,2.4,8.5,4.2,3.2,100.0,73.2,8.5,1.7,7.1,4.5,1,1,1.1,7.4,3.94,61.28,2,2
5261,18.0,0,6.0,6.6,7.3,5.6,69.0,81.5,5.8,2.4,4.7,6.7,0,1,1.4,3.8,5.85,49.7,2,2
5262,23.0,0,1.7,7.2,4.4,1.9,90.5,87.5,9.4,1.3,6.6,7.3,1,1,3.6,1.7,7.65,68.0,0,0
5263,20.0,0,6.8,7.2,8.9,4.6,72.2,82.1,10.0,0.7,2.9,4.5,0,1,5.7,2.8,8.39,67.07,0,0
5264,16.0,1,6.2,9.4,5.1,4.4,100.0,40.9,6.2,3.0,7.2,3.8,1,0,2.7,5.7,8.12,43.97,1,1
5265,25.0,0,7.0,8.1,6.8,0.0,64.6,80.4,6.8,7.4,4.5,7.7,0,0,1.7,4.4,6.47,62.71,2,2
5266,20.0,1,3.9,6.0,7.2,2.0,91.9,100.0,3.9,3.5,4.5,4.1,2,1,4.0,8.9,5.68,53.69,2,2
5267,19.0,1,3.2,7.5,9.8,2.3,72.8,82.1,5.6,1.7,7.4,2.8,1,1,4.9,8.9,4.09,38.1,1,1
5268,20.0,0,4.4,8.0,4.2,3.7,87.2,50.1,6.4,1.5,4.3,4.1,2,0,0.0,1.4,6.7,53.34,2,2
5269,23.0,1,4.0,5.5,7.1,4.0,96.5,62.2,7.5,4.3,5.5,4.5,0,1,2.1,3.3,6.24,50.82,2,2
5270,19.0,1,2.9,7.6,3.6,3.6,71.6,65.8,5.5,4.2,5.8,8.4,1,0,7.9,4.1,7.32,56.45,2,2
5271,18.0,1,3.1,8.7,6.047861775435752,1.4,60.9,33.0,7.6,1.0,6.1,1.8,2,0,5.1,4.8,6.19,28.23,1,1
5272,17.0,0,3.5,5.9,3.4,1.9,76.6,76.8,5.2,7.1,4.8,9.2,0,1,8.2,2.8,10.0,70.75,0,0
5273,19.0,1,1.9,6.1,7.0,0.3,75.0,68.7,8.2,3.3,4.8,4.2,2,1,5.6,3.2,7.06,55.07,2,2
5274,22.0,0,5.6,8.5,9.9,3.1,63.3,69.5,6.9,1.8,4.4,6.6,1,0,6.1,14.8,7.58,62.13,2,2
5275,20.0,1,4.1,6.5,3.0,2.3,53.9,72.8,6.8,1.7,7.4,7.8,0,1,9.1,4.1,7.61,49.98,2,2
5276,18.0,0,3.6,5.7,7.5,4.0,95.8,62.0,5.0,4.9,5.8,5.5,0,0,3.0,1.7,4.5,45.07,1,1
5277,18.0,1,2.0,8.1,3.5,4.3,99.4,90.4,5.8,2.9,7.6,3.8,0,0,2.8,4.4,4.47,44.29,1,1
5278,19.0,0,1.9,7.7,11.8,2.4,72.2,78.3,5.2,2.1,7.2,5.957923664122137,0,0,5.8,17.6,6.62,46.7,2,2
5279,24.0,1,8.1,7.1,1.3,3.5,76.2,65.4,7.9,8.2,7.0,5.957923664122137,1,0,3.0,2.9,8.2,70.82,0,0
5280,19.0,2,2.9,8.5,2.2,2.6,90.5,83.0,3.0,1.8,4.4,5.1,1,1,0.2,2.2,6.5,53.59,2,2
5281,25.0,0,5.4,8.6,3.2,1.0,90.7,81.4,4.4,2.9,5.7,10.0,1,0,5.9,3.1,6.32,78.45,0,0
5282,20.0,0,4.5,6.9,3.3,1.6,100.0,57.8,8.7,2.5,1.2,5.0,2,1,2.7,7.6,4.77,63.8,0,0
5283,18.0,0,0.0,9.6,7.3,0.0,88.1,71.9,6.4,0.7,2.2,1.4,1,0,5.4,4.2,7.02,38.59,1,1
5284,24.0,1,7.8,9.1,10.5,2.3,66.7,71.9,8.7,3.8,1.0,9.5,0,0,7.1,2.5,6.489753023681269,57.51,2,2
5285,20.0,0,5.6,4.4,8.9,1.9,90.3,64.5,7.8,1.4,4.8,3.6,0,1,1.9,0.7,7.09,28.67,1,1
5286,22.0,0,4.219583121504829,5.7,6.6,1.0,70.9,50.6,8.1,1.8,8.3,10.0,0,0,6.3,0.6,5.64,43.69,1,1
5287,25.0,0,4.1,4.1,6.0,4.5,79.1,63.9,6.9,0.4,6.9,6.4,0,0,6.2,2.6,6.16,44.2,1,1
5288,16.0,0,1.9,6.6,4.5,3.9,94.5,97.8,4.6,3.8,4.0,5.9,1,0,8.6,4.1,7.19,64.72,0,0
5289,17.0,0,7.9,5.4,7.0,4.0,68.2,63.3,6.2,0.5,8.5,3.1,0,0,4.1,9.8,7.66,28.56,1,1
5290,22.0,2,2.4,5.9,5.5,4.2,79.0,91.2,3.3,2.7,5.0,7.2,0,0,2.7,10.1,8.42,58.92,2,2
5291,18.0,1,3.2,8.4,6.5,3.0,64.1,74.4,5.6,1.7,8.7,3.8,0,0,4.5,3.9,6.489753023681269,44.34,1,1
5292,18.0,0,2.7,4.7,4.1,3.0,67.1,78.0,4.8,3.3,1.9,7.2,2,0,7.2,1.7,8.16,50.22,2,2
5293,16.0,0,4.4,7.2,3.0,4.5,72.9,53.0,1.9,4.3,5.6,6.2,1,0,7.5,1.4,8.95,65.99,0,0
5294,16.0,0,6.9,7.2,6.1,4.2,100.0,96.0,6.9,5.8,3.3,8.9,0,0,1.5,3.6,5.45,79.92,0,0
5295,22.0,1,7.8,6.9,6.0,4.8,80.4,100.0,6.7,10.5,5.2,4.1,2,0,3.1,2.3,6.7,57.87,2,2
5296,17.0,0,3.4,7.2,4.5,2.9,100.0,62.4,8.8,4.1,1.5,3.2,1,1,4.2,0.8,7.16,77.74,0,0
5297,20.0,0,5.0,4.1,4.1,1.2,92.4,98.5,3.3,2.0,4.0,4.6,0,0,2.5,12.8,7.22,53.24,2,2
5298,20.134890807516506,1,4.4,5.9,7.4,3.4,92.8,52.2,8.4,2.9,7.5,6.8,0,0,2.9,23.4,5.62,46.77,2,2
5299,19.0,0,2.2,9.0,7.1,2.0,65.8,74.0,5.991217524197657,6.2,6.7,9.2,2,0,3.4,5.5,6.86,54.63,2,2
5300,16.0,1,9.0,5.4,10.7,4.2,78.0,53.9,5.7,0.4,6.7,4.9,1,0,7.6,5.0,7.31,34.58,1,1
5301,22.0,2,6.9,9.2,9.5,3.5,65.1,81.8,10.0,2.5,5.2,5.5,2,1,2.5,8.5,5.53,48.38,2,2
5302,16.0,1,4.6,5.2,3.0,3.1,76.0,71.3,5.9,2.3,4.2,6.3,0,0,7.8,3.5,7.36,62.61,2,2
5303,22.0,1,7.4,5.0,5.5,2.3,74.1,74.1,4.4,2.9,4.9,4.1,1,0,3.9,6.8,6.96,40.66,1,1
5304,24.0,1,6.6,5.8,2.6,4.8,79.5,98.6,5.8,6.9,6.4,3.1,1,0,3.3,4.5,5.7,46.99,2,2
5305,20.0,0,4.4,8.5,1.4,4.7,90.7,97.4,7.9,2.2,6.7,5.8,1,0,4.5,1.4,8.11,80.55,0,0
5306,20.0,1,4.9,6.3,11.5,2.0,76.6,71.9,5.4,2.2,2.0,7.9,1,0,1.7,3.5,5.7,48.57,2,2
5307,20.0,0,7.2,7.4,9.7,0.8,91.0,94.9,6.9,5.4,5.7,5.3,1,0,3.0,1.8,4.93,57.21,2,2
5308,19.0,0,2.3,7.1,4.4,3.3,60.9,95.7,6.8,4.1,6.3,7.9,2,0,5.0,14.4,4.55,51.78,2,2
5309,24.0,0,7.5,6.9,9.1,5.1,85.8,95.0,7.2,1.9,4.0,2.5,0,0,0.2,5.9,8.3,64.9,0,0
5310,24.0,1,3.7,8.7,9.5,0.7,74.3,77.7,8.3,1.6,6.7,5.8,1,1,1.5,1.4,6.58,52.59,2,2
5311,19.0,2,7.2,8.0,1.2,3.8,79.81730107309173,81.0,10.0,2.1,3.1,1.2,1,0,7.0,1.2,6.54,69.74,0,0
5312,21.0,0,4.2,5.5,8.1,1.5,91.2,69.9,6.2,2.7,6.2,6.7,2,0,1.7,8.7,7.49,62.8,2,2
5313,24.0,1,4.9,6.6,4.8,1.2,61.3,100.0,6.7,0.3,1.0,3.9,0,1,4.1,2.0,6.98,56.76,2,2
5314,25.0,1,4.1,9.3,7.0,4.7,99.1,82.2,3.4,2.4,4.3,7.7,2,0,1.6,7.4,7.76,65.29,0,0
5315,20.0,1,3.1,7.4,13.5,4.2,77.5,73.5,8.1,0.8,4.0,1.0,0,1,8.7,7.1,6.39,45.91,1,1
5316,20.0,0,3.7,5.0,10.0,2.7,100.0,84.1,9.0,4.0,8.4,8.3,0,0,7.8,6.7,5.84,61.61,2,2
5317,18.0,1,7.0,5.1,5.7,4.4,80.9,79.9,7.5,3.3,4.8,2.8,1,1,2.6,1.0,6.84,50.25,2,2
5318,25.0,1,0.0,8.2,9.6,4.2,97.2,100.0,3.0,1.6,3.2,4.7,1,0,6.3,1.1,6.489753023681269,46.3,1,1
5319,17.0,0,4.219583121504829,7.9,1.2,0.3,80.8,74.6,5.1,1.9,7.7,5.957923664122137,0,1,2.7,4.8,4.4,42.72,1,1
5320,21.0,0,2.7,5.8,7.3,3.2,83.5,88.8,6.1,2.3,5.6,7.6,1,0,7.1,0.9,10.0,66.9,0,0
5321,18.0,0,2.0,8.0,7.3,5.5,81.5,72.8,4.1,1.7,6.1,6.5,1,1,4.4,8.9,5.54,36.45,1,1
5322,18.0,0,7.2,9.1,7.8,3.9,77.1,44.6,10.0,1.1,4.1,7.8,1,1,1.8,12.7,7.81,65.45,0,0
5323,19.0,1,6.7,8.9,4.7,0.0,76.7,75.0,6.9,2.5,8.6,6.9,1,0,6.3,3.7,6.58,65.19,0,0
5324,25.0,0,5.4,9.1,7.0,1.1,82.9,90.4,8.0,1.0,4.8,5.957923664122137,2,0,5.4,2.6,6.48,64.63,0,0
5325,16.0,1,2.9,7.7,8.1,4.8,87.1,77.4,8.1,2.6,4.8,3.8,1,0,3.0,9.9,5.34,54.31,2,2
5326,21.0,0,6.9,6.8,1.0,2.0,83.0,54.2,6.2,7.1,6.4,7.3,1,0,1.3,8.6,6.15,64.89,0,0
5327,20.134890807516506,0,1.0,6.5,5.2,5.0,86.7,100.0,3.4,6.3,6.6,7.2,2,1,3.6,7.9,7.22,58.82,2,2
5328,17.0,1,8.5,7.0,3.7,6.7,60.3,53.6,7.7,6.4,10.0,4.5,2,1,4.0,5.9,6.02,36.5,1,1
5329,20.0,2,2.8,5.9,7.7,2.6,91.8,61.1,10.0,6.8,7.9,3.9,1,1,2.0,13.2,4.96,45.85,1,1
5330,20.0,0,3.7,6.5,9.4,1.9,70.3,54.7,5.2,3.2008618067525094,6.0,6.7,0,0,1.3,1.4,6.489753023681269,49.29,2,2
5331,18.0,1,3.3,8.7,4.5,3.03210685483871,58.6,56.3,5.991217524197657,2.6,3.2,8.9,2,0,3.4,2.0,6.33,52.93,2,2
5332,19.0,0,2.1,4.9,3.3,4.4,100.0,75.8,7.8,1.6,3.2,6.0,1,0,0.0,6.4,7.8,53.52,2,2
5333,17.0,0,8.1,5.0,6.3,1.9,98.3,86.0,8.0,1.5,5.6,5.5,1,0,4.5,7.8,8.28,61.97,2,2
5334,19.0,0,5.8,8.1,3.1,2.3,79.9,64.4,8.5,0.8,9.5,5.4,0,1,3.2,0.9,8.42,68.26,0,0
5335,25.0,0,6.6,6.5,5.4,1.0,93.9,85.2,5.7,1.9,8.5,2.8,1,0,0.1,1.5,4.86,61.22,2,2
5336,24.0,0,1.8,4.5,5.2,2.2,75.7,88.8,5.7,2.4,6.6,8.6,0,0,2.0,4.3,7.34,41.97,1,1
5337,19.0,1,4.6,6.9,7.5,1.7,73.9,69.1,0.2,5.7,2.3,5.5,0,1,3.9,3.7,7.26,55.37,2,2
5338,21.0,1,5.2,6.7,6.8,0.0,72.3,47.8,6.1,4.4,3.2,4.1,0,0,2.4,9.4,6.57,54.31,2,2
5339,24.0,1,4.7,6.4,6.4,1.5,71.7,100.0,4.8,5.7,4.7,2.3,2,0,3.5,5.9,7.06,57.1,2,2
5340,16.0,1,1.9,7.9,10.1,4.3,76.6,62.9,1.1,1.8,5.3,7.7,0,1,5.7,2.0,5.4,39.99,1,1
5341,23.0,0,6.4,5.3,6.7,5.4,70.7,35.2,10.0,1.0,4.6,7.8,2,1,3.0,4.5,5.41,40.23,1,1
5342,24.0,1,4.4,7.0,5.0,2.8,43.0,68.0,6.5,2.0,8.1,6.4,1,1,7.0,6.5,9.16,55.67,2,2
5343,17.0,1,2.3,6.7,5.3,3.1,77.6,85.5,2.1,0.5,8.5,7.4,2,0,3.3,2.8,7.61,45.1,1,1
5344,18.0,1,0.5,7.0,4.1,3.5,67.4,88.2,6.8,1.5,4.6,5.7,0,1,5.4,4.9,9.14,56.38,2,2
5345,25.0,0,5.4,4.7,3.5,6.5,83.9,54.5,10.0,1.1,4.5,3.4,0,0,6.1,5.0,7.48,43.7,1,1
5346,20.0,0,9.1,6.3,2.5,1.2,76.9,41.7,8.6,8.3,4.7,8.8,1,0,2.4,4.5,5.88,58.12,2,2
5347,16.0,1,2.2,7.0,8.8,0.7,88.3,80.5,8.1,5.6,4.5,7.9,2,0,8.1,0.9,3.48,74.13,0,0
5348,18.0,0,4.5,7.7,4.2,2.9,80.2,84.3,3.3,2.8,6.4,4.0,0,0,4.3,5.0,7.14,68.46,0,0
5349,20.0,1,6.4,9.4,6.8,3.7,63.5,95.1,4.8,2.4,4.8,8.0,1,1,0.7,4.8,2.79,50.94,2,2
5350,22.0,0,1.7,8.0,5.3,2.9,63.5,93.1,4.1,2.4,7.9,8.5,1,0,1.7,2.8,9.4,65.77,0,0
5351,22.0,1,3.2,7.6,5.9,0.5,63.9,77.6,6.0,1.8,5.0,6.2,1,1,2.0,5.5447261663286005,7.55,58.97,2,2
5352,25.0,0,2.5,8.7,8.9,4.6,68.8,58.5,7.7,4.4,3.8,4.9,2,0,3.2,1.7,9.61,49.23,2,2
5353,18.0,0,6.2,6.6,6.4,2.8,70.9,66.3,5.991217524197657,1.8,5.5,6.9,0,0,3.0,1.2,7.94,57.15,2,2
5354,20.0,0,6.9,9.0,3.7,4.0,92.0,70.6,4.0,1.7,5.1,6.2,0,1,0.0,6.3,3.2,50.96,2,2
5355,20.0,1,4.5,8.5,4.6,5.8,82.4,58.5,5.6,1.9,5.6,4.7,2,0,4.1,10.2,9.01,54.43,2,2
5356,19.0,0,2.5,6.4,8.1,0.4,55.8,94.5,8.3,2.0,5.0,8.7,1,1,7.2,4.9,5.47,51.79,2,2
5357,18.0,0,3.3,9.5,7.2,0.0,68.6,93.5,5.991217524197657,3.7,1.1,7.8,1,0,5.4,4.4,5.33,68.65,0,0
5358,25.0,0,2.9,7.6,8.3,4.0,79.5,49.9,6.9,7.2,4.1,6.6,0,0,6.3,1.7,5.58,55.05,2,2
5359,23.0,1,2.2,9.9,5.4,0.0,66.9,69.2,4.1,3.5,7.4,5.4,1,0,1.4,1.3,8.69,43.36,1,1
5360,20.0,1,4.0,7.4,2.5,2.3,81.1,100.0,6.4,1.6,4.3,8.9,0,0,1.9,4.8,7.12,70.33,0,0
5361,21.0,0,5.3,6.3,7.3,2.0,69.1,95.9,3.5,11.4,1.4,4.6,0,0,1.5,4.9,5.04,54.81,2,2
5362,18.0,1,5.2,6.0,6.6,3.6,78.3,78.4,4.2,4.2,5.7,7.2,0,0,5.3,4.8,8.24,63.41,0,0
5363,20.0,1,4.2,6.5,6.7,1.8,72.6,94.7,2.7,1.0,7.5,4.7,0,0,0.0,3.5,4.36,41.57,1,1
5364,22.0,1,4.3,6.3,2.5,3.9,81.5,100.0,9.8,4.3,9.1,9.3,1,0,7.6,7.0,5.72,75.98,0,0
5365,20.0,0,4.0,8.7,4.4,1.1,98.7,76.7,9.9,7.5,7.1,5.0,0,0,0.0,3.6,7.17,74.89,0,0
5366,25.0,1,1.6,7.0,3.7,0.8,91.6,50.6,3.8,3.5,7.8,5.3,0,0,0.0,3.9,7.1,44.64,1,1
5367,21.0,1,4.5,4.9,7.0,3.0,65.9,90.5,4.3,5.2,7.3,5.5,0,1,0.6,4.8,6.21,43.12,1,1
5368,19.0,1,3.0,7.3,7.1,3.2,100.0,91.4,5.3,6.6,5.8,4.1,0,0,2.8,3.6,6.24,67.24,0,0
5369,22.0,1,1.5,7.2,5.9,3.5,95.4,56.9,8.7,3.2,3.0,10.0,1,0,0.0,2.9,6.79,66.78,0,0
5370,18.0,1,4.9,6.4,8.4,5.7,71.1,79.7,7.3,5.9,5.3,7.4,0,1,0.0,11.3,7.03,59.09,2,2
5371,19.0,1,3.0,7.3,9.7,5.3,68.7,60.8,9.0,7.0,7.0,6.3,1,0,6.0,2.2,6.68,54.06,2,2
5372,19.0,0,4.7,6.9,6.9,3.8,84.4,45.4,9.7,3.0,5.6,4.8,0,0,2.3,5.5447261663286005,7.35,59.84,2,2
5373,20.0,0,4.219583121504829,7.8,7.7,4.5,89.2,79.0,7.1,0.6,8.1,7.2,1,1,0.2,2.4,6.63,50.08,2,2
5374,22.0,0,2.3,7.7,4.6,3.5,100.0,100.0,5.991217524197657,4.0,6.0,3.6,1,0,3.2,12.2,3.48,63.4,0,0
5375,20.0,1,4.4,7.5,4.2,5.1,86.6,80.8,9.0,0.6,4.7,3.1,1,0,1.6,8.1,9.44,66.54,0,0
5376,23.0,0,0.6,5.3,8.5,3.7,71.4,78.2,8.4,3.8,6.4,4.3,0,1,5.1,2.7,7.97,37.57,1,1
5377,21.0,0,7.3,9.8,3.8,2.0,73.4,51.0,8.4,2.6,3.8,7.7,2,0,4.9,9.9,5.93,56.93,2,2
5378,19.0,0,1.5,5.0,7.7,1.6,88.1,86.3,7.0,6.5,5.6,7.9,0,0,5.9,7.5,3.96,50.03,2,2
5379,20.134890807516506,0,3.2,6.8,10.3,5.1,62.6,65.0,8.3,2.2,4.9,6.2,0,0,6.1,9.1,6.06,48.74,2,2
5380,18.0,1,6.9,5.6,7.6,2.7,99.4,61.0,5.3,1.6,3.2,5.5,1,0,1.2,1.4,3.39,44.14,1,1
5381,18.0,0,3.7,7.5,5.8,6.5,72.9,90.9,4.8,1.8,7.1,5.9,0,0,1.1,4.4,5.06,54.7,2,2
5382,20.0,1,1.8,7.2,2.6,1.0,92.5,53.1,5.3,0.6,3.4,5.957923664122137,2,0,2.8,0.8,4.95,54.76,2,2
5383,18.0,1,5.6,6.8,6.4,5.3,95.6,71.2,10.0,1.2,6.1,1.5,2,1,2.0,4.1,6.14,52.58,2,2
5384,16.0,0,5.6,9.0,8.5,2.2,100.0,54.3,3.7,4.9,4.7,6.9,2,0,1.9,1.8,9.29,61.88,2,2
5385,21.0,2,2.9,8.4,5.6,3.7,76.0,69.6,8.1,3.5,6.2,7.7,1,0,1.9,1.2,9.95,64.05,0,0
5386,20.0,0,3.2,6.6,8.6,0.7,76.4,35.5,10.0,13.9,5.6,7.7,2,0,2.3,16.5,5.36,63.23,0,0
5387,20.0,1,3.3,8.0,6.9,0.0,75.7,84.7,6.9,2.6,4.2,6.7,1,0,4.0,3.3,6.12,76.13,0,0
5388,25.0,1,3.8,9.0,6.7,5.7,82.3,82.0,5.3,2.1,5.4,7.2,2,1,6.1,6.3,7.51,55.0,2,2
5389,21.0,1,0.4,8.4,5.2,2.2,71.6,100.0,7.2,2.9,5.7,9.5,0,1,6.5,2.6,7.1,52.87,2,2
5390,23.0,0,3.8,6.8,2.4,4.8,95.8,79.4,4.9,2.4,8.3,4.6,2,0,1.7,9.3,2.63,52.09,2,2
5391,17.0,1,7.8,4.9,4.9,1.8,93.1,58.8,4.0,3.8,9.6,5.9,1,0,6.7,5.5,6.41,44.76,1,1
5392,21.0,0,2.4,7.4,4.9,4.8,76.7,92.9,9.0,2.0,3.3,5.6,2,1,7.7,2.5,6.35,58.04,2,2
5393,23.0,1,3.0,7.9,7.4,2.2,70.8,92.4,8.8,2.1,4.0,8.6,1,0,0.1,7.8,6.35,62.05,2,2
5394,21.0,0,1.8,6.0,6.0,0.8,74.3,98.5,5.3,3.7,1.0,5.3,2,1,6.0,5.0,4.5,46.3,1,1
5395,22.0,0,5.4,7.0,8.7,4.2,73.9,39.7,4.9,2.0,2.9,4.1,1,0,3.7,10.6,8.48,46.6,1,1
5396,19.0,1,6.6,6.9,6.7,4.7,86.4,62.4,6.5,0.6,3.4,4.5,0,0,0.2,1.7,8.07,57.52,2,2
5397,17.0,1,6.6,8.8,4.7,4.2,82.5,58.7,5.8,3.2,1.0,2.6,0,1,4.7,5.4,5.97,61.32,2,2
5398,20.0,0,1.7,9.4,4.0,2.7,90.7,100.0,4.2,2.4,2.0,5.5,0,0,6.8,8.0,6.55,72.11,0,0
5399,19.0,0,5.2,8.5,4.5,0.0,99.3,89.5,2.6,2.7,4.9,5.8,0,0,4.5,2.8,7.91,73.08,0,0
5400,23.0,0,7.1,6.9,6.4,1.1,83.9,95.3,2.8,3.2008618067525094,4.4,3.1,2,0,2.9,4.8,7.15,53.86,2,2
5401,18.0,0,5.2,8.5,5.1,1.7,87.7,55.5,3.4,3.9,4.5,4.7,1,0,3.9,8.9,5.57,50.09,2,2
5402,25.0,1,5.2,7.8,3.3,2.5,100.0,77.4,3.7,1.0,3.6,5.2,0,0,8.3,1.0,8.49,83.13,0,0
5403,25.0,0,3.3,6.9,8.5,5.0,87.4,45.7,6.5,1.0,10.0,7.9,0,1,3.8,9.5,7.44,43.22,1,1
5404,18.0,1,4.6,9.7,6.4,2.8,73.6,55.2,4.2,6.0,6.3,4.1,0,0,4.2,4.1,7.38,48.06,2,2
5405,19.0,0,6.7,6.0,6.7,0.0,79.1,77.2,4.3,8.2,5.4,3.5,2,0,2.4,4.7,4.72,43.89,1,1
5406,24.0,1,4.9,7.8,3.9,0.0,58.3,79.0,3.2,3.6,8.3,5.3,0,0,7.5,3.8,6.99,55.29,2,2
5407,25.0,0,1.7,8.1,3.4,1.7,87.1,82.1,3.3,1.8,5.1,7.6,1,0,0.1,6.5,5.58,54.9,2,2
5408,20.0,1,3.3,6.6,5.6,2.1,72.9,63.3,3.2,0.5,2.4,5.6,0,0,6.1,4.3,7.22,45.49,1,1
5409,19.0,1,6.6,7.7,1.0,3.6,68.4,82.7,5.8,0.9,3.8,7.0,0,0,0.3,5.5,4.42,55.19,2,2
5410,20.0,1,4.8,8.2,7.9,0.4,68.8,75.1,8.3,2.8,9.0,4.4,2,0,4.8,0.8,4.88,42.68,1,1
5411,22.0,0,4.4,7.3,4.2,0.5,94.9,100.0,9.3,1.2,4.7,5.957923664122137,2,0,2.9,1.1,6.71,78.26,0,0
5412,18.0,0,3.1,7.6,5.3,3.8,76.6,67.3,6.1,0.9,1.6,7.2,1,0,0.8,0.6,8.32,51.62,2,2
5413,22.0,0,6.6,7.1,7.1,5.4,89.9,42.0,8.3,6.0,7.2,4.0,1,1,7.8,7.0,9.97,62.26,2,2
5414,16.0,1,7.5,8.0,5.4,0.0,85.0,86.1,4.3,5.4,6.2,4.3,0,0,3.7,9.0,5.94,62.62,2,2
5415,16.0,0,6.7,6.7,3.1,3.03210685483871,82.6,81.0,7.3,1.9,4.2,1.5,1,0,0.0,4.9,5.4,53.38,2,2
5416,19.0,0,7.1,6.6,9.8,5.0,75.0,59.0,4.1,4.6,5.9,7.1,0,0,3.5,6.6,7.29,49.65,2,2
5417,19.0,1,3.5,7.0,2.2,4.7,86.4,69.1,7.0,3.5,8.4,4.3,2,0,0.0,3.1,7.41,57.06,2,2
5418,19.0,1,3.2,8.5,1.0,1.3,74.5,78.5,4.2,5.2,7.1,5.4,0,0,2.1,13.0,6.42,57.39,2,2
5419,20.0,0,3.9,4.7,8.2,5.1,82.0,68.2,4.4,5.6,5.0,5.6,0,0,6.3,2.4,5.58,40.24,1,1
5420,19.0,1,4.3,5.8,2.4,3.1,94.4,55.0,5.9,0.2,8.1,7.1,1,1,2.8,5.5447261663286005,6.34,55.65,2,2
5421,18.0,1,7.1,10.0,9.1,4.2,97.1,71.4,9.6,0.5,8.8,4.7,1,0,1.0,2.2,5.1,37.72,1,1
5422,19.0,0,6.5,7.4,6.9,1.7,74.3,90.9,7.9,8.2,3.3,5.6,0,1,2.5,3.7,5.79,60.49,2,2
5423,25.0,1,5.3,6.5,6.7,3.5,84.8,74.2518720906699,4.4,2.1,10.0,8.7,1,0,5.4,3.1,8.67,56.67,2,2
5424,19.0,0,1.3,8.0,4.6,0.9,87.6,78.8,3.7,0.7,5.7,9.5,1,0,6.1,3.2,9.43,67.34,0,0
5425,20.0,0,0.8,6.0,3.9,2.0,83.1,71.7,4.2,3.3,7.0,7.2,1,1,3.6,10.9,6.18,43.13,1,1
5426,21.0,0,4.7,4.3,5.1,2.5,89.9,52.8,7.4,1.7,5.7,8.7,0,1,2.3,7.7,7.33,48.21,2,2
5427,25.0,0,6.0,7.5,3.8,3.3,90.1,73.1,6.5,4.2,6.8,6.7,0,1,4.5,5.6,5.5,68.09,0,0
5428,18.0,1,4.0,6.0,9.0,7.3,100.0,67.0,7.4,4.1,6.7,5.6,0,0,1.4,7.1,2.95,37.92,1,1
5429,22.0,0,8.0,7.1,4.1,7.6,100.0,88.7,4.9,1.3,4.4,7.5,0,1,5.1,6.9,6.97,74.82,0,0
5430,22.0,1,2.0,7.4,7.3,2.3,77.9,97.2,6.7,6.2,6.0,4.8,0,0,1.2,8.4,6.45,65.57,0,0
5431,21.0,0,4.219583121504829,7.2,8.5,5.7,100.0,90.9,6.6,3.4,8.0,3.9,0,1,1.3,1.9,5.09,52.7,2,2
5432,17.0,2,2.9,4.8,3.8,1.0,85.7,61.8,8.8,4.6,4.3,4.1,1,0,4.7,4.7,9.12,60.86,2,2
5433,21.0,0,2.8,7.0,6.9,3.7,77.7,54.1,9.5,0.4,7.7,3.7,2,1,6.0,6.1,9.84,41.66,1,1
5434,16.0,0,5.3,7.6,3.8,1.8,87.9,47.8,8.0,4.1,2.3,6.5,2,0,2.7,5.2,7.72,70.06,0,0
5435,21.0,1,3.4,5.2,5.6,2.2,77.0,78.0,8.8,1.7,7.0,6.2,0,0,7.5,3.2,4.94,51.58,2,2
5436,22.0,1,1.1,5.0,4.9,7.8,79.4,62.2,6.0,5.6,10.0,1.0,0,0,6.4,18.0,4.7,17.27,1,1
5437,18.0,0,6.0,5.6,4.3,2.3,65.7,55.0,4.5,3.7,6.5,5.4,0,0,3.2,8.1,7.1,47.17,2,2
5438,23.0,1,0.7,8.0,6.4,1.8,81.0,100.0,5.9,3.7,2.5,7.9,1,0,2.6,5.3,6.78,68.37,0,0
5439,16.0,0,2.1,4.4,3.0,1.2,92.1,83.8,5.7,8.1,7.5,9.4,0,0,4.4,11.3,3.96,59.38,2,2
5440,23.0,1,1.0,8.1,8.3,1.6,89.4,81.1,5.6,2.6,9.0,8.2,1,0,1.6,3.0,4.41,54.69,2,2
5441,20.0,0,4.6,7.5,3.3,0.4,84.7,80.2,6.0,2.3,6.7,2.9,1,0,8.8,3.2,7.39,60.94,2,2
5442,18.0,1,4.6,6.7,2.8,3.03210685483871,100.0,100.0,5.6,2.2,4.6,6.5,0,0,5.0,2.5,4.59,68.83,0,0
5443,17.0,0,8.0,5.1,5.4,3.4,100.0,72.0,5.0,1.5,3.5,5.7,1,1,4.050203624516392,9.8,8.1,54.44,2,2
5444,25.0,0,6.0,6.0,5.1,3.6,86.5,86.1,5.7,1.2,5.7,8.9,0,0,1.9,2.5,7.34,71.44,0,0
5445,17.0,1,7.1,8.0,6.9,3.0,100.0,91.3,7.8,0.2,6.8,3.1,0,1,8.0,5.3,4.87,60.65,2,2
5446,18.0,1,4.8,8.6,6.2,2.0,84.5,100.0,4.1,1.7,1.5,6.9,0,0,3.9,1.5,5.18,67.04,0,0
5447,19.0,1,2.2,5.7,1.9,1.8,81.1,75.0,9.0,1.3,8.5,8.8,1,0,6.7,3.0,6.4,57.63,2,2
5448,21.0,1,4.5,8.5,8.5,3.3,92.5,97.2,8.4,3.2008618067525094,1.0,1.8,0,0,6.7,2.8,6.79,72.63,0,0
5449,20.0,1,5.4,7.9,5.3,2.9,79.1,42.1,6.2,4.9,7.7,5.2,2,1,7.5,5.1,4.08,42.79,1,1
5450,17.0,1,5.6,7.0,6.6,1.9,49.3,100.0,0.8,5.4,7.2,3.6,1,0,6.1,5.3,5.83,54.77,2,2
5451,18.0,0,3.3,6.0,11.5,2.5,76.6,82.6,1.2,3.8,7.9,7.4,0,0,3.6,4.3,4.26,40.58,1,1
5452,18.0,1,5.2,6.2,9.2,5.8,60.4,88.6,6.2,1.4,2.6,6.6,1,1,5.4,1.8,8.07,56.82,2,2
5453,18.0,2,2.3,9.4,6.5,6.5,75.0,51.9,7.5,1.7,7.8,7.9,0,0,3.0,5.2,5.64,53.79,2,2
5454,19.0,0,2.1,7.2,2.6,2.6,72.9,50.7,9.9,0.8,10.0,4.2,0,1,3.4,3.6,6.31,48.44,2,2
5455,20.134890807516506,1,2.0,8.7,2.6,1.7,73.0,63.4,5.1,2.2,5.2,5.5,0,1,4.7,2.4,8.05,43.69,1,1
5456,18.0,1,4.2,7.3,8.9,2.9,66.3,75.4,4.9,3.1,6.1,5.4,2,1,0.0,2.5,4.96,49.85,2,2
5457,19.0,0,1.8,6.4,5.0,5.0,64.4,70.4,3.3,5.6,2.4,6.7,2,0,6.7,2.4,7.68,60.08,2,2
5458,19.0,1,3.4,7.8,5.6,2.9,71.6,67.6,7.3,1.0,3.8,6.6,1,1,2.5,10.5,4.48,49.89,2,2
5459,25.0,0,6.0,9.8,3.1,3.6,75.2,71.5,6.0,2.1,4.9,3.2,2,0,0.5,15.1,6.34,49.38,2,2
5460,25.0,0,2.1,6.2,7.1,1.8,76.1,33.0,5.0,3.2,2.6,6.3,0,0,3.1,5.1,5.46,39.49,1,1
5461,23.0,1,3.2,8.2,8.9,0.9,83.4,82.7,6.1,4.3,3.1,1.9,0,0,6.4,8.5,6.16,62.6,2,2
5462,18.0,0,4.3,7.2,9.8,4.4,89.2,71.9,5.8,2.1,4.6,7.2,1,0,3.9,4.1,3.34,53.94,2,2
5463,16.0,1,4.7,5.1,4.9,3.4,66.9,92.1,8.1,3.1,6.7,2.5,0,0,0.0,5.1,6.38,46.95,2,2
5464,19.0,1,3.2,5.1,7.6,4.2,68.6,66.4,5.991217524197657,2.3,2.4,7.4,0,0,8.5,6.0,7.78,50.7,2,2
5465,18.0,0,5.8,6.4,5.8,0.0,100.0,68.3,6.0,5.7,5.4,4.4,1,1,3.2,10.9,7.93,67.61,0,0
5466,20.134890807516506,0,5.4,7.5,8.2,6.3,89.8,77.8,7.9,3.3,2.0,7.2,1,0,0.3,2.3,4.6,54.11,2,2
5467,22.0,0,6.5,8.1,6.0,3.5,69.9,87.3,5.4,4.5,5.4,8.1,0,0,1.5,5.0,7.55,68.45,0,0
5468,23.0,0,4.0,5.0,3.9,0.0,63.7,95.7,4.4,1.6,8.6,3.8,1,0,0.0,5.6,6.72,41.15,1,1
5469,23.0,0,3.2,7.8,9.3,4.8,73.5,74.3,3.2,3.8,6.1,8.7,0,0,6.1,7.0,5.17,54.32,2,2
5470,19.0,0,2.8,6.8,6.2,2.3,76.7,82.7,3.7,5.4,8.2,3.7,1,0,1.0,5.9,6.2,50.36,2,2
5471,22.0,1,4.8,7.0,5.1,3.1,88.9,75.6,4.6,5.7,5.6,6.3,2,1,1.4,2.9,5.75,64.44,0,0
5472,19.0,0,3.4,7.8,6.4,2.1,50.1,69.7,8.1,1.9,6.3,4.2,2,0,10.0,10.4,7.99,53.23,2,2
5473,16.0,0,3.1,9.3,4.2,2.8,67.5,40.4,4.4,2.2,3.6,2.3,0,0,3.0,8.1,7.6,42.74,1,1
5474,22.0,1,3.3,7.4,7.0,2.9,100.0,78.7,5.5,2.0,7.0,6.6,2,0,4.050203624516392,2.2,7.53,72.88,0,0
5475,16.0,0,2.8,5.2,5.5,0.0,80.2,58.6,3.7,0.6,4.1,8.1,1,1,5.0,6.2,6.75,45.13,1,1
5476,19.0,1,4.6,6.8,4.0,4.6,80.8,90.7,6.1,2.6,2.8,5.1,0,0,0.0,1.4,9.25,70.34,0,0
5477,19.0,0,1.4,8.1,11.9,3.2,72.7,59.4,6.6,1.1,5.4,7.7,2,1,7.1,2.4,7.44,41.98,1,1
5478,22.0,0,4.8,8.2,3.5,3.8,90.3,64.8,6.8,1.9,2.2,3.7,0,0,3.3,2.4,4.19,48.91,2,2
5479,22.0,2,5.6,7.9,6.9,4.5,56.6,60.2,9.9,3.2,6.9,7.3,0,0,5.4,4.9,6.28,63.74,0,0
5480,19.0,1,3.0,6.3,6.1,3.2,74.5,84.6,6.0,1.9,9.8,1.0,1,1,3.9,4.0,4.96,32.1,1,1
5481,23.0,0,8.0,5.2,3.4,3.6,52.9,69.5,6.6,2.5,4.9,8.7,1,0,6.0,1.7,7.75,43.72,1,1
5482,19.0,1,4.2,7.8,5.2,0.4,79.7,85.2,5.991217524197657,2.3,5.0,4.7,0,0,2.5,9.0,3.83,51.77,2,2
5483,20.0,0,1.1,5.4,2.6,1.5,74.2,26.9,10.0,0.7,6.6,3.4,1,0,4.6,5.4,6.15,36.06,1,1
5484,22.0,0,3.6,7.9,11.2,3.2,58.8,100.0,7.9,4.8,6.8,4.7,1,0,9.0,7.9,7.75,61.24,2,2
5485,22.0,0,4.3,6.976601980998585,5.3,3.3,93.1,56.8,7.9,0.1,5.8,10.0,2,1,0.0,4.2,6.84,61.34,2,2
5486,25.0,0,5.1,6.4,5.5,3.7,89.0,88.8,8.4,2.5,1.9,7.0,2,0,10.0,8.5,7.26,78.21,0,0
5487,18.0,0,3.7,6.9,10.9,5.5,93.4,84.0,7.6,0.7,8.2,5.5,0,0,6.5,9.5,6.06,55.66,2,2
5488,21.0,1,2.2,7.3,3.9,3.03210685483871,60.4,87.8,8.5,2.0,7.9,10.0,1,0,3.1,3.2,4.51,63.42,0,0
5489,21.0,1,2.0,6.2,9.2,3.7,67.0,60.3,5.6,5.8,2.8,7.5,2,0,0.3,2.9,5.19,49.76,2,2
5490,24.0,0,2.9,5.2,7.5,3.1,95.6,68.9,10.0,0.6,1.0,6.7,0,0,0.0,2.7,5.34,56.8,2,2
5491,17.0,0,3.1,6.9,1.1,2.6,90.5,82.2,2.6,2.8,10.0,8.4,2,0,0.9,10.5,5.15,50.71,2,2
5492,22.0,1,1.9,7.1,5.1,2.6,98.2,75.1,5.4,2.7,3.9,5.957923664122137,1,0,5.1,2.6,7.08,67.01,0,0
5493,21.0,0,2.7,8.8,7.1,1.6,76.9,58.6,9.8,3.2008618067525094,2.4,4.6,1,0,2.9,2.2,6.93,54.83,2,2
5494,18.0,1,5.5,6.0,6.1,2.8,78.6,85.3,5.6,0.4,1.0,3.6,1,1,4.9,2.9,6.81,48.54,2,2
5495,20.0,1,7.5,8.4,6.1,2.6,88.0,100.0,7.5,3.1,4.4,3.8,1,0,5.8,19.8,7.36,72.83,0,0
5496,19.0,0,5.7,5.5,4.5,2.7,62.4,67.4,5.0,1.7,6.7,6.1,0,1,4.9,2.3,6.18,38.93,1,1
5497,21.0,1,6.8,5.3,4.2,0.0,82.5,83.8,7.0,2.7,9.7,5.8,2,1,0.1,5.5447261663286005,7.98,47.38,2,2
5498,24.0,1,6.1,6.6,5.2,2.8,100.0,79.1,5.2,2.5,4.7,4.6,1,1,4.4,4.8,6.489753023681269,60.7,2,2
5499,21.0,1,5.9,5.8,10.9,1.4,75.3,68.3,5.991217524197657,2.8,1.5,3.9,2,1,4.3,14.6,9.48,56.21,2,2
5500,21.0,0,3.5,5.2,3.7,2.9,59.2,89.5,6.6,2.3,6.5,8.7,2,1,0.3,1.3,6.03,48.78,2,2
5501,20.0,2,4.5,9.5,4.8,1.0,85.3,89.3,2.1,10.1,6.1,4.7,0,0,0.0,2.0,8.22,68.04,0,0
5502,16.0,0,3.4,6.4,6.1,3.1,68.3,65.1,4.2,1.2,4.0,3.5,0,0,4.050203624516392,11.3,3.99,30.35,1,1
5503,18.0,1,3.8,10.0,2.3,2.5,78.6,100.0,3.9,1.8,4.8,5.2,2,1,4.3,4.1,4.49,61.01,2,2
5504,20.0,0,4.3,5.7,7.1,1.9,94.1,75.2,9.1,0.4,5.8,4.0,0,0,3.2,2.9,7.0,52.75,2,2
5505,19.0,0,5.6,4.8,2.8,3.5,87.3,94.4,3.3,1.1,7.3,4.2,0,0,2.2,2.8,5.92,40.51,1,1
5506,18.0,0,5.0,8.7,3.3,3.7,73.6,81.2,5.4,6.6,6.7,6.0,1,0,0.0,8.1,3.72,68.61,0,0
5507,20.0,0,3.9,6.1,3.2,2.9,90.9,75.7,10.0,1.3,6.1,7.2,1,1,4.1,10.0,4.87,64.85,0,0
5508,19.0,1,4.3,7.2,1.9,4.0,58.3,74.9,8.7,3.8,5.6,10.0,0,0,4.7,3.5,9.21,76.44,0,0
5509,18.0,1,5.1,5.2,9.2,2.3,82.6,87.2,4.1,1.7,9.8,9.9,1,1,3.7,2.9,5.14,41.37,1,1
5510,20.0,1,5.5,7.0,7.3,3.7,75.0,55.2,4.1,7.6,6.7,3.2,0,1,6.8,1.0,5.73,34.69,1,1
5511,17.0,1,4.219583121504829,5.2,8.3,2.9,49.3,81.7,3.8,1.6,7.9,5.6,1,0,1.7,0.8,10.0,25.64,1,1
5512,24.0,0,2.0,6.9,8.1,1.2,64.3,98.6,6.5,5.0,7.4,7.1,0,0,4.0,3.6,4.96,60.36,2,2
5513,23.0,0,6.4,6.4,5.6,1.6,79.8,84.2,4.9,1.7,6.3,6.9,2,1,5.2,5.2,7.15,65.72,0,0
5514,22.0,0,4.1,7.3,5.9,5.1,89.7,43.6,6.5,2.2,8.8,4.7,0,1,5.9,8.3,5.12,40.91,1,1
5515,17.0,1,3.4,7.8,8.5,5.8,80.3,50.1,6.7,4.4,3.8,7.9,0,0,2.1,5.5,8.62,66.68,0,0
5516,22.0,1,3.7,7.3,10.1,4.3,76.2,75.4,6.1,2.0,7.3,3.9,1,1,3.6,3.3,8.18,45.66,1,1
5517,23.0,1,3.7,7.6,2.9,2.0,90.5,60.8,6.3,1.0,2.6,4.7,1,0,5.5,16.2,9.75,66.32,0,0
5518,22.0,1,5.3,6.9,12.3,5.6,83.6,91.0,6.2,3.9,5.6,5.2,1,0,3.2,3.5,6.4,59.06,2,2
5519,17.0,1,2.0,6.4,2.7,4.1,93.0,66.5,4.3,4.7,1.3,4.6,2,1,7.7,4.9,8.1,74.51,0,0
5520,21.0,0,4.2,7.6,4.8,3.6,87.5,84.9,2.8,3.4,2.7,9.2,2,0,0.7,3.9,6.76,69.47,0,0
5521,23.0,1,4.7,6.9,6.2,6.3,70.7,100.0,6.1,0.3,4.6,7.0,1,0,4.4,3.7,2.95,58.63,2,2
5522,21.0,2,5.0,6.9,6.4,1.5,88.7,75.4,4.3,4.3,9.5,7.1,0,0,4.5,4.2,4.96,54.51,2,2
5523,21.0,1,4.6,7.5,10.9,4.4,92.5,56.8,8.1,3.7,5.1,4.7,0,0,0.8,4.2,3.17,49.19,2,2
5524,20.0,0,5.2,5.7,8.5,1.5,98.2,82.1,3.2,2.1,7.1,10.0,0,0,4.0,20.0,5.3,52.23,2,2
5525,20.0,0,3.1,8.9,7.0,1.9,73.1,80.1,5.2,0.8,8.8,3.2,1,1,3.3,8.4,8.37,37.03,1,1
5526,16.0,1,2.3,6.7,8.6,7.7,75.3,79.5,6.3,4.0,5.0,7.9,1,0,3.1,0.8,8.14,65.53,0,0
5527,21.0,0,9.1,7.2,6.9,3.9,91.4,99.6,8.8,2.0,9.3,10.0,0,0,0.9,3.5,6.46,64.79,0,0
5528,17.0,0,3.6,6.9,4.3,6.3,90.9,53.6,5.1,1.1,5.4,6.9,0,0,2.5,5.8,5.8,55.78,2,2
5529,20.0,0,3.8,7.8,7.2,4.0,73.4,93.0,6.4,3.0,3.2,6.4,1,0,6.4,1.8,8.48,63.64,0,0
5530,19.0,0,5.6,7.4,6.2,3.7,71.3,64.1,7.4,2.9,7.9,5.3,2,0,4.8,7.8,9.24,58.33,2,2
5531,20.0,1,7.4,6.9,6.047861775435752,1.9,74.4,99.9,7.7,2.1,6.9,7.4,0,1,0.0,4.1,6.65,60.87,2,2
5532,17.0,0,3.1,8.9,9.2,4.8,81.0,36.8,6.8,2.4,4.8,5.9,0,1,4.0,1.3,9.71,53.13,2,2
5533,22.0,0,2.2,3.0,5.9,3.0,68.5,100.0,10.0,1.3,3.4,9.6,2,0,5.6,1.1,5.25,32.06,1,1
5534,23.0,1,1.7,8.6,3.2,3.1,85.5,70.1,5.1,1.7,7.7,4.8,1,1,1.2,2.6,7.88,44.38,1,1
5535,18.0,1,7.4,8.2,3.6,2.5,57.6,53.2,9.8,0.5,3.1,4.4,0,0,0.5,0.3,9.44,54.16,2,2
5536,17.0,0,2.1,4.6,7.3,2.8,69.2,91.3,7.5,1.5,1.0,3.9,1,1,4.4,5.3,3.96,39.01,1,1
5537,17.0,1,4.1,8.2,8.6,3.0,82.4,84.2,6.5,1.2,8.1,9.5,1,0,4.6,25.0,6.65,50.61,2,2
5538,23.0,0,2.2,8.4,7.2,3.2,68.0,83.2,6.7,7.4,7.4,7.1,0,1,0.3,2.5,8.64,61.72,2,2
5539,20.0,0,1.3,7.7,7.2,2.9,74.6,91.7,8.1,2.1,7.0,9.1,0,0,5.6,12.8,5.85,59.89,2,2
5540,20.0,0,3.6,5.0,4.0,0.2,78.3,75.7,4.4,3.7,4.9,5.3,1,0,4.0,1.1,7.67,51.41,2,2
5541,17.0,1,2.3,7.9,6.2,4.0,100.0,69.7,6.3,3.9,7.0,2.9,2,1,1.5,4.0,3.87,47.33,2,2
5542,21.0,1,2.8,6.976601980998585,5.2,2.8,63.0,54.1,5.5,2.4,3.8,8.3,0,0,3.5,0.3,6.42,44.91,1,1
5543,23.0,1,8.2,6.3,5.5,0.0,83.1,73.0,9.5,2.4,5.9,8.0,0,0,5.5,6.9,4.57,65.36,0,0
5544,23.0,0,5.0,7.6,5.7,0.1,66.7,65.8,4.6,15.0,9.4,4.5,0,0,0.8,1.6,4.31,43.33,1,1
5545,21.0,0,6.1,6.5,4.4,2.1,66.2,74.8,10.0,1.6,5.4,3.8,1,1,1.4,9.3,5.07,54.14,2,2
5546,17.0,0,5.8,8.2,7.9,5.3,68.6,77.0,5.0,0.8,6.5,4.5,1,1,9.9,12.4,5.39,57.84,2,2
5547,17.0,0,4.0,6.6,3.5,4.1,78.0,100.0,2.9,1.9,2.6,5.5,2,0,5.5,5.2,7.93,67.99,0,0
5548,16.0,1,3.3,6.2,2.8,1.8,98.6,61.5,4.1,2.4,4.5,6.3,1,0,4.0,6.0,5.67,61.73,2,2
5549,18.0,1,4.7,6.9,4.0,2.7,95.3,72.5,4.1,1.6,5.0,7.1,0,0,0.0,5.1,6.81,66.01,0,0
5550,17.0,0,4.5,5.3,8.2,5.0,74.0,67.2,9.6,0.2,7.9,5.1,1,0,1.6,4.7,8.54,39.72,1,1
5551,18.0,0,3.1,6.8,6.8,1.9,76.5,49.7,3.0,5.4,10.0,10.0,1,0,5.4,4.4,7.52,60.34,2,2
5552,19.0,1,4.5,7.5,1.5,1.0,87.7,100.0,6.7,1.1,6.3,10.0,0,0,0.0,1.8,3.43,66.67,0,0
5553,24.0,1,2.8,8.1,6.047861775435752,4.6,80.7,58.1,9.2,1.7,1.7,6.7,0,1,6.6,5.3,8.47,70.66,0,0
5554,21.0,1,3.9,7.3,5.9,5.0,71.7,81.6,10.0,3.4,2.9,6.7,0,0,4.050203624516392,2.6,9.62,69.81,0,0
5555,23.0,1,3.5,5.1,5.0,1.9,88.6,100.0,5.8,1.1,8.1,4.7,1,0,6.2,7.8,7.33,52.56,2,2
5556,22.0,0,1.7,8.8,5.4,3.9,100.0,52.7,6.2,6.0,4.0,8.6,2,1,8.0,2.5,6.6,63.87,0,0
5557,17.0,0,0.0,6.976601980998585,2.7,2.9,93.8,90.8,3.4,2.2,7.2,6.5,0,0,6.3,17.2,6.489753023681269,46.86,2,2
5558,22.0,0,2.3,7.1,6.4,1.9,97.6,47.3,5.2,2.4,6.3,2.9,1,0,2.6,1.5,6.16,50.59,2,2
5559,18.0,0,7.8,6.0,2.8,5.1,78.2,60.6,10.0,4.0,5.6,4.7,0,1,5.0,2.3,5.75,49.02,2,2
5560,21.0,0,3.6,6.3,5.1,1.8,65.9,85.1,7.9,0.8,6.1,6.2,2,0,5.9,12.3,5.76,49.5,2,2
5561,19.0,0,5.8,6.7,5.1,4.4,54.0,70.1,8.7,7.9,5.9,8.4,1,0,3.4,1.3,5.01,52.81,2,2
5562,25.0,1,0.0,7.4,7.9,3.1,53.1,100.0,7.4,1.7,2.6,5.957923664122137,1,0,2.6,4.7,5.69,44.12,1,1
5563,18.0,0,2.2,6.6,6.1,2.7,77.4,77.3,8.3,4.0,5.542839731870811,6.8,2,1,6.4,14.7,5.63,43.74,1,1
5564,18.0,1,1.5,5.9,7.8,2.0,86.6,84.4,10.0,3.2008618067525094,10.0,6.0,0,0,4.1,6.7,5.99,54.88,2,2
5565,24.0,1,3.8,8.3,3.0,1.2,91.0,62.6,5.0,0.7,3.1,4.9,1,1,1.5,7.4,5.63,54.92,2,2
5566,16.0,1,9.0,7.3,5.7,2.6,83.2,56.3,7.6,2.7,3.0,5.1,0,0,1.3,9.6,5.36,55.87,2,2
5567,22.0,0,5.1,5.6,7.3,2.1,70.6,54.2,4.5,2.8,4.5,8.2,1,0,4.7,4.3,6.49,48.42,2,2
5568,22.0,1,7.6,7.4,9.1,3.2,88.5,58.2,1.5,5.9,9.7,6.0,0,0,2.6,2.0,5.75,39.98,1,1
5569,23.0,1,3.7,7.2,3.2,0.8,64.4,62.5,6.6,0.8,3.5,1.0,1,0,5.7,3.9,7.75,48.88,2,2
5570,25.0,1,6.9,6.1,3.9,2.7,65.7,95.8,6.3,7.1,4.4,5.9,1,0,4.3,7.0,6.4,65.67,0,0
5571,25.0,0,8.3,8.6,7.3,3.7,88.0,82.3,5.991217524197657,3.2,3.3,7.2,1,0,1.6,2.4,6.489753023681269,53.98,2,2
5572,16.0,0,4.0,7.2,10.0,1.8,64.0,52.0,4.6,6.3,4.4,4.5,2,0,2.2,5.5,8.32,48.06,2,2
5573,23.0,0,3.1,6.7,6.7,4.3,70.1,67.6,6.3,0.4,4.9,2.2,0,0,0.7,4.5,7.34,41.07,1,1
5574,21.0,1,1.6,6.9,3.2,4.5,67.3,74.5,6.9,2.2,6.6,8.6,2,1,5.4,4.7,9.52,52.9,2,2
5575,21.0,1,3.6,7.6,3.3,0.8,82.2,100.0,10.0,5.8,1.9,5.0,1,1,4.5,0.7,7.51,81.68,0,0
5576,17.0,0,4.4,6.9,6.3,1.6,87.6,75.2,7.2,0.2,6.0,6.5,0,0,5.4,3.3,9.06,64.46,0,0
5577,21.0,1,8.3,6.9,6.9,0.6,88.0,83.2,7.3,2.1,3.3,1.7,0,0,9.2,4.7,7.36,49.93,2,2
5578,25.0,0,1.6,8.4,5.4,3.8,72.5,57.1,4.4,3.3,6.5,8.6,1,0,3.7,0.6,5.07,46.4,1,1
5579,24.0,0,4.3,5.2,3.3,3.2,77.8,88.0,3.9,4.3,2.2,3.2,1,0,3.9,4.3,6.43,57.62,2,2
5580,20.0,0,0.6,5.4,8.8,0.1,89.6,99.8,3.8,6.2,4.9,8.9,0,1,4.9,3.0,4.47,51.54,2,2
5581,16.0,2,3.3,8.0,5.1,1.8,73.1,72.3,5.3,3.2,3.5,4.6,0,0,0.9,1.3,7.93,57.93,2,2
5582,19.0,1,4.8,10.0,7.3,3.6,68.1,86.1,6.1,2.2,5.7,6.9,0,1,1.0,0.6,7.26,61.02,2,2
5583,23.0,1,5.2,8.1,1.6,3.2,71.7,85.4,6.5,3.9,9.0,7.9,1,1,3.2,8.6,2.99,64.21,0,0
5584,22.0,0,5.4,9.4,9.0,5.2,72.1,76.3,4.2,1.6,6.8,3.2,1,0,0.0,6.2,9.42,47.11,2,2
5585,20.0,1,5.0,6.4,4.3,0.9,80.4,98.2,1.1,0.8,6.9,7.3,1,0,4.9,2.8,5.28,45.07,1,1
5586,16.0,1,5.4,6.2,9.4,3.0,79.7,60.6,5.1,2.6,5.3,7.5,0,0,4.3,1.7,5.49,44.34,1,1
5587,19.0,1,4.3,7.6,7.5,1.2,77.8,59.3,8.1,4.5,5.1,2.0,1,1,1.5,1.1,6.45,60.09,2,2
5588,20.0,1,2.1,8.2,2.4,3.2,69.6,75.1,5.2,8.8,5.2,5.0,1,1,0.6,1.5,8.32,53.71,2,2
5589,24.0,1,0.5,5.3,6.6,2.7,67.9,68.3,5.8,1.0,4.9,2.9,2,0,0.2,3.8,6.6,34.17,1,1
5590,21.0,1,3.1,6.7,10.1,3.5,88.4,22.6,2.5,1.0,4.1,1.3,1,0,6.2,2.6,9.21,33.5,1,1
5591,19.0,0,3.9,7.0,4.5,2.3,84.5,61.8,6.3,1.6,3.9,5.5,1,0,0.5,4.7,4.94,64.71,0,0
5592,20.0,0,6.7,6.1,10.1,3.03210685483871,74.3,36.7,6.9,1.4,3.8,5.3,0,0,2.9,2.5,6.65,45.25,1,1
5593,16.0,0,4.0,6.3,7.0,1.7,79.3,69.2,4.7,1.6,4.9,4.5,1,0,2.1,2.0,5.27,39.33,1,1
5594,25.0,0,3.8,8.1,9.4,1.2,95.8,87.8,8.1,5.2,3.4,4.1,0,0,4.5,1.9,7.3,69.6,0,0
5595,19.0,1,5.0,7.6,6.4,3.4,79.1,76.0,8.6,4.0,6.0,2.4,2,1,6.2,14.8,5.74,48.3,2,2
5596,20.0,1,3.7,8.0,5.7,6.3,79.9,77.4,5.991217524197657,1.8,2.2,6.0,0,1,2.5,8.2,5.71,61.82,2,2
5597,19.0,1,5.8,7.4,10.6,0.3,99.9,72.2,4.0,3.2,6.3,7.3,1,0,8.6,1.1,6.92,58.88,2,2
5598,22.0,0,8.2,5.9,7.8,0.9,93.9,78.8,6.6,5.0,5.4,6.8,0,1,4.1,0.7,8.19,64.27,0,0
5599,21.0,0,8.6,7.6,5.4,3.4,71.7,100.0,3.4,4.8,9.1,2.3,0,1,4.050203624516392,12.1,5.17,46.27,1,1
5600,22.0,1,4.4,5.8,7.1,5.0,93.9,68.7,7.3,1.6,8.4,7.6,1,0,2.2,2.0,6.5,44.07,1,1
5601,20.134890807516506,1,4.9,6.6,4.6,3.6,77.8,74.8,7.1,6.4,3.2,8.3,0,0,3.8,12.5,6.75,78.66,0,0
5602,19.0,2,7.4,5.7,6.3,1.9,66.3,59.4,1.8,1.9,5.5,10.0,1,0,6.3,0.5,8.53,47.92,2,2
5603,17.0,0,3.9,6.2,9.0,3.8,97.0,40.7,6.6,3.8,6.2,4.4,0,1,8.7,6.1,3.39,41.75,1,1
5604,21.0,0,5.6,7.1,5.6,3.9,70.8,79.8,5.6,3.4,4.2,7.4,0,0,4.5,3.5,5.79,63.68,0,0
5605,16.0,1,1.9,6.4,3.8,1.8,73.4,95.4,3.4,2.2,3.5,9.5,1,1,1.3,2.4,7.89,60.46,2,2
5606,21.0,1,3.6,5.9,3.6,4.5,75.0,100.0,5.4,2.9,6.0,7.3,1,0,3.6,4.5,6.87,62.11,2,2
5607,23.0,0,6.5,8.5,6.2,2.9,100.0,71.6,10.0,7.1,7.0,10.0,2,0,0.0,2.6,5.64,77.9,0,0
5608,24.0,0,2.8,6.8,4.0,0.0,67.6,70.3,7.3,1.7,5.6,5.4,0,0,6.3,3.7,9.06,62.26,2,2
5609,20.0,0,3.9,6.3,2.4,2.8,72.2,91.8,4.2,2.1,5.1,5.0,1,0,4.8,8.6,6.06,58.35,2,2
5610,20.0,0,1.1,5.6,3.0,2.0,75.6,100.0,5.3,2.6,5.1,2.0,1,0,4.9,3.1,8.0,52.39,2,2
5611,17.0,0,8.2,4.6,8.9,5.3,86.9,52.8,1.7,6.2,3.0,5.9,1,0,1.3,2.5,6.37,34.29,1,1
5612,21.0,0,6.7,6.7,5.6,0.6,79.1,87.0,3.6,1.8,7.0,6.1,0,0,0.0,7.4,3.95,59.6,2,2
5613,23.0,1,4.6,5.2,6.1,2.1,79.81730107309173,100.0,9.7,4.3,6.0,6.7,1,0,2.3,7.7,4.81,59.6,2,2
5614,18.0,1,5.2,7.9,3.6,3.5,88.1,70.5,8.0,2.8,5.8,7.2,1,0,1.9,4.9,7.23,71.98,0,0
5615,19.0,0,5.0,7.0,4.5,7.4,97.6,54.2,5.991217524197657,4.2,6.6,5.6,1,1,2.8,4.2,5.13,60.93,2,2
5616,23.0,1,7.0,9.0,4.5,6.5,58.9,89.1,6.9,2.4,10.0,6.7,0,1,6.1,7.4,6.88,52.79,2,2
5617,23.0,0,3.2,7.3,5.3,2.9,71.1,50.8,9.1,2.5,9.6,5.4,0,0,5.1,4.7,5.29,50.15,2,2
5618,18.0,0,5.7,6.1,1.9,3.03210685483871,86.7,96.4,6.7,1.1,6.5,7.3,1,1,9.8,7.1,6.61,70.1,0,0
5619,20.0,2,6.4,4.6,8.7,4.1,64.0,100.0,5.4,1.6,4.1,3.0,1,0,1.1,6.6,9.53,49.38,2,2
5620,18.0,1,6.6,8.0,6.0,1.2,78.0,66.0,5.8,4.3,7.4,4.5,1,1,4.7,7.0,6.96,58.22,2,2
5621,17.0,1,0.0,5.3,6.5,3.0,96.5,100.0,5.4,3.8,5.0,6.7,0,0,4.2,7.8,7.17,49.09,2,2
5622,24.0,0,3.0,6.5,8.3,5.4,88.1,86.4,5.4,5.2,5.8,7.6,1,1,6.7,3.0,5.67,56.78,2,2
5623,23.0,0,2.2,9.2,8.1,3.3,86.8,99.9,9.7,2.2,7.4,5.7,2,1,4.050203624516392,1.6,3.57,48.09,2,2
5624,22.0,0,4.5,7.8,4.6,6.5,89.7,63.3,3.7,1.2,6.6,5.2,1,0,0.0,10.4,6.85,48.62,2,2
5625,16.0,1,0.2,7.5,7.5,2.2,84.2,86.2,4.9,4.7,5.9,5.5,1,0,5.4,3.1,7.93,46.03,1,1
5626,23.0,1,0.1,8.2,7.5,2.8,75.6,79.4,2.0,9.7,6.8,4.1,1,0,8.1,2.2,6.2,43.63,1,1
5627,20.0,0,8.5,8.2,6.8,2.9,92.5,60.9,8.2,3.4,7.9,5.5,0,1,2.5,0.6,6.57,55.87,2,2
5628,19.0,0,5.4,9.1,8.7,0.7,73.8,68.7,6.8,2.1,2.6,8.3,1,0,4.7,6.4,8.32,61.16,2,2
5629,20.0,0,4.4,6.2,8.0,5.0,77.9,85.4,9.8,4.2,6.7,5.8,2,0,4.4,2.0,3.66,52.17,2,2
5630,17.0,1,4.9,6.5,7.8,2.4,58.5,54.8,4.6,1.3,3.5,5.4,0,0,0.0,2.2,8.14,54.14,2,2
5631,22.0,1,4.5,5.8,9.4,3.5,73.8,53.4,4.3,4.6,6.5,5.6,2,0,6.0,1.3,3.76,32.67,1,1
5632,21.0,1,6.2,7.0,6.1,1.9,81.0,52.0,3.4,4.9,2.9,10.0,1,0,7.6,3.2,7.23,67.8,0,0
5633,18.0,2,2.9,6.8,6.1,6.1,80.3,61.0,7.0,9.1,5.6,7.9,0,0,7.4,6.6,5.37,64.19,0,0
5634,18.0,0,4.6,4.7,8.0,5.2,92.0,80.2,5.2,1.8,5.8,7.9,2,0,4.1,4.0,6.34,41.27,1,1
5635,18.0,1,4.7,6.1,5.6,3.1,74.3,65.9,6.7,2.1,5.3,7.2,0,0,5.6,2.0,6.38,63.81,0,0
5636,16.0,1,2.1,8.9,7.2,0.8,74.8,98.0,5.1,0.9,7.0,7.2,0,0,8.8,9.2,6.69,55.34,2,2
5637,21.0,0,6.8,7.3,4.6,4.3,73.0,49.0,9.2,1.0,4.8,7.9,1,0,3.4,3.5,5.21,51.59,2,2
5638,23.0,1,3.3,7.9,1.0,4.9,83.1,84.2,8.8,3.2,5.0,9.8,1,0,1.2,4.1,9.21,84.15,0,0
5639,16.0,0,6.2,6.8,7.5,1.3,100.0,68.4,5.991217524197657,5.0,5.3,6.4,1,0,4.4,11.3,3.64,62.64,2,2
5640,16.0,0,4.4,4.5,2.1,2.7,50.0,73.1,8.3,3.6,4.0,6.5,2,1,2.4,1.2,6.96,41.3,1,1
5641,21.0,1,7.5,6.8,4.3,3.1,73.7,87.3,5.7,4.9,4.5,9.1,0,1,5.4,5.9,5.7,66.61,0,0
5642,23.0,1,2.1,8.4,8.1,5.0,75.4,27.6,5.9,8.9,7.1,6.3,1,1,9.4,3.0,5.67,36.62,1,1
5643,19.0,0,2.0,5.5,8.1,2.7,52.3,36.5,1.2,2.6,7.2,8.3,1,0,6.5,2.9,7.38,26.68,1,1
5644,19.0,1,2.4,8.0,8.9,4.7,78.4,73.9,7.1,2.7,3.8,5.2,0,0,5.2,9.4,5.91,52.8,2,2
5645,21.0,1,4.5,4.8,1.0,1.6,75.4,71.0,6.1,1.8,7.0,3.0,1,0,5.8,7.8,4.05,42.33,1,1
5646,18.0,0,7.3,7.0,6.7,1.1,74.3,49.3,7.9,4.4,2.3,3.2,0,1,1.8,14.4,8.21,59.41,2,2
5647,16.0,0,7.4,7.7,5.4,6.3,65.7,100.0,7.6,3.5,4.8,9.8,0,0,4.6,3.9,4.01,62.76,2,2
5648,22.0,0,0.0,6.6,8.5,0.6,78.9,54.1,4.4,0.4,3.0,10.0,0,0,1.6,5.2,7.43,41.0,1,1
5649,21.0,1,4.7,10.0,9.7,1.6,64.8,65.4,5.6,3.0,5.7,6.1,0,0,1.9,4.6,5.3,40.3,1,1
5650,21.0,1,0.0,6.4,2.7,4.4,69.1,95.7,4.9,5.1,5.5,4.8,1,0,4.3,4.9,7.67,49.54,2,2
5651,22.0,1,5.8,6.2,6.0,3.03210685483871,77.4,62.8,8.3,4.3,8.6,6.8,2,0,0.0,5.0,7.81,67.82,0,0
5652,21.0,1,6.4,7.3,8.1,2.0,93.3,59.4,9.5,0.4,8.4,4.5,1,0,0.0,2.5,5.45,59.32,2,2
5653,18.0,0,4.1,6.0,5.2,2.6,85.3,82.0,7.8,8.6,4.5,10.0,0,0,9.7,5.3,5.17,74.82,0,0
5654,19.0,1,4.4,5.1,10.4,0.0,88.0,61.6,10.0,4.3,5.6,4.3,2,1,4.2,9.1,10.0,46.53,1,1
5655,17.0,0,4.3,5.6,5.0,5.0,100.0,82.1,7.2,4.1,3.6,3.1,0,0,5.1,5.7,6.04,70.66,0,0
5656,17.0,1,2.6,8.0,5.2,3.3,85.7,84.2,3.9,5.2,4.1,6.3,1,0,6.3,1.6,4.85,65.23,0,0
5657,21.0,1,5.1,6.6,3.3,1.5,79.81730107309173,81.8,2.9,3.1,2.1,7.5,0,1,4.6,2.7,4.62,58.41,2,2
5658,23.0,2,3.7,9.2,6.4,0.0,72.7,96.2,4.0,1.6,6.7,5.9,0,0,5.8,4.4,2.97,57.23,2,2
5659,25.0,1,6.1,6.4,1.0,0.5,68.9,68.1,5.0,7.2,3.9,9.1,1,1,4.8,8.9,7.78,78.09,0,0
5660,21.0,1,4.0,7.9,5.4,0.1,78.2,65.9,4.5,2.4,3.9,6.2,0,0,6.7,6.2,4.49,51.65,2,2
5661,18.0,1,2.5,7.7,9.2,3.4,74.7,73.5,6.1,5.1,4.5,5.2,2,0,5.8,0.8,4.17,58.24,2,2
5662,17.0,1,1.1,6.4,2.5,3.4,67.7,24.1,5.6,5.6,4.4,10.0,2,0,5.8,6.6,6.58,46.59,1,1
5663,23.0,0,0.5,5.9,2.0,4.1,92.0,78.8,6.2,6.4,3.5,6.9,2,1,5.6,8.7,8.5,58.55,2,2
5664,21.0,1,6.8,4.7,8.8,4.3,92.9,69.1,10.0,6.0,7.3,4.6,2,0,0.9,13.4,5.54,51.78,2,2
5665,21.0,0,3.3,7.7,9.1,4.1,82.3,81.9,7.9,0.8,5.6,3.7,1,1,3.2,1.6,6.7,51.37,2,2
5666,22.0,0,4.9,8.6,2.6,5.8,67.0,58.9,6.6,2.0,4.0,3.5,1,0,2.9,0.6,6.02,53.99,2,2
5667,22.0,0,7.8,4.9,10.3,5.2,81.6,99.2,8.3,4.7,5.3,1.0,0,0,6.2,4.4,5.21,46.77,2,2
5668,23.0,1,3.1,6.5,7.1,4.7,72.0,71.3,4.2,2.8,5.1,8.8,1,0,6.6,3.6,7.44,55.59,2,2
5669,16.0,0,2.9,6.1,8.6,3.4,96.7,90.0,4.1,0.4,5.1,5.7,1,0,5.5,5.2,6.36,55.49,2,2
5670,22.0,1,3.9,7.7,4.0,4.3,64.5,65.9,8.0,0.5,6.8,7.7,1,0,1.2,4.6,6.489753023681269,59.91,2,2
5671,23.0,0,4.3,6.976601980998585,9.7,2.3,88.5,83.4,6.0,1.9,6.3,6.5,0,0,3.6,3.5,6.57,57.34,2,2
5672,18.0,0,8.0,8.7,5.3,2.6,88.3,47.0,6.3,3.8,9.7,1.0,2,1,1.7,7.6,7.9,43.64,1,1
5673,21.0,1,7.3,6.5,5.2,6.1,91.7,35.5,3.5,6.0,3.4,5.5,1,1,5.8,14.0,8.37,57.21,2,2
5674,19.0,0,5.4,5.4,7.2,2.0,82.6,71.3,5.0,1.3,9.2,5.7,2,0,7.2,14.2,7.46,45.61,1,1
5675,25.0,0,7.1,6.4,5.0,1.9,75.7,74.6,5.1,1.7,6.3,9.1,0,0,2.3,9.1,3.47,51.12,2,2
5676,16.0,0,3.8,6.5,2.2,2.3,100.0,73.3,4.9,4.2,5.3,8.1,0,0,4.8,7.4,5.32,76.38,0,0
5677,21.0,1,4.8,7.7,6.047861775435752,2.0,68.6,69.8,10.0,3.9,3.5,5.6,2,0,5.8,7.4,5.16,54.47,2,2
5678,18.0,0,3.6,6.5,5.2,2.2,89.3,67.8,10.0,2.0,4.2,5.9,0,1,3.6,4.0,8.91,66.55,0,0
5679,22.0,0,1.6,7.6,4.1,3.4,80.2,87.2,8.5,4.1,5.8,4.3,0,1,5.0,7.2,6.97,68.94,0,0
5680,18.0,1,6.6,6.0,9.1,3.5,84.5,100.0,6.2,0.9,3.1,4.0,0,0,6.1,7.3,8.93,50.41,2,2
5681,18.0,1,5.3,6.6,12.0,4.6,84.4,100.0,4.7,7.3,5.3,4.3,0,0,2.7,4.4,6.89,60.06,2,2
5682,20.0,1,4.2,6.0,3.7,6.9,65.9,94.7,3.7,5.9,9.6,5.6,2,0,4.3,1.8,2.73,39.8,1,1
5683,24.0,1,4.2,5.9,6.5,2.3,62.6,33.8,6.8,3.2,6.1,6.2,2,1,3.8,2.6,3.09,30.46,1,1
5684,18.0,0,1.2,8.7,5.0,2.9,63.4,93.9,8.8,2.7,6.5,5.4,1,0,8.2,5.7,6.11,53.88,2,2
5685,17.0,0,2.2,6.1,11.7,0.0,74.2,93.7,5.991217524197657,1.9,3.2,6.8,0,0,0.9,0.3,2.07,46.48,1,1
5686,22.0,0,4.9,6.5,7.2,0.7,83.2,73.2,6.2,4.9,6.6,5.0,2,0,1.6,1.3,2.82,38.0,1,1
5687,20.0,0,4.219583121504829,8.4,8.3,2.7,71.1,91.7,7.5,1.6,2.1,7.5,1,0,5.5,3.5,10.0,69.32,0,0
5688,24.0,1,3.8,8.0,9.0,3.8,61.3,81.5,6.0,5.3,1.0,10.0,1,1,1.2,0.5,6.96,56.07,2,2
5689,17.0,1,4.0,9.1,6.3,3.03210685483871,91.9,74.7,5.4,1.5,6.5,8.8,2,0,3.4,5.5447261663286005,7.96,61.78,2,2
5690,21.0,0,2.8,7.6,5.5,4.1,60.0,79.6,3.8,1.5,5.8,3.7,2,0,2.8,14.3,6.38,37.49,1,1
5691,18.0,1,2.3,6.2,9.8,5.3,86.2,65.0,5.3,5.4,8.5,4.7,1,0,8.6,3.0,7.09,46.13,1,1
5692,17.0,0,1.0,9.7,7.9,3.03210685483871,70.2,41.9,6.7,3.1,1.6,8.8,0,1,5.5,5.5,9.06,64.44,0,0
5693,22.0,0,3.9,7.8,3.9,2.6,95.8,41.2,5.1,7.0,7.3,2.4,1,0,1.5,6.9,8.0,56.94,2,2
5694,21.0,1,5.4,6.8,4.2,1.6,73.2,91.5,3.5,2.3,5.0,5.4,2,1,6.6,3.4,5.99,57.13,2,2
5695,22.0,1,0.9,7.1,5.0,4.2,57.1,56.5,6.3,3.0,7.0,6.1,2,1,6.5,6.2,8.47,40.1,1,1
5696,20.134890807516506,0,4.2,7.2,8.9,4.7,79.5,47.5,6.7,1.4,2.4,5.4,1,1,2.4,3.7,5.28,56.13,2,2
5697,20.0,0,4.8,6.7,9.7,3.2,69.1,47.1,5.2,4.1,6.5,5.5,1,0,3.5,6.8,2.48,38.47,1,1
5698,19.0,0,2.2,5.2,11.4,2.7,90.5,66.4,6.0,6.4,2.1,6.7,0,0,7.5,3.8,6.23,50.74,2,2
5699,25.0,0,7.0,9.1,4.2,2.1,84.3,100.0,0.4,0.8,8.5,6.1,1,1,4.3,5.2,7.21,57.82,2,2
5700,19.0,0,3.4,7.0,6.4,2.9,71.8,72.4,7.6,1.9,4.2,4.2,1,1,0.0,11.9,7.89,50.86,2,2
5701,19.0,1,4.0,7.2,5.0,4.2,67.0,49.2,6.6,2.6,5.0,9.8,1,0,0.0,3.7,7.3,63.57,0,0
5702,19.0,1,3.9,9.7,5.5,1.8,65.7,100.0,9.1,4.7,6.3,6.0,2,0,0.0,7.8,5.34,59.85,2,2
5703,21.0,1,0.7,6.1,8.3,1.6,72.4,80.9,5.5,5.5,3.5,6.8,0,1,3.3,12.7,5.2,39.68,1,1
5704,18.0,1,6.2,7.9,5.9,4.1,97.7,68.8,7.6,4.2,7.1,5.3,1,1,4.2,8.6,8.0,63.89,0,0
5705,24.0,1,2.3,6.0,9.3,1.5,78.1,83.7,8.6,1.0,8.0,6.1,1,0,5.6,5.8,6.13,54.27,2,2
5706,18.0,1,3.7,7.4,4.7,3.3,92.3,75.2,6.1,3.3,2.0,4.3,2,0,5.1,2.4,7.37,60.48,2,2
5707,24.0,1,5.4,7.3,7.9,3.2,60.7,62.1,6.8,0.9,4.5,3.3,1,0,1.7,7.3,6.05,51.34,2,2
5708,17.0,1,7.1,8.0,4.9,3.0,55.0,65.2,6.3,9.2,4.2,7.5,1,0,4.1,5.5447261663286005,7.22,69.56,0,0
5709,21.0,0,2.0,8.6,1.4,1.8,67.7,52.7,2.5,0.8,3.2,4.0,0,1,4.1,1.8,6.1,52.21,2,2
5710,24.0,0,3.3,6.2,3.4,6.1,88.5,66.5,6.9,6.3,5.4,5.4,1,1,3.0,2.9,6.88,52.51,2,2
5711,18.0,1,7.0,8.8,6.3,3.7,76.2,91.7,3.9,1.8,6.4,9.9,0,0,8.6,15.2,6.25,69.24,0,0
5712,25.0,2,5.1,8.9,10.8,2.1,91.6,91.3,4.1,0.3,3.6,8.8,0,1,1.1,8.6,6.42,69.17,0,0
5713,20.0,1,5.5,6.7,4.9,3.6,96.4,71.8,7.2,1.6,9.1,4.3,1,0,4.050203624516392,2.7,5.62,57.91,2,2
5714,24.0,0,2.1,7.0,5.6,6.3,67.6,72.0,8.8,7.6,5.5,6.9,1,1,1.5,7.7,6.77,44.9,1,1
5715,21.0,1,3.4,6.4,7.2,3.2,90.8,56.4,7.7,1.4,5.8,2.9,0,0,0.3,7.6,6.63,45.41,1,1
5716,19.0,0,3.9,6.6,4.5,5.8,98.0,82.1,7.3,2.4,5.9,8.8,0,0,0.8,5.6,7.16,65.15,0,0
5717,18.0,1,2.5,5.4,4.8,0.9,93.4,50.1,6.7,0.8,2.4,6.2,2,0,4.6,15.2,5.07,53.0,2,2
5718,19.0,0,4.219583121504829,8.0,6.2,1.5,59.3,90.0,7.9,4.8,2.0,8.6,1,0,0.3,1.7,7.51,64.95,0,0
5719,17.0,1,3.2,4.3,4.9,0.0,55.9,82.5,9.7,2.0,8.2,6.6,0,0,0.8,10.4,5.89,30.14,1,1
5720,17.0,0,6.9,6.1,1.5,6.6,74.2,70.2,4.7,5.2,8.4,5.1,2,1,6.2,5.5447261663286005,5.08,43.21,1,1
5721,17.0,1,4.3,6.9,4.4,0.0,74.7,82.8,4.8,2.9,7.6,5.4,1,0,4.7,4.4,5.24,60.97,2,2
5722,19.0,1,6.9,8.7,7.5,3.3,91.0,68.9,7.6,4.9,4.5,5.1,0,0,6.7,6.0,7.92,65.45,0,0
5723,23.0,0,4.6,6.3,7.6,6.1,67.4,78.4,2.2,2.3,3.8,7.0,1,0,3.1,11.8,6.55,48.66,2,2
5724,17.0,1,2.7,7.6,9.3,4.7,85.4,78.9,5.8,2.3,4.3,4.3,2,0,4.5,9.5,7.33,62.79,2,2
5725,17.0,0,6.8,6.9,9.1,3.7,65.9,96.0,6.6,4.8,1.0,6.0,2,1,3.9,2.7,5.1,58.24,2,2
5726,21.0,1,4.6,8.2,3.7,5.3,84.5,83.8,4.8,0.5,4.8,6.3,2,0,3.5,5.8,5.09,56.86,2,2
5727,18.0,1,6.1,7.5,4.1,1.8,74.1,93.9,1.8,2.9,5.3,2.5,0,0,5.5,1.0,2.49,44.61,1,1
5728,17.0,0,2.1,8.1,4.2,3.9,84.7,82.1,9.0,2.1,5.2,3.6,0,0,1.0,5.5,5.15,55.87,2,2
5729,18.0,1,6.3,6.3,5.6,2.8,75.3,74.0,4.7,1.5,3.9,2.3,0,0,2.7,2.0,4.45,47.99,2,2
5730,24.0,1,6.3,5.7,4.4,2.8,51.3,84.3,4.8,4.4,6.0,5.4,0,0,7.7,3.9,4.39,39.86,1,1
5731,20.134890807516506,0,4.8,7.5,5.6,3.3,86.6,81.2,8.9,6.8,7.8,5.8,0,1,2.4,5.7,8.22,70.26,0,0
5732,19.0,1,2.6,6.4,3.8,5.1,95.2,68.5,0.0,3.8,3.3,7.6,2,0,8.6,3.3,5.69,65.02,0,0
5733,21.0,0,4.1,7.0,8.0,5.8,69.1,49.7,9.3,1.2,4.3,4.1,1,1,3.5,4.9,5.93,47.83,2,2
5734,20.0,1,5.4,7.4,3.6,2.5,90.5,65.6,10.0,1.8,1.0,3.1,2,0,6.6,4.9,5.46,65.98,0,0
5735,21.0,0,4.7,8.6,3.5,1.0,72.0,65.5,4.0,2.0,8.2,4.8,1,1,3.2,4.8,5.44,53.52,2,2
5736,22.0,1,5.4,8.0,7.3,1.5,62.5,85.0,4.9,3.3,4.3,6.8,0,1,0.2,5.5447261663286005,4.8,62.92,2,2
5737,21.0,1,6.2,6.1,7.8,6.5,72.1,73.8,7.1,3.0,5.7,9.8,1,0,5.8,2.2,8.1,53.85,2,2
5738,18.0,0,2.9,5.5,5.4,5.7,77.6,60.4,6.6,3.4,4.4,6.2,0,0,3.4,5.4,7.92,49.42,2,2
5739,16.0,1,1.9,9.2,8.2,1.0,62.8,72.0,8.2,3.6,5.7,3.7,0,0,8.0,7.7,6.33,50.52,2,2
5740,20.0,1,4.1,4.9,8.0,6.0,97.5,69.2,7.1,3.5,6.7,6.9,1,0,5.6,4.1,6.22,51.91,2,2
5741,24.0,1,3.5,6.4,10.7,1.7,60.1,58.5,7.8,4.8,4.0,6.2,0,1,3.0,2.8,8.96,52.44,2,2
5742,21.0,0,5.8,7.8,7.8,4.2,73.0,100.0,10.0,2.2,6.5,6.1,0,0,6.2,2.2,6.12,63.0,2,2
5743,23.0,0,2.1,9.1,10.3,1.7,68.0,71.6,5.991217524197657,2.8,1.6,3.1,1,0,0.0,11.1,7.9,30.95,1,1
5744,25.0,0,6.2,6.8,6.2,6.9,97.6,60.7,9.0,0.7,7.1,6.9,1,0,4.4,8.4,8.62,66.02,0,0
5745,18.0,1,6.9,7.0,9.5,2.0,60.4,45.1,9.3,0.5,3.6,5.0,0,1,6.4,3.5,7.09,45.64,1,1
5746,22.0,0,4.2,5.9,9.6,1.1,90.7,76.6,3.6,3.2,6.7,4.9,0,1,2.9,1.1,5.63,38.08,1,1
5747,21.0,0,4.3,7.2,5.6,2.2,82.6,84.3,4.2,8.3,6.6,8.0,0,0,2.7,0.9,5.28,69.74,0,0
5748,25.0,1,2.7,5.5,4.3,7.7,63.8,63.3,7.1,1.9,10.0,7.3,0,0,0.0,6.0,7.35,33.74,1,1
5749,25.0,1,3.1,6.0,4.7,3.5,75.4,77.5,3.3,0.7,7.5,3.5,0,1,7.6,1.1,3.86,28.77,1,1
5750,22.0,1,3.4,8.0,7.0,1.1,77.6,55.4,4.6,2.6,8.2,9.3,0,0,4.0,3.5,7.08,66.84,0,0
5751,18.0,1,7.1,6.4,3.1,1.6,87.6,70.9,6.5,1.2,6.1,8.3,1,0,4.9,6.5,5.75,74.99,0,0
5752,23.0,0,4.1,8.2,4.9,0.0,71.6,94.5,4.5,2.6,5.8,4.1,0,0,5.4,4.3,6.09,58.95,2,2
5753,20.134890807516506,1,1.6,6.8,9.0,4.0,88.2,70.8,5.5,2.8,1.3,1.2,0,1,5.2,1.1,4.49,42.97,1,1
5754,22.0,1,4.7,5.2,7.7,0.7,80.6,63.4,4.1,2.1,8.6,6.8,1,0,5.7,2.0,8.59,49.54,2,2
5755,24.0,0,5.9,8.5,1.0,5.0,85.9,99.2,3.9,2.0,9.8,6.6,0,0,6.8,3.3,7.65,57.03,2,2
5756,19.0,0,4.1,5.3,2.7,4.4,68.5,78.6,7.0,0.2,5.5,4.0,0,0,5.3,4.4,5.8,44.08,1,1
5757,21.0,0,7.1,6.2,11.4,2.8,76.9,65.9,5.8,1.4,4.0,10.0,1,0,1.4,2.8,5.2,56.82,2,2
5758,20.0,1,5.8,6.7,8.9,5.2,81.4,59.4,6.3,3.2,4.2,5.8,0,0,2.0,5.7,8.46,58.49,2,2
5759,20.0,1,2.1,8.3,4.5,4.7,81.1,54.3,7.5,1.5,5.1,5.9,0,1,2.8,5.0,6.87,54.19,2,2
5760,19.0,1,3.1,6.3,2.3,3.3,79.5,82.7,6.4,6.4,5.542839731870811,6.7,1,0,2.1,4.9,10.0,93.44,0,0
5761,22.0,1,4.7,5.8,2.9,1.6,100.0,88.8,5.3,5.2,6.1,8.7,1,0,5.8,5.5,8.71,89.6,0,0
5762,24.0,1,0.9,7.2,7.3,3.7,87.5,75.0,4.1,2.2,7.6,6.6,1,1,3.1,3.3,5.88,50.64,2,2
5763,24.0,0,4.9,6.7,10.9,3.7,89.5,71.4,7.0,1.7,5.2,6.2,0,0,5.9,13.4,4.23,52.39,2,2
5764,18.0,1,0.7,6.4,10.8,3.9,83.2,85.6,10.0,4.8,6.5,2.8,1,1,1.8,2.1,8.09,36.28,1,1
5765,23.0,1,6.2,7.3,2.1,3.1,86.9,49.5,7.9,1.6,7.6,6.0,0,0,8.3,2.1,6.27,65.39,0,0
5766,22.0,1,6.0,5.4,5.3,3.6,82.6,76.4,2.7,4.3,4.7,9.0,1,1,2.4,5.9,5.36,58.02,2,2
5767,18.0,0,5.2,4.8,3.9,3.5,100.0,75.3,1.5,2.5,9.1,4.5,0,0,3.2,1.7,6.96,39.8,1,1
5768,16.0,0,2.8,9.8,6.3,5.5,79.2,82.5,4.4,2.6,9.7,6.3,2,0,6.9,1.8,5.42,42.46,1,1
5769,18.0,0,4.5,7.1,2.7,3.03210685483871,90.8,83.6,2.6,2.0,8.4,1.0,2,1,4.5,3.5,4.71,39.32,1,1
5770,24.0,1,3.2,7.2,4.6,1.2,100.0,67.7,3.2,5.5,6.1,9.1,0,0,3.1,2.4,4.25,60.57,2,2
5771,21.0,1,2.1,6.0,3.8,3.1,88.5,100.0,0.8,5.9,3.3,5.8,0,0,3.8,7.0,5.84,55.76,2,2
5772,22.0,1,3.5,6.976601980998585,7.3,1.6,76.3,55.5,6.5,7.0,6.8,5.6,0,0,4.050203624516392,3.2,6.06,53.01,2,2
5773,18.0,1,5.6,6.3,4.7,3.4,70.5,66.4,3.5,7.6,6.4,7.1,1,1,2.8,2.2,4.97,54.06,2,2
5774,22.0,0,4.3,3.4,5.1,1.0,73.6,90.4,3.4,7.3,9.5,6.7,2,1,2.0,2.5,6.34,25.96,1,1
5775,16.0,2,7.1,6.3,7.3,1.3,85.1,63.6,4.5,2.6,4.7,6.9,1,0,4.4,10.1,5.9,56.65,2,2
5776,19.0,0,5.7,6.6,10.1,6.7,100.0,77.0,4.6,7.7,3.9,3.4,0,0,0.0,1.7,6.48,56.64,2,2
5777,21.0,0,5.5,6.8,11.3,2.6,87.8,65.4,5.4,2.7,9.5,8.9,1,0,0.0,3.8,7.47,43.53,1,1
5778,17.0,0,1.0,6.7,7.1,0.9,75.0,68.0,2.9,2.4,5.0,8.5,0,0,1.5,2.5,4.66,39.18,1,1
5779,23.0,1,3.6,6.2,5.8,2.8,76.0,51.7,8.2,1.4,5.5,6.7,1,0,5.3,1.2,6.81,52.76,2,2
5780,18.0,2,2.1,6.0,9.3,4.9,78.1,88.7,6.6,3.9,4.1,9.4,0,0,3.7,3.3,7.0,47.06,2,2
5781,21.0,1,3.8,6.6,8.9,5.2,62.6,89.1,6.9,3.2,5.9,6.1,0,1,8.9,7.0,6.31,47.85,2,2
5782,19.0,0,2.8,4.9,8.2,3.03210685483871,74.0,89.0,5.0,1.0,5.5,5.0,1,0,8.3,3.0,8.16,43.15,1,1
5783,21.0,1,3.4,4.5,2.1,1.6,73.5,67.3,8.4,1.6,5.542839731870811,6.6,0,1,1.6,8.7,9.11,51.44,2,2
5784,17.0,1,6.3,7.1,9.0,3.4,100.0,81.0,7.1,2.8,5.8,8.6,1,0,0.6,12.3,8.06,68.45,0,0
5785,16.0,0,5.2,7.1,6.9,2.9,92.0,100.0,6.4,0.8,5.6,5.1,0,1,1.0,5.3,7.02,51.94,2,2
5786,24.0,1,6.2,8.1,3.8,0.1,66.0,80.2,8.2,0.3,2.8,4.9,2,0,7.3,3.8,8.78,65.38,0,0
5787,18.0,1,1.0,6.7,4.3,0.4,59.6,74.2518720906699,2.3,4.7,8.0,3.7,0,1,8.0,4.6,4.89,24.27,1,1
5788,23.0,1,4.3,5.4,7.5,1.1,63.0,59.6,6.4,8.2,7.4,6.0,2,0,6.7,2.2,6.7,40.85,1,1
5789,25.0,1,6.1,4.5,1.0,0.0,98.4,58.8,4.5,1.7,6.8,6.5,1,1,4.1,11.8,6.05,51.07,2,2
5790,18.0,2,7.2,5.8,5.7,2.2,62.5,74.2518720906699,4.4,6.9,3.9,3.7,0,0,3.6,7.9,4.67,50.02,2,2
5791,18.0,0,1.1,7.5,4.4,5.2,100.0,82.1,7.8,8.8,8.0,1.6,0,0,4.1,13.4,4.82,52.84,2,2
5792,21.0,1,3.5,8.9,4.1,1.8,83.1,46.7,9.0,6.7,5.3,5.2,2,0,3.9,4.3,6.44,72.24,0,0
5793,25.0,1,6.3,7.1,4.9,4.9,76.8,98.5,8.8,1.9,4.6,6.6,2,0,2.6,1.9,6.68,71.17,0,0
5794,24.0,0,3.8,5.4,2.3,3.1,65.1,85.2,6.0,0.5,5.1,9.8,1,0,5.0,2.8,7.74,62.51,2,2
5795,20.0,1,2.4,5.9,8.6,2.7,96.4,78.1,5.3,2.1,5.2,7.7,2,0,1.4,7.2,5.14,44.95,1,1
5796,23.0,1,1.1,5.9,1.0,0.0,87.1,100.0,8.7,3.2,2.9,10.0,0,1,4.7,12.1,5.39,66.53,0,0
5797,17.0,1,2.3,6.5,6.4,5.1,91.7,70.9,3.8,1.6,7.2,4.9,0,0,3.9,0.6,5.0,43.57,1,1
5798,25.0,0,0.8,8.5,3.9,3.2,79.81730107309173,99.5,9.7,2.7,5.9,7.0,0,1,6.9,3.4,5.55,53.83,2,2
5799,25.0,1,4.3,8.6,11.0,0.1,88.7,35.2,5.2,1.7,7.4,5.8,0,0,6.5,0.5,2.6,36.89,1,1
5800,18.0,1,6.0,6.8,6.1,3.7,99.3,61.8,5.9,0.5,4.2,10.0,1,0,2.2,3.7,6.68,56.71,2,2
5801,19.0,0,1.7,7.2,1.0,1.9,87.7,89.3,4.8,2.3,6.4,7.3,1,0,2.6,2.7,8.83,71.03,0,0
5802,17.0,1,4.7,6.0,7.4,3.1,66.3,100.0,6.1,5.6,5.3,1.0,1,1,6.9,4.5,6.19,52.98,2,2
5803,18.0,0,5.9,4.8,3.3,3.4,86.8,53.1,4.0,4.0,4.6,4.6,1,0,4.7,8.2,7.57,52.49,2,2
5804,23.0,1,4.2,9.3,8.5,5.2,89.8,67.5,5.2,2.7,6.3,2.7,0,0,5.8,8.3,8.63,54.32,2,2
5805,19.0,1,1.0,4.0,7.5,1.0,100.0,78.0,6.3,2.8,7.0,8.9,0,1,3.5,5.2,2.65,30.63,1,1
5806,17.0,1,5.0,4.6,9.7,4.0,87.6,58.1,5.8,1.0,4.2,4.2,2,0,0.0,10.7,5.91,17.09,1,1
5807,19.0,1,4.1,6.976601980998585,6.5,5.4,94.3,70.3,0.5,3.1,9.0,6.9,1,1,6.1,0.9,8.98,50.68,2,2
5808,25.0,0,3.9,7.0,8.0,7.5,88.0,100.0,10.0,2.7,5.0,5.7,0,0,3.7,1.3,5.01,53.12,2,2
5809,21.0,0,3.1,5.5,6.1,4.9,62.4,56.4,9.5,1.6,10.0,5.1,0,0,6.4,2.2,8.37,32.79,1,1
5810,19.0,1,4.4,7.9,4.5,3.7,90.8,70.7,3.4,0.7,3.9,3.9,0,1,4.8,2.4,7.84,59.56,2,2
5811,18.0,1,5.2,8.0,8.7,3.5,81.6,79.9,4.6,1.4,4.8,4.9,0,1,8.0,4.9,5.08,55.84,2,2
5812,25.0,1,9.0,5.3,2.9,3.03210685483871,100.0,83.4,5.6,3.6,1.0,6.1,0,1,8.0,0.9,6.49,55.93,2,2
5813,23.0,0,4.4,6.3,5.9,2.5,61.3,59.4,7.5,6.8,5.5,5.3,0,0,1.5,7.1,5.93,49.67,2,2
5814,18.0,0,7.2,8.1,4.6,4.4,65.3,71.8,7.0,5.2,8.2,7.1,1,0,2.2,6.6,3.3,53.24,2,2
5815,17.0,1,4.9,5.9,8.1,6.9,89.4,69.8,3.6,3.3,3.3,2.2,2,0,5.0,5.7,6.84,41.94,1,1
5816,16.0,0,4.0,7.4,3.6,2.8,99.7,80.5,10.0,3.1,6.9,2.8,1,0,5.1,9.8,6.29,74.13,0,0
5817,17.0,0,4.5,6.976601980998585,5.0,0.0,78.4,53.8,5.1,5.9,4.1,7.7,1,0,0.9,3.9,7.53,70.63,0,0
5818,21.0,0,1.8,3.9,6.1,1.5,78.5,97.9,10.0,2.3,6.2,3.7,1,0,5.8,3.0,8.03,36.43,1,1
5819,24.0,1,4.8,6.6,6.047861775435752,3.5,82.7,79.6,4.7,3.5,7.4,2.6,2,1,5.8,3.5,6.89,43.07,1,1
5820,20.0,1,0.2,7.3,4.7,1.5,73.7,94.2,8.3,1.5,10.0,6.6,1,1,2.3,1.5,4.83,41.6,1,1
5821,23.0,1,2.5,4.7,5.0,2.4,92.8,64.7,6.8,1.0,8.2,5.6,1,0,8.1,0.7,7.2,33.88,1,1
5822,20.0,0,4.4,6.3,2.6,2.5,73.7,53.0,4.1,1.4,4.8,7.9,0,0,1.9,7.2,3.64,44.03,1,1
5823,22.0,0,6.6,8.4,3.5,4.0,89.1,57.8,7.3,1.7,2.1,1.0,2,0,7.1,8.9,6.66,55.12,2,2
5824,22.0,0,7.1,6.1,7.0,1.3,62.8,87.6,6.4,0.4,6.6,2.2,1,0,2.0,9.5,6.34,52.53,2,2
5825,18.0,1,3.7,5.1,6.1,1.9,100.0,67.1,8.0,1.0,8.7,7.1,2,0,7.8,9.5,9.77,58.89,2,2
5826,19.0,1,4.5,8.5,6.1,5.5,52.4,45.8,4.3,0.1,5.6,7.2,0,0,0.0,6.3,3.52,36.35,1,1
5827,21.0,1,6.2,7.6,10.4,2.1,66.2,78.2,5.8,1.9,4.6,7.7,0,0,7.1,3.8,6.98,55.8,2,2
5828,17.0,0,1.5,6.9,1.8,4.3,100.0,69.2,7.8,2.0,7.3,7.3,0,0,8.3,4.3,7.14,72.8,0,0
5829,19.0,1,5.0,6.9,11.8,3.0,81.3,69.7,2.0,3.1,5.1,6.1,0,0,5.7,7.0,4.74,40.35,1,1
5830,20.0,1,2.5,8.3,8.9,3.0,71.4,44.2,3.5,2.9,4.9,4.7,0,1,1.2,4.0,7.83,40.14,1,1
5831,25.0,0,3.9,7.4,5.2,4.3,63.4,47.8,6.1,4.6,6.2,1.9,0,0,4.7,14.6,8.05,47.77,2,2
5832,20.0,1,3.3,7.8,7.0,0.0,74.3,65.1,6.4,5.9,7.2,10.0,0,1,0.9,2.4,7.54,75.38,0,0
5833,23.0,1,5.1,6.1,4.3,3.8,83.8,58.3,5.8,3.9,3.1,3.9,0,0,4.2,1.5,6.43,54.43,2,2
5834,20.0,1,5.3,4.5,6.8,4.0,86.3,64.8,7.8,3.0,1.7,8.6,1,0,4.2,6.1,4.91,58.94,2,2
5835,23.0,0,6.0,7.8,11.4,4.5,84.2,90.0,5.8,5.3,2.9,4.7,1,1,5.2,5.1,6.1,61.59,2,2
5836,21.0,0,4.9,8.4,4.4,2.3,56.8,55.8,8.2,1.9,3.7,5.5,1,0,3.3,3.2,5.16,58.77,2,2
5837,24.0,0,4.5,6.7,5.4,3.0,81.8,58.7,6.7,3.5,9.8,4.2,0,0,0.1,2.8,5.61,47.63,2,2
5838,19.0,0,7.9,8.2,4.1,0.0,84.4,65.5,3.5,3.7,4.5,6.1,0,0,5.0,8.1,6.489753023681269,61.41,2,2
5839,21.0,2,1.2,6.6,4.5,1.8,84.5,57.7,6.4,3.3,6.6,7.1,0,0,2.7,1.0,0.95,42.79,1,1
5840,21.0,0,7.6,6.9,5.0,3.3,80.4,71.1,5.8,2.4,4.2,2.2,2,1,0.2,10.3,3.3,39.2,1,1
5841,19.0,0,3.6,9.3,3.3,5.6,64.0,93.5,4.5,6.6,4.0,7.1,1,1,3.9,7.9,3.22,68.95,0,0
5842,17.0,0,5.3,6.6,5.3,6.3,68.0,69.8,2.7,1.7,7.9,9.6,0,1,5.9,7.3,9.74,51.85,2,2
5843,17.0,1,3.5,6.5,6.1,2.4,95.8,79.6,3.4,1.3,1.5,7.1,0,0,5.3,4.2,6.63,69.94,0,0
5844,16.0,1,2.8,4.6,5.0,4.6,69.9,33.2,4.1,1.7,8.4,7.8,0,0,3.3,3.2,3.34,19.29,1,1
5845,23.0,1,4.219583121504829,7.9,1.0,2.7,70.6,76.5,8.3,0.9,5.5,5.6,1,1,4.3,0.9,5.75,65.29,0,0
5846,18.0,0,6.3,6.1,5.6,0.1,76.1,100.0,5.3,1.4,5.7,4.8,1,0,6.3,8.3,5.18,65.01,0,0
5847,18.0,0,5.1,7.2,5.9,4.1,64.2,76.8,8.7,0.1,7.9,6.5,1,0,0.2,2.4,3.64,47.77,2,2
5848,22.0,0,3.1,6.6,10.7,6.3,88.2,77.3,3.8,2.9,8.6,3.6,0,1,4.050203624516392,2.1,7.67,37.79,1,1
5849,19.0,1,11.4,6.4,6.1,2.3,63.5,80.1,4.4,1.3,3.5,5.4,0,1,1.9,9.5,10.0,39.96,1,1
5850,20.0,1,6.6,6.8,8.3,1.4,94.1,100.0,4.8,6.6,2.1,2.3,0,0,4.3,8.6,4.59,62.29,2,2
5851,18.0,1,6.1,6.9,4.9,3.1,62.5,99.4,5.4,0.4,1.9,3.5,1,1,9.3,9.8,5.82,59.31,2,2
5852,25.0,0,3.5,8.5,9.2,2.8,76.4,56.6,6.5,5.1,5.5,8.6,1,0,8.6,4.4,7.53,59.29,2,2
5853,23.0,1,2.9,9.0,3.6,7.7,84.5,96.6,7.4,3.5,3.5,1.0,2,0,3.6,1.6,5.38,55.78,2,2
5854,23.0,0,3.6,7.8,7.3,4.8,90.3,99.8,8.8,9.1,2.7,7.6,1,0,6.5,2.4,3.98,84.36,0,0
5855,19.0,1,6.4,8.7,8.1,3.2,77.1,44.2,1.2,3.5,6.6,10.0,1,0,1.3,5.5,4.87,46.41,1,1
5856,22.0,1,2.2,8.1,7.7,0.0,70.9,75.5,10.0,1.3,6.8,6.5,0,0,4.9,1.6,4.47,54.31,2,2
5857,17.0,0,2.1,7.6,11.4,2.7,98.4,84.5,3.7,5.2,4.9,3.9,0,1,3.1,6.1,6.94,53.89,2,2
5858,16.0,1,5.3,8.9,4.5,6.3,82.4,24.6,6.2,1.2,4.9,7.4,2,1,5.6,2.6,4.37,46.27,1,1
5859,16.0,1,4.8,5.3,9.5,3.1,77.8,62.8,8.1,1.4,6.0,2.8,2,0,1.7,11.2,7.74,45.77,1,1
5860,21.0,0,2.7,6.1,8.9,4.5,56.4,62.1,7.4,3.4,2.8,4.2,0,0,4.4,13.0,7.97,36.26,1,1
5861,20.0,1,2.0,5.9,6.1,3.7,82.5,63.4,8.5,1.8,6.7,3.1,2,0,6.3,5.8,2.64,30.83,1,1
5862,20.0,2,7.1,6.6,10.6,2.1,79.9,93.8,8.2,2.6,7.2,3.1,1,1,0.0,3.9,5.28,51.1,2,2
5863,16.0,0,4.9,7.9,5.6,6.0,62.4,74.0,6.9,2.2,8.4,7.9,0,1,7.9,7.0,8.34,62.18,2,2
5864,19.0,1,1.5,5.6,6.1,3.3,69.8,82.6,7.7,1.5,1.5,5.6,0,1,2.9,7.4,7.07,56.06,2,2
5865,22.0,0,1.6,7.7,6.0,1.7,81.2,76.6,3.3,2.4,6.6,7.4,0,0,0.0,3.7,6.69,46.29,1,1
5866,20.0,1,3.5,6.2,2.8,3.0,86.1,100.0,5.991217524197657,1.1,6.8,6.5,0,1,5.5,0.5,5.89,64.52,0,0
5867,22.0,0,5.7,6.5,7.9,5.6,66.8,92.9,3.9,2.1,9.0,2.6,2,0,1.2,7.6,6.36,35.76,1,1
5868,18.0,0,5.4,7.3,7.5,0.3,66.9,74.7,0.8,4.7,5.1,5.4,1,0,0.3,3.6,6.2,52.37,2,2
5869,23.0,0,6.5,9.2,5.7,3.5,81.5,70.2,3.9,1.9,5.1,3.9,1,1,0.5,1.7,4.97,43.24,1,1
5870,21.0,1,1.2,6.976601980998585,10.4,3.1,69.1,62.5,3.7,1.4,5.542839731870811,4.9,1,0,4.6,6.3,8.71,43.41,1,1
5871,18.0,1,4.6,6.9,4.9,0.2,77.4,57.5,4.0,0.8,4.6,5.8,1,0,4.2,4.8,3.84,52.81,2,2
5872,18.0,1,7.1,5.6,1.7,4.4,100.0,53.5,7.5,2.4,3.5,5.3,0,0,4.3,6.3,6.37,69.28,0,0
5873,21.0,0,6.9,6.1,10.8,3.03210685483871,79.4,92.7,4.3,2.6,3.3,6.5,0,1,3.4,1.8,5.31,50.31,2,2
5874,23.0,0,4.9,5.6,8.5,4.6,93.3,58.9,7.9,1.8,4.0,6.3,1,0,2.5,13.1,5.16,45.94,1,1
5875,19.0,1,8.9,7.3,7.6,5.0,63.8,86.6,2.6,1.3,6.5,3.8,0,0,5.7,1.3,6.84,35.16,1,1
5876,18.0,0,5.4,7.6,5.2,2.9,70.0,65.9,4.6,1.8,3.5,6.2,0,0,4.5,8.5,7.05,56.61,2,2
5877,23.0,1,6.3,7.9,6.9,2.0,69.7,61.5,5.1,3.7,6.9,9.8,0,0,0.0,4.9,5.1,57.33,2,2
5878,21.0,1,4.3,6.0,2.8,0.4,65.6,69.1,8.6,8.2,5.4,4.8,0,0,2.9,4.6,7.6,65.45,0,0
5879,20.134890807516506,1,2.6,7.7,5.4,1.8,57.0,100.0,6.1,1.2,6.7,2.8,1,0,0.2,1.7,6.15,43.6,1,1
5880,20.0,1,2.4,7.1,3.7,3.0,82.5,100.0,6.6,3.9,7.0,5.5,1,1,5.1,2.2,4.06,60.97,2,2
5881,18.0,1,4.6,6.9,6.7,1.3,85.0,68.4,3.6,1.5,4.9,7.7,0,0,5.5,6.2,4.91,59.0,2,2
5882,21.0,0,3.8,5.4,8.3,4.1,67.7,66.8,7.9,3.1,8.1,7.4,1,0,0.0,10.5,4.1,45.73,1,1
5883,19.0,1,0.7,7.2,3.4,1.4,70.3,92.2,5.9,1.7,8.0,6.8,0,1,2.7,5.5,6.47,50.1,2,2
5884,25.0,1,2.1,7.2,7.8,0.0,81.0,77.7,2.1,2.0,2.9,9.5,1,1,2.5,2.2,6.09,60.23,2,2
5885,20.0,0,3.6,7.1,6.5,2.0,80.3,63.2,7.5,1.9,4.0,9.2,1,0,4.3,0.7,6.67,70.18,0,0
5886,20.0,1,5.7,7.5,7.7,3.3,93.4,83.8,6.6,0.2,4.8,8.5,0,0,7.4,6.3,5.16,62.89,2,2
5887,21.0,0,4.2,7.9,5.4,0.7,94.7,88.8,5.2,0.3,7.8,5.957923664122137,0,1,2.6,11.1,7.75,64.26,0,0
5888,24.0,1,4.1,5.6,7.8,1.4,71.3,70.7,5.2,1.8,8.4,10.0,0,1,7.7,1.7,7.48,57.14,2,2
5889,23.0,1,2.2,6.7,4.3,1.9,79.1,71.2,3.6,1.4,6.2,4.5,1,0,3.7,6.4,5.04,52.08,2,2
5890,20.0,0,4.2,7.7,1.8,2.1,67.0,100.0,8.5,2.6,8.6,8.0,1,0,1.5,5.7,5.17,68.1,0,0
5891,22.0,1,6.8,6.7,2.4,3.5,99.5,60.2,7.6,1.6,4.7,4.6,0,0,3.5,13.4,9.38,67.4,0,0
5892,21.0,0,4.5,8.2,4.7,4.1,83.5,65.3,3.7,2.4,8.8,7.7,2,1,6.0,2.2,5.03,63.64,0,0
5893,20.0,0,1.2,7.1,2.0,2.1,92.9,66.7,6.1,1.4,7.6,7.3,1,0,0.5,20.2,7.43,49.24,2,2
5894,18.0,0,1.7,4.5,9.9,1.1,75.3,100.0,4.4,3.9,5.9,5.3,1,0,5.5,0.7,8.43,47.8,2,2
5895,20.0,1,5.4,8.1,5.8,3.2,93.3,39.4,3.2,4.2,6.9,1.4,1,0,1.5,4.7,8.76,44.96,1,1
5896,18.0,1,3.8,6.8,8.3,3.9,89.7,89.8,9.4,2.8,8.1,10.0,0,1,6.4,4.7,5.97,64.28,0,0
5897,24.0,0,4.1,4.7,8.0,5.9,96.6,74.5,5.2,4.8,4.5,9.5,0,0,5.4,3.0,6.07,51.12,2,2
5898,19.0,0,3.0,6.7,6.0,5.1,62.5,100.0,4.1,9.1,4.1,9.3,0,0,2.5,4.4,7.88,76.33,0,0
5899,25.0,1,5.2,5.4,14.8,0.7,81.0,81.4,3.4,3.1,6.7,2.8,0,1,5.5,0.8,7.25,31.96,1,1
5900,20.0,1,3.6,8.0,13.3,2.7,94.3,36.3,5.5,0.8,5.1,8.2,0,0,5.9,5.9,3.3,35.99,1,1
5901,21.0,1,3.8,7.0,9.5,3.8,67.8,100.0,1.3,3.0,5.5,5.7,0,0,3.3,10.7,7.09,48.44,2,2
5902,20.0,1,2.5,5.8,3.7,1.5,86.8,70.8,5.7,1.5,8.9,5.1,0,0,2.6,13.9,6.42,33.66,1,1
5903,17.0,1,6.0,8.1,9.6,2.4,87.4,38.3,8.7,4.9,3.7,4.2,2,0,4.5,5.7,5.19,44.39,1,1
5904,19.0,1,3.8,7.6,1.6,4.2,89.1,67.7,8.0,1.3,7.4,9.2,1,0,2.0,2.2,4.79,63.43,0,0
5905,17.0,1,5.4,6.7,9.5,3.4,84.3,75.6,7.1,0.4,6.1,6.7,0,0,5.5,2.6,8.74,57.5,2,2
5906,21.0,1,1.8,5.4,1.0,3.0,88.0,56.1,10.0,1.8,3.1,6.0,0,0,6.3,0.5,5.25,57.18,2,2
5907,20.0,0,7.7,5.9,5.2,1.8,85.6,47.4,6.6,1.8,2.7,6.8,2,0,4.2,2.7,4.78,48.62,2,2
5908,22.0,1,6.8,5.9,9.0,0.4,95.4,80.3,4.0,4.1,1.0,6.4,1,0,2.4,2.3,6.89,57.9,2,2
5909,18.0,1,0.4,8.0,7.0,2.4,70.7,52.6,7.8,15.0,4.5,8.2,0,0,4.4,7.4,5.34,48.76,2,2
5910,18.0,1,2.6,4.8,2.3,2.8,84.4,56.5,6.3,3.7,3.1,1.4,1,0,0.8,5.9,5.54,42.48,1,1
5911,19.0,0,5.2,6.9,6.4,0.4,95.8,99.4,6.1,1.7,5.6,5.1,0,0,4.3,6.6,6.23,67.63,0,0
5912,24.0,0,1.6,6.7,7.0,3.1,69.8,69.1,6.7,1.2,5.9,2.9,1,0,7.7,5.3,7.1,48.17,2,2
5913,22.0,0,3.9,8.3,6.5,3.7,71.0,53.1,5.1,5.4,1.7,6.5,1,0,5.1,3.8,5.38,54.7,2,2
5914,19.0,1,5.1,7.3,5.0,1.8,86.8,58.9,10.0,1.5,1.0,2.5,1,0,0.9,1.1,4.9,56.15,2,2
5915,20.0,0,3.8,7.7,8.1,3.7,98.0,82.0,2.4,3.1,6.7,3.3,0,0,5.7,5.1,8.08,57.27,2,2
5916,17.0,1,5.3,6.3,8.9,3.5,78.3,82.6,7.8,1.3,4.6,6.7,2,0,1.7,3.9,6.48,48.53,2,2
5917,25.0,1,2.8,5.4,5.6,2.5,81.2,87.0,6.3,1.8,3.6,5.4,0,1,2.4,2.4,6.19,41.22,1,1
5918,21.0,0,0.0,6.6,9.8,2.3,84.7,89.5,7.0,1.9,4.9,6.8,0,1,2.0,8.5,6.24,38.83,1,1
5919,18.0,0,6.2,8.0,5.6,2.4,73.7,81.0,5.2,2.5,6.5,3.4,2,0,2.7,4.9,7.66,59.0,2,2
5920,21.0,0,6.2,8.0,4.8,1.5,100.0,85.9,9.3,4.9,7.6,5.5,1,0,2.9,7.1,8.16,81.53,0,0
5921,17.0,0,9.2,6.4,9.4,3.6,68.0,66.4,7.9,6.3,5.5,5.9,0,0,2.2,1.4,8.44,54.14,2,2
5922,25.0,0,0.0,5.9,9.3,1.5,81.2,54.9,4.3,4.1,6.0,3.0,0,1,2.8,2.2,6.01,14.33,1,1
5923,18.0,1,5.7,5.6,4.4,1.6,81.4,99.4,8.5,2.0,7.5,4.5,0,0,5.3,3.9,7.7,68.77,0,0
5924,21.0,1,0.3,6.8,4.1,3.9,51.6,90.8,6.7,5.2,7.5,6.4,0,0,4.5,14.5,7.2,47.64,2,2
5925,18.0,1,7.7,7.2,10.4,2.6,69.0,69.9,4.7,2.5,8.0,5.2,0,0,3.5,1.2,5.98,32.14,1,1
5926,22.0,0,5.2,8.9,5.7,3.1,62.4,63.0,2.3,6.1,2.7,4.1,1,0,4.0,1.2,7.66,58.92,2,2
5927,22.0,1,2.3,7.2,6.0,0.0,89.4,100.0,7.7,3.0,1.0,6.5,1,0,8.9,3.6,10.0,93.99,0,0
5928,21.0,0,5.8,7.8,5.4,2.1,58.0,58.7,4.4,2.2,3.8,4.9,0,0,1.6,4.5,7.73,45.59,1,1
5929,21.0,1,3.1,6.0,9.3,6.0,92.2,79.1,7.2,2.2,7.6,6.6,0,0,4.4,16.1,8.58,56.29,2,2
5930,24.0,1,4.8,7.1,11.4,0.0,64.7,62.9,9.2,1.3,5.4,7.2,2,0,3.0,2.9,3.42,36.11,1,1
5931,17.0,1,4.6,7.2,6.2,6.1,92.5,67.6,4.2,9.2,8.3,7.3,0,0,2.9,2.9,8.98,64.86,0,0
5932,19.0,1,7.7,6.8,12.0,3.5,61.8,61.5,9.0,5.0,2.7,6.3,2,1,0.9,0.7,6.59,43.7,1,1
5933,18.0,0,7.8,7.0,4.6,2.0,85.5,36.0,3.5,1.9,3.8,5.6,1,0,2.7,1.0,6.38,44.32,1,1
5934,25.0,1,3.0,7.2,5.3,2.6,92.2,82.0,9.3,2.3,6.4,5.9,1,1,4.4,6.6,7.26,77.89,0,0
5935,19.0,1,6.3,7.6,7.7,5.2,87.5,86.8,10.0,5.4,5.9,8.9,0,0,1.9,5.1,8.13,79.03,0,0
5936,22.0,1,4.9,8.5,4.0,0.0,64.1,63.0,8.0,2.0,6.0,4.5,0,0,4.050203624516392,3.0,6.78,51.17,2,2
5937,22.0,1,1.4,4.1,7.7,5.5,94.7,100.0,7.0,0.3,5.1,9.0,0,0,5.6,8.1,5.91,37.66,1,1
5938,18.0,1,2.8,8.4,4.7,3.5,87.1,80.1,8.0,3.3,5.2,4.9,0,0,1.1,4.7,4.61,60.38,2,2
5939,18.0,1,8.9,4.8,2.1,4.8,49.3,78.0,5.3,1.6,9.2,7.1,2,0,8.7,1.5,6.41,29.45,1,1
5940,18.0,0,4.9,7.4,1.6,0.0,81.4,82.0,3.1,1.9,5.3,6.4,1,0,6.8,1.6,6.22,66.64,0,0
5941,19.0,1,6.2,10.0,5.2,2.6,100.0,64.3,4.4,2.8,7.9,7.5,0,0,6.2,4.6,5.6,56.35,2,2
5942,18.0,1,3.8,6.9,7.0,0.0,94.5,57.4,10.0,2.2,5.4,1.0,2,1,4.050203624516392,13.3,7.74,62.19,2,2
5943,16.0,0,3.1,7.2,2.6,5.2,73.5,61.3,3.4,4.7,7.9,7.2,0,0,3.3,4.5,9.11,62.73,2,2
5944,23.0,1,4.3,6.6,6.4,1.2,87.1,65.2,8.1,3.3,5.3,5.6,0,0,4.050203624516392,9.1,5.39,61.22,2,2
5945,25.0,1,3.7,7.9,6.5,1.2,74.9,85.1,5.8,3.9,5.0,7.4,1,0,5.4,6.5,4.51,66.58,0,0
5946,19.0,0,1.2,7.5,5.6,0.0,93.2,68.2,5.2,2.4,5.3,6.6,1,0,3.4,2.8,7.06,57.35,2,2
5947,19.0,1,2.2,6.1,3.7,3.8,69.4,86.1,9.7,5.1,7.3,8.0,0,0,0.3,6.3,7.05,58.47,2,2
5948,16.0,0,5.6,6.9,6.6,3.1,95.7,52.3,6.2,1.1,2.2,3.8,1,0,2.7,9.8,7.03,58.04,2,2
5949,22.0,0,3.4,5.5,5.6,1.7,92.0,63.4,8.1,1.1,4.6,2.0,2,0,7.9,1.8,8.41,50.55,2,2
5950,23.0,0,4.3,6.8,8.5,3.5,88.4,62.2,10.0,0.7,7.0,2.4,1,1,8.3,1.7,8.34,53.27,2,2
5951,20.134890807516506,2,4.7,6.5,2.8,1.6,100.0,6.3,5.5,2.4,5.2,4.9,2,1,4.3,6.7,5.85,45.28,1,1
5952,17.0,1,4.8,7.2,6.3,0.0,93.1,66.8,5.991217524197657,2.0,3.8,4.2,1,1,2.9,10.5,5.57,59.99,2,2
5953,23.0,1,6.5,6.1,2.8,2.3,93.3,56.3,7.5,1.6,5.3,7.1,2,0,3.6,10.7,8.71,69.23,0,0
5954,21.0,1,2.0,6.7,5.4,6.0,94.6,83.2,5.3,0.7,7.1,8.7,1,0,4.9,8.3,9.52,70.36,0,0
5955,20.134890807516506,1,5.3,7.0,3.3,4.7,89.3,88.2,7.1,4.9,8.1,7.6,1,0,3.0,5.2,6.4,81.02,0,0
5956,21.0,0,5.7,7.1,3.7,3.8,86.0,49.8,8.5,2.7,3.1,4.7,0,1,1.3,3.4,6.92,52.79,2,2
5957,19.0,0,6.2,7.4,6.0,3.4,71.2,70.6,7.7,3.2,9.2,5.8,2,0,4.3,13.0,8.0,57.29,2,2
5958,19.0,0,1.4,6.8,4.6,2.3,71.4,52.0,6.3,2.9,3.9,7.3,0,1,3.4,0.8,6.87,51.19,2,2
5959,22.0,0,4.7,6.0,9.7,4.3,85.6,80.8,0.0,1.8,5.2,9.0,2,0,5.7,0.3,6.11,48.38,2,2
5960,23.0,1,7.6,7.1,8.9,4.0,87.9,62.6,2.8,3.2008618067525094,3.2,8.3,2,0,0.9,9.7,7.94,53.89,2,2
5961,19.0,0,4.0,6.8,6.047861775435752,2.9,80.2,65.4,10.0,2.9,6.0,8.4,1,1,4.6,3.0,6.489753023681269,70.08,0,0
5962,24.0,0,4.219583121504829,8.3,8.0,3.4,73.7,71.1,3.9,1.1,4.4,6.9,0,0,7.1,2.4,7.32,53.61,2,2
5963,19.0,0,5.8,8.5,6.3,0.1,78.2,80.1,8.6,6.3,4.3,8.5,2,0,2.5,3.4,6.17,77.06,0,0
5964,22.0,1,2.1,5.2,9.3,2.1,79.3,76.0,3.3,2.0,6.4,7.8,1,0,2.1,0.9,7.73,39.05,1,1
5965,20.0,0,7.9,7.8,5.3,0.9,83.6,82.1,3.9,1.0,5.2,2.6,0,0,3.9,1.8,5.56,48.8,2,2
5966,24.0,1,5.2,8.1,11.3,0.8,77.1,87.9,7.5,1.1,4.0,6.7,1,0,3.8,9.4,2.82,55.25,2,2
5967,24.0,0,5.2,5.3,3.6,3.8,95.2,72.6,9.4,1.4,4.4,4.1,1,0,4.0,0.9,5.87,62.6,2,2
5968,17.0,0,0.9,7.8,3.2,0.7,78.6,56.4,7.4,1.4,6.8,4.1,1,1,3.1,8.1,7.89,52.42,2,2
5969,24.0,1,5.8,8.2,2.5,4.4,71.6,46.2,6.8,2.3,2.7,6.3,0,0,3.0,3.0,5.93,68.01,0,0
5970,23.0,0,5.2,5.8,2.9,4.9,78.9,61.3,3.0,3.7,6.2,6.0,0,0,7.3,6.5,6.4,53.0,2,2
5971,23.0,0,7.4,6.7,1.9,2.9,65.7,79.0,1.3,1.3,3.1,5.5,0,0,1.4,2.1,5.12,40.5,1,1
5972,18.0,1,3.6,7.2,6.5,1.9,79.81730107309173,50.1,5.0,6.4,6.7,3.2,0,0,5.9,7.5,7.62,55.72,2,2
5973,23.0,0,2.2,7.7,6.047861775435752,4.9,88.5,94.3,6.3,2.8,8.5,5.6,2,0,6.5,6.2,9.02,71.6,0,0
5974,23.0,0,2.8,5.7,6.1,4.0,79.8,56.1,5.9,1.8,3.6,3.4,0,0,1.8,7.9,7.2,39.57,1,1
5975,18.0,0,3.2,8.5,2.5,5.2,98.4,73.0,10.0,7.6,3.6,6.7,1,0,4.050203624516392,0.6,4.32,76.7,0,0
5976,25.0,0,2.0,4.4,4.8,1.1,77.3,100.0,2.6,4.9,9.8,5.9,1,1,3.8,10.7,6.72,47.51,2,2
5977,16.0,1,6.8,8.7,8.1,2.5,79.6,71.7,5.3,0.4,7.2,7.4,0,0,4.3,5.5,4.82,51.71,2,2
5978,17.0,0,6.9,7.7,5.1,2.6,70.8,55.3,9.7,3.3,4.8,3.8,0,0,2.3,4.6,7.83,58.6,2,2
5979,20.0,1,3.8,6.2,4.0,3.4,67.8,29.8,7.4,5.1,5.3,8.6,0,0,2.7,1.4,6.44,55.18,2,2
5980,21.0,1,3.4,8.1,2.2,4.1,82.7,82.3,3.6,0.7,2.9,6.4,0,0,2.4,4.7,5.44,60.89,2,2
5981,21.0,0,0.6,5.6,4.9,3.2,93.8,80.6,1.1,0.2,1.0,10.0,1,0,4.8,17.0,7.26,50.07,2,2
5982,16.0,0,5.6,7.1,4.2,5.4,68.6,85.4,5.1,2.9,5.4,4.1,1,0,5.5,12.9,8.98,64.59,0,0
5983,25.0,0,7.5,7.3,5.8,2.3,76.9,77.0,3.8,1.0,4.4,9.6,1,0,3.9,5.5447261663286005,4.68,46.96,2,2
5984,16.0,0,2.9,7.3,7.2,1.1,77.4,65.3,5.0,3.3,6.9,4.3,2,1,2.3,14.6,6.07,37.83,1,1
5985,17.0,0,4.0,5.9,5.3,1.8,90.0,60.8,10.0,1.4,5.5,8.3,1,0,4.8,4.7,6.93,71.43,0,0
5986,16.0,1,5.1,6.4,6.5,1.6,74.4,75.8,3.8,2.7,4.7,7.1,0,0,8.2,5.8,6.93,60.42,2,2
5987,21.0,2,7.6,7.2,7.2,2.2,89.8,92.8,4.6,0.0,4.6,2.7,0,1,2.6,15.7,7.75,50.94,2,2
5988,24.0,1,4.6,6.1,2.9,2.5,89.3,21.7,8.0,2.9,1.8,5.4,0,0,3.4,3.1,8.21,55.81,2,2
5989,21.0,0,4.6,7.4,10.7,2.6,71.4,91.9,6.6,1.0,3.0,8.1,0,0,2.7,6.0,6.98,59.28,2,2
5990,23.0,0,4.6,6.2,4.1,3.4,76.2,69.8,9.3,3.5,3.1,5.5,0,0,6.7,2.7,2.16,49.55,2,2
5991,16.0,0,1.3,8.3,7.3,2.2,81.0,72.0,7.8,5.2,7.1,8.2,1,1,3.9,8.4,6.71,65.72,0,0
5992,20.0,1,1.3,9.0,3.2,4.9,74.3,87.5,4.5,3.3,6.8,7.2,0,0,0.0,7.4,8.44,59.0,2,2
5993,20.0,2,2.6,6.6,6.3,0.0,68.4,71.9,7.1,1.8,6.0,8.4,1,0,2.4,7.3,5.86,70.08,0,0
5994,20.0,0,6.2,8.2,6.4,0.0,99.3,79.1,6.3,4.3,9.3,7.1,1,0,2.7,4.2,8.45,77.49,0,0
5995,17.0,0,3.5,6.7,10.1,4.8,56.8,45.6,2.1,5.8,6.0,3.9,0,0,4.8,2.4,4.89,25.34,1,1
5996,22.0,1,3.1,5.8,5.4,4.7,83.0,70.0,10.0,2.3,5.6,6.2,1,0,4.1,11.1,7.51,54.4,2,2
5997,20.0,0,3.1,6.4,9.2,5.2,97.7,84.1,3.7,5.7,4.4,6.4,1,0,1.9,5.1,6.95,58.55,2,2
5998,22.0,0,3.9,7.1,6.7,4.1,69.5,68.0,5.8,1.8,4.9,6.0,1,1,3.7,1.7,7.24,59.91,2,2
5999,20.0,0,7.6,4.7,10.6,3.0,80.3,69.0,5.0,1.9,3.6,4.4,0,1,3.6,1.1,6.83,40.65,1,1
6000,17.0,0,3.9,7.8,1.5,2.5,79.81730107309173,78.0,6.3,7.7,8.1,5.5,1,0,5.6,5.1,5.65,74.8,0,0
6001,21.0,1,2.6,7.1,7.2,0.1,40.4,82.8,6.4,5.1,6.6,7.3,0,0,4.4,4.3,5.87,58.0,2,2
6002,18.0,1,4.3,8.3,1.0,3.3,79.3,74.2518720906699,7.3,1.3,5.1,6.1,0,0,1.8,10.9,4.92,72.1,0,0
6003,23.0,1,7.7,7.8,5.9,0.4,59.6,82.9,5.0,1.3,5.542839731870811,1.0,0,0,0.8,6.2,5.48,43.89,1,1
6004,21.0,1,3.2,7.2,8.6,7.4,92.5,99.3,8.4,3.2,8.3,8.9,0,0,3.6,5.0,4.18,55.03,2,2
6005,17.0,2,1.8,6.5,9.6,1.1,69.7,73.3,4.5,2.2,7.0,5.0,0,1,0.3,13.4,5.95,23.5,1,1
6006,25.0,1,3.2,9.0,7.8,2.9,100.0,32.4,4.8,6.3,3.8,2.4,1,0,5.3,4.7,3.1,47.31,2,2
6007,20.0,1,4.5,9.8,5.3,5.7,67.6,67.3,2.2,10.2,2.3,6.0,2,0,5.2,8.3,5.63,51.01,2,2
6008,17.0,1,5.6,6.6,7.4,2.3,85.8,60.4,6.5,5.9,5.0,4.6,0,0,7.9,2.0,9.3,71.89,0,0
6009,21.0,0,6.2,8.4,12.3,2.4,68.6,73.9,9.3,1.7,6.1,4.0,0,0,5.2,3.0,4.05,47.74,2,2
6010,18.0,1,2.1,6.1,6.2,0.0,76.9,74.2518720906699,5.5,4.0,1.7,6.4,2,0,4.3,8.9,5.26,49.21,2,2
6011,23.0,1,2.3,6.2,8.4,0.6,79.9,79.7,9.9,2.9,1.7,9.1,2,1,2.1,4.0,8.61,67.54,0,0
6012,23.0,1,3.6,6.5,4.9,4.0,80.3,62.9,3.6,5.2,4.6,7.0,0,0,2.6,4.8,5.2,52.33,2,2
6013,25.0,1,5.6,7.9,8.7,6.0,100.0,78.9,3.0,2.5,7.2,3.0,0,0,3.9,4.6,6.94,62.44,2,2
6014,20.0,2,1.7,5.6,8.3,1.4,98.6,81.7,9.1,1.4,6.0,5.4,1,0,2.1,11.0,8.7,61.89,2,2
6015,20.0,1,3.0,9.0,4.5,3.4,70.3,75.6,5.6,2.2,5.7,5.1,0,0,0.0,6.8,6.52,56.04,2,2
6016,22.0,0,3.0,8.2,7.9,7.9,80.6,48.7,3.9,2.1,4.8,7.2,2,0,5.9,4.4,6.51,48.8,2,2
6017,17.0,2,6.1,7.9,8.1,4.0,64.9,91.1,6.6,4.1,7.5,1.8,1,0,3.0,2.3,4.13,46.9,2,2
6018,20.0,0,5.3,6.6,7.8,4.8,61.9,86.2,6.7,6.0,7.1,7.3,0,1,3.8,2.2,6.32,62.46,2,2
6019,20.0,2,6.0,8.1,5.9,1.6,71.3,71.6,5.991217524197657,0.4,9.6,4.0,1,1,4.1,3.9,6.79,39.17,1,1
6020,17.0,2,6.9,3.2,9.1,5.8,100.0,42.4,5.991217524197657,2.2,5.2,4.7,0,1,7.3,15.7,2.92,0.0,1,1
6021,19.0,0,3.6,7.6,3.7,1.8,58.1,80.4,3.0,2.2,8.1,8.0,0,0,0.0,3.5,9.09,55.48,2,2
6022,23.0,0,1.8,7.2,6.0,1.4,87.5,65.5,5.4,1.6,4.7,6.7,0,0,2.6,1.9,6.32,54.3,2,2
6023,23.0,1,1.8,4.5,6.3,5.7,86.0,65.1,6.0,0.6,4.8,7.2,0,0,5.7,2.1,5.77,34.03,1,1
6024,17.0,1,0.5,7.5,8.9,1.9,70.3,73.6,8.5,5.0,6.2,8.1,0,1,5.7,2.2,4.23,48.67,2,2
6025,17.0,0,3.3,7.8,3.6,3.0,88.4,100.0,2.7,6.7,5.0,5.4,0,0,1.5,1.7,4.96,60.19,2,2
6026,18.0,0,3.4,4.6,6.6,5.9,88.3,77.6,5.2,0.8,4.5,3.8,2,0,5.4,2.4,6.97,44.55,1,1
6027,23.0,0,5.8,5.5,4.8,1.4,79.5,73.0,6.6,4.1,6.7,6.6,1,0,0.0,3.5,7.7,66.67,0,0
6028,17.0,0,4.2,9.7,6.3,2.6,78.0,65.6,9.4,3.6,4.3,7.8,0,0,6.0,2.2,8.14,60.12,2,2
6029,22.0,1,3.2,6.8,7.0,1.9,76.8,75.6,4.5,1.8,10.0,6.1,0,1,2.6,2.3,6.55,42.47,1,1
6030,20.134890807516506,0,4.0,8.3,2.8,2.4,69.0,75.0,4.2,8.1,6.4,8.9,1,0,7.7,8.1,7.51,77.63,0,0
6031,21.0,1,2.1,8.5,9.2,3.1,82.2,85.9,7.5,6.5,6.7,5.3,1,1,6.5,11.2,7.88,66.21,0,0
6032,19.0,1,6.3,7.5,7.1,5.4,73.4,65.4,1.0,1.4,6.3,5.5,0,1,6.2,9.1,10.0,46.57,1,1
6033,22.0,0,2.6,8.3,3.9,6.0,82.1,60.4,4.8,3.8,9.6,3.5,1,1,5.9,3.7,4.38,37.4,1,1
6034,18.0,1,1.9,4.3,5.1,3.3,72.1,67.0,7.3,6.7,8.7,3.9,0,1,1.2,5.7,8.44,34.35,1,1
6035,21.0,0,5.8,6.7,9.7,1.7,71.5,73.4,6.8,4.9,7.8,6.5,2,1,3.6,3.2,4.49,56.76,2,2
6036,18.0,0,5.3,3.0,7.0,4.2,72.9,74.6,6.4,6.3,8.8,3.2,2,0,5.3,9.2,6.06,9.25,1,1
6037,22.0,1,0.8,4.7,3.6,3.0,96.5,74.8,5.991217524197657,2.6,5.5,5.9,0,1,2.4,1.1,4.91,30.97,1,1
6038,23.0,0,5.9,6.3,4.0,3.1,62.1,57.2,3.2,2.9,7.9,5.9,0,0,3.6,2.8,8.33,40.88,1,1
6039,17.0,0,2.7,6.1,7.6,1.1,100.0,73.5,9.0,2.0,6.2,7.3,1,0,0.0,18.2,4.83,57.71,2,2
6040,23.0,1,3.5,7.1,7.9,0.1,90.0,87.3,5.8,4.6,8.2,8.1,0,0,3.8,1.0,9.06,68.45,0,0
6041,21.0,1,4.6,7.0,6.9,3.0,59.7,97.9,5.5,1.9,5.8,7.1,1,1,2.0,9.8,7.2,65.02,0,0
6042,17.0,0,5.4,7.2,5.3,1.1,72.5,92.7,4.3,2.6,6.0,10.0,1,0,3.3,4.8,4.86,57.89,2,2
6043,19.0,1,5.1,7.2,8.0,2.0,58.9,73.9,6.0,4.5,3.2,6.3,1,0,7.0,19.8,9.61,60.01,2,2
6044,18.0,0,4.1,7.4,5.2,5.7,88.4,72.2,4.9,4.7,2.5,9.8,0,1,7.8,13.5,7.75,69.19,0,0
6045,22.0,1,3.4,5.8,3.9,2.9,96.6,97.4,7.9,5.4,7.7,1.0,0,0,0.0,2.8,6.76,55.8,2,2
6046,22.0,0,5.0,6.1,10.0,5.0,83.0,73.0,3.7,4.8,6.0,6.8,2,0,1.2,5.0,8.25,60.89,2,2
6047,17.0,0,4.0,7.0,6.047861775435752,3.5,95.8,90.6,7.8,1.1,6.5,5.2,1,0,6.0,5.7,7.63,68.57,0,0
6048,20.0,1,7.8,7.0,4.0,4.1,82.4,74.5,9.6,1.9,6.2,6.8,0,0,2.5,13.4,7.98,74.23,0,0
6049,23.0,0,5.4,5.6,6.3,2.0,92.6,31.8,7.4,3.7,3.8,6.7,1,0,3.9,2.1,4.83,55.02,2,2
6050,24.0,0,2.4,8.4,6.1,5.1,83.8,87.0,3.3,4.8,3.0,7.8,1,1,3.2,3.7,7.4,62.18,2,2
6051,20.0,0,3.2,7.9,5.1,3.6,80.2,92.4,7.8,0.2,7.9,7.6,1,0,5.4,0.7,6.71,63.52,0,0
6052,25.0,0,4.3,5.9,6.6,2.5,90.1,69.1,4.9,1.0,6.6,6.4,1,0,0.2,8.3,8.68,58.19,2,2
6053,20.0,0,6.8,6.7,3.7,3.6,78.0,54.2,4.8,6.8,8.3,3.4,0,0,7.3,4.5,5.67,43.9,1,1
6054,19.0,0,7.0,9.6,8.2,1.7,98.9,100.0,6.3,5.4,3.2,7.3,1,0,2.4,6.7,8.34,79.33,0,0
6055,23.0,0,3.4,7.2,6.047861775435752,2.5,75.9,72.4,5.5,3.4,5.7,3.3,0,0,2.2,4.6,5.55,44.77,1,1
6056,20.0,0,2.3,7.5,2.0,2.9,87.4,68.8,5.0,3.2,7.2,4.1,0,0,1.5,4.9,6.489753023681269,48.12,2,2
6057,20.0,1,2.1,6.2,5.4,2.1,70.8,83.1,7.5,0.0,9.5,7.1,2,1,7.0,6.4,5.7,40.46,1,1
6058,20.134890807516506,2,4.7,6.6,4.5,5.8,59.5,100.0,6.3,4.6,6.5,6.4,2,1,0.2,2.8,5.34,48.85,2,2
6059,23.0,1,8.8,9.0,1.0,2.3,84.7,83.7,1.8,1.7,6.4,3.8,1,1,6.1,4.6,4.51,44.45,1,1
6060,23.0,1,5.3,7.1,5.6,6.7,56.5,78.2,8.3,0.7,4.0,3.1,2,0,4.5,0.9,7.78,40.71,1,1
6061,19.0,1,1.0,6.9,8.6,3.1,100.0,76.3,8.6,5.7,5.1,6.3,1,1,3.8,7.1,6.94,60.39,2,2
6062,19.0,1,2.7,7.0,5.7,2.6,75.4,100.0,7.3,2.7,2.6,5.5,1,0,3.1,12.2,5.74,74.18,0,0
6063,20.0,1,3.0,10.0,7.8,2.1,79.0,84.5,7.5,5.3,4.1,4.8,2,0,3.6,3.3,7.3,65.75,0,0
6064,21.0,1,2.6,7.1,6.0,3.8,76.0,90.5,5.5,2.7,7.8,7.4,1,0,3.8,6.5,2.53,49.78,2,2
6065,18.0,1,3.4,5.9,4.9,4.6,81.8,80.5,3.4,4.0,3.8,5.9,0,1,6.5,3.1,6.97,55.14,2,2
6066,23.0,0,4.9,6.1,4.2,0.0,84.4,84.6,6.4,1.4,5.6,8.2,1,0,4.9,2.8,6.04,61.02,2,2
6067,20.0,1,5.6,8.0,2.8,3.0,69.1,70.0,9.4,2.0,4.4,7.3,2,1,4.9,5.7,8.37,72.04,0,0
6068,20.134890807516506,1,6.4,5.1,8.3,0.0,46.8,78.0,6.6,1.3,6.2,2.6,0,0,5.0,4.0,7.45,34.07,1,1
6069,17.0,1,5.2,7.6,7.8,4.8,65.7,62.6,9.7,0.2,4.2,2.0,1,0,3.2,12.9,6.489753023681269,57.32,2,2
6070,18.0,1,0.3,6.1,5.3,4.8,73.7,65.9,9.8,1.6,6.3,7.8,1,1,3.9,11.6,4.83,33.39,1,1
6071,24.0,1,2.1,4.6,1.0,3.1,83.6,83.8,5.9,0.6,6.4,8.5,1,0,5.8,14.7,9.1,47.79,2,2
6072,19.0,0,4.219583121504829,5.7,7.2,3.4,82.4,62.3,5.0,1.7,4.1,7.3,2,0,4.5,4.3,8.08,44.11,1,1
6073,18.0,2,4.5,7.0,3.7,0.4,89.8,77.3,5.1,3.2,2.9,4.1,1,1,7.8,4.7,8.62,75.13,0,0
6074,20.0,0,5.9,8.8,6.4,2.0,58.6,68.4,5.7,0.7,3.3,9.2,2,0,5.6,6.1,5.0,53.74,2,2
6075,19.0,0,4.3,8.2,2.1,1.9,68.4,54.8,3.9,3.0,7.0,7.2,0,0,0.4,11.4,5.42,41.38,1,1
6076,16.0,1,4.3,6.6,6.2,2.2,74.3,79.1,7.2,1.9,1.9,8.3,0,0,7.9,11.0,7.6,76.97,0,0
6077,19.0,1,4.7,8.3,5.7,4.6,99.8,89.0,8.1,3.2,3.7,7.5,0,1,6.9,17.4,5.9,68.44,0,0
6078,20.0,1,3.7,6.5,1.0,5.3,100.0,51.3,1.9,5.8,5.5,5.1,0,0,0.8,4.1,8.71,63.64,0,0
6079,20.0,0,4.4,5.1,10.0,4.1,62.5,86.0,9.9,3.0,8.2,6.1,0,0,7.5,7.2,6.68,46.69,2,1
6080,19.0,1,6.5,7.0,5.2,2.4,94.2,54.9,4.8,4.8,7.1,5.6,0,0,4.9,3.3,9.34,66.42,0,0
6081,20.0,0,4.0,5.0,5.4,1.7,81.1,99.4,5.4,1.2,4.5,10.0,1,0,0.3,8.7,5.69,51.83,2,2
6082,25.0,1,4.1,8.0,7.3,3.2,79.81730107309173,85.2,6.7,1.3,4.2,6.8,0,0,5.5,3.6,5.9,64.19,0,0
6083,19.0,1,4.1,8.0,5.9,3.5,62.8,51.3,4.2,5.8,5.2,7.2,1,0,3.5,5.5,2.76,57.62,2,2
6084,18.0,2,6.8,5.9,6.9,2.6,97.6,90.4,4.7,7.2,8.7,6.1,0,0,2.5,1.3,4.39,53.8,2,2
6085,18.0,0,2.0,7.2,3.1,1.8,51.1,64.0,4.2,4.1,2.9,3.2,0,0,1.5,0.8,8.3,50.12,2,2
6086,20.0,0,7.8,7.2,5.6,4.1,62.9,57.6,6.0,10.4,5.542839731870811,4.0,1,0,4.4,4.7,7.9,56.97,2,2
6087,22.0,0,1.8,8.1,1.2,4.3,76.5,88.0,4.7,2.5,5.3,5.9,1,0,6.3,7.1,5.64,52.59,2,2
6088,18.0,0,2.9,5.4,5.4,0.6,72.3,96.7,6.8,0.6,5.542839731870811,2.1,2,0,6.3,8.6,6.4,50.55,2,2
6089,22.0,0,5.7,7.8,6.047861775435752,2.3,80.3,83.6,3.1,5.7,3.5,4.7,0,0,4.0,4.6,5.9,58.34,2,2
6090,16.0,2,6.3,5.3,2.2,4.4,71.1,68.3,7.0,2.6,7.2,6.5,0,0,4.0,5.9,6.38,52.85,2,2
6091,19.0,1,1.4,8.0,5.1,4.8,75.4,78.1,3.5,5.0,7.3,5.5,1,0,5.4,7.5,4.46,52.58,2,2
6092,22.0,1,2.0,8.4,1.0,3.1,77.6,64.5,8.2,4.6,5.4,6.8,1,0,6.7,2.0,7.7,68.95,0,0
6093,19.0,0,4.8,6.1,6.0,3.7,77.1,71.9,7.8,4.4,4.5,7.6,0,0,2.8,1.1,7.54,60.15,2,2
6094,20.134890807516506,1,8.9,8.6,7.2,3.5,81.9,82.3,1.3,2.4,5.9,3.4,2,0,1.1,4.7,6.17,32.47,1,1
6095,18.0,0,6.7,5.0,7.0,4.7,91.6,49.3,7.9,2.6,1.0,6.2,2,0,2.7,7.7,6.21,34.02,1,1
6096,22.0,2,3.7,8.4,4.5,1.0,70.2,83.0,0.3,7.0,1.4,5.1,0,0,0.0,7.1,5.33,58.84,2,2
6097,16.0,0,0.0,8.9,1.0,3.5,97.5,49.6,3.4,13.3,6.4,5.957923664122137,1,0,1.7,11.2,7.93,58.25,2,2
6098,23.0,1,4.4,7.4,2.9,1.4,80.6,52.1,8.3,6.9,2.2,4.6,1,0,6.2,3.7,5.83,72.98,0,0
6099,18.0,1,4.9,6.7,9.1,5.0,96.4,86.8,4.8,5.0,3.8,7.1,0,1,3.2,7.6,5.8,63.73,0,0
6100,23.0,0,3.4,7.4,8.2,1.1,75.5,59.8,9.4,3.7,6.0,2.8,1,0,5.9,3.6,7.4,58.15,2,2
6101,19.0,0,2.5,6.2,5.8,3.7,68.7,57.2,7.6,2.7,7.4,4.2,0,1,6.9,2.4,8.35,42.88,1,1
6102,22.0,1,4.5,10.0,6.4,1.4,81.0,69.7,5.1,1.8,6.3,5.1,0,1,5.2,4.2,4.85,43.89,1,1
6103,19.0,0,2.3,6.2,3.4,4.4,100.0,64.4,4.7,2.5,5.3,7.2,0,0,8.3,3.6,7.28,58.07,2,2
6104,24.0,1,7.9,8.7,9.2,3.8,62.3,79.2,9.3,0.5,5.5,4.8,1,0,7.6,5.0,5.93,53.96,2,2
6105,17.0,0,7.2,6.0,4.2,3.4,88.8,78.1,4.9,2.8,4.6,4.3,1,0,7.1,3.8,9.61,69.46,0,0
6106,18.0,1,5.5,9.1,7.1,6.5,82.3,57.3,5.991217524197657,3.8,5.5,5.1,0,1,5.8,11.5,8.81,49.6,2,2
6107,20.0,1,4.4,9.6,2.7,1.7,85.3,44.2,4.0,1.4,5.2,9.1,0,0,7.4,3.0,6.25,58.04,2,2
6108,17.0,0,2.9,7.5,5.6,4.7,64.3,71.3,6.3,6.0,7.4,10.0,2,1,4.0,9.8,7.38,60.24,2,2
6109,18.0,1,4.2,7.4,9.1,5.1,85.9,94.8,4.3,4.8,5.5,6.4,0,0,8.0,16.4,7.26,61.45,2,2
6110,24.0,1,7.5,5.8,3.6,4.7,83.8,73.8,10.0,2.9,4.7,1.0,1,0,5.4,8.5,6.25,57.94,2,2
6111,25.0,1,5.9,5.6,7.9,1.8,60.7,68.7,4.6,4.8,7.4,7.9,2,1,2.8,0.8,5.77,42.05,1,1
6112,19.0,1,4.6,7.4,3.3,3.03210685483871,81.7,100.0,4.6,3.6,5.9,3.6,1,0,3.6,9.4,4.72,71.92,0,0
6113,24.0,1,6.0,8.9,3.7,1.9,76.8,88.5,3.8,2.7,6.3,6.9,0,0,1.8,3.4,7.32,65.46,0,0
6114,20.0,2,5.3,6.3,6.0,2.5,75.4,43.9,7.9,0.8,2.3,2.9,0,0,3.8,4.3,9.2,55.87,2,2
6115,18.0,0,5.0,9.9,6.047861775435752,1.5,79.4,70.0,5.4,2.9,3.4,3.5,0,0,2.4,17.5,8.64,50.52,2,2
6116,22.0,0,6.2,6.2,5.3,2.3,94.1,79.0,5.991217524197657,0.5,5.7,5.9,0,0,4.1,0.7,6.56,64.84,0,0
6117,21.0,0,5.2,7.3,7.5,5.6,86.0,55.8,8.5,6.0,7.5,6.9,1,1,7.1,5.3,4.59,76.61,0,0
6118,25.0,1,5.9,7.3,8.9,2.4,66.4,69.7,6.8,2.4,7.0,1.0,1,0,2.1,2.2,7.75,52.17,2,2
6119,18.0,1,4.5,6.9,4.1,3.2,86.5,75.4,6.7,0.9,3.9,3.9,0,1,5.0,5.1,6.3,61.39,2,2
6120,21.0,1,3.7,4.3,2.2,1.7,79.4,71.0,3.4,2.8,6.3,7.9,1,0,1.9,15.8,6.11,30.48,1,1
6121,16.0,0,3.1,6.2,5.1,3.0,72.0,53.2,2.7,2.7,8.0,4.2,1,0,4.3,6.7,6.54,36.82,1,1
6122,17.0,0,2.9,7.3,9.2,4.5,63.9,100.0,2.7,3.7,4.6,3.6,0,0,0.4,5.3,5.89,39.82,1,1
6123,16.0,1,1.0,6.9,4.0,3.9,90.5,79.8,6.2,3.0,4.3,5.1,1,1,0.0,10.4,8.63,65.53,0,0
6124,25.0,1,2.4,7.8,8.5,5.6,72.6,59.5,10.0,4.3,7.0,9.5,0,0,6.2,14.5,7.4,61.48,2,2
6125,23.0,0,2.3,8.0,5.3,0.8,91.8,90.8,4.8,4.0,8.4,7.9,1,0,1.6,2.0,6.55,64.12,0,0
6126,22.0,0,3.2,6.7,10.4,1.6,66.0,74.2518720906699,8.3,1.0,5.8,6.8,0,0,6.0,6.9,4.84,39.48,1,1
6127,20.134890807516506,0,7.3,5.7,11.6,2.3,100.0,92.9,7.2,1.5,2.7,5.7,0,0,7.7,6.4,4.49,55.66,2,2
6128,19.0,1,3.9,9.0,8.6,5.7,100.0,73.1,6.1,1.0,6.6,7.5,0,0,1.0,3.5,8.5,59.41,2,2
6129,17.0,0,4.7,5.2,1.9,3.5,87.0,48.4,5.5,3.5,6.6,7.6,2,0,5.5,16.4,6.58,61.03,2,2
6130,18.0,1,4.7,6.2,1.0,0.4,96.9,55.8,5.1,3.6,6.5,4.6,0,1,1.5,3.1,6.37,60.37,2,2
6131,19.0,0,7.4,5.9,6.2,5.0,74.1,95.5,5.0,0.9,4.2,4.2,0,0,7.2,5.7,4.88,49.26,2,2
6132,22.0,0,3.0,8.0,8.3,3.2,72.8,93.6,7.3,2.8,10.0,5.5,1,0,6.0,4.9,9.34,61.98,2,2
6133,20.0,0,3.8,8.7,7.3,4.6,95.5,51.1,7.9,3.6,9.1,8.1,0,0,4.6,3.6,6.489753023681269,65.45,0,0
6134,17.0,1,4.0,6.8,4.2,5.9,82.0,100.0,5.1,3.8,5.2,7.9,0,1,8.5,4.9,6.44,67.84,0,0
6135,16.0,1,6.5,7.3,2.3,1.2,62.2,93.5,5.0,1.1,3.2,5.2,1,0,6.3,7.5,6.59,68.54,0,0
6136,17.0,1,6.9,7.6,8.3,5.8,81.0,63.6,4.7,1.9,4.2,4.4,0,0,4.1,1.9,7.98,47.47,2,2
6137,19.0,1,5.1,9.3,10.6,2.9,64.1,73.6,8.2,1.9,7.0,7.8,0,0,5.9,5.7,7.21,58.03,2,2
6138,24.0,0,6.7,4.7,4.3,2.3,77.6,35.4,7.9,1.5,6.6,5.3,2,0,4.050203624516392,8.8,4.44,36.98,1,1
6139,21.0,2,4.6,8.0,8.1,3.3,93.6,62.4,9.2,2.1,6.8,8.3,1,0,3.2,6.8,6.72,65.57,0,0
6140,23.0,1,3.9,7.5,12.5,0.9,99.0,71.2,4.2,2.8,6.3,6.1,1,1,5.7,8.7,7.54,65.03,0,0
6141,20.0,1,6.6,6.5,5.5,3.0,83.6,80.6,4.6,0.1,7.4,7.2,2,0,7.2,7.6,5.68,50.58,2,2
6142,19.0,1,5.2,7.4,5.6,2.6,97.4,72.9,9.6,0.5,4.0,4.6,1,0,2.9,2.9,8.84,67.01,0,0
6143,17.0,0,2.7,8.0,7.4,1.3,74.0,77.5,8.9,7.5,3.8,9.3,0,1,7.3,14.9,6.48,77.33,0,0
6144,23.0,2,6.2,7.8,5.3,1.8,100.0,57.6,3.8,3.2008618067525094,5.542839731870811,3.6,1,0,4.5,3.3,5.17,53.81,2,2
6145,22.0,1,3.8,9.8,9.3,5.0,70.6,80.8,4.0,2.6,3.2,7.5,2,0,0.0,7.6,7.52,50.39,2,2
6146,18.0,1,3.5,7.2,5.0,2.7,69.5,100.0,6.6,3.1,2.1,4.0,0,0,1.7,4.1,5.68,68.23,0,0
6147,20.0,0,6.0,7.0,5.9,1.2,74.0,82.9,8.7,3.6,5.9,9.0,2,0,5.2,3.3,7.62,73.49,0,0
6148,20.134890807516506,0,4.0,6.8,2.4,3.8,70.3,75.6,4.0,4.8,4.0,3.2,0,0,5.4,4.1,6.61,49.28,2,2
6149,21.0,1,5.0,7.7,5.4,4.4,86.7,61.7,6.2,7.6,5.7,10.0,0,0,5.7,1.1,7.49,77.86,0,0
6150,24.0,0,5.5,7.0,3.5,3.0,96.3,68.6,8.4,6.2,6.0,9.9,1,0,3.4,8.4,6.22,85.36,0,0
6151,21.0,2,2.6,7.0,6.9,0.8,80.2,51.4,5.6,2.1,3.8,8.0,0,1,9.8,0.6,6.04,60.1,2,2
6152,20.0,0,5.0,6.976601980998585,1.8,0.0,84.0,49.0,5.8,9.7,5.6,7.7,1,0,6.9,2.0,5.66,68.6,0,0
6153,16.0,0,6.9,6.8,8.4,1.4,62.0,73.7,9.1,3.2008618067525094,4.3,7.6,1,1,6.0,1.3,7.42,58.09,2,2
6154,16.0,1,2.3,6.2,3.8,4.9,81.3,85.0,5.1,1.3,2.2,4.7,2,0,3.9,10.5,6.67,56.98,2,2
6155,18.0,0,5.1,7.5,10.5,4.7,100.0,59.6,8.8,2.9,6.5,5.0,1,0,0.0,1.0,9.14,63.57,0,0
6156,16.0,1,2.5,6.6,9.4,1.6,98.4,96.5,5.7,1.7,8.2,7.0,2,0,8.6,6.0,4.65,52.46,2,2
6157,22.0,1,6.2,7.8,7.3,2.6,65.8,64.9,3.6,3.2008618067525094,6.0,9.0,2,0,2.8,1.3,7.45,52.32,2,2
6158,22.0,1,6.2,7.1,2.2,4.3,74.3,73.4,7.2,1.1,8.6,5.957923664122137,1,0,4.7,0.4,10.0,66.9,0,0
6159,17.0,1,3.5,6.5,4.4,2.8,100.0,92.0,4.6,1.7,6.9,2.3,0,1,6.9,17.2,5.95,46.64,1,1
6160,23.0,1,8.6,9.0,3.8,4.7,85.4,69.4,3.4,2.7,4.1,7.7,0,0,4.7,6.6,9.13,65.48,0,0
6161,17.0,0,6.4,6.9,4.1,2.8,99.7,86.3,10.0,4.1,5.6,4.9,0,0,6.3,6.4,6.81,71.27,0,0
6162,19.0,0,5.6,7.8,9.9,3.9,100.0,85.3,6.9,1.0,9.7,7.6,2,0,1.0,1.8,4.54,51.35,2,2
6163,18.0,0,5.5,6.1,5.6,2.4,79.81730107309173,62.9,5.3,2.2,4.0,4.7,1,1,2.6,1.8,5.34,44.2,1,1
6164,19.0,1,6.2,4.4,4.4,1.6,89.4,63.4,5.3,3.5,5.7,8.1,1,0,5.5,1.9,8.52,52.87,2,2
6165,18.0,1,2.2,6.3,4.1,5.1,82.4,97.0,9.4,2.8,7.7,7.6,0,1,4.1,11.5,8.55,56.78,2,2
6166,20.0,0,4.6,4.2,4.7,0.3,100.0,98.8,9.5,0.8,7.4,5.8,0,0,4.4,12.6,7.43,53.24,2,2
6167,19.0,1,5.0,6.7,7.3,1.9,100.0,86.3,4.8,5.5,4.1,3.6,0,0,1.1,2.4,10.0,66.35,0,0
6168,25.0,2,3.4,8.9,1.9,2.8,69.2,59.4,6.6,2.8,9.8,8.8,1,0,6.9,5.0,9.08,67.8,0,0
6169,16.0,1,5.1,5.8,6.2,4.5,100.0,90.6,5.2,1.4,5.6,6.5,2,1,4.9,5.0,7.45,66.54,0,0
6170,17.0,0,6.7,4.3,7.1,1.4,82.2,70.0,5.991217524197657,1.6,5.2,5.7,2,0,5.5,7.5,6.41,31.97,1,1
6171,16.0,1,3.4,9.0,1.7,3.2,88.2,52.2,5.2,5.3,4.1,6.4,0,1,3.1,3.1,6.12,60.45,2,2
6172,21.0,0,4.1,6.4,2.5,0.5,45.5,63.5,1.7,14.9,8.4,3.3,1,0,6.4,8.0,6.68,42.23,1,1
6173,16.0,0,2.6,7.0,5.9,3.8,93.1,71.0,3.7,6.6,2.9,7.5,0,0,1.4,1.2,6.55,59.85,2,2
6174,23.0,2,0.6,8.0,9.6,6.3,52.0,94.6,8.3,1.6,4.8,5.4,1,0,4.9,5.7,4.46,42.92,1,1
6175,20.0,2,5.8,7.7,9.0,0.0,78.1,60.6,4.4,3.8,8.2,6.1,2,0,2.3,3.7,7.69,38.08,1,1
6176,20.0,1,4.1,8.0,4.5,1.7,72.8,57.6,7.7,2.9,6.9,6.5,0,1,0.8,3.6,7.39,52.98,2,2
6177,21.0,0,4.3,8.2,9.5,4.5,86.1,66.3,6.8,2.9,9.2,2.2,0,0,1.7,1.0,6.52,49.49,2,2
6178,18.0,1,2.2,4.7,5.2,8.3,82.3,72.8,4.4,4.4,8.1,1.6,0,0,4.7,5.3,8.35,27.31,1,1
6179,18.0,0,3.8,5.2,5.2,3.03210685483871,87.6,87.1,5.7,0.7,3.4,2.3,0,1,6.3,1.9,4.49,34.24,1,1
6180,19.0,1,6.4,8.5,6.2,1.7,96.2,85.3,4.6,6.5,6.6,4.3,0,0,0.7,7.3,8.3,56.45,2,2
6181,21.0,0,4.2,6.0,8.1,2.7,66.9,34.5,5.2,0.9,2.9,5.5,0,0,10.0,2.5,5.31,38.26,1,1
6182,18.0,0,4.3,6.1,4.5,0.8,77.3,68.6,2.1,1.5,6.9,2.3,1,1,3.8,5.5447261663286005,8.95,48.52,2,2
6183,17.0,1,4.6,5.4,5.0,4.4,69.0,77.2,5.7,7.7,3.2,3.0,2,0,3.8,6.3,5.46,55.44,2,2
6184,25.0,1,1.7,6.5,2.9,4.9,68.0,59.3,4.7,1.4,5.5,6.2,0,0,2.6,5.6,5.24,38.01,1,1
6185,16.0,1,5.4,6.5,6.9,5.5,100.0,61.0,6.2,3.0,2.8,3.4,1,0,2.1,3.3,6.92,60.7,2,2
6186,23.0,0,1.7,5.8,8.3,2.4,63.5,86.2,7.2,1.3,4.5,4.5,1,0,2.1,10.3,6.28,45.88,1,1
6187,22.0,1,2.3,5.6,8.5,1.5,69.3,87.3,7.4,3.9,4.5,8.5,0,0,7.8,1.4,5.56,54.67,2,2
6188,19.0,0,2.1,7.4,2.6,5.7,100.0,71.8,4.8,0.8,5.2,6.7,0,1,4.7,5.4,6.83,57.11,2,2
6189,17.0,0,3.8,6.0,5.0,5.5,78.4,82.2,4.6,1.7,7.5,2.4,0,1,1.7,11.4,5.62,42.23,1,1
6190,17.0,0,3.5,6.2,9.1,1.2,79.2,83.3,5.7,7.0,3.9,6.2,0,0,5.8,7.8,6.46,63.57,0,0
6191,22.0,0,4.2,4.2,6.6,2.3,85.2,55.3,8.4,1.4,3.0,6.9,0,0,6.0,1.6,4.96,43.11,1,1
6192,21.0,1,2.4,9.5,6.1,4.4,64.3,55.5,4.9,3.2,5.8,8.0,1,0,7.7,5.8,7.63,49.19,2,2
6193,22.0,0,6.2,8.2,6.0,2.5,68.0,67.9,4.5,0.1,7.2,5.957923664122137,1,0,0.0,6.7,3.63,47.99,2,2
6194,24.0,0,5.9,6.4,7.4,3.1,72.0,62.5,3.6,6.3,5.0,7.1,0,0,6.2,5.8,6.24,49.83,2,2
6195,22.0,2,3.9,5.8,6.7,0.4,93.5,64.3,7.1,6.5,6.8,6.1,1,0,7.9,5.9,6.15,56.62,2,2
6196,17.0,0,3.2,7.0,4.6,1.0,88.7,73.3,5.4,5.3,5.3,7.0,2,0,2.6,2.1,8.5,53.61,2,2
6197,18.0,0,3.0,7.0,8.2,2.8,71.8,73.3,3.8,0.5,5.1,8.0,1,0,10.0,5.5447261663286005,8.48,53.4,2,2
6198,23.0,1,3.6,5.3,3.0,1.7,78.3,28.9,4.2,5.4,7.1,5.7,2,0,5.2,8.7,8.28,37.58,1,1
6199,18.0,0,1.4,3.7,9.3,0.9,90.1,76.7,7.5,1.5,8.1,4.4,1,0,1.7,6.2,9.1,14.19,1,1
6200,17.0,0,2.3,6.3,3.8,2.4,49.0,70.5,6.3,1.6,6.8,5.7,0,0,3.8,5.2,6.51,48.77,2,2
6201,22.0,0,5.9,5.0,7.4,1.4,83.9,79.1,4.5,12.2,5.542839731870811,5.1,0,0,4.7,0.8,7.62,47.9,2,2
6202,19.0,0,4.8,7.2,5.6,3.1,89.9,63.5,7.3,7.0,2.6,5.7,1,0,4.050203624516392,3.5,7.02,73.94,0,0
6203,24.0,1,7.5,7.2,4.8,4.8,68.1,63.6,8.3,4.1,5.5,1.7,0,1,0.0,2.8,6.489753023681269,48.03,2,2
6204,21.0,2,3.6,5.7,9.4,2.5,88.5,68.0,7.4,2.4,3.4,8.3,2,0,5.8,5.4,8.17,66.57,0,0
6205,17.0,2,3.5,6.3,7.9,2.2,80.2,94.2,6.5,2.1,6.2,6.5,1,0,5.7,8.6,5.66,58.05,2,2
6206,24.0,1,3.4,9.3,5.9,4.9,100.0,67.5,9.7,8.2,4.5,8.5,1,1,2.1,10.2,8.0,83.72,0,0
6207,18.0,0,3.6,8.0,10.4,4.3,73.2,95.0,8.9,3.5,8.9,3.8,1,0,6.8,4.2,7.56,45.54,1,1
6208,19.0,1,2.9,6.4,8.4,4.4,87.7,92.6,6.1,11.2,8.2,7.1,0,0,3.0,0.9,7.61,53.48,2,2
6209,19.0,0,4.7,10.0,4.0,0.0,60.9,68.9,8.2,3.2008618067525094,6.8,5.6,1,0,2.9,13.2,7.28,54.4,2,2
6210,16.0,1,4.3,5.4,1.0,2.2,81.0,65.8,7.4,7.8,2.4,6.3,1,1,6.6,5.6,6.24,59.74,2,2
6211,20.0,2,3.2,5.9,6.3,2.0,90.6,66.4,4.8,0.6,3.7,7.3,1,0,2.8,4.6,6.81,57.14,2,2
6212,17.0,1,6.7,6.9,9.5,1.5,73.2,72.4,9.5,1.9,7.9,7.8,1,0,5.3,7.0,9.71,73.9,0,0
6213,19.0,0,8.0,5.0,7.5,4.9,94.6,64.9,9.7,2.0,5.2,4.9,1,0,4.0,1.2,8.26,52.08,2,2
6214,19.0,1,6.5,9.3,9.9,2.0,92.0,88.2,8.6,3.4,5.542839731870811,4.9,0,0,5.9,0.8,6.92,60.54,2,2
6215,22.0,1,5.3,7.2,4.5,0.5,81.9,63.4,7.4,8.0,2.7,6.7,0,1,4.0,3.2,5.82,74.89,0,0
6216,23.0,0,5.7,6.0,5.7,3.4,76.5,90.5,8.1,4.8,2.1,1.0,0,0,2.1,5.5447261663286005,6.17,51.92,2,2
6217,17.0,1,7.9,7.6,5.8,3.0,40.0,58.2,5.3,0.5,4.9,7.7,0,1,0.9,5.6,5.96,42.68,1,1
6218,19.0,0,5.7,7.2,6.6,1.3,71.6,45.0,8.4,2.0,6.8,6.7,2,1,4.0,2.0,6.22,44.83,1,1
6219,19.0,2,3.0,6.6,7.9,4.8,94.3,42.7,3.2,3.1,2.3,6.4,0,1,4.4,1.1,5.18,47.33,2,2
6220,17.0,0,5.0,5.4,10.1,4.0,76.4,65.3,5.3,8.1,7.0,6.4,1,1,6.3,4.9,7.0,43.9,1,1
6221,23.0,0,5.5,5.1,10.6,3.9,85.9,60.5,0.5,2.5,6.7,2.3,1,0,5.8,1.1,7.52,27.51,1,1
6222,22.0,1,2.2,9.8,10.2,3.9,74.0,59.7,6.9,2.5,7.9,5.957923664122137,1,0,4.1,3.7,10.0,42.43,1,1
6223,18.0,1,3.6,5.2,7.7,5.0,61.5,92.7,8.3,2.3,4.1,6.5,0,1,2.7,6.6,3.88,40.35,1,1
6224,19.0,0,6.4,9.2,5.1,2.7,89.7,61.8,9.6,4.7,8.5,6.5,1,0,1.4,6.7,8.78,81.17,0,0
6225,17.0,1,0.6,5.9,6.6,0.8,64.0,39.6,5.5,1.0,3.7,10.0,0,0,2.9,6.8,3.91,34.88,1,1
6226,21.0,1,1.7,8.0,7.6,2.6,76.6,85.2,6.5,1.7,1.3,4.9,0,1,5.6,6.5,5.86,58.58,2,2
6227,17.0,1,3.8,7.6,6.3,0.0,84.7,99.0,6.0,3.2008618067525094,5.7,6.9,0,0,7.0,9.7,6.8,66.64,0,0
6228,25.0,0,4.9,7.9,3.7,1.1,71.2,83.1,10.0,2.2,7.3,2.8,1,1,0.0,3.4,5.78,56.45,2,2
6229,22.0,1,1.5,8.0,4.8,5.9,100.0,62.9,6.7,3.7,4.1,3.7,1,0,2.7,3.8,3.41,51.0,2,2
6230,20.134890807516506,0,3.9,4.9,8.2,1.0,100.0,78.1,10.0,2.5,6.1,9.2,1,1,1.1,3.1,6.59,55.32,2,2
6231,21.0,1,6.5,6.1,5.4,0.9,69.5,60.5,8.7,0.1,7.8,5.2,2,0,6.2,4.2,5.93,52.75,2,2
6232,24.0,1,4.3,5.2,6.1,4.2,70.0,57.5,7.7,3.8,8.6,6.2,0,0,4.5,1.6,4.14,36.49,1,1
6233,20.0,0,6.1,7.2,5.8,4.6,74.3,71.4,4.8,0.5,7.2,6.6,0,0,3.4,6.3,5.34,47.31,2,2
6234,18.0,1,3.0,5.3,3.8,0.0,95.0,74.0,3.6,2.3,5.0,9.2,0,0,0.0,5.6,7.49,66.13,0,0
6235,19.0,0,2.6,4.4,5.6,3.4,86.3,71.3,6.2,5.7,5.1,5.9,2,0,3.9,10.3,6.03,39.21,1,1
6236,23.0,0,5.9,6.7,4.9,2.0,89.8,100.0,6.2,1.3,4.7,4.6,0,0,0.2,2.4,4.03,52.34,2,2
6237,21.0,1,4.9,4.1,4.3,3.6,97.1,75.8,3.4,4.5,5.6,4.4,0,0,5.6,9.5,6.15,43.76,1,1
6238,21.0,0,1.8,7.3,3.4,2.5,68.2,92.3,8.4,6.2,7.2,6.4,0,0,3.5,4.0,10.0,77.63,0,0
6239,23.0,1,2.6,5.4,5.7,0.5,86.5,100.0,6.4,3.1,3.5,7.8,1,0,5.2,2.4,7.23,71.32,0,0
6240,24.0,0,7.3,5.9,7.5,2.1,80.7,66.5,7.3,6.2,4.2,4.6,0,0,10.0,3.8,5.6,50.5,2,2
6241,24.0,0,2.4,4.0,8.8,4.1,85.6,77.7,9.7,7.0,7.1,4.3,0,0,2.0,7.7,7.09,43.07,1,1
6242,17.0,0,6.1,9.1,2.5,6.5,94.9,89.7,4.3,4.5,5.2,7.6,0,1,3.7,3.5,6.9,73.21,0,0
6243,20.0,1,3.2,5.1,10.0,3.7,78.0,77.2,5.991217524197657,1.1,5.9,8.3,0,0,0.6,5.2,6.38,28.85,1,1
6244,22.0,1,4.2,6.5,6.7,2.3,70.9,70.0,4.7,2.0,6.9,9.3,2,0,4.2,3.3,3.97,42.38,1,1
6245,22.0,0,4.8,4.7,3.2,0.9,66.3,100.0,9.8,1.3,5.2,6.3,2,0,1.0,3.9,5.04,53.73,2,2
6246,21.0,1,0.0,5.9,5.0,2.7,100.0,96.6,6.0,3.4,3.7,7.0,1,1,1.0,2.4,8.55,65.02,0,0
6247,18.0,1,1.3,9.3,1.3,2.3,79.5,37.2,5.6,2.7,9.1,6.9,2,0,3.9,6.1,5.4,43.55,1,1
6248,23.0,0,4.4,7.4,1.9,3.6,62.2,99.4,4.9,5.1,6.4,5.957923664122137,0,0,4.5,2.0,5.97,57.42,2,2
6249,22.0,0,2.8,6.1,10.3,2.9,98.0,100.0,6.0,1.6,7.6,8.6,1,0,4.050203624516392,2.0,10.0,64.17,0,0
6250,17.0,1,6.2,7.0,4.3,3.9,57.8,96.5,4.7,0.9,5.0,7.8,1,0,4.050203624516392,1.5,2.91,51.41,2,2
6251,20.0,1,1.0,6.3,7.3,2.4,59.9,88.5,4.9,2.3,6.2,6.8,2,1,0.1,6.0,8.01,41.17,1,1
6252,18.0,1,5.3,6.9,5.7,6.1,75.9,100.0,8.3,2.9,8.2,6.6,0,1,4.2,2.5,3.56,66.27,0,0
6253,19.0,1,1.4,8.0,6.0,4.1,72.9,90.9,10.0,1.7,6.2,6.3,2,0,2.0,6.4,7.16,53.29,2,2
6254,16.0,1,3.5,6.6,6.9,1.7,84.1,85.4,4.1,0.7,5.6,10.0,2,0,6.6,12.6,6.79,60.07,2,2
6255,19.0,1,2.1,7.3,1.0,4.8,55.0,77.4,4.8,0.2,3.2,2.0,0,0,4.5,2.8,6.34,43.93,1,1
6256,20.0,2,8.0,7.3,9.3,0.9,84.2,55.7,4.8,1.1,1.1,5.0,2,1,6.4,0.1,8.19,46.97,2,2
6257,21.0,0,1.5,6.6,5.8,1.5,96.6,50.3,9.5,1.8,9.5,6.1,2,0,4.9,2.4,5.35,43.76,1,1
6258,21.0,1,4.0,6.0,4.7,1.6,67.2,88.9,7.7,8.1,5.5,8.6,0,0,9.0,2.7,10.0,85.1,0,0
6259,23.0,1,0.7,6.3,7.2,5.4,75.1,88.6,5.4,4.0,10.0,6.8,2,0,3.1,0.5,6.75,37.56,1,1
6260,18.0,0,7.4,7.9,4.2,2.7,69.6,74.2,4.9,5.9,6.8,4.5,0,0,0.4,6.9,6.64,70.34,0,0
6261,17.0,1,5.0,8.0,6.5,1.9,84.2,59.6,9.4,5.3,4.2,4.1,1,0,0.9,11.7,6.489753023681269,75.18,0,0
6262,23.0,0,4.5,5.5,5.6,3.3,66.0,54.7,6.1,8.3,5.1,6.4,0,0,6.1,6.7,5.51,43.1,1,1
6263,17.0,0,7.1,6.7,7.8,4.0,64.4,68.5,5.9,2.0,9.0,5.2,0,0,3.8,2.2,6.54,46.66,2,1
6264,25.0,1,4.5,6.0,5.5,5.9,78.0,87.6,1.2,6.9,8.6,10.0,1,0,4.2,5.5447261663286005,7.02,65.54,0,0
6265,23.0,1,4.6,8.0,3.4,0.3,84.4,74.2518720906699,7.8,4.4,7.6,6.5,1,0,6.1,3.5,7.1,82.84,0,0
6266,20.0,0,4.5,6.4,6.9,5.3,82.0,74.6,6.0,3.1,2.2,5.957923664122137,1,0,6.7,4.3,6.84,75.58,0,0
6267,25.0,2,5.3,9.9,5.3,0.0,74.3,80.2,6.2,0.5,2.1,10.0,1,0,0.1,18.3,4.75,57.58,2,2
6268,17.0,0,3.2,7.3,1.4,4.6,88.7,95.3,6.2,4.7,8.3,3.9,1,0,0.3,7.9,10.0,74.59,0,0
6269,19.0,0,3.8,8.5,6.5,5.1,83.0,73.9,8.1,0.8,6.8,6.2,0,0,3.4,5.5447261663286005,5.66,54.37,2,2
6270,21.0,1,5.8,5.7,4.7,5.2,64.8,81.6,1.1,8.9,8.9,4.6,2,1,2.9,7.9,4.25,39.16,1,1
6271,19.0,1,4.8,7.0,6.9,4.0,45.2,89.8,3.4,3.3,5.3,4.4,1,0,2.9,5.1,5.15,35.21,1,1
6272,24.0,0,4.0,7.8,3.9,1.1,86.8,94.8,10.0,4.1,3.4,5.957923664122137,0,0,5.0,3.5,7.34,81.97,0,0
6273,16.0,0,1.4,5.7,3.0,4.3,76.7,76.0,3.3,1.3,6.2,8.1,2,1,1.5,8.5,9.0,45.4,1,1
6274,20.0,0,7.2,7.0,9.0,1.1,65.6,66.3,4.3,10.6,6.5,7.5,1,0,5.0,3.4,7.09,62.36,2,2
6275,21.0,0,2.9,8.4,8.1,1.3,100.0,78.7,8.8,2.3,3.8,4.2,0,0,4.8,0.7,8.13,71.44,0,0
6276,21.0,1,6.2,6.6,6.0,2.2,100.0,44.4,6.1,1.1,2.8,8.7,0,0,0.0,1.5,4.74,62.15,2,2
6277,18.0,1,4.6,5.9,7.1,2.3,96.6,80.3,6.1,6.9,7.0,7.1,1,0,2.0,0.9,7.11,59.96,2,2
6278,19.0,0,1.6,9.3,8.0,3.4,82.9,90.6,9.5,3.4,3.6,1.0,0,0,0.0,6.2,7.89,57.01,2,2
6279,23.0,1,6.7,5.5,6.0,1.7,40.0,100.0,4.7,4.9,9.9,7.7,0,1,1.8,9.3,6.88,47.57,2,2
6280,18.0,0,4.7,7.2,3.0,3.6,95.3,91.6,4.8,4.7,5.542839731870811,8.6,0,1,4.050203624516392,0.9,6.23,77.12,0,0
6281,23.0,1,4.219583121504829,6.1,6.7,0.5,68.0,28.8,7.7,0.4,7.2,6.3,0,0,1.5,6.4,8.42,39.36,1,1
6282,21.0,0,3.8,5.8,8.5,3.1,72.7,100.0,6.4,5.6,9.2,7.3,0,0,4.4,2.7,8.3,63.34,0,0
6283,22.0,0,5.6,8.0,7.5,2.5,91.7,100.0,8.3,2.1,6.8,10.0,1,1,3.3,8.9,7.04,78.6,0,0
6284,22.0,1,0.7,6.7,6.1,4.8,100.0,58.4,4.6,2.9,5.0,1.0,1,0,1.0,3.2,5.54,27.65,1,1
6285,18.0,1,3.2,7.5,7.4,5.0,100.0,67.8,6.4,3.1,9.1,7.3,2,1,3.8,4.6,6.16,60.17,2,2
6286,21.0,0,1.7,4.1,5.4,2.7,82.2,100.0,5.8,4.8,6.7,4.0,0,1,2.6,5.3,5.01,33.33,1,1
6287,23.0,2,3.5,7.7,8.6,0.0,89.6,76.0,5.1,2.2,4.6,8.5,0,0,4.3,1.1,3.33,54.12,2,2
6288,20.0,0,5.1,6.1,9.4,0.3,65.6,64.4,3.2,2.0,3.3,5.3,1,1,0.6,0.6,7.52,47.37,2,2
6289,25.0,1,3.0,4.6,2.8,5.0,58.9,61.5,5.1,1.6,4.0,6.8,1,0,3.8,5.3,9.08,43.28,1,1
6290,20.0,1,5.9,9.5,8.8,2.7,94.0,100.0,4.8,7.6,8.0,2.5,0,0,4.6,8.6,7.47,68.32,0,0
6291,17.0,1,2.5,7.8,11.6,6.1,84.2,89.2,8.8,1.3,5.3,7.8,0,0,9.2,3.6,4.95,51.4,2,2
6292,19.0,1,6.0,7.3,7.3,4.6,61.2,70.0,7.2,1.6,9.4,3.3,2,0,1.5,5.8,7.73,40.41,1,1
6293,25.0,0,6.8,8.6,8.5,3.5,79.4,100.0,7.0,2.4,6.9,5.3,1,1,3.2,5.5447261663286005,6.7,56.16,2,2
6294,19.0,0,6.2,7.3,4.4,3.2,88.0,73.4,5.6,3.1,7.3,8.7,1,0,10.0,7.3,4.72,66.53,0,0
6295,23.0,1,4.219583121504829,6.0,4.7,0.9,91.8,96.8,4.0,11.2,4.1,7.5,0,0,4.8,6.5,5.3,71.65,0,0
6296,24.0,1,0.0,6.8,5.5,1.9,88.2,85.5,6.5,0.8,5.542839731870811,5.4,1,0,0.6,2.5,4.18,49.36,2,2
6297,19.0,1,5.4,6.1,5.0,3.7,75.3,68.9,9.1,2.9,2.5,2.8,0,0,0.0,5.0,5.22,50.48,2,2
6298,17.0,1,3.9,6.3,2.7,2.4,69.0,84.0,4.1,2.4,3.8,5.6,0,0,4.8,5.3,4.98,59.48,2,2
6299,22.0,0,2.2,5.4,5.6,3.8,81.5,84.7,7.0,1.8,4.2,4.9,0,1,2.6,7.8,7.55,52.74,2,2
6300,19.0,0,3.1,5.7,8.1,4.9,90.4,89.4,5.0,1.9,5.1,4.8,0,0,2.3,12.5,6.96,49.99,2,2
6301,22.0,1,7.1,8.2,2.8,2.7,91.8,100.0,6.0,1.5,9.9,4.3,0,1,5.3,1.3,5.97,64.46,0,0
6302,20.0,0,1.9,7.4,6.4,2.2,100.0,100.0,5.7,5.1,4.3,5.1,1,1,2.1,9.2,7.64,68.4,0,0
6303,20.0,1,5.1,6.3,6.4,1.4,80.5,82.4,7.0,3.8,8.4,5.5,0,0,4.1,8.0,4.73,44.44,1,1
6304,22.0,1,4.6,5.7,5.2,4.5,65.6,40.7,5.7,1.1,3.1,10.0,0,0,6.5,17.1,3.13,40.28,1,1
6305,19.0,0,3.5,6.5,7.2,4.4,94.1,90.8,4.9,3.7,4.3,3.5,2,0,4.6,2.9,7.7,59.57,2,2
6306,20.0,0,5.5,4.8,7.0,6.9,81.1,70.3,2.5,0.5,6.0,8.5,2,1,7.3,5.1,3.88,31.84,1,1
6307,19.0,1,7.5,7.2,5.1,3.3,63.3,44.6,6.5,3.8,7.7,8.7,0,0,1.6,4.2,6.05,58.95,2,2
6308,19.0,1,3.6,8.2,8.7,2.8,88.1,87.4,7.3,0.9,5.5,1.0,1,1,2.9,7.4,3.4,49.48,2,2
6309,20.0,1,3.7,10.0,7.4,3.8,98.4,82.9,6.1,0.9,5.1,4.2,1,0,5.1,4.7,5.94,52.47,2,2
6310,23.0,1,5.4,5.6,9.9,2.5,85.0,60.5,5.8,0.1,7.2,5.8,0,0,2.4,4.1,5.98,42.92,1,1
6311,19.0,0,6.0,8.2,5.8,1.4,98.5,53.7,9.3,0.9,5.9,6.3,2,0,5.0,6.4,6.07,66.69,0,0
6312,20.0,0,3.9,6.1,5.2,3.2,73.7,100.0,9.6,0.4,2.3,2.7,1,0,5.0,3.4,7.89,67.45,0,0
6313,21.0,1,3.6,5.5,5.5,3.8,70.5,84.1,8.4,6.9,8.9,5.5,0,0,7.4,2.6,5.06,53.28,2,2
6314,18.0,1,0.0,5.5,8.9,3.9,91.1,60.8,6.7,0.6,6.3,6.9,1,0,7.0,19.0,4.82,23.03,1,1
6315,18.0,1,2.6,7.2,5.6,3.8,75.4,86.9,6.2,1.1,5.9,2.7,1,0,6.5,14.0,6.489753023681269,50.61,2,2
6316,24.0,0,1.9,5.8,5.8,4.9,95.7,67.4,3.7,10.7,6.0,5.9,0,0,2.0,5.3,8.75,53.35,2,2
6317,22.0,1,5.6,6.2,10.9,3.9,82.2,84.8,1.8,0.4,2.4,4.0,1,0,7.5,7.3,8.6,48.29,2,2
6318,21.0,0,3.7,6.4,2.6,3.5,95.8,80.7,9.0,4.0,2.2,5.5,0,0,2.7,3.1,7.85,83.74,0,0
6319,21.0,1,3.6,6.0,6.047861775435752,0.7,88.2,28.8,6.3,1.7,9.5,4.2,0,1,5.0,12.9,5.46,26.47,1,1
6320,16.0,0,4.2,5.9,5.8,3.4,68.3,76.9,10.0,1.5,4.8,5.1,1,1,10.0,4.2,7.72,60.71,2,2
6321,21.0,0,2.5,3.8,5.4,2.7,54.1,72.0,4.7,5.1,5.4,5.1,0,0,6.5,6.4,6.33,25.04,1,1
6322,20.0,0,7.3,7.1,3.6,1.0,90.2,61.7,6.9,4.8,4.8,9.7,0,1,4.5,3.4,7.98,81.08,0,0
6323,20.0,2,6.8,7.1,4.3,3.9,87.3,52.2,8.2,2.5,6.0,10.0,0,0,0.0,1.9,6.07,61.72,2,2
6324,19.0,0,7.4,6.0,5.0,3.9,66.8,71.1,4.6,1.2,4.1,10.0,1,0,8.6,2.4,7.06,57.53,2,2
6325,17.0,0,5.6,7.5,7.2,3.8,90.4,68.7,5.4,1.6,4.6,1.0,1,1,7.4,3.8,8.32,55.94,2,2
6326,18.0,1,4.1,8.8,8.1,4.0,98.1,86.7,5.6,1.5,5.1,7.4,1,0,2.7,3.3,8.66,66.66,0,0
6327,25.0,1,7.4,7.0,1.6,3.2,70.8,72.4,5.1,2.7,6.5,5.4,0,0,4.5,4.3,4.75,50.48,2,2
6328,19.0,1,2.8,8.7,3.0,2.6,54.9,76.6,6.9,5.1,6.9,3.7,1,1,2.6,2.4,10.0,55.91,2,2
6329,20.0,0,2.5,9.9,7.4,6.2,92.6,80.9,6.1,0.8,5.5,9.2,0,0,4.3,3.5,7.16,66.36,0,0
6330,16.0,0,3.0,10.0,7.6,3.3,96.5,66.6,1.5,9.0,1.5,5.7,1,1,5.5,2.0,5.13,51.39,2,2
6331,16.0,1,5.2,5.5,2.3,0.0,70.5,57.1,6.2,5.0,7.6,8.0,1,0,6.4,3.0,6.489753023681269,56.08,2,2
6332,22.0,0,2.7,5.5,8.2,0.0,90.1,100.0,6.8,4.8,6.9,5.957923664122137,2,0,3.1,5.5,7.17,62.87,2,2
6333,20.0,0,3.9,6.4,6.0,5.2,84.3,73.6,5.9,1.0,2.5,7.5,0,0,7.0,8.6,4.59,57.97,2,2
6334,20.0,0,1.0,7.2,7.9,0.0,78.6,71.2,9.6,4.1,5.3,5.3,1,1,0.8,4.0,4.41,49.81,2,2
6335,18.0,0,5.2,9.1,3.9,2.0,87.5,100.0,6.8,8.3,4.8,5.3,0,0,3.4,17.6,4.6,78.43,0,0
6336,22.0,2,1.2,7.8,2.5,0.8,73.5,100.0,6.1,3.5,8.0,6.2,0,0,4.050203624516392,1.3,4.7,62.58,2,2
6337,18.0,1,2.3,5.4,5.2,2.5,65.7,100.0,8.0,15.0,6.9,9.2,1,0,1.2,7.1,4.66,61.84,2,2
6338,18.0,1,6.6,6.2,5.3,3.7,85.3,68.0,10.0,4.7,2.9,8.3,0,0,5.2,7.6,7.09,68.68,0,0
6339,20.0,0,4.219583121504829,6.9,5.2,1.8,83.5,81.3,5.7,3.6,10.0,5.5,1,1,2.3,6.7,8.32,52.99,2,2
6340,18.0,1,4.9,5.1,5.0,1.5,46.9,85.5,8.3,2.6,5.5,5.8,0,1,3.2,6.8,5.29,34.83,1,1
6341,18.0,1,4.8,7.0,10.2,4.3,64.6,100.0,10.0,1.3,7.1,9.9,1,0,2.5,4.5,4.65,63.9,0,0
6342,21.0,0,3.1,5.5,1.8,7.7,71.3,82.6,5.5,4.7,5.2,3.3,0,0,3.7,4.2,7.06,44.31,1,1
6343,21.0,0,2.7,4.9,3.9,4.0,86.8,83.4,3.4,2.9,3.6,1.9,1,1,2.6,7.6,7.44,34.82,1,1
6344,23.0,0,3.5,5.8,5.0,1.4,60.2,56.8,7.0,2.1,4.4,4.1,2,0,1.1,1.0,4.28,33.62,1,1
6345,19.0,1,1.2,7.5,6.1,4.6,75.8,52.4,9.0,1.5,1.5,10.0,0,0,7.4,5.4,8.15,59.7,2,2
6346,17.0,0,4.7,7.5,7.8,6.1,100.0,99.4,5.4,2.9,1.2,3.4,0,0,7.4,4.1,7.09,71.35,0,0
6347,18.0,1,4.3,7.1,8.2,4.9,80.9,81.2,8.4,2.8,4.9,4.0,2,0,5.6,1.6,5.75,60.1,2,2
6348,25.0,1,2.3,6.976601980998585,8.7,0.2,81.7,83.1,4.1,1.4,4.0,5.957923664122137,1,0,8.9,1.9,7.2,59.76,2,2
6349,21.0,0,7.3,8.2,7.2,4.0,79.2,94.3,5.5,2.2,4.9,6.4,1,0,7.0,0.9,7.48,75.16,0,0
6350,22.0,1,5.4,7.3,1.7,2.2,92.8,90.3,5.8,2.1,3.5,8.6,0,0,6.1,4.9,4.36,77.87,0,0
6351,16.0,1,5.6,7.1,1.8,3.1,80.5,88.0,5.7,3.8,10.0,8.8,1,0,1.8,13.9,4.49,69.59,0,0
6352,20.0,0,3.2,7.2,8.9,2.3,77.1,86.4,4.1,2.7,6.3,5.1,2,0,1.0,3.8,6.489753023681269,58.21,2,2
6353,16.0,1,4.2,6.8,8.7,4.3,82.0,77.5,5.3,2.0,5.6,6.8,0,0,4.3,11.4,5.77,56.78,2,2
6354,21.0,2,5.5,4.2,7.6,2.4,97.2,78.8,1.7,1.7,8.4,6.5,0,0,4.3,1.9,7.87,41.84,1,1
6355,20.134890807516506,0,4.5,8.5,3.9,5.6,85.2,91.5,7.5,7.8,10.0,5.957923664122137,1,1,0.0,15.4,10.0,66.4,0,0
6356,25.0,2,7.4,7.5,5.2,3.0,80.7,58.1,6.1,7.9,2.7,7.2,0,1,2.1,9.2,3.71,50.31,2,2
6357,20.0,1,3.8,5.4,5.0,2.6,95.3,56.1,8.5,4.0,6.3,6.3,1,0,5.6,7.7,3.92,56.22,2,2
6358,20.0,0,3.2,8.9,3.4,4.0,73.2,76.5,5.8,4.5,4.6,6.7,2,0,0.6,1.3,4.85,60.68,2,2
6359,20.134890807516506,1,5.5,6.2,6.6,3.6,40.0,77.7,2.0,3.7,6.8,4.6,0,1,5.9,3.0,7.03,34.56,1,1
6360,21.0,0,1.7,6.9,11.4,4.1,85.8,74.2518720906699,6.7,1.1,5.9,8.8,0,0,3.1,5.7,5.78,53.65,2,2
6361,16.0,1,6.0,8.3,4.8,2.8,85.7,71.0,4.5,7.0,3.6,3.7,0,1,4.1,5.0,7.12,51.66,2,2
6362,20.0,1,1.6,7.3,9.2,5.4,71.9,61.0,8.4,7.9,7.7,4.2,0,0,2.3,5.4,8.39,51.31,2,2
6363,18.0,0,4.219583121504829,8.7,3.8,4.8,76.5,85.8,5.5,0.3,5.4,10.0,0,0,5.6,4.6,4.25,58.69,2,2
6364,20.0,1,2.9,6.5,2.2,3.0,96.4,99.2,5.991217524197657,3.8,6.3,5.1,0,0,6.3,4.4,4.96,62.55,2,2
6365,20.0,1,5.2,9.2,8.5,4.5,85.9,81.6,4.0,3.0,7.4,6.2,0,1,3.8,16.7,7.88,57.45,2,2
6366,21.0,1,6.0,6.0,5.5,2.5,99.2,48.8,6.5,1.3,7.4,5.6,0,0,5.5,6.4,7.09,53.39,2,2
6367,19.0,0,4.5,8.7,9.2,4.0,83.5,80.0,7.3,1.3,4.3,3.5,2,1,3.1,3.1,3.75,47.65,2,2
6368,18.0,1,1.8,6.976601980998585,9.7,4.5,78.0,40.2,5.3,2.9,4.9,3.1,0,1,9.2,8.1,8.32,20.91,1,1
6369,20.0,1,2.4,5.6,5.3,3.4,89.2,74.3,3.1,5.9,4.8,4.9,1,0,2.5,6.4,5.66,55.05,2,2
6370,23.0,1,2.7,7.4,9.4,1.5,84.8,38.8,5.6,2.0,3.0,5.2,0,0,4.4,5.9,7.38,53.82,2,2
6371,21.0,0,0.4,6.5,3.8,0.9,85.7,67.3,2.0,0.4,5.2,4.1,2,1,6.3,1.8,8.52,37.52,1,1
6372,19.0,0,6.5,6.9,3.8,3.5,77.0,84.2,4.5,3.9,6.5,7.0,1,0,6.2,1.5,4.88,62.96,2,2
6373,24.0,1,4.4,7.1,8.7,1.7,72.6,69.9,5.6,1.9,3.3,8.0,0,1,0.0,4.0,5.34,58.65,2,2
6374,24.0,1,1.9,5.5,2.1,4.9,73.1,95.7,8.2,2.2,5.7,6.7,0,0,3.6,11.3,9.6,47.44,2,2
6375,18.0,1,7.1,5.5,6.0,0.3,86.8,78.9,6.6,2.4,7.6,5.957923664122137,0,0,4.5,4.5,4.28,46.35,1,1
6376,16.0,1,2.8,7.3,9.1,5.4,88.4,54.8,5.1,1.9,7.9,8.2,2,0,1.6,0.6,5.77,38.83,1,1
6377,22.0,1,4.7,6.1,9.3,3.1,45.8,91.2,5.0,9.1,1.7,7.3,1,0,2.5,3.9,5.31,47.29,2,2
6378,23.0,0,2.5,8.7,4.9,1.5,70.5,87.4,4.8,2.6,1.0,9.4,0,1,7.5,2.4,5.55,78.53,0,0
6379,25.0,0,0.2,6.8,8.5,2.2,59.3,97.9,8.0,3.0,5.2,4.6,0,0,1.7,5.7,7.03,52.6,2,2
6380,24.0,2,1.5,7.9,3.2,2.6,73.5,87.8,2.7,5.4,4.6,4.2,2,0,0.4,3.7,6.32,45.78,1,1
6381,21.0,1,3.3,7.6,4.3,3.9,72.2,83.5,4.1,3.9,2.8,7.8,0,1,9.2,3.9,7.83,59.18,2,2
6382,20.0,0,6.0,6.2,6.6,0.8,81.9,57.1,2.7,0.9,4.9,6.0,1,1,5.5,1.5,5.4,40.88,1,1
6383,16.0,0,4.9,4.4,6.9,1.3,82.4,89.6,7.3,1.8,4.1,6.5,2,0,2.2,4.9,6.0,50.5,2,2
6384,18.0,0,4.5,8.5,3.4,2.4,100.0,72.4,9.3,3.5,3.7,10.0,1,0,7.5,2.8,7.2,87.92,0,0
6385,20.0,0,0.2,5.7,10.7,2.9,84.8,89.5,7.3,5.8,3.7,3.9,1,0,3.6,7.0,10.0,61.17,2,2
6386,21.0,1,6.7,6.5,1.3,4.3,88.3,100.0,7.4,4.7,5.5,6.9,0,0,4.5,3.8,9.66,87.5,0,0
6387,20.0,1,4.6,6.8,6.1,3.5,61.5,96.7,4.8,4.4,1.0,6.4,0,1,2.3,2.1,6.0,52.96,2,2
6388,22.0,0,4.0,6.9,6.5,2.3,75.6,80.1,7.1,0.6,5.1,8.7,0,0,10.0,1.0,8.4,78.32,0,0
6389,18.0,1,6.5,8.3,1.6,3.4,65.9,76.3,4.3,1.7,5.542839731870811,1.4,2,1,7.8,4.2,7.22,35.41,1,1
6390,21.0,1,6.7,7.0,9.3,3.3,87.8,67.5,4.7,4.1,7.3,5.0,0,1,1.8,1.1,5.88,56.18,2,2
6391,17.0,1,6.5,6.8,4.1,2.5,80.7,33.2,5.9,2.3,4.6,7.3,1,0,3.6,1.2,6.92,48.46,2,2
6392,19.0,1,3.7,8.3,6.2,3.2,75.6,75.8,6.1,5.0,7.9,6.1,0,0,4.2,15.5,6.57,50.54,2,2
6393,22.0,0,2.2,7.8,6.8,0.0,92.4,65.8,9.9,1.1,8.7,6.3,2,1,1.2,9.6,5.34,51.61,2,2
6394,22.0,1,6.2,6.0,2.4,4.7,76.5,80.8,7.9,0.8,6.1,4.5,0,0,2.3,1.5,4.92,47.87,2,2
6395,25.0,1,1.5,5.5,3.3,4.0,97.3,65.7,6.3,6.5,2.9,7.3,1,1,3.3,9.9,9.47,65.88,0,0
6396,18.0,0,8.1,5.9,9.9,5.7,97.2,79.0,9.8,0.6,3.7,8.6,1,0,5.1,7.4,6.54,58.62,2,2
6397,20.0,1,4.3,6.9,5.8,1.5,71.7,97.4,10.0,3.6,3.5,9.7,1,0,1.0,1.0,5.7,68.73,0,0
6398,20.134890807516506,2,2.1,5.4,1.0,4.0,94.5,77.8,6.0,1.6,2.0,6.3,1,0,1.2,2.8,8.87,68.41,0,0
6399,20.0,1,1.7,7.1,5.2,0.0,81.5,55.4,6.8,7.8,7.8,5.9,2,0,1.8,2.9,4.56,51.96,2,2
6400,23.0,2,1.6,6.8,5.9,0.0,74.9,60.0,3.3,3.5,10.0,6.6,0,0,6.2,9.1,4.94,35.63,1,1
6401,22.0,0,4.5,3.7,6.5,2.6,85.1,87.4,6.4,3.7,5.6,4.2,0,0,1.0,4.9,6.05,45.38,1,1
6402,24.0,0,4.2,5.2,1.0,2.0,59.4,88.6,4.5,4.7,4.0,5.4,0,1,6.2,7.0,4.42,49.04,2,2
6403,18.0,1,1.7,3.2,5.9,4.9,73.0,59.3,1.9,5.3,7.0,4.1,1,1,0.0,2.5,8.4,5.8,1,1
6404,23.0,1,3.5,6.6,3.9,5.1,85.4,74.5,8.2,1.9,8.1,6.9,2,0,3.6,2.5,6.23,56.63,2,2
6405,16.0,0,1.5,8.4,6.6,5.3,76.2,91.3,6.2,8.0,4.0,4.5,1,1,0.0,1.3,6.53,54.37,2,2
6406,24.0,0,5.4,4.5,7.3,4.1,94.0,100.0,4.1,6.3,6.1,6.2,0,1,3.5,0.7,9.18,54.76,2,2
6407,19.0,1,4.1,5.3,7.0,4.2,74.8,78.2,2.0,0.9,1.7,6.2,1,1,5.2,10.0,5.61,45.74,1,1
6408,19.0,1,3.4,6.8,9.5,0.7,81.6,71.4,4.7,2.6,5.8,5.6,0,1,3.4,2.5,8.91,48.96,2,2
6409,20.0,1,1.6,5.6,11.5,5.5,78.4,68.3,4.5,3.1,3.3,9.4,0,1,4.6,10.6,5.12,39.43,1,1
6410,24.0,0,3.6,5.6,3.2,5.3,60.1,77.6,5.8,5.6,6.2,7.9,1,1,2.6,11.3,3.47,56.98,2,2
6411,16.0,1,3.4,7.7,5.0,0.5,85.1,100.0,2.2,0.5,4.3,7.3,2,0,5.2,7.5,6.489753023681269,60.59,2,2
6412,19.0,0,4.8,6.4,7.9,3.8,84.1,77.6,6.9,4.7,5.5,8.0,0,0,5.2,6.1,8.51,66.4,0,0
6413,23.0,0,4.5,5.1,5.7,2.0,54.9,84.0,7.4,1.6,10.0,4.8,0,0,2.4,5.4,9.13,46.7,2,2
6414,19.0,0,5.8,4.3,1.0,6.3,47.9,49.4,3.1,4.1,5.542839731870811,4.3,0,0,6.2,6.3,5.96,20.43,1,1
6415,18.0,0,3.2,9.9,5.5,1.2,74.1,100.0,2.3,2.4,6.6,7.3,1,0,4.3,5.5,6.53,56.87,2,2
6416,19.0,1,0.5,8.5,9.1,3.2,96.0,99.1,8.2,1.4,5.1,4.1,2,0,4.0,11.6,8.81,57.62,2,2
6417,19.0,2,6.2,6.4,2.5,3.3,100.0,69.7,5.7,1.8,1.6,4.6,1,0,4.9,7.5,7.27,67.5,0,0
6418,24.0,0,2.3,7.1,6.6,2.9,56.3,73.1,7.4,2.2,4.1,5.7,2,0,5.2,1.9,5.99,43.3,1,1
6419,22.0,0,2.0,6.4,1.2,6.9,100.0,96.2,6.2,4.2,4.3,1.0,0,0,4.3,1.9,5.88,60.17,2,2
6420,20.0,1,4.1,7.7,8.2,6.0,95.1,100.0,5.8,3.3,6.8,4.3,1,0,5.7,1.7,6.26,71.46,0,0
6421,25.0,0,4.8,5.9,6.6,0.1,72.4,44.7,8.3,5.1,5.542839731870811,7.8,2,0,7.6,3.1,7.73,55.07,2,2
6422,20.0,1,3.1,6.3,4.6,3.9,100.0,65.8,7.8,6.0,6.2,6.3,1,0,3.2,4.1,9.59,81.68,0,0
6423,16.0,1,3.1,7.6,5.0,3.0,86.1,67.9,6.8,1.7,7.5,7.3,0,1,1.5,6.1,5.59,56.87,2,2
6424,18.0,0,3.4,8.9,2.3,4.5,77.0,93.7,7.0,1.0,3.0,7.6,1,0,7.1,1.1,6.57,65.87,0,0
6425,20.0,0,7.0,8.0,8.5,3.4,56.9,81.4,5.0,8.1,10.0,4.0,1,0,2.9,6.4,6.12,40.87,1,1
6426,17.0,0,4.2,8.6,4.0,1.5,81.3,65.8,7.2,2.5,1.8,1.5,1,1,6.3,5.1,5.64,60.45,2,2
6427,24.0,1,2.3,6.6,7.3,1.1,80.5,49.5,9.4,1.5,2.6,6.2,0,0,7.8,3.8,6.55,64.78,0,0
6428,22.0,0,2.3,6.2,3.6,2.3,100.0,93.2,8.3,2.6,6.3,5.4,0,0,4.050203624516392,17.4,4.75,61.46,2,2
6429,18.0,1,3.7,4.5,11.5,2.8,67.7,71.4,1.9,4.8,3.1,4.6,2,0,3.8,2.5,7.8,29.92,1,1
6430,21.0,0,4.7,7.1,9.9,3.3,68.5,54.2,7.0,3.1,5.6,4.7,2,0,2.5,3.3,6.21,44.51,1,1
6431,22.0,1,5.2,7.5,11.2,2.0,73.4,62.7,7.2,1.0,3.9,8.4,0,0,7.6,0.4,5.2,55.79,2,2
6432,24.0,0,4.4,6.6,11.5,6.1,100.0,67.3,8.5,3.7,6.6,4.1,1,1,6.0,16.3,5.35,54.33,2,2
6433,24.0,0,2.5,6.0,4.4,4.0,65.0,69.6,8.7,1.0,5.4,7.1,0,0,2.8,7.4,8.69,63.32,0,0
6434,20.0,1,3.4,8.6,3.8,4.6,97.0,56.2,7.1,2.8,4.2,7.6,1,0,8.8,3.3,8.24,72.8,0,0
6435,22.0,1,5.7,7.8,11.1,2.8,59.7,56.4,3.3,2.6,5.4,8.3,2,1,0.1,6.5,4.01,24.11,1,1
6436,21.0,0,1.9,8.7,5.6,1.1,85.6,100.0,5.8,6.7,10.0,3.1,1,1,2.7,5.7,8.19,61.44,2,2
6437,20.0,0,3.3,5.8,8.1,4.6,81.3,80.9,4.3,4.6,5.3,5.5,1,0,6.0,2.0,5.53,50.78,2,2
6438,17.0,0,5.4,6.1,4.4,1.2,70.9,67.6,3.4,0.9,2.4,10.0,0,1,2.7,11.1,4.94,53.35,2,2
6439,17.0,0,6.0,8.6,4.5,0.0,89.3,81.8,9.1,7.0,1.5,10.0,1,0,2.5,0.7,9.81,100.0,0,0
6440,20.0,1,3.8,6.9,8.1,4.0,69.6,74.2518720906699,5.0,3.9,4.0,10.0,0,0,5.7,6.4,7.31,66.35,0,0
6441,18.0,1,3.4,6.3,1.1,1.6,59.0,58.7,10.0,0.7,6.0,7.6,2,0,1.6,1.6,5.67,60.44,2,2
6442,16.0,1,1.6,6.4,8.0,2.4,75.9,40.5,5.2,3.4,8.7,6.7,1,1,4.8,2.9,8.0,47.46,2,2
6443,22.0,1,5.3,7.0,7.3,4.2,68.1,65.4,4.4,1.2,7.5,4.3,2,0,1.4,3.9,8.41,41.16,1,1
6444,16.0,0,6.8,8.3,4.7,3.03210685483871,83.4,71.7,5.991217524197657,3.2,3.8,5.957923664122137,1,0,3.3,4.9,8.72,68.27,0,0
6445,21.0,1,9.3,6.8,6.1,0.1,76.3,73.0,5.8,2.1,2.6,8.1,1,1,4.4,2.7,6.91,57.89,2,2
6446,20.0,0,5.0,8.0,6.5,5.2,100.0,42.0,6.6,5.4,5.0,5.1,2,0,5.3,6.6,7.17,62.02,2,2
6447,25.0,0,4.1,7.6,6.6,2.9,75.9,100.0,4.8,3.8,5.3,2.8,0,0,1.0,6.2,8.28,51.37,2,2
6448,20.0,0,2.4,5.9,7.7,5.3,83.6,100.0,4.8,5.4,4.6,7.1,2,1,1.7,1.7,5.92,48.66,2,2
6449,16.0,0,0.4,5.9,4.0,4.1,64.9,83.0,4.9,7.1,6.9,10.0,0,0,4.2,1.8,8.9,65.12,0,0
6450,20.0,1,4.6,6.4,12.7,4.2,74.5,75.5,3.7,5.6,3.4,7.0,1,0,3.2,0.8,6.91,50.06,2,2
6451,23.0,0,8.9,5.3,5.5,3.3,68.1,74.2518720906699,8.1,8.1,5.1,5.0,0,1,4.050203624516392,5.0,8.29,48.93,2,2
6452,25.0,1,6.7,6.3,5.7,3.3,95.4,85.4,6.5,1.4,6.1,7.5,1,0,6.5,4.7,5.61,69.39,0,0
6453,20.0,1,6.4,9.0,10.9,5.0,70.2,72.9,6.3,1.8,2.1,4.5,0,0,4.8,12.6,6.05,48.65,2,2
6454,19.0,0,4.7,7.0,1.4,4.5,71.5,97.5,7.5,2.3,6.2,5.0,2,0,2.9,5.8,9.15,67.38,0,0
6455,24.0,1,4.9,6.0,10.8,1.9,83.9,91.5,6.8,8.1,7.6,7.0,0,1,5.3,7.6,4.72,55.18,2,2
6456,18.0,2,0.0,9.5,6.2,3.9,70.7,59.7,10.0,1.1,7.2,2.5,1,0,6.4,3.6,7.77,36.92,1,1
6457,21.0,0,5.7,5.8,4.7,1.9,98.3,62.6,6.9,1.9,5.4,6.6,2,0,4.7,1.0,3.03,64.77,0,0
6458,19.0,0,3.0,5.7,3.2,2.4,100.0,92.5,1.5,1.9,3.1,5.7,1,0,3.9,3.1,6.04,62.65,2,2
6459,16.0,1,2.8,8.6,2.8,4.0,68.3,87.5,4.9,2.1,3.6,5.8,0,0,6.7,1.9,5.1,56.14,2,2
6460,19.0,0,3.6,7.9,5.1,1.9,91.0,55.0,3.9,9.3,5.0,4.8,2,1,4.050203624516392,0.4,5.44,49.2,2,2
6461,18.0,1,3.5,6.8,6.7,3.3,69.0,66.8,7.0,2.1,5.8,9.4,1,0,2.9,4.6,7.1,62.32,2,2
6462,22.0,0,2.8,8.1,7.6,3.7,75.4,72.2,5.1,8.0,3.3,3.7,0,0,5.3,1.4,7.91,54.45,2,2
6463,24.0,1,4.2,7.4,6.7,2.4,89.0,74.3,7.1,1.6,6.3,5.957923664122137,0,0,4.6,2.1,6.65,56.3,2,2
6464,18.0,0,3.1,5.5,4.7,4.3,81.8,73.7,4.5,0.4,4.1,6.8,2,1,5.2,2.8,5.52,47.7,2,2
6465,23.0,1,4.4,3.9,9.3,2.2,82.2,91.2,5.991217524197657,2.2,4.8,9.3,1,0,1.0,1.0,7.41,47.22,2,2
6466,16.0,1,1.2,6.3,12.7,4.7,94.3,77.6,4.8,3.9,6.9,3.3,2,1,3.1,7.7,8.37,39.56,1,1
6467,20.0,0,3.8,8.4,9.7,3.2,94.2,76.5,5.3,3.1,1.0,7.0,0,0,5.0,7.6,4.94,67.66,0,0
6468,17.0,1,2.0,6.4,5.1,3.3,80.7,61.4,6.5,3.6,5.4,5.4,1,0,5.3,2.0,6.04,65.87,0,0
6469,24.0,0,2.9,7.6,7.3,1.4,71.8,78.0,7.0,1.6,5.0,10.0,1,1,6.9,2.3,3.37,67.93,0,0
6470,22.0,1,4.5,7.2,7.4,2.6,80.0,74.5,9.1,1.9,3.2,7.4,0,1,4.9,9.5,6.46,65.13,0,0
6471,21.0,1,1.0,4.8,10.0,3.4,66.9,66.4,8.5,3.1,9.6,5.5,1,1,5.6,4.1,2.94,15.99,1,1
6472,23.0,0,2.6,6.5,5.2,4.8,90.2,54.3,8.1,3.1,3.2,3.1,0,0,0.7,6.3,7.32,60.58,2,2
6473,21.0,1,5.3,7.5,3.6,2.4,77.6,98.0,6.9,9.2,7.2,6.0,1,0,1.8,4.6,5.86,83.3,0,0
6474,25.0,1,1.4,6.0,8.8,4.8,65.6,100.0,4.9,7.8,7.0,5.8,1,0,6.2,3.3,5.83,39.29,1,1
6475,22.0,0,7.8,6.5,7.0,1.6,97.4,79.4,7.4,2.3,6.3,1.0,2,1,5.7,6.7,8.03,53.08,2,2
6476,24.0,1,6.6,7.5,3.2,3.6,79.8,100.0,8.6,4.2,3.1,5.8,2,0,0.3,9.4,6.76,78.82,0,0
6477,20.0,1,3.2,7.1,7.8,2.1,70.3,79.1,8.6,1.3,7.1,9.3,0,0,2.3,0.8,4.92,56.18,2,2
6478,17.0,1,2.6,8.4,10.6,5.8,94.9,50.0,6.0,3.8,3.9,7.2,0,0,7.1,5.8,5.4,37.48,1,1
6479,20.0,1,4.6,7.5,4.3,5.5,96.3,80.4,5.2,9.7,1.0,5.9,0,1,5.7,1.4,6.9,81.61,0,0
6480,17.0,0,1.3,5.8,3.8,3.5,55.5,68.9,7.7,4.8,5.3,5.8,1,0,3.4,12.4,7.23,46.84,2,2
6481,21.0,1,0.2,6.976601980998585,6.1,2.0,94.4,83.6,0.6,3.2,5.8,5.0,1,0,5.0,12.2,6.01,35.26,1,1
6482,20.0,0,3.3,7.0,7.7,0.3,82.1,100.0,9.5,2.7,7.2,4.5,0,0,4.2,2.6,6.1,66.11,0,0
6483,21.0,1,3.9,8.7,5.8,3.7,92.6,65.9,8.7,1.9,3.9,6.9,2,0,2.7,4.8,6.97,64.79,0,0
6484,16.0,1,4.4,6.4,8.8,3.4,79.1,82.0,5.4,5.7,9.5,5.0,0,1,2.4,1.9,7.78,41.89,1,1
6485,18.0,1,3.0,4.7,6.7,4.5,84.9,90.5,5.3,2.4,5.4,6.4,1,0,8.2,3.4,7.0,56.28,2,2
6486,20.0,0,6.7,7.6,8.5,0.4,76.0,99.4,10.0,2.5,7.6,7.6,1,1,2.5,8.0,4.54,67.43,0,0
6487,25.0,2,1.2,6.0,4.2,3.3,92.9,92.7,3.7,0.7,7.0,2.4,2,1,4.5,4.1,4.91,37.87,1,1
6488,19.0,0,1.9,5.3,2.9,3.8,71.3,54.9,5.4,0.4,6.6,2.8,1,0,0.0,2.2,6.489753023681269,28.86,1,1
6489,19.0,2,5.2,7.0,5.1,1.4,93.3,54.9,9.9,0.7,8.1,4.4,0,0,10.0,7.8,5.74,65.13,0,0
6490,22.0,1,1.9,8.3,2.6,3.2,82.3,88.8,3.6,2.4,5.0,5.0,0,1,9.0,6.2,9.16,68.12,0,0
6491,21.0,1,1.8,6.3,7.0,1.7,89.8,68.1,6.4,1.6,6.8,4.1,0,0,1.9,16.8,6.02,39.39,1,1
6492,19.0,1,4.4,7.6,1.0,1.5,66.9,57.3,5.5,2.6,5.3,4.2,2,0,6.8,1.2,4.35,51.66,2,2
6493,19.0,1,2.1,7.9,4.9,2.0,85.5,96.4,10.0,1.9,5.3,4.1,1,1,7.0,12.2,9.98,73.43,0,0
6494,18.0,1,3.9,8.0,5.3,2.5,86.9,68.3,4.8,0.2,4.1,4.4,2,0,2.7,2.9,4.73,45.34,1,1
6495,25.0,1,2.8,6.0,3.4,5.2,100.0,100.0,3.0,5.9,5.3,7.4,1,0,5.8,4.6,5.52,63.19,0,0
6496,17.0,1,2.5,5.5,5.2,2.4,89.1,67.1,6.5,0.7,8.5,4.8,0,0,0.9,6.4,6.35,44.69,1,1
6497,19.0,1,0.0,5.7,6.0,1.5,72.4,61.6,4.8,3.9,7.0,8.0,2,0,4.3,3.9,7.45,45.59,1,1
6498,16.0,1,4.5,8.0,9.2,4.5,71.8,73.8,7.3,5.1,6.4,8.5,1,1,5.5,5.9,7.44,66.55,0,0
6499,18.0,1,1.7,7.9,3.4,4.8,89.9,88.6,7.0,7.9,4.2,5.957923664122137,2,0,4.7,2.3,7.13,59.6,2,2
6500,22.0,0,3.9,5.8,6.9,4.5,73.0,80.3,3.4,2.3,4.1,2.9,0,0,4.5,9.7,5.4,44.71,1,1
6501,18.0,1,3.2,9.8,7.4,5.5,73.2,100.0,10.0,3.9,5.542839731870811,4.3,1,0,3.0,3.6,7.35,64.67,0,0
6502,17.0,0,3.8,5.6,5.9,3.3,68.8,78.1,4.7,5.9,8.4,7.5,0,0,4.6,3.6,6.86,51.12,2,2
6503,20.0,0,3.9,8.3,4.8,3.3,81.7,71.8,4.9,2.3,7.4,9.6,1,0,5.6,11.4,6.74,61.76,2,2
6504,16.0,1,4.6,9.0,3.2,1.7,82.9,100.0,7.3,2.3,2.1,1.9,2,0,0.6,1.8,5.35,63.49,0,0
6505,17.0,1,2.7,7.1,10.7,5.5,75.8,85.7,9.6,4.2,7.6,7.9,2,0,4.0,3.1,7.31,62.47,2,2
6506,23.0,1,6.7,6.0,6.2,2.8,100.0,67.6,3.2,0.5,8.2,4.0,0,1,6.2,4.1,8.35,49.41,2,2
6507,22.0,0,0.5,6.0,5.2,2.5,87.4,79.3,5.0,2.3,6.0,2.2,0,0,10.0,8.9,9.23,61.34,2,2
6508,24.0,1,3.7,6.7,11.3,2.3,100.0,78.9,8.1,1.5,9.0,7.6,1,0,9.9,13.9,5.74,55.07,2,2
6509,23.0,1,5.9,8.4,6.6,4.1,81.7,71.3,4.7,6.0,3.2,3.0,2,0,2.7,0.1,7.88,52.5,2,2
6510,22.0,1,5.2,5.4,12.4,3.2,70.5,78.3,6.3,0.6,6.0,2.9,2,0,5.2,2.9,6.489753023681269,25.22,1,1
6511,16.0,0,2.3,4.6,2.5,3.3,67.1,51.8,5.1,0.6,8.6,10.0,0,0,5.0,5.8,7.54,37.14,1,1
6512,22.0,1,2.6,7.5,5.4,2.4,78.4,68.6,7.1,3.0,6.9,2.3,1,0,0.0,2.8,10.0,62.31,2,2
6513,23.0,0,2.2,7.8,2.6,2.6,89.8,82.8,3.3,0.7,9.7,3.4,0,0,2.2,5.4,5.03,48.41,2,2
6514,23.0,0,5.4,9.6,5.7,2.7,76.1,65.5,6.7,0.5,4.1,5.8,1,1,0.5,6.7,6.91,46.54,1,1
6515,20.0,0,2.7,5.2,5.7,5.6,91.1,59.0,7.1,3.9,3.4,4.4,0,1,3.3,2.9,6.02,37.43,1,1
6516,18.0,0,4.7,6.8,4.9,0.0,98.2,74.3,7.5,2.1,4.1,6.7,0,0,4.2,5.9,5.41,75.07,0,0
6517,23.0,0,4.7,8.5,6.1,3.8,69.5,66.5,4.8,2.9,4.9,7.0,1,0,3.2,3.7,7.14,56.47,2,2
6518,22.0,0,8.9,7.2,5.0,5.0,65.7,51.2,9.2,3.0,10.0,3.8,1,1,3.8,2.7,4.21,34.73,1,1
6519,25.0,0,4.219583121504829,6.7,5.7,0.0,92.3,51.7,1.4,2.2,4.1,10.0,0,0,2.6,6.1,6.03,64.22,0,0
6520,17.0,1,2.6,8.0,4.1,2.9,83.5,82.3,4.5,0.6,4.9,2.6,2,1,4.5,1.7,6.51,48.84,2,2
6521,18.0,1,1.3,6.2,9.6,4.8,84.2,76.6,10.0,2.1,2.9,5.3,0,0,3.8,2.1,7.41,45.25,1,1
6522,18.0,0,3.6,8.1,3.2,1.6,89.1,80.7,6.1,5.2,4.1,5.7,2,0,1.3,1.9,5.67,62.37,2,2
6523,23.0,0,4.0,5.4,6.5,3.5,60.2,69.6,8.5,3.8,5.8,6.1,0,1,10.0,2.2,6.04,48.52,2,2
6524,18.0,0,0.0,5.0,3.0,1.3,85.7,47.8,6.4,1.3,1.0,7.6,2,1,4.8,2.5,9.05,47.69,2,2
6525,16.0,0,2.8,6.6,3.9,3.1,82.3,59.3,9.8,4.1,5.1,7.6,1,0,6.3,1.3,4.63,64.96,0,0
6526,25.0,0,4.8,3.7,4.2,5.3,86.0,69.2,5.6,13.4,3.5,5.8,0,0,2.0,2.5,7.12,50.86,2,2
6527,16.0,1,3.1,7.1,5.7,6.1,67.6,82.8,6.5,2.8,6.0,8.4,0,1,2.9,9.6,6.88,56.65,2,2
6528,23.0,0,6.1,4.7,6.4,3.5,81.0,43.5,7.9,1.6,8.0,2.9,0,0,3.3,2.7,6.91,25.54,1,1
6529,19.0,1,1.1,7.4,3.2,0.7,73.7,33.4,9.4,4.5,4.5,6.4,1,0,7.0,13.9,6.18,56.72,2,2
6530,23.0,1,5.6,7.2,5.0,2.4,93.6,100.0,5.991217524197657,0.8,5.8,8.0,0,1,2.3,3.0,3.97,51.49,2,2
6531,20.0,0,6.0,6.9,3.5,0.0,78.9,85.8,7.1,1.7,5.542839731870811,6.0,1,0,2.6,7.2,8.48,72.96,0,0
6532,24.0,0,6.1,7.6,3.4,2.5,72.2,59.2,4.1,0.3,7.6,5.4,1,0,0.5,4.3,5.13,44.75,1,1
6533,24.0,1,1.1,7.3,8.8,4.7,67.1,70.8,5.9,8.9,5.542839731870811,5.8,1,1,6.7,7.7,5.5,56.29,2,2
6534,16.0,1,4.8,6.6,2.5,0.5,91.3,67.4,4.8,3.2008618067525094,7.8,6.4,0,0,0.0,6.1,4.69,53.26,2,2
6535,17.0,1,2.9,9.4,6.2,2.6,92.8,80.2,1.1,2.1,6.0,6.4,1,0,0.0,0.8,7.71,47.18,2,2
6536,18.0,0,1.4,7.5,10.2,1.5,100.0,65.9,8.3,1.2,9.0,7.7,2,1,5.0,4.1,5.49,55.4,2,2
6537,21.0,0,3.4,8.0,9.0,6.2,75.8,54.3,3.1,6.7,6.6,7.6,0,1,1.9,6.6,8.85,61.7,2,2
6538,24.0,1,2.4,8.4,7.1,3.7,66.8,83.8,5.8,1.5,5.7,5.5,0,0,5.4,2.0,6.43,52.1,2,2
6539,20.0,0,6.0,7.9,6.0,4.5,78.4,100.0,5.8,12.6,7.6,6.5,0,0,4.2,4.6,7.39,72.17,0,0
6540,21.0,0,5.2,9.7,7.8,3.5,70.9,84.5,4.3,2.7,9.3,5.2,1,0,1.1,1.2,6.25,38.15,1,1
6541,18.0,1,1.9,7.2,6.9,4.4,71.8,76.4,7.4,5.0,9.0,2.2,2,0,2.5,14.1,7.08,41.13,1,1
6542,23.0,1,2.8,7.0,9.6,4.9,86.2,71.1,5.2,9.4,10.0,8.9,0,1,1.9,5.5447261663286005,7.3,44.79,1,1
6543,25.0,0,3.4,6.2,5.7,3.1,94.2,60.8,4.4,4.7,5.3,9.5,0,0,2.1,4.4,5.89,66.28,0,0
6544,18.0,0,4.1,6.7,8.5,2.0,85.4,67.7,2.8,1.0,6.1,6.5,0,0,0.1,9.8,5.42,45.05,1,1
6545,20.0,0,6.2,6.0,5.2,1.3,81.5,82.1,4.0,2.8,4.8,5.2,0,0,3.2,6.4,5.62,66.07,0,0
6546,17.0,0,5.6,7.9,10.7,6.2,90.7,96.4,6.9,1.1,3.5,4.8,0,0,5.8,3.1,4.16,69.24,0,0
6547,20.0,2,4.3,5.8,5.6,4.5,77.0,97.2,1.6,1.3,6.8,9.2,0,0,9.7,3.9,4.82,52.33,2,2
6548,20.0,1,3.7,7.1,2.0,0.0,98.8,78.1,9.7,1.9,1.0,4.4,1,1,3.1,11.8,3.0,77.37,0,0
6549,17.0,0,0.7,7.7,6.2,2.6,100.0,78.4,5.991217524197657,0.9,6.4,4.3,0,0,4.1,3.6,7.62,64.05,0,0
6550,20.0,1,6.8,7.2,7.9,3.7,71.8,75.9,4.1,1.9,8.5,1.1,2,0,2.9,5.7,7.84,40.78,1,1
6551,19.0,1,3.3,5.8,10.1,6.0,95.7,85.3,7.3,2.7,7.3,7.4,0,1,2.4,3.3,7.0,52.95,2,2
6552,20.0,1,7.3,7.9,3.5,1.0,95.7,75.9,5.1,4.2,7.2,9.4,0,0,2.3,0.3,5.25,72.17,0,0
6553,21.0,1,4.6,6.9,1.6,3.8,86.9,76.2,8.0,3.1,1.5,7.1,2,0,4.2,2.6,5.97,75.31,0,0
6554,16.0,2,8.3,3.3,7.2,2.3,96.7,59.5,3.7,2.2,9.2,4.8,1,1,7.0,2.9,6.82,15.95,1,1
6555,22.0,2,5.4,5.7,7.2,0.8,84.6,74.2518720906699,3.8,2.9,4.7,1.9,1,0,4.4,7.6,6.05,52.43,2,2
6556,22.0,1,1.3,8.8,2.5,5.4,88.4,62.6,7.3,2.6,6.7,7.0,0,1,3.6,9.6,6.94,54.39,2,2
6557,19.0,0,3.0,8.9,5.2,1.3,81.1,79.3,8.6,2.6,4.5,6.7,0,1,5.1,3.3,7.93,61.09,2,2
6558,16.0,0,3.9,7.7,5.3,4.7,81.8,69.5,6.4,0.2,5.1,4.6,0,1,3.2,23.6,7.31,45.35,1,1
6559,22.0,0,2.5,8.0,8.1,0.1,88.3,100.0,6.5,1.5,7.3,5.7,1,0,3.7,6.0,9.53,64.99,0,0
6560,25.0,0,3.4,6.0,5.0,2.1,85.5,82.0,4.2,1.3,8.2,7.4,0,0,6.5,3.6,6.37,47.16,2,2
6561,18.0,1,1.5,6.7,4.9,4.0,66.4,100.0,4.9,0.7,5.0,7.7,1,1,7.0,5.6,7.97,57.72,2,2
6562,19.0,1,4.2,8.6,6.3,4.3,86.6,100.0,4.6,0.6,5.9,5.957923664122137,2,0,2.5,5.2,5.65,58.34,2,2
6563,18.0,0,4.7,7.6,2.6,3.8,76.8,82.6,8.8,3.2008618067525094,3.0,8.9,1,0,6.0,5.5447261663286005,6.15,73.17,0,0
6564,21.0,0,2.2,7.1,10.8,4.8,72.8,74.3,9.1,4.9,7.8,5.957923664122137,0,0,3.1,2.6,7.78,47.14,2,2
6565,17.0,0,8.1,6.8,8.3,2.5,92.6,58.8,7.1,2.0,1.0,7.5,1,0,0.3,5.7,7.15,61.43,2,2
6566,19.0,0,4.3,8.5,4.2,5.5,67.9,64.2,10.0,2.9,2.4,5.2,0,0,6.4,2.2,7.54,55.94,2,2
6567,22.0,0,2.6,8.5,3.2,3.6,76.5,90.1,7.4,5.6,1.0,3.8,1,0,3.1,1.4,6.51,72.73,0,0
6568,21.0,0,0.9,7.8,3.4,4.3,66.1,79.9,8.6,1.9,4.8,7.1,2,0,4.050203624516392,2.9,3.62,53.06,2,2
6569,20.134890807516506,2,4.3,7.1,7.5,3.7,74.8,63.4,5.5,1.2,5.2,7.0,2,0,0.0,2.6,4.2,50.75,2,2
6570,19.0,1,3.7,6.5,3.5,3.9,79.81730107309173,71.3,5.7,0.5,6.3,4.9,0,0,3.8,8.7,6.4,67.36,0,0
6571,21.0,1,5.8,7.9,5.4,1.2,70.1,80.9,5.7,3.3,7.9,8.2,0,0,2.1,7.1,5.31,64.62,0,0
6572,16.0,1,3.9,5.6,1.8,1.3,78.0,75.4,3.9,4.3,4.8,5.5,2,0,7.5,2.8,6.489753023681269,54.48,2,2
6573,17.0,0,1.8,5.8,7.4,2.0,98.1,70.7,5.0,4.6,5.542839731870811,1.7,1,0,3.3,8.6,3.8,45.22,1,1
6574,24.0,0,7.5,5.1,7.4,3.9,85.7,74.0,6.7,4.0,2.3,6.3,0,1,6.1,6.1,6.44,56.82,2,2
6575,17.0,1,5.1,8.6,5.5,1.9,78.2,31.5,4.7,1.6,6.8,3.0,0,0,4.9,6.2,5.25,41.05,1,1
6576,22.0,2,3.7,6.1,6.5,2.5,71.0,75.3,7.2,4.9,4.7,1.0,2,0,2.7,3.1,6.02,48.12,2,2
6577,24.0,0,4.5,7.5,8.0,2.9,88.8,56.0,4.4,6.0,4.8,5.5,1,0,6.4,3.9,7.46,55.39,2,2
6578,18.0,0,5.1,6.8,6.4,5.6,75.8,81.5,4.3,1.7,5.4,7.4,1,0,3.8,2.6,6.82,52.9,2,2
6579,19.0,1,1.3,10.0,8.0,4.1,100.0,77.4,6.0,0.6,3.9,5.1,2,1,5.2,3.7,9.52,56.81,2,2
6580,21.0,0,4.5,7.6,3.1,0.4,76.3,88.5,1.5,1.3,5.1,6.3,2,0,4.7,1.5,6.51,52.14,2,2
6581,24.0,0,3.3,4.6,6.9,3.3,100.0,88.6,8.4,3.6,8.3,5.2,2,0,5.0,0.8,4.52,42.04,1,1
6582,24.0,0,5.2,8.5,6.5,2.5,91.4,100.0,7.6,4.9,8.1,5.3,0,0,5.1,1.7,4.85,72.64,0,0
6583,22.0,0,2.7,6.5,9.0,2.6,91.3,39.3,7.8,4.5,5.9,2.3,2,0,5.7,2.0,7.76,45.38,1,1
6584,17.0,0,3.0,6.7,6.1,3.0,77.9,72.7,7.6,2.4,4.9,1.0,0,0,5.3,2.0,8.18,42.53,1,1
6585,21.0,1,7.5,6.1,6.047861775435752,5.0,74.0,38.3,5.7,2.7,5.542839731870811,6.3,1,1,4.3,5.1,6.09,52.01,2,2
6586,20.134890807516506,0,6.7,7.3,4.6,1.5,76.6,83.8,6.5,6.4,3.3,4.7,0,1,5.3,2.5,7.55,75.95,0,0
6587,20.0,1,0.0,7.2,9.7,3.4,93.6,72.0,6.9,2.1,8.1,3.0,0,1,4.4,6.4,6.57,41.67,1,1
6588,16.0,1,6.5,6.2,1.0,3.5,86.8,66.5,2.8,4.0,5.5,5.4,2,1,5.0,0.8,4.49,60.22,2,2
6589,18.0,1,4.219583121504829,6.3,7.3,2.6,55.7,79.8,6.4,3.0,1.3,3.0,0,1,0.0,6.4,9.05,60.61,2,2
6590,23.0,1,2.8,7.1,5.9,1.9,63.2,56.0,5.2,0.3,2.6,5.8,2,0,0.5,0.4,5.9,44.67,1,1
6591,20.0,1,2.2,4.0,5.5,1.6,78.2,100.0,10.0,0.1,3.2,1.0,2,1,6.0,6.8,4.87,36.42,1,1
6592,19.0,0,2.3,5.1,5.2,2.2,87.0,70.6,5.6,1.0,1.0,8.7,1,0,4.3,9.9,6.27,61.85,2,2
6593,19.0,0,2.8,9.2,5.9,4.3,77.0,76.4,5.7,3.9,3.9,8.2,1,0,0.0,10.0,6.34,45.72,1,1
6594,23.0,1,1.9,7.4,7.2,2.4,73.5,72.7,3.3,0.8,1.0,3.9,2,1,4.0,10.1,7.24,51.5,2,2
6595,22.0,0,1.5,6.3,4.0,2.8,67.2,91.6,5.1,3.2,6.1,6.9,0,0,4.4,1.3,7.45,46.67,2,1
6596,18.0,1,2.1,4.8,6.3,0.9,91.9,53.4,1.3,0.7,5.5,4.6,0,0,7.0,3.2,6.68,25.44,1,1
6597,17.0,1,4.8,6.9,6.9,2.1,81.3,89.9,10.0,1.2,7.7,10.0,0,0,4.2,3.8,7.72,80.58,0,0
6598,18.0,0,4.3,8.3,3.6,3.4,100.0,65.7,7.3,3.7,6.3,2.6,0,1,7.2,1.0,5.72,61.05,2,2
6599,24.0,0,5.3,10.0,7.3,0.0,63.1,65.8,5.2,2.6,10.0,8.5,0,1,5.4,3.9,6.489753023681269,39.99,1,1
6600,21.0,0,4.1,9.5,6.9,4.9,89.0,90.8,7.1,1.4,4.7,8.0,0,0,3.1,5.4,4.56,63.65,0,0
6601,20.0,1,1.6,5.8,4.0,1.9,87.1,70.2,3.9,2.3,4.2,3.4,0,0,1.7,3.2,4.58,36.93,1,1
6602,21.0,0,5.2,6.4,3.0,6.2,91.0,86.0,5.6,1.9,7.9,8.4,1,0,3.9,4.9,2.7,56.36,2,2
6603,19.0,0,2.2,5.1,4.0,3.8,90.7,86.4,3.6,1.8,6.1,5.0,0,0,5.3,7.6,4.48,36.91,1,1
6604,23.0,2,5.5,5.9,6.3,0.0,73.4,68.7,2.6,1.4,5.6,4.2,1,1,6.9,8.1,7.18,50.29,2,2
6605,20.0,1,1.9,6.7,5.8,3.5,77.7,79.2,7.7,3.3,7.7,6.6,2,1,4.5,3.5,7.64,55.39,2,2
6606,17.0,0,2.8,6.5,9.5,2.4,82.2,66.3,5.8,1.0,7.9,5.5,2,1,4.0,2.2,7.8,42.6,1,1
6607,17.0,0,3.5,9.7,5.1,3.5,67.0,74.6,2.2,3.6,1.5,6.3,2,1,0.0,13.5,6.89,44.67,1,1
6608,20.0,2,5.5,5.3,3.8,5.9,93.4,83.5,4.2,6.5,5.2,4.5,1,1,6.2,5.0,6.47,64.2,0,0
6609,24.0,1,4.6,6.9,7.6,4.3,47.8,57.8,8.9,5.9,6.5,6.0,2,0,6.6,6.2,10.0,60.26,2,2
6610,19.0,0,4.2,4.3,3.5,2.6,64.9,82.9,4.4,1.2,1.0,8.2,2,0,3.2,1.9,8.28,48.09,2,2
6611,23.0,1,8.0,7.4,4.0,0.5,58.2,80.7,7.4,12.6,3.7,3.7,0,0,5.8,6.0,7.62,68.15,0,0
6612,22.0,0,0.5,5.3,4.1,4.6,94.3,48.2,4.4,1.2,6.6,6.7,1,1,3.2,3.9,8.41,33.35,1,1
6613,18.0,1,2.1,8.4,1.0,3.9,82.8,61.6,6.5,3.9,7.7,4.6,0,0,3.6,1.7,4.8,50.82,2,2
6614,16.0,1,2.0,6.6,7.4,5.1,73.1,62.6,7.2,1.3,4.7,4.5,0,0,4.2,11.3,6.83,45.11,1,1
6615,17.0,0,0.7,5.2,8.3,2.7,81.3,67.0,4.5,2.9,3.1,10.0,2,1,1.8,2.5,3.57,29.49,1,1
6616,22.0,1,2.8,4.3,8.3,3.5,83.4,57.8,5.7,6.5,5.7,9.4,2,0,8.6,5.1,9.58,58.23,2,2
6617,20.134890807516506,1,5.6,5.7,10.7,2.6,63.9,91.9,6.7,2.3,5.2,4.6,0,1,1.7,7.9,6.06,43.08,1,1
6618,19.0,1,3.0,7.3,9.8,3.2,81.9,94.1,4.8,4.3,4.1,4.8,0,0,1.4,8.7,5.62,57.8,2,2
6619,20.0,1,3.5,7.5,5.2,0.3,98.1,60.8,5.5,2.8,2.3,4.2,1,1,5.9,8.9,6.1,73.07,0,0
6620,22.0,2,0.8,6.4,8.8,3.6,100.0,54.2,3.9,1.0,4.4,7.8,0,0,4.5,3.5,8.46,51.45,2,2
6621,17.0,0,2.6,8.2,5.8,3.7,91.1,74.8,6.2,2.9,2.0,3.0,0,1,3.5,2.0,4.73,56.72,2,2
6622,19.0,0,3.3,5.5,4.9,2.1,83.4,98.9,8.4,2.2,3.9,6.9,0,1,2.9,4.8,5.84,59.39,2,2
6623,20.0,1,5.5,6.976601980998585,4.1,4.1,92.0,100.0,3.4,2.2,5.3,10.0,1,1,3.6,5.4,4.48,40.2,1,1
6624,20.0,0,0.9,7.4,5.3,4.6,89.2,62.9,4.4,3.6,4.0,6.4,0,0,1.9,4.8,6.64,49.66,2,2
6625,23.0,0,3.3,8.7,6.8,5.5,65.4,34.1,1.5,5.6,9.7,8.3,0,0,8.9,4.5,6.6,41.86,1,1
6626,18.0,0,6.4,8.7,10.0,1.2,68.1,48.2,7.1,6.4,5.2,8.0,0,0,1.5,2.3,7.43,56.14,2,2
6627,23.0,0,3.3,5.3,7.8,4.2,88.3,42.9,2.5,7.1,7.5,5.0,0,0,1.2,2.5,6.74,30.32,1,1
6628,22.0,0,0.0,6.3,6.047861775435752,5.4,71.3,82.5,7.1,1.2,5.7,3.0,0,0,4.8,12.8,5.43,31.14,1,1
6629,20.0,0,6.8,7.9,3.4,2.4,66.7,76.8,7.3,1.9,2.9,8.3,2,0,9.0,1.0,7.2,67.36,0,0
6630,22.0,1,5.7,6.2,7.4,5.5,79.81730107309173,78.9,8.0,1.3,4.1,8.2,1,0,8.0,1.0,5.76,57.63,2,2
6631,19.0,1,5.9,7.1,8.3,1.7,80.8,95.3,6.8,4.8,5.1,10.0,0,1,6.3,3.1,8.18,83.21,0,0
6632,17.0,0,0.7,6.1,6.047861775435752,3.1,79.2,100.0,2.7,4.4,4.1,6.0,0,0,3.9,5.5447261663286005,8.24,51.93,2,2
6633,21.0,0,7.2,5.6,5.3,0.0,64.4,90.2,5.7,0.9,5.4,3.8,2,0,4.4,4.5,6.45,51.22,2,2
6634,20.0,1,2.7,5.8,7.2,0.0,74.2,88.2,6.4,1.5,4.1,6.2,2,1,0.0,0.8,6.92,45.77,1,1
6635,21.0,1,3.2,8.2,8.1,0.2,75.5,48.5,7.2,7.4,5.7,4.4,1,0,9.3,1.9,3.34,50.2,2,2
6636,19.0,0,2.8,7.0,2.6,5.6,68.2,65.8,7.3,1.5,7.6,7.9,2,0,6.0,3.2,6.92,51.97,2,2
6637,24.0,0,6.1,8.7,6.7,1.6,64.2,99.9,5.1,0.4,7.3,7.6,2,0,9.2,4.4,7.24,64.72,0,0
6638,21.0,1,4.219583121504829,7.7,8.3,1.6,100.0,65.1,5.8,2.9,6.2,7.4,1,0,4.5,0.3,7.0,56.68,2,2
6639,17.0,1,5.2,9.1,7.3,3.7,98.3,94.9,5.8,2.2,5.8,4.5,1,1,5.4,4.4,5.72,64.11,0,0
6640,20.0,0,4.4,8.1,5.8,1.7,78.6,77.2,3.2,3.7,3.1,5.6,1,1,6.5,7.0,6.84,69.31,0,0
6641,22.0,0,4.0,8.0,12.5,5.2,62.7,89.1,3.9,4.5,7.9,2.4,1,0,0.0,2.2,4.33,39.14,1,1
6642,23.0,1,2.3,6.8,10.8,6.4,57.6,59.3,5.8,6.6,1.5,3.9,2,0,3.3,9.7,6.59,36.68,1,1
6643,20.0,0,7.8,10.0,6.0,0.0,74.1,88.7,4.2,4.6,4.7,4.6,1,0,4.9,5.8,3.18,49.77,2,2
6644,24.0,0,1.3,7.1,5.5,3.9,50.7,74.2518720906699,2.8,0.5,3.5,3.5,0,1,9.2,1.9,7.96,34.1,1,1
6645,18.0,0,5.0,4.4,7.8,0.0,74.1,79.1,5.991217524197657,2.2,6.8,4.9,0,0,7.3,2.0,6.08,37.61,1,1
6646,19.0,2,5.0,7.3,5.9,0.6,53.7,74.5,7.5,3.4,9.3,6.4,0,1,6.2,3.6,5.41,54.6,2,2
6647,24.0,2,6.5,5.7,9.2,3.9,78.8,96.5,6.8,7.2,4.7,3.5,0,0,4.5,1.3,6.7,57.34,2,2
6648,24.0,1,7.0,8.3,2.8,1.3,82.6,90.0,6.3,4.4,9.1,3.7,0,1,3.7,1.9,5.92,63.01,2,2
6649,22.0,1,3.9,7.9,5.4,3.5,77.6,43.2,5.3,3.6,4.4,6.4,1,0,0.9,3.1,7.83,58.14,2,2
6650,23.0,1,5.3,6.8,7.7,3.1,100.0,60.4,4.7,4.0,4.1,5.7,1,1,6.2,7.3,5.76,61.39,2,2
6651,17.0,1,7.7,5.8,8.5,0.0,77.3,63.6,1.6,15.0,4.0,6.9,0,1,3.4,1.2,6.49,50.48,2,2
6652,23.0,1,4.1,7.2,2.3,4.2,100.0,87.5,7.3,1.0,8.2,8.0,0,1,3.4,8.2,6.31,76.13,0,0
6653,19.0,1,2.1,6.2,3.6,3.5,83.9,66.1,5.1,5.7,8.1,7.3,0,0,5.2,2.5,6.36,56.77,2,2
6654,18.0,2,3.4,8.0,1.8,3.1,100.0,55.4,7.4,3.6,4.8,8.0,2,0,4.050203624516392,7.4,7.17,65.51,0,0
6655,18.0,0,1.6,7.7,3.8,1.8,57.2,50.4,3.9,5.1,6.9,7.2,1,0,7.1,0.9,7.38,41.42,1,1
6656,19.0,0,4.9,10.0,2.8,3.7,65.9,88.1,9.6,8.8,4.3,1.0,1,0,4.0,5.9,4.44,59.42,2,2
6657,18.0,0,6.3,6.4,6.047861775435752,0.7,76.3,37.7,6.4,5.1,7.9,4.1,1,0,2.6,13.6,4.44,40.8,1,1
6658,19.0,1,4.0,6.6,6.6,1.2,100.0,94.0,5.7,2.5,4.4,2.8,0,0,4.2,3.4,8.29,72.99,0,0
6659,17.0,1,1.0,6.8,5.6,3.6,76.9,51.8,3.8,6.5,7.5,5.9,1,1,5.8,3.1,4.09,40.85,1,1
6660,19.0,1,6.2,6.9,6.1,4.9,71.2,66.9,6.4,0.9,7.2,5.1,1,0,2.2,17.7,7.92,38.61,1,1
6661,21.0,0,0.6,8.3,9.0,2.1,87.9,54.0,7.4,2.2,6.5,7.9,2,0,2.9,3.7,6.73,47.17,2,2
6662,20.0,1,1.1,6.6,3.4,3.8,91.8,58.5,1.1,4.2,1.0,2.2,1,0,5.8,6.8,5.47,43.53,1,1
6663,19.0,0,3.8,9.6,1.2,3.4,70.0,74.2518720906699,5.7,8.5,7.2,3.0,2,0,6.1,8.1,5.23,53.68,2,2
6664,22.0,0,4.7,7.8,7.8,3.7,71.0,72.5,5.7,3.3,8.2,4.8,1,0,0.9,9.1,3.72,44.69,1,1
6665,24.0,1,5.0,6.4,5.0,1.8,100.0,47.2,7.0,4.4,6.0,7.1,0,0,4.7,1.8,2.88,61.34,2,2
6666,22.0,1,4.1,6.0,3.5,2.7,96.2,67.7,2.3,8.7,7.5,5.1,0,0,6.8,2.5,7.03,60.41,2,2
6667,19.0,0,7.7,8.4,7.4,2.9,99.7,76.9,7.8,4.8,5.4,7.4,0,0,0.0,5.0,6.5,75.68,0,0
6668,22.0,0,4.3,7.0,1.1,5.7,92.2,83.4,7.6,0.6,3.8,5.6,2,0,6.6,7.9,6.73,76.42,0,0
6669,17.0,0,6.3,7.0,3.9,1.0,68.9,38.2,7.7,0.4,5.3,6.0,1,0,8.6,19.0,6.23,46.93,2,2
6670,17.0,1,5.8,6.2,1.0,0.5,79.6,66.4,4.5,2.7,8.9,6.4,1,1,4.8,5.0,3.8,62.13,2,2
6671,19.0,0,1.6,6.9,6.6,8.4,66.2,38.0,8.5,1.6,6.4,1.2,0,0,1.7,5.5,6.8,27.46,1,1
6672,23.0,1,3.9,6.2,9.9,3.6,92.7,65.9,4.2,1.5,3.9,5.957923664122137,0,0,4.5,6.2,7.55,57.74,2,2
6673,18.0,2,8.4,8.8,4.6,4.0,72.9,67.3,1.4,3.9,7.5,5.3,0,0,3.9,1.5,5.64,35.86,1,1
6674,16.0,0,3.2,7.9,4.0,4.2,57.7,86.3,6.7,1.1,7.2,7.3,2,1,0.1,9.1,4.89,54.58,2,2
6675,17.0,0,2.9,6.8,10.5,4.4,81.5,92.5,5.9,0.5,8.4,9.8,1,0,0.0,10.6,6.41,53.91,2,2
6676,23.0,1,4.5,6.8,7.6,4.6,94.6,56.6,8.7,0.5,3.1,8.8,0,0,1.3,10.9,9.59,74.31,0,0
6677,21.0,0,3.3,7.1,12.0,4.4,62.1,80.3,3.7,2.1,4.0,5.8,1,1,0.0,1.1,4.2,44.29,1,1
6678,18.0,1,2.6,7.0,6.4,5.0,78.4,86.8,5.2,0.8,8.7,7.4,0,0,2.6,4.0,7.51,60.72,2,2
6679,20.0,1,3.2,5.8,6.6,3.3,72.8,61.6,5.0,2.4,5.0,4.3,1,0,1.8,12.1,6.54,36.74,1,1
6680,20.0,1,7.1,4.5,9.6,4.9,92.9,88.9,7.8,5.9,1.0,3.0,1,0,2.1,4.3,3.07,45.34,1,1
6681,21.0,0,3.9,6.0,5.6,6.4,53.4,77.4,3.6,5.3,2.1,3.8,1,0,2.7,3.4,8.47,49.57,2,2
6682,18.0,0,1.5,6.8,6.6,3.4,94.8,70.1,8.8,2.5,7.4,7.7,1,0,5.1,8.2,7.24,53.84,2,2
6683,23.0,1,1.2,6.0,1.0,3.9,70.8,77.6,4.4,4.8,4.4,4.6,0,0,3.7,2.4,7.3,56.5,2,2
6684,19.0,0,8.6,8.1,10.3,2.0,77.9,46.6,5.0,5.2,4.0,6.0,1,0,0.0,2.8,4.09,44.61,1,1
6685,22.0,1,3.8,6.7,7.0,2.7,91.2,77.5,6.1,2.9,9.1,5.8,0,0,4.1,4.2,6.24,51.54,2,2
6686,16.0,1,5.1,9.4,5.7,3.6,99.2,59.8,3.8,2.4,6.0,10.0,0,1,7.5,12.1,5.51,59.9,2,2
6687,19.0,1,2.7,6.3,8.3,2.3,80.7,75.5,6.9,2.4,7.8,2.7,1,0,6.6,2.7,4.88,36.98,1,1
6688,19.0,0,4.8,7.2,3.0,3.2,70.6,67.7,6.6,5.5,6.0,5.6,0,0,4.1,4.1,8.5,69.05,0,0
6689,20.0,0,7.1,6.6,4.6,3.6,73.1,80.2,4.6,3.4,4.6,7.2,0,1,5.0,3.3,5.12,53.04,2,2
6690,17.0,0,2.9,7.6,7.4,5.7,95.2,96.5,6.6,2.0,5.542839731870811,6.6,0,0,10.0,5.3,4.96,69.72,0,0
6691,23.0,0,5.1,8.4,6.1,1.4,68.5,77.3,6.7,1.8,4.5,5.3,1,1,3.3,2.8,9.08,62.94,2,2
6692,18.0,1,1.4,7.8,7.1,3.8,84.3,93.0,7.3,4.6,4.7,4.7,2,1,4.8,7.3,6.03,64.93,0,0
6693,21.0,0,8.2,4.4,6.6,1.9,80.1,56.6,8.4,2.2,3.0,8.1,0,0,4.9,5.1,5.8,39.62,1,1
6694,23.0,1,4.7,7.6,7.6,4.4,89.9,100.0,6.9,0.4,7.1,3.5,0,0,1.8,10.1,7.78,58.34,2,2
6695,21.0,0,3.4,5.7,2.7,4.5,80.4,56.8,7.1,0.8,3.8,6.4,1,0,6.2,11.3,9.25,57.48,2,2
6696,22.0,0,3.6,6.6,9.2,6.0,74.4,52.4,3.6,3.2008618067525094,5.542839731870811,4.2,0,0,0.8,2.5,4.69,28.72,1,1
6697,21.0,0,3.2,7.9,4.8,2.2,73.4,70.1,2.6,1.7,4.4,4.4,0,1,1.5,4.7,8.78,54.36,2,2
6698,19.0,0,3.3,5.5,6.1,3.3,73.2,67.0,4.8,1.9,3.6,4.9,0,0,3.1,3.5,6.07,40.23,1,1
6699,23.0,0,0.0,8.5,4.5,4.4,62.1,46.5,6.7,3.0,2.3,5.6,1,0,1.7,9.5,5.53,39.12,1,1
6700,19.0,1,4.0,6.5,5.3,4.2,86.6,54.7,6.9,1.4,4.1,5.0,2,0,4.1,7.3,7.24,52.87,2,2
6701,21.0,0,3.9,9.8,6.6,0.0,82.7,10.3,0.4,4.2,5.0,6.2,2,1,1.9,2.0,5.89,25.15,1,1
6702,22.0,1,5.2,7.1,7.8,1.8,60.9,50.7,6.3,1.9,5.8,7.4,1,1,5.3,5.2,9.3,59.07,2,2
6703,19.0,1,3.2,9.2,8.3,4.0,74.7,74.2518720906699,8.5,4.3,4.5,7.1,2,0,3.9,3.6,6.79,62.86,2,2
6704,19.0,0,2.7,8.6,7.1,2.6,76.4,100.0,10.0,4.6,5.6,6.2,0,0,4.3,1.5,5.96,69.89,0,0
6705,20.0,0,4.2,6.2,4.5,4.5,72.4,87.8,9.2,3.5,6.0,6.0,0,0,3.2,3.0,4.74,51.06,2,2
6706,23.0,1,1.0,5.3,6.9,4.9,78.4,80.8,4.9,5.2,7.2,6.3,2,1,5.8,5.1,5.72,40.92,1,1
6707,24.0,0,4.5,7.1,6.6,2.6,78.6,100.0,4.7,3.8,8.0,6.0,0,0,0.0,7.2,8.62,56.51,2,2
6708,20.134890807516506,2,0.5,6.2,6.1,4.1,91.6,42.7,5.991217524197657,2.0,7.8,6.5,1,1,2.1,5.9,5.2,28.09,1,1
6709,21.0,0,6.4,9.1,7.3,5.6,79.9,73.8,7.8,2.8,3.3,2.6,0,1,4.9,0.8,6.82,57.68,2,2
6710,24.0,0,5.6,6.7,2.8,4.8,87.7,100.0,8.5,1.5,5.7,3.0,0,0,0.9,3.2,7.35,60.05,2,2
6711,17.0,0,2.3,6.6,1.0,1.6,61.9,65.9,7.3,0.8,8.9,5.957923664122137,2,0,2.6,5.5,7.57,50.32,2,2
6712,18.0,1,5.5,5.2,9.0,2.7,66.2,60.1,3.3,2.9,4.4,6.8,1,1,5.9,2.1,6.88,30.19,1,1
6713,22.0,0,4.4,7.5,5.7,3.0,62.1,74.2518720906699,2.9,3.9,8.4,1.9,0,1,6.4,1.7,6.41,44.87,1,1
6714,23.0,0,2.2,5.5,7.0,1.3,74.9,65.0,9.2,3.6,6.2,6.8,0,1,2.4,1.6,9.78,45.38,1,1
6715,23.0,2,0.2,7.6,3.8,4.9,80.7,97.7,5.6,5.3,2.3,4.2,1,0,6.5,1.2,4.66,51.11,2,2
6716,19.0,0,4.8,7.8,9.2,1.8,79.81730107309173,90.0,3.9,2.3,9.8,7.0,1,0,4.5,8.4,3.61,60.13,2,2
6717,17.0,1,2.6,6.0,6.9,2.8,69.2,71.6,3.5,4.6,7.3,3.5,2,0,2.4,5.1,6.66,39.44,1,1
6718,20.0,1,6.4,8.2,5.6,4.9,91.0,92.7,4.8,0.9,6.4,10.0,0,0,4.5,4.4,6.68,64.85,0,0
6719,18.0,1,4.2,6.6,6.7,2.2,69.2,70.8,9.5,6.8,6.4,6.7,0,0,8.5,0.5,1.7,48.37,2,2
6720,19.0,1,2.8,5.1,1.6,2.4,80.3,77.4,5.5,7.8,6.1,8.3,1,1,6.9,21.1,4.14,47.89,2,2
6721,22.0,1,7.8,9.0,6.9,3.6,78.0,85.5,7.6,3.7,5.542839731870811,5.4,2,0,4.2,2.4,5.08,52.23,2,2
6722,17.0,1,5.4,5.8,9.7,2.3,68.0,68.0,6.8,8.7,7.1,7.7,2,0,7.5,1.8,5.39,53.92,2,2
6723,23.0,0,0.0,7.7,6.8,5.8,69.0,100.0,5.9,2.4,4.7,7.2,0,0,6.3,0.9,7.28,52.05,2,2
6724,19.0,0,3.2,7.6,6.5,1.4,100.0,76.3,1.7,2.6,3.1,4.7,1,1,0.0,1.2,7.38,56.86,2,2
6725,21.0,0,1.4,7.5,5.2,0.0,73.1,80.2,7.8,5.1,3.8,5.4,0,0,1.4,3.7,6.98,64.24,0,0
6726,17.0,0,2.6,6.976601980998585,8.7,4.5,93.0,51.3,4.4,3.5,1.7,9.3,1,1,0.9,2.7,6.08,55.39,2,2
6727,19.0,1,3.9,5.7,9.1,2.4,88.8,63.4,2.4,2.1,5.0,8.5,1,1,1.7,5.4,8.02,58.25,2,2
6728,17.0,1,4.9,9.2,4.9,1.5,72.1,77.9,1.9,5.1,3.1,2.9,2,0,1.1,12.8,7.26,52.36,2,2
6729,25.0,0,4.7,8.2,6.9,3.7,80.0,90.6,7.3,0.6,4.1,8.2,0,0,3.1,5.5,5.91,60.27,2,2
6730,23.0,0,6.4,7.6,6.6,3.8,81.6,100.0,7.8,2.4,2.3,5.3,1,1,4.9,7.6,3.34,60.68,2,2
6731,20.0,0,5.5,5.3,7.0,1.6,86.3,55.9,1.0,4.8,2.0,5.5,1,1,2.9,10.2,5.51,35.92,1,1
6732,18.0,1,5.3,5.7,4.1,5.1,74.7,60.1,4.9,11.9,9.8,5.2,0,0,3.0,13.2,6.17,39.32,1,1
6733,24.0,1,4.6,7.9,8.9,4.6,60.4,52.9,6.8,4.4,5.7,7.9,0,1,5.0,2.8,4.39,42.61,1,1
6734,19.0,0,6.8,4.4,7.4,6.6,70.9,83.9,6.3,6.7,4.8,8.7,0,1,5.3,16.1,4.75,34.92,1,1
6735,18.0,0,3.6,7.4,9.0,2.2,95.2,100.0,4.9,0.6,4.1,7.7,1,1,3.7,2.9,6.22,64.66,0,0
6736,21.0,0,3.6,5.3,3.2,3.3,79.6,72.2,5.8,1.5,6.3,5.8,2,0,4.050203624516392,5.8,5.08,42.28,1,1
6737,20.134890807516506,0,0.4,5.9,3.4,3.4,74.5,76.1,8.1,1.4,5.6,6.2,0,0,0.0,2.1,4.24,42.82,1,1
6738,16.0,0,6.3,5.2,11.1,2.4,60.8,77.4,7.0,0.9,4.8,5.3,1,1,5.2,1.6,6.69,29.94,1,1
6739,18.0,0,4.0,7.3,8.9,3.7,96.1,66.6,7.4,7.1,6.4,3.2,0,1,4.8,2.8,7.01,60.58,2,2
6740,24.0,0,10.1,8.5,4.0,3.9,77.3,53.0,5.0,1.7,6.8,6.5,0,1,7.8,7.4,7.3,47.67,2,2
6741,18.0,0,3.4,7.5,8.2,3.9,94.1,94.1,3.2,2.8,1.0,8.7,1,0,5.1,6.7,3.59,76.61,0,0
6742,17.0,0,4.4,7.6,4.8,2.4,88.9,77.8,6.5,0.9,5.6,8.2,1,0,5.6,3.4,6.2,68.51,0,0
6743,21.0,0,5.3,7.2,1.8,2.6,90.3,65.1,7.8,2.9,6.4,5.2,0,0,0.0,3.2,6.45,60.02,2,2
6744,20.134890807516506,0,2.0,7.9,1.0,2.0,100.0,100.0,4.5,1.1,5.0,5.6,0,1,0.9,5.4,4.72,69.95,0,0
6745,20.0,1,4.219583121504829,7.6,5.9,1.6,81.6,74.9,6.5,1.0,2.2,6.2,0,1,4.8,9.1,4.13,59.12,2,2
6746,25.0,0,4.3,3.5,9.9,2.9,78.3,44.2,6.0,3.7,4.7,5.9,0,1,4.8,1.7,6.23,19.14,1,1
6747,21.0,0,3.6,8.2,9.8,5.7,100.0,86.8,2.3,1.7,5.3,4.9,1,0,2.6,4.1,6.47,55.87,2,2
6748,17.0,1,6.5,8.0,9.2,6.7,90.8,41.9,5.7,6.4,6.0,6.9,1,0,1.7,3.5,6.86,47.8,2,2
6749,25.0,0,2.4,6.5,8.1,5.4,70.8,83.4,6.4,1.5,7.5,4.2,0,0,3.2,1.1,9.36,38.98,1,1
6750,19.0,1,4.7,4.4,6.8,2.2,93.6,82.9,5.0,2.4,7.6,6.8,1,0,0.1,4.6,5.89,36.47,1,1
6751,18.0,0,7.1,7.3,8.9,3.7,99.7,99.8,8.4,2.6,5.0,9.0,1,1,1.6,3.2,7.53,82.51,0,0
6752,20.0,1,2.8,7.4,1.0,0.0,50.1,57.0,3.3,2.8,6.3,5.957923664122137,2,1,5.5,3.9,6.24,48.18,2,2
6753,19.0,1,3.6,6.976601980998585,6.047861775435752,2.7,63.8,69.7,10.0,3.2,5.2,6.3,1,1,0.1,2.3,6.41,55.9,2,2
6754,17.0,1,8.9,7.2,3.2,2.3,69.5,73.8,6.0,6.3,7.5,6.6,2,1,6.5,0.4,5.8,53.6,2,2
6755,16.0,0,5.1,8.4,3.7,6.4,89.4,90.6,5.6,3.0,7.2,7.6,2,1,4.1,0.7,7.38,70.16,0,0
6756,20.0,0,3.2,10.0,7.7,3.5,90.3,82.8,8.0,6.8,7.0,4.5,1,0,5.0,4.3,10.0,69.86,0,0
6757,23.0,1,5.8,7.2,8.3,3.1,79.81730107309173,84.3,2.7,4.1,5.1,2.5,0,0,3.5,10.9,6.01,51.03,2,2
6758,21.0,0,3.1,7.4,4.5,2.9,91.4,96.9,10.0,7.7,8.2,10.0,1,0,3.8,7.7,5.75,78.88,0,0
6759,25.0,0,1.1,5.9,7.6,2.5,65.6,71.0,4.5,2.8,6.8,7.6,0,0,1.4,13.7,9.02,40.24,1,1
6760,18.0,0,6.9,6.3,7.4,4.0,79.81730107309173,100.0,8.0,3.2008618067525094,4.6,4.1,0,0,7.1,8.4,7.75,61.34,2,2
6761,18.0,1,2.0,6.8,5.2,1.8,96.3,73.4,6.0,2.9,5.8,2.3,2,0,4.7,4.5,9.08,58.04,2,2
6762,17.0,0,9.1,8.5,6.4,4.0,81.3,91.1,3.8,1.3,4.0,4.8,1,0,9.1,2.9,5.36,53.22,2,2
6763,18.0,1,3.2,8.1,11.2,5.6,95.7,66.1,8.2,0.2,6.5,6.8,0,1,6.4,4.5,3.76,39.5,1,1
6764,18.0,0,8.5,9.5,5.3,3.2,70.9,85.7,7.2,2.0,6.2,3.8,0,0,2.8,10.8,8.55,53.44,2,2
6765,23.0,0,1.5,5.1,6.047861775435752,2.4,66.3,95.8,10.0,2.0,5.3,6.7,0,0,0.8,5.6,7.51,50.01,2,2
6766,24.0,1,6.3,5.3,6.4,2.9,63.5,55.5,6.9,1.0,5.542839731870811,6.1,2,1,5.4,3.1,5.15,36.22,1,1
6767,25.0,0,5.2,8.4,5.5,5.2,90.4,92.0,4.6,0.8,6.8,6.5,2,1,5.1,1.5,7.52,51.08,2,2
6768,18.0,1,5.9,8.9,8.0,3.3,94.7,78.2,1.9,0.2,6.1,10.0,0,0,1.4,16.0,6.05,60.17,2,2
6769,24.0,0,6.1,7.0,9.7,1.9,87.0,100.0,4.4,3.8,2.6,8.9,2,0,3.2,9.2,7.9,69.07,0,0
6770,19.0,0,3.2,3.0,5.4,4.5,73.7,70.2,6.6,7.0,6.9,3.9,1,0,2.3,1.4,5.27,10.69,1,1
6771,17.0,0,1.6,6.0,3.9,1.7,88.3,80.3,5.2,5.9,4.9,3.5,0,0,3.1,3.8,7.93,52.03,2,2
6772,23.0,0,4.1,7.4,10.9,2.6,87.9,72.2,7.7,3.9,3.2,4.0,1,0,3.9,4.8,6.489753023681269,58.06,2,2
6773,21.0,0,4.6,5.8,6.3,3.4,53.7,86.9,6.8,1.0,6.7,4.6,0,0,3.1,6.7,7.31,43.95,1,1
6774,18.0,0,3.3,7.2,1.7,1.5,75.4,35.7,3.3,2.1,3.6,7.9,1,0,6.9,6.2,9.18,58.45,2,2
6775,19.0,0,4.8,9.5,10.7,0.0,83.6,49.6,5.1,3.2,1.9,5.4,1,0,2.3,10.8,5.68,50.47,2,2
6776,18.0,1,4.9,8.9,8.8,3.8,94.4,87.0,4.1,1.3,5.9,5.3,1,0,2.1,12.9,7.26,54.65,2,2
6777,22.0,0,2.4,8.1,10.0,0.0,78.9,75.5,6.8,1.8,3.8,9.1,1,0,2.6,8.2,8.43,73.03,0,0
6778,20.0,0,5.0,6.9,9.6,1.3,81.9,38.9,6.9,2.0,6.0,6.5,0,0,6.6,0.6,4.37,47.16,2,2
6779,25.0,1,3.7,6.4,12.6,4.4,79.1,63.6,4.7,2.7,8.7,7.1,0,1,6.3,6.5,7.13,41.62,1,1
6780,16.0,1,2.8,8.0,3.4,3.8,83.4,67.9,2.4,2.8,8.0,2.9,0,0,5.9,4.0,7.41,43.62,1,1
6781,19.0,1,5.8,7.0,4.0,2.7,62.2,66.3,10.0,1.4,4.8,5.9,1,0,3.2,8.0,5.48,64.31,0,0
6782,20.0,1,2.6,7.1,4.8,1.4,72.1,91.8,6.7,1.2,5.2,4.9,0,1,2.8,4.4,6.5,49.51,2,2
6783,20.0,1,3.3,5.0,4.7,2.2,51.0,97.6,6.7,1.4,1.3,3.2,0,1,5.4,2.0,5.73,41.39,1,1
6784,19.0,0,4.3,6.1,6.3,4.0,74.3,34.7,1.9,3.6,3.3,5.3,0,1,2.6,1.0,4.61,35.86,1,1
6785,22.0,0,6.9,8.0,4.8,2.8,86.4,72.8,7.6,1.5,7.8,4.4,2,0,5.5,5.5,6.489753023681269,76.41,0,0
6786,23.0,0,4.6,5.6,3.0,0.8,69.7,77.0,8.3,2.3,7.9,7.4,1,1,5.2,6.0,5.13,54.06,2,2
6787,24.0,1,5.3,7.3,3.8,1.4,76.7,48.3,6.7,0.9,9.7,6.0,1,0,4.1,11.9,7.88,47.72,2,2
6788,23.0,0,3.6,7.5,5.3,2.2,85.1,97.6,6.3,6.3,3.7,5.9,0,1,10.0,1.7,7.69,83.07,0,0
6789,23.0,0,4.0,7.6,8.9,3.7,100.0,81.7,6.3,5.4,5.3,2.7,2,1,4.0,1.1,5.62,60.26,2,2
6790,20.0,2,4.1,7.7,4.6,3.2,78.9,90.3,4.0,6.7,2.9,7.8,0,0,8.3,8.3,9.59,84.84,0,0
6791,23.0,0,4.8,7.8,8.0,0.8,89.3,67.0,4.5,2.9,5.6,2.2,0,0,7.1,8.6,5.82,60.42,2,2
6792,19.0,1,3.6,6.2,2.7,5.4,77.6,61.0,5.5,4.2,8.2,4.6,1,0,4.1,3.5,3.97,50.58,2,2
6793,19.0,2,6.9,5.1,1.0,1.7,84.6,64.8,8.4,3.8,6.8,5.3,1,0,3.1,2.3,8.54,47.34,2,2
6794,19.0,0,3.5,5.9,5.7,3.8,79.6,73.0,6.6,1.2,4.4,7.0,1,0,1.1,0.2,5.56,41.45,1,1
6795,20.0,1,0.8,7.9,4.5,1.3,74.5,67.3,4.4,1.0,5.5,5.3,1,0,5.7,3.4,5.82,49.16,2,2
6796,18.0,1,9.7,5.4,3.8,7.5,77.4,91.3,4.6,0.5,2.4,4.0,2,0,6.0,2.3,6.77,37.89,1,1
6797,25.0,1,3.5,5.6,3.5,5.4,96.2,100.0,1.2,3.3,3.7,5.957923664122137,1,0,2.7,3.2,6.6,65.68,0,0
6798,19.0,1,6.8,5.6,4.2,1.6,83.8,85.5,7.0,2.4,6.4,2.2,0,0,2.7,1.1,2.83,42.86,1,1
6799,17.0,1,7.0,4.6,3.5,3.2,64.4,39.9,5.5,3.7,8.5,7.5,0,0,1.9,7.5,8.52,43.47,1,1
6800,20.0,0,6.1,5.5,3.8,1.1,74.5,77.8,6.4,3.7,5.6,7.1,0,0,5.8,0.5,8.24,65.37,0,0
6801,16.0,0,3.8,8.3,2.6,2.4,68.4,53.6,10.0,1.0,9.4,5.5,1,0,7.2,16.1,5.08,47.49,2,2
6802,17.0,0,4.8,6.1,6.047861775435752,3.8,92.1,67.7,5.0,6.1,8.6,6.1,0,1,1.6,0.3,8.86,58.61,2,2
6803,18.0,0,1.7,4.7,1.0,4.5,70.1,74.4,6.5,2.5,7.5,5.1,2,0,1.7,1.6,4.09,30.53,1,1
6804,20.0,0,8.2,6.3,12.2,0.8,91.2,70.3,4.6,3.8,5.7,3.8,0,0,3.6,1.3,3.99,36.51,1,1
6805,20.0,0,2.5,7.7,5.8,1.7,92.7,56.4,5.6,1.7,5.4,3.3,2,0,6.1,6.6,8.51,48.46,2,2
6806,23.0,2,3.7,4.6,9.8,4.7,81.9,84.4,3.9,3.1,3.0,3.6,1,0,5.3,25.0,6.71,32.01,1,1
6807,22.0,1,4.4,8.2,5.6,5.4,87.1,39.1,3.6,0.4,4.9,3.2,2,1,7.0,1.5,6.49,40.99,1,1
6808,19.0,2,4.0,5.1,5.6,1.6,73.5,82.0,2.0,5.0,1.2,8.1,0,0,0.0,24.1,8.13,54.27,2,2
6809,19.0,0,2.9,6.5,6.8,4.7,91.0,58.8,3.6,1.2,3.6,7.4,1,0,2.8,10.9,5.6,46.42,1,1
6810,19.0,1,7.0,6.5,7.6,0.8,63.9,80.0,6.5,3.7,6.2,5.4,0,0,4.050203624516392,12.0,6.79,57.56,2,2
6811,22.0,0,6.1,6.3,2.9,2.5,74.0,50.8,5.3,3.7,5.6,1.0,1,0,8.2,3.7,5.81,43.58,1,1
6812,16.0,0,4.8,6.9,5.1,0.9,76.0,79.2,5.5,6.2,9.1,4.6,1,0,3.5,3.1,5.32,56.49,2,2
6813,16.0,0,3.4,8.0,6.8,2.3,92.8,99.8,5.0,2.8,2.4,7.3,1,0,2.7,2.6,9.78,84.26,0,0
6814,23.0,1,6.3,6.9,1.2,6.4,100.0,64.3,6.3,6.4,9.8,6.0,0,0,1.9,3.9,6.2,64.58,0,0
6815,20.0,0,3.3,6.2,9.2,2.9,74.1,63.9,6.2,3.4,6.1,3.9,1,0,5.8,3.9,7.86,48.08,2,2
6816,17.0,1,7.3,7.6,8.7,2.5,78.7,82.8,6.1,0.2,6.9,5.1,0,1,7.0,2.1,7.32,45.21,1,1
6817,18.0,1,4.4,7.3,1.0,2.0,64.6,78.8,5.3,3.0,8.9,7.7,0,0,4.8,1.3,6.98,60.42,2,2
6818,24.0,1,6.7,6.1,3.8,2.5,78.9,50.1,7.6,3.2,7.0,10.0,1,1,0.0,6.9,5.52,57.06,2,2
6819,23.0,0,4.0,7.1,6.3,1.5,94.3,94.9,1.6,1.0,1.0,8.4,1,1,5.0,6.8,6.62,65.88,0,0
6820,22.0,0,4.3,6.0,8.1,3.2,56.7,89.6,5.991217524197657,2.4,10.0,5.3,0,1,2.8,6.0,7.42,28.28,1,1
6821,20.0,1,6.7,5.9,9.8,2.9,80.2,98.1,4.2,2.7,4.4,3.7,1,0,5.2,6.8,7.79,48.7,2,2
6822,20.134890807516506,0,8.6,8.0,4.4,2.2,89.3,84.8,7.4,1.0,4.3,4.6,1,1,4.2,8.1,7.8,74.35,0,0
6823,25.0,1,7.3,7.6,11.8,2.0,80.7,100.0,4.8,2.5,7.5,8.7,2,0,7.2,8.3,5.75,54.36,2,2
6824,25.0,1,6.0,8.0,5.9,3.3,77.5,41.3,3.9,2.9,3.5,5.7,0,1,4.3,3.2,3.8,42.02,1,1
6825,18.0,0,5.4,7.8,5.4,1.7,91.4,100.0,6.4,1.7,6.5,1.0,1,0,3.8,10.5,5.13,63.85,0,0
6826,23.0,1,3.2,5.8,7.4,2.6,69.5,68.0,7.8,1.3,1.0,1.7,0,0,3.8,3.0,3.95,32.33,1,1
6827,18.0,0,4.8,8.3,6.8,2.2,69.9,65.2,7.6,1.6,5.3,3.7,1,1,7.8,4.5,6.28,58.51,2,2
6828,18.0,1,2.4,6.6,6.6,0.0,56.0,62.1,8.0,10.8,6.4,1.0,2,1,2.9,10.1,6.74,41.72,1,1
6829,21.0,1,5.0,8.2,11.0,4.5,84.2,84.2,6.3,1.2,3.7,7.9,2,1,6.0,7.6,7.93,61.65,2,2
6830,19.0,0,5.1,6.8,6.6,0.0,82.9,89.4,6.6,2.5,3.4,10.0,0,0,5.4,2.4,5.65,74.81,0,0
6831,24.0,0,0.3,7.4,3.5,0.0,72.5,66.6,5.4,2.6,7.6,5.957923664122137,2,1,4.6,7.8,7.76,61.8,2,2
6832,17.0,1,4.3,7.4,3.9,3.03210685483871,68.4,79.9,5.3,0.8,5.5,8.2,0,0,4.5,2.7,7.21,60.76,2,2
6833,20.0,0,5.0,8.1,9.7,1.0,79.4,74.2518720906699,3.9,2.5,3.9,8.1,0,0,4.1,0.7,6.44,68.54,0,0
6834,24.0,0,4.0,4.9,7.7,0.0,81.2,62.9,7.5,1.8,6.7,3.3,1,0,7.7,6.4,4.57,48.3,2,2
6835,24.0,0,4.9,5.0,2.1,5.4,64.4,67.9,2.0,4.0,3.5,5.6,2,0,4.9,0.5,7.43,43.11,1,1
6836,17.0,1,1.5,7.9,2.0,1.9,54.7,100.0,3.1,8.6,1.4,6.1,0,1,5.9,6.6,8.04,70.1,0,0
6837,19.0,0,2.6,7.5,6.1,5.2,57.6,46.6,10.0,1.1,1.9,9.8,1,1,3.9,7.6,4.56,49.83,2,2
6838,21.0,0,6.3,6.0,7.5,1.4,61.1,79.4,5.7,0.4,5.4,4.5,2,0,7.7,5.7,6.44,55.36,2,2
6839,17.0,1,4.2,7.5,4.3,0.0,64.3,31.5,6.3,3.9,4.8,7.5,0,1,3.4,6.5,5.43,49.95,2,2
6840,25.0,0,4.9,5.2,1.8,2.4,78.9,50.2,3.3,7.1,4.8,4.3,1,0,4.6,6.1,4.19,53.87,2,2
6841,24.0,0,3.1,10.0,3.2,0.8,81.1,53.6,7.1,1.3,6.2,3.4,2,0,0.0,12.4,8.35,42.78,1,1
6842,18.0,0,4.2,8.7,10.1,3.7,77.8,59.2,9.0,5.6,1.0,3.5,0,1,4.4,3.1,5.48,51.92,2,2
6843,17.0,0,0.0,7.8,7.2,4.2,84.7,52.6,9.2,0.9,6.7,2.4,1,0,2.4,1.7,7.75,34.77,1,1
6844,17.0,0,5.9,7.1,8.5,4.7,85.2,78.6,2.7,3.6,3.9,5.7,2,0,3.3,2.7,5.74,49.18,2,2
6845,24.0,0,7.8,6.2,8.9,2.4,84.3,100.0,8.6,1.3,5.6,7.7,0,0,1.9,4.9,7.97,51.9,2,2
6846,18.0,0,2.1,5.3,4.4,5.5,81.2,100.0,6.0,2.9,7.1,10.0,0,0,3.4,7.0,7.19,63.98,0,0
6847,19.0,0,2.3,6.9,5.1,1.3,66.3,56.5,0.4,0.6,8.6,7.7,0,0,7.8,2.5,8.57,46.72,2,2
6848,20.0,0,5.1,5.9,5.6,3.2,62.6,88.1,2.6,0.9,3.4,4.1,1,0,4.2,14.1,6.62,50.96,2,2
6849,21.0,1,7.1,6.0,7.0,2.8,72.7,96.8,1.9,3.3,7.6,8.3,0,0,1.6,1.3,5.72,49.14,2,2
6850,17.0,1,4.2,5.2,8.7,6.6,94.8,77.2,7.3,0.6,6.8,7.8,1,0,4.4,3.1,7.55,53.66,2,2
6851,18.0,0,1.7,7.3,10.7,5.2,100.0,87.8,5.6,1.9,5.1,5.6,0,1,6.0,5.3,4.51,41.78,1,1
6852,24.0,1,3.8,6.5,8.0,3.1,87.2,83.3,4.6,0.9,6.7,3.7,1,0,3.4,2.4,6.489753023681269,52.8,2,2
6853,24.0,0,2.1,7.7,8.1,3.4,84.7,83.3,5.8,4.6,4.4,2.2,1,0,5.5,5.4,4.25,58.58,2,2
6854,22.0,2,2.9,7.6,10.8,5.8,93.9,61.7,9.9,5.2,5.542839731870811,4.2,0,1,0.0,5.0,4.18,45.61,1,1
6855,16.0,0,3.6,7.3,5.5,1.6,99.7,39.1,5.4,0.5,7.9,6.2,1,1,1.2,1.0,5.47,47.21,2,2
6856,19.0,2,2.3,10.0,9.0,0.0,68.0,68.7,6.7,2.5,5.0,9.1,1,0,5.2,2.6,6.55,48.58,2,2
6857,21.0,0,2.6,8.1,7.4,1.3,100.0,61.2,7.4,1.1,9.4,4.2,0,0,0.3,0.9,5.53,51.06,2,2
6858,18.0,1,4.3,5.4,7.5,2.3,100.0,70.0,3.3,3.4,8.8,6.3,0,0,5.1,4.1,7.89,49.89,2,2
6859,24.0,0,4.6,7.6,5.5,5.4,62.2,92.3,7.2,1.4,2.7,7.1,2,1,2.1,1.0,6.95,60.3,2,2
6860,21.0,1,1.4,6.9,2.5,4.9,67.0,100.0,8.0,2.1,9.1,4.5,0,0,1.6,6.5,6.08,46.55,1,1
6861,20.134890807516506,1,5.0,5.3,6.9,2.9,100.0,77.7,8.2,4.4,5.2,3.2,1,1,4.9,6.6,5.41,64.56,0,0
6862,24.0,1,3.4,5.2,6.9,3.8,93.5,53.7,5.7,3.9,6.5,6.0,0,0,5.4,1.0,4.61,37.83,1,1
6863,25.0,1,5.6,7.6,4.6,1.7,72.2,68.0,8.1,0.9,6.3,3.6,2,0,7.0,1.9,4.06,47.85,2,2
6864,17.0,1,5.8,7.9,5.8,6.8,81.0,61.1,7.1,0.5,3.3,2.6,1,1,5.6,13.1,4.75,44.32,1,1
6865,20.0,1,3.1,5.6,3.8,3.03210685483871,89.8,77.2,6.1,0.8,4.6,9.3,2,1,4.9,8.8,7.69,62.13,2,2
6866,19.0,0,5.4,8.3,3.8,3.1,91.6,66.6,8.0,2.7,8.1,4.7,1,1,7.3,0.9,5.27,59.52,2,2
6867,19.0,0,2.5,7.4,4.8,2.9,97.8,91.2,9.8,1.7,6.2,7.0,1,1,1.6,1.5,7.26,65.43,0,0
6868,18.0,1,6.8,8.6,2.7,4.3,83.1,59.7,8.0,4.6,2.7,6.6,2,0,0.9,4.0,10.0,81.57,0,0
6869,21.0,1,2.6,8.4,4.5,2.9,83.6,100.0,5.8,2.0,7.6,3.3,1,0,0.3,9.7,7.72,56.5,2,2
6870,25.0,0,4.9,6.8,7.8,0.0,75.3,48.5,4.9,4.1,2.9,6.5,1,0,6.1,9.2,4.12,59.49,2,2
6871,20.0,0,3.8,9.1,9.6,5.8,67.9,80.5,7.2,2.5,7.6,6.7,2,0,2.2,11.3,5.88,41.53,1,1
6872,17.0,0,2.2,5.5,11.2,5.1,67.3,46.0,6.3,8.2,8.9,6.3,0,1,2.0,7.6,6.27,28.27,1,1
6873,21.0,1,6.0,10.0,5.0,3.7,78.1,93.9,8.5,2.5,5.542839731870811,6.1,1,0,3.7,5.9,6.97,73.14,0,0
6874,19.0,0,3.0,5.9,9.0,2.2,84.5,75.8,3.9,2.6,8.0,7.2,1,0,1.9,2.0,7.12,45.45,1,1
6875,23.0,0,0.8,6.9,6.8,3.0,61.1,78.7,8.3,4.4,7.6,7.0,0,0,2.3,5.7,7.69,42.85,1,1
6876,20.0,0,0.0,6.3,5.4,0.0,100.0,58.8,2.9,1.5,9.4,7.3,2,1,2.9,2.1,6.99,40.57,1,1
6877,18.0,1,2.4,6.5,7.0,1.0,71.0,94.5,5.6,1.6,2.9,3.3,0,0,5.4,11.0,6.66,48.76,2,2
6878,18.0,1,7.0,10.0,8.8,6.2,68.9,86.6,7.3,3.0,2.6,2.2,0,0,7.0,3.8,6.17,32.09,1,1
6879,22.0,1,6.7,6.4,4.8,3.9,79.6,65.2,5.8,6.3,4.1,4.8,1,1,2.0,3.5,4.39,57.15,2,2
6880,18.0,1,2.8,8.1,4.7,0.0,49.2,74.7,7.0,2.2,3.0,5.8,0,1,0.0,6.4,7.07,51.96,2,2
6881,22.0,0,3.5,6.7,5.0,1.5,84.7,59.0,9.0,2.7,10.0,5.957923664122137,2,1,5.2,1.5,7.24,60.93,2,2
6882,18.0,0,3.3,8.2,4.4,0.0,67.1,57.6,4.8,2.2,5.6,10.0,0,0,0.3,2.0,5.65,46.11,1,1
6883,19.0,0,1.5,6.3,9.0,1.6,55.0,63.9,2.9,2.2,5.7,4.3,2,0,3.4,17.0,5.45,11.98,1,1
6884,20.0,0,2.3,7.3,4.1,2.7,81.9,70.1,3.5,0.4,9.1,8.6,0,0,5.7,4.8,5.36,48.78,2,2
6885,24.0,0,6.2,7.8,4.5,5.9,81.8,75.0,5.8,1.8,4.2,6.2,1,1,7.1,10.8,4.3,60.19,2,2
6886,24.0,1,5.2,6.1,6.8,4.4,100.0,74.2,8.7,1.0,6.5,4.6,1,1,0.0,5.6,5.33,50.4,2,2
6887,18.0,2,4.7,10.0,6.6,2.5,82.3,59.4,5.3,0.4,2.1,6.8,0,0,5.8,10.2,10.0,64.79,0,0
6888,19.0,0,1.5,7.9,5.0,2.5,82.2,74.2518720906699,10.0,14.7,4.8,6.8,1,0,0.0,2.9,7.53,71.86,0,0
6889,17.0,1,4.4,6.7,10.2,1.6,80.5,94.6,3.2,2.4,9.3,6.6,0,0,2.9,4.2,9.04,56.73,2,2
6890,20.0,1,0.0,6.1,4.4,5.0,46.5,91.4,2.2,1.0,8.4,9.0,0,0,4.4,17.1,6.84,23.74,1,1
6891,20.0,0,5.9,7.1,5.6,5.2,81.0,87.7,6.5,4.9,6.6,4.7,1,0,1.3,3.5,6.79,71.4,0,0
6892,24.0,0,4.7,5.4,1.2,0.6,79.4,30.0,4.8,3.0,5.2,6.8,1,0,4.050203624516392,8.0,7.78,70.76,0,0
6893,24.0,1,1.5,9.3,5.2,0.0,78.1,57.0,4.3,12.2,5.6,2.2,2,1,3.0,0.6,7.54,48.7,2,2
6894,19.0,0,7.4,7.6,2.7,2.4,69.2,48.2,6.0,8.8,6.5,2.6,1,1,4.0,2.2,7.05,44.45,1,1
6895,20.0,0,0.6,6.9,3.7,2.6,87.3,43.1,3.3,3.2,1.3,5.8,0,1,4.1,8.8,5.66,43.32,1,1
6896,24.0,0,5.3,8.4,1.1,3.5,67.3,95.6,7.2,0.2,9.2,4.3,1,0,3.9,10.0,8.46,61.04,2,2
6897,23.0,1,5.3,6.1,3.8,0.0,89.2,100.0,6.4,2.6,2.1,8.7,1,0,7.5,6.3,4.33,66.31,0,0
6898,16.0,1,1.7,5.5,5.8,1.7,85.0,75.1,5.2,2.1,2.9,7.8,0,0,2.7,0.9,5.81,42.11,1,1
6899,19.0,0,4.1,6.8,5.4,2.9,98.2,83.5,6.5,2.5,1.1,7.0,1,0,2.3,16.8,6.29,60.11,2,2
6900,19.0,0,0.9,7.2,5.0,1.6,74.0,68.5,10.0,2.4,7.0,5.7,1,0,7.6,4.1,3.03,47.72,2,2
6901,18.0,1,0.0,7.7,5.2,4.5,97.4,96.1,5.5,3.4,9.8,3.7,2,1,2.9,2.8,4.89,41.3,1,1
6902,18.0,1,2.1,5.1,4.7,6.4,82.8,80.0,4.9,3.7,2.7,1.0,0,0,4.4,3.4,6.13,41.3,1,1
6903,16.0,1,3.0,6.4,5.9,2.0,79.0,65.6,7.5,3.4,4.2,4.2,0,0,6.1,1.7,6.94,54.88,2,2
6904,21.0,1,5.5,3.0,5.7,4.6,68.9,85.1,4.5,3.4,4.3,6.8,0,0,5.0,3.7,8.5,34.79,1,1
6905,18.0,0,4.3,5.5,6.7,2.4,85.1,71.7,7.1,5.5,3.8,3.5,2,0,3.6,3.1,4.96,55.75,2,2
6906,16.0,2,4.4,7.9,5.5,1.3,73.8,78.5,5.991217524197657,3.9,5.2,9.1,0,0,1.4,1.6,3.96,57.15,2,2
6907,18.0,1,2.2,8.2,4.9,1.7,79.81730107309173,87.5,9.1,1.0,5.1,6.3,0,0,0.0,2.4,7.19,59.52,2,2
6908,23.0,1,3.1,5.5,7.9,4.4,90.1,100.0,5.3,3.8,7.4,7.5,2,0,3.8,2.7,8.69,56.4,2,2
6909,23.0,0,2.3,6.6,7.5,1.8,79.6,100.0,3.1,4.1,5.5,9.1,1,1,4.5,4.9,4.61,57.93,2,2
6910,20.0,1,1.8,7.0,5.9,2.2,84.1,77.7,5.4,1.1,2.3,3.8,1,0,4.1,5.5447261663286005,5.71,52.69,2,2
6911,19.0,2,3.0,8.4,9.0,0.9,99.7,58.1,6.4,5.9,8.4,5.4,1,0,5.8,8.2,8.26,71.43,0,0
6912,25.0,0,4.3,9.0,6.2,4.1,87.3,34.4,4.6,1.6,8.6,7.4,0,0,2.2,1.0,6.16,47.54,2,2
6913,18.0,2,3.1,7.2,5.6,3.8,71.2,98.1,6.3,5.3,4.3,2.6,1,0,4.7,4.8,7.81,69.2,0,0
6914,18.0,1,3.6,6.7,5.8,5.6,74.7,95.2,9.8,4.4,7.5,6.8,1,1,4.9,3.0,8.89,59.04,2,2
6915,19.0,1,5.6,5.1,6.4,4.1,81.8,63.7,4.7,4.9,8.1,8.6,2,0,4.7,12.6,7.22,56.49,2,2
6916,18.0,0,3.2,7.1,3.7,3.7,100.0,73.4,4.2,3.2008618067525094,5.4,7.3,0,0,8.5,3.8,5.78,63.46,0,0
6917,19.0,1,1.5,9.7,1.3,4.0,62.6,78.7,8.1,5.9,4.5,6.6,1,0,4.050203624516392,4.3,7.63,58.35,2,2
6918,24.0,1,5.3,8.7,6.7,2.5,82.5,85.7,3.3,3.8,8.9,2.8,0,0,0.9,14.7,9.09,52.11,2,2
6919,20.134890807516506,2,4.7,7.2,6.047861775435752,3.2,97.7,100.0,6.0,1.1,5.4,5.8,2,0,1.6,0.9,6.69,61.41,2,2
6920,19.0,0,4.9,7.4,3.5,4.7,88.0,51.5,4.8,1.2,8.1,3.1,0,0,6.7,9.6,8.12,42.93,1,1
6921,24.0,0,5.5,6.1,8.7,1.5,78.3,87.1,2.4,1.0,10.0,5.8,0,0,5.3,1.7,7.05,45.06,1,1
6922,16.0,1,5.1,6.5,1.9,6.1,57.6,78.9,5.7,1.5,7.4,6.1,0,1,3.8,1.4,6.79,50.58,2,2
6923,18.0,0,4.3,7.2,4.6,4.1,99.6,65.8,4.6,2.8,2.3,4.3,1,1,2.7,12.4,6.26,64.3,0,0
6924,21.0,0,9.0,7.2,10.3,6.6,73.8,89.5,7.1,2.8,3.6,8.9,0,0,4.8,1.1,7.07,48.9,2,2
6925,21.0,1,1.6,8.3,6.9,0.9,67.6,73.0,6.4,5.6,3.5,2.9,0,1,4.4,6.0,6.59,50.12,2,2
6926,16.0,0,3.0,8.3,5.2,0.9,83.3,73.6,6.4,1.5,6.5,10.0,1,0,5.1,5.2,6.77,75.64,0,0
6927,19.0,1,6.1,7.7,6.6,3.7,98.6,80.6,3.9,0.4,1.1,7.6,0,0,0.0,7.8,5.68,73.06,0,0
6928,21.0,1,4.5,5.7,9.0,3.2,85.3,66.8,4.8,2.8,5.5,7.8,1,1,3.3,1.6,3.93,43.18,1,1
6929,22.0,1,5.7,5.8,2.4,2.2,75.3,86.8,6.6,3.8,3.9,6.2,0,1,4.8,1.0,8.37,73.42,0,0
6930,21.0,0,4.5,5.8,9.3,0.7,83.2,67.8,5.991217524197657,2.5,1.0,2.5,0,0,3.0,8.9,4.07,42.18,1,1
6931,19.0,0,6.9,7.3,4.8,2.5,81.5,100.0,5.9,1.1,5.4,4.5,2,0,6.1,11.8,5.0,59.95,2,2
6932,17.0,1,2.2,4.4,7.8,3.4,73.9,79.1,6.8,5.3,2.3,5.2,0,1,5.9,5.3,4.84,40.23,1,1
6933,19.0,1,6.9,7.0,4.5,0.6,80.9,62.9,7.6,7.3,3.6,5.6,0,0,1.0,7.4,5.4,63.01,2,2
6934,17.0,1,6.5,8.8,10.2,2.3,69.3,80.6,4.8,8.1,7.2,4.4,2,1,7.0,10.4,9.26,56.51,2,2
6935,24.0,1,1.8,7.9,5.9,3.7,67.1,92.8,5.1,3.5,5.0,9.5,1,0,2.6,3.9,7.86,70.79,0,0
6936,20.0,1,5.5,6.5,2.7,4.4,87.2,46.6,6.4,1.3,8.0,3.8,0,0,5.7,6.2,6.12,55.87,2,2
6937,19.0,1,4.1,6.1,7.2,2.5,74.9,97.8,4.4,3.1,7.3,5.3,2,0,4.5,4.4,9.03,59.68,2,2
6938,22.0,1,3.0,8.0,9.3,1.6,79.7,81.1,3.0,0.7,8.0,3.8,0,0,2.9,0.6,8.01,46.24,1,1
6939,20.0,0,0.4,7.4,9.0,3.2,70.0,74.5,6.8,2.9,8.3,5.5,1,0,6.9,7.0,7.52,45.1,1,1
6940,19.0,0,2.2,6.7,6.2,2.6,72.6,62.6,5.4,2.0,4.7,1.6,0,0,6.9,5.5447261663286005,7.75,41.54,1,1
6941,23.0,0,5.6,6.2,8.0,0.4,73.7,81.2,7.2,4.9,4.9,4.8,1,0,5.0,17.7,9.87,58.65,2,2
6942,23.0,1,5.8,7.1,4.9,2.2,72.4,59.1,4.7,3.6,3.2,8.3,2,0,5.9,7.3,7.04,69.72,0,0
6943,21.0,1,3.8,6.6,7.5,1.9,74.7,39.2,5.991217524197657,3.6,6.3,6.2,2,0,2.1,3.7,8.0,53.23,2,2
6944,16.0,1,5.8,8.0,6.9,3.0,82.6,62.2,2.0,5.7,5.7,2.6,1,1,8.0,7.9,6.489753023681269,58.73,2,2
6945,21.0,1,6.1,8.6,1.0,1.7,98.1,70.1,7.3,3.6,3.1,6.5,0,0,3.8,5.2,7.95,78.33,0,0
6946,22.0,1,4.5,5.2,3.5,2.0,89.9,86.0,4.8,3.7,5.7,7.1,0,1,4.4,7.4,7.79,67.38,0,0
6947,17.0,0,2.8,5.4,6.5,2.7,75.7,71.1,5.7,0.8,7.5,6.6,0,0,6.8,5.6,3.22,38.11,1,1
6948,18.0,0,5.1,8.8,6.4,4.1,71.8,54.4,5.7,2.5,4.7,6.7,1,0,3.2,1.5,7.8,57.7,2,2
6949,24.0,1,5.2,7.2,5.9,3.2,56.9,63.1,5.2,3.6,5.8,9.4,0,1,0.5,10.2,6.489753023681269,50.9,2,2
6950,16.0,1,5.5,5.5,6.2,7.8,71.2,75.4,6.1,1.2,5.542839731870811,8.6,0,0,0.8,7.9,6.43,39.25,1,1
6951,22.0,2,5.9,8.3,9.0,0.7,65.7,86.6,6.0,1.9,6.7,4.3,1,1,2.2,7.2,7.7,54.94,2,2
6952,20.0,1,1.5,7.4,6.9,4.6,80.7,89.6,6.5,3.7,6.7,4.7,0,0,7.3,3.3,8.01,54.54,2,2
6953,20.0,0,3.2,9.9,1.0,2.9,100.0,50.5,3.2,0.9,4.7,4.2,0,1,8.9,10.7,8.67,52.33,2,2
6954,16.0,2,0.4,6.7,10.9,0.5,74.9,75.9,7.7,0.8,1.0,6.3,0,0,6.6,8.8,7.28,50.4,2,2
6955,23.0,2,5.7,8.4,1.2,2.3,61.1,88.9,5.7,4.8,4.1,7.4,0,0,2.8,5.7,9.25,76.44,0,0
6956,19.0,1,3.8,5.1,8.4,0.3,77.5,59.3,6.7,5.8,4.5,2.8,1,0,4.3,6.2,7.75,54.19,2,2
6957,20.0,1,5.1,8.8,2.1,3.1,74.3,100.0,5.7,0.5,8.5,6.5,1,1,3.1,5.4,9.34,77.97,0,0
6958,21.0,1,1.2,8.2,9.6,2.5,96.4,66.1,3.7,2.1,3.0,4.3,1,0,0.4,3.7,7.24,53.71,2,2
6959,22.0,0,7.0,9.1,5.3,1.8,55.5,93.4,10.0,3.0,8.7,3.5,0,0,2.3,9.3,6.88,56.45,2,2
6960,25.0,0,1.8,8.4,7.0,1.1,67.1,87.4,6.3,2.8,6.7,5.957923664122137,0,0,1.8,2.6,8.83,60.01,2,2
6961,20.0,0,5.7,6.9,1.0,4.8,89.9,62.6,2.5,2.1,7.3,10.0,1,0,0.0,3.4,6.96,67.4,0,0
6962,19.0,0,4.4,5.5,7.8,2.7,59.6,75.3,5.8,1.8,3.9,6.0,0,0,3.3,4.5,4.9,52.74,2,2
6963,25.0,0,3.8,6.2,7.0,3.4,87.5,99.6,5.1,8.6,3.2,8.1,0,0,4.4,2.9,5.84,72.3,0,0
6964,21.0,0,3.7,4.7,7.5,3.3,71.4,74.2518720906699,5.6,5.9,9.2,6.4,1,0,3.3,9.3,7.03,39.32,1,1
6965,19.0,0,2.9,5.8,8.4,3.2,93.3,78.2,2.4,3.3,3.4,5.7,0,0,3.4,7.7,7.49,49.76,2,2
6966,17.0,0,6.8,7.6,6.4,2.4,79.4,47.9,6.1,3.2008618067525094,3.4,7.1,0,0,3.5,6.6,5.69,51.47,2,2
6967,23.0,0,4.2,6.9,5.5,3.03210685483871,77.9,81.5,4.1,0.6,2.5,4.7,0,0,1.0,1.6,4.74,43.52,1,1
6968,19.0,1,1.7,6.7,4.0,7.0,87.8,67.7,9.2,1.2,2.5,2.7,1,0,6.0,2.4,4.8,48.76,2,2
6969,21.0,0,3.4,6.0,4.9,5.6,80.2,84.4,5.8,3.2,5.8,3.0,0,1,0.7,6.8,5.85,41.2,1,1
6970,20.0,1,4.5,4.7,9.0,3.0,63.9,59.8,7.6,2.7,8.5,5.6,0,0,1.0,6.1,6.11,30.11,1,1
6971,18.0,1,6.0,7.2,3.9,2.9,73.2,80.8,7.9,1.2,5.9,6.8,0,1,8.2,3.9,5.69,65.41,0,0
6972,21.0,0,3.0,7.5,1.4,5.0,58.8,68.7,7.0,4.7,6.7,6.4,1,1,4.0,2.9,5.37,59.26,2,2
6973,16.0,0,3.1,5.7,3.5,1.6,68.8,27.5,6.4,7.0,7.4,4.5,0,0,0.0,9.9,10.0,53.79,2,2
6974,19.0,0,4.2,6.3,7.5,6.1,52.2,76.6,8.4,5.0,1.0,5.9,0,1,9.1,4.9,3.44,44.37,1,1
6975,20.0,1,5.9,9.0,5.2,4.4,100.0,97.7,4.6,2.8,6.0,4.8,0,1,6.4,0.3,6.52,60.39,2,2
6976,20.0,0,1.5,8.5,7.5,2.5,79.7,55.3,7.6,0.3,6.4,3.2,0,0,2.7,7.8,7.75,41.85,1,1
6977,22.0,1,5.2,5.1,1.0,3.5,86.9,63.4,5.1,2.7,2.6,1.9,0,0,5.9,2.6,7.51,54.32,2,2
6978,23.0,0,3.3,6.9,1.0,4.1,69.1,98.9,6.2,8.4,7.0,5.2,0,0,1.3,3.3,6.94,67.0,0,0
6979,22.0,1,3.6,8.9,6.7,2.2,86.8,85.0,3.3,2.6,4.4,7.6,1,0,1.8,2.7,8.27,66.82,0,0
6980,16.0,0,8.2,6.7,8.5,4.9,90.1,69.1,3.1,7.7,5.1,5.8,1,1,2.4,7.4,8.22,47.48,2,2
6981,18.0,0,3.8,6.7,1.7,5.3,92.2,80.3,5.8,2.5,9.6,2.8,0,0,5.8,17.2,9.76,55.14,2,2
6982,20.0,1,5.7,8.4,7.3,2.5,78.9,63.7,8.4,1.7,7.7,8.3,0,1,7.1,6.0,9.38,67.39,0,0
6983,24.0,2,5.6,8.3,9.0,2.1,93.2,100.0,5.6,4.4,6.8,4.3,0,1,3.7,1.2,3.16,56.63,2,2
6984,23.0,0,1.8,8.2,6.0,2.8,72.1,91.0,9.7,3.6,6.4,1.0,1,1,5.0,6.8,6.76,58.68,2,2
6985,23.0,1,0.5,6.7,8.3,0.9,84.9,100.0,6.9,3.2008618067525094,3.6,5.7,1,0,4.7,2.8,5.97,51.08,2,2
6986,19.0,1,5.8,7.9,6.5,0.0,80.6,76.7,5.6,2.0,4.3,8.3,1,1,0.3,5.7,8.56,73.56,0,0
6987,19.0,1,2.0,8.9,5.3,2.2,64.7,52.1,9.3,3.0,5.542839731870811,6.3,0,0,0.0,2.7,6.26,52.41,2,2
6988,20.0,1,0.9,6.9,8.1,1.3,56.2,84.1,8.9,4.0,3.3,3.5,0,1,4.7,8.9,7.78,58.13,2,2
6989,17.0,0,6.3,6.5,10.8,6.2,76.1,97.6,3.0,2.9,3.7,3.7,2,0,4.4,6.0,7.77,47.82,2,2
6990,16.0,2,2.2,8.6,4.6,2.2,76.2,98.3,5.9,4.1,4.1,8.4,0,0,1.8,8.3,8.05,72.67,0,0
6991,24.0,1,2.7,9.7,5.8,3.8,76.5,44.6,7.1,1.6,10.0,4.5,0,1,1.3,1.2,4.37,30.87,1,1
6992,18.0,1,8.1,9.7,3.5,1.9,93.6,78.8,7.6,3.2,8.1,3.0,0,0,3.4,2.6,6.96,49.0,2,2
6993,18.0,0,0.9,6.5,6.4,6.2,97.9,46.2,7.3,2.6,5.7,3.3,0,0,3.4,6.1,8.69,52.15,2,2
6994,17.0,1,1.7,6.6,5.6,2.7,88.5,64.5,5.6,4.3,3.0,5.1,2,0,2.6,1.4,7.17,59.25,2,2
6995,24.0,1,3.3,5.7,8.9,0.8,87.6,85.5,5.3,2.3,5.7,8.8,2,0,4.050203624516392,7.9,5.52,51.23,2,2
6996,21.0,1,3.7,7.2,9.5,4.2,79.0,99.0,5.8,5.6,5.3,7.4,0,0,0.0,1.6,4.46,51.53,2,2
6997,21.0,0,2.4,5.6,8.0,3.5,82.3,79.0,4.4,6.8,9.3,6.1,0,1,0.8,2.7,6.27,42.37,1,1
6998,24.0,0,1.9,6.3,8.6,5.2,85.6,54.3,3.0,3.1,8.9,10.0,0,0,9.2,5.1,7.44,52.44,2,2
6999,19.0,0,7.2,7.9,4.2,2.7,81.8,85.8,7.1,3.2008618067525094,3.5,7.1,2,0,9.5,2.2,6.64,72.5,0,0
7000,21.0,1,4.7,7.5,3.6,3.2,87.7,59.7,7.3,0.9,7.0,10.0,1,0,0.6,1.3,5.23,59.77,2,2
7001,16.0,0,5.4,4.6,7.1,0.3,80.6,69.7,9.9,0.3,4.2,5.0,0,0,7.1,2.2,6.07,48.7,2,2
7002,18.0,0,3.9,9.0,6.1,4.5,73.6,76.6,4.7,4.3,3.4,5.9,2,0,5.0,6.5,7.68,58.18,2,2
7003,23.0,0,4.8,5.6,11.0,3.1,83.4,62.9,6.8,1.6,8.2,4.3,1,0,0.9,5.1,4.95,39.17,1,1
7004,22.0,1,6.1,5.8,1.2,2.8,76.9,86.5,5.4,4.8,6.2,6.2,2,0,2.6,2.8,3.52,50.96,2,2
7005,19.0,0,2.2,5.4,7.5,2.6,98.9,88.5,5.7,2.0,10.0,5.5,0,1,6.7,5.9,3.81,45.15,1,1
7006,19.0,0,4.7,6.1,7.5,2.5,74.4,93.5,4.6,5.2,4.9,10.0,1,0,5.5,8.0,6.08,63.62,0,0
7007,20.0,1,5.6,5.8,4.1,4.5,100.0,100.0,6.1,1.1,3.4,5.4,1,1,5.5,7.8,5.97,61.15,2,2
7008,16.0,1,7.3,6.976601980998585,3.6,1.3,100.0,72.4,9.0,1.6,3.9,8.4,1,0,3.1,3.2,9.32,78.55,0,0
7009,18.0,0,8.1,3.8,5.2,4.3,65.3,52.9,5.1,0.5,5.6,5.9,0,0,0.0,6.7,4.47,9.05,1,1
7010,18.0,0,4.3,7.2,1.9,0.1,96.3,54.7,6.9,1.1,3.0,7.3,1,0,5.6,6.6,6.86,72.76,0,0
7011,18.0,0,6.5,7.3,9.6,0.0,78.4,100.0,4.7,2.4,4.6,6.7,2,0,4.4,2.0,4.58,59.97,2,2
7012,23.0,0,0.0,9.9,12.8,5.5,79.81730107309173,100.0,2.8,1.9,2.9,6.9,0,0,6.2,5.3,6.75,43.07,1,1
7013,18.0,0,7.3,7.6,5.1,1.2,100.0,99.1,5.7,4.5,3.9,5.9,0,1,6.5,7.4,6.64,62.0,2,2
7014,18.0,1,2.7,6.4,4.4,3.2,69.9,64.5,10.0,1.8,4.0,2.2,1,0,0.0,3.5,4.13,46.1,1,1
7015,20.0,1,3.7,5.4,2.7,2.5,74.0,100.0,4.2,4.1,6.6,7.9,2,1,8.2,19.4,6.67,57.39,2,2
7016,23.0,2,5.1,6.9,3.3,3.6,89.8,71.9,3.9,2.6,4.8,1.8,0,1,4.1,9.6,6.11,56.29,2,2
7017,18.0,1,3.9,7.6,4.5,3.1,75.2,81.2,4.1,3.9,5.0,9.2,0,0,4.050203624516392,9.7,5.13,60.14,2,2
7018,17.0,1,4.6,6.3,9.0,4.9,51.1,89.9,10.0,3.4,4.2,7.1,0,1,0.0,7.9,6.3,60.91,2,2
7019,19.0,0,7.4,7.1,14.0,0.4,92.5,97.7,8.4,4.0,2.1,6.6,0,1,3.1,2.8,7.83,72.53,0,0
7020,22.0,0,3.4,9.5,4.2,4.2,84.8,84.7,7.4,0.9,3.9,6.0,1,0,4.1,3.0,8.9,62.17,2,2
7021,20.0,1,2.0,6.5,3.7,2.9,79.7,99.8,9.0,0.6,8.8,8.8,1,0,7.8,6.7,5.0,63.43,0,0
7022,23.0,1,7.8,4.5,3.1,0.2,81.6,75.2,8.0,1.4,2.4,8.9,0,0,1.5,11.1,10.0,59.94,2,2
7023,25.0,1,5.3,6.976601980998585,7.1,2.0,100.0,71.3,5.8,4.1,4.7,2.6,1,1,3.4,7.8,7.15,71.64,0,0
7024,23.0,1,8.0,7.4,6.9,0.1,93.2,69.2,5.0,0.9,3.4,1.0,0,0,2.7,8.3,5.07,50.74,2,2
7025,21.0,0,5.9,4.8,6.3,0.0,68.8,54.3,8.3,5.7,6.4,7.3,2,1,2.5,7.9,7.64,52.14,2,2
7026,20.0,1,1.6,7.6,4.9,2.2,81.6,24.6,6.2,2.7,4.0,6.0,2,0,2.6,7.5,4.21,35.94,1,1
7027,16.0,0,5.5,5.7,9.4,5.1,95.4,93.7,4.0,2.3,5.9,4.6,1,0,0.0,1.5,6.489753023681269,53.96,2,2
7028,25.0,0,2.2,7.6,7.9,3.6,95.1,70.8,7.2,2.8,7.9,6.2,0,0,4.2,1.6,7.64,61.52,2,2
7029,19.0,0,4.2,9.5,7.8,5.3,60.5,88.4,5.3,0.6,5.3,3.8,1,0,2.3,4.9,7.64,45.31,1,1
7030,17.0,1,4.0,6.8,6.9,3.1,73.5,85.8,8.4,1.2,4.0,7.1,1,0,4.9,2.8,6.46,59.09,2,2
7031,21.0,0,1.0,8.4,5.5,5.8,65.3,77.8,3.9,1.0,5.542839731870811,4.1,0,1,6.9,5.2,9.45,42.41,1,1
7032,20.134890807516506,1,2.6,5.4,4.2,5.6,88.3,92.0,7.2,4.5,4.7,5.6,2,0,2.6,3.4,8.81,58.36,2,2
7033,21.0,1,8.6,5.0,7.3,1.3,68.2,94.3,6.4,2.2,6.8,7.0,0,0,2.9,5.4,6.8,48.24,2,2
7034,21.0,0,4.7,9.6,7.1,3.1,100.0,57.9,6.4,7.2,4.4,4.6,2,0,4.4,3.6,7.5,57.21,2,2
7035,20.0,0,3.8,7.4,7.4,1.7,96.8,100.0,6.6,2.6,6.9,5.0,0,0,3.2,3.6,6.91,65.48,0,0
7036,23.0,0,7.8,7.8,2.1,2.7,79.81730107309173,90.6,5.6,1.5,7.1,5.7,0,0,5.7,2.6,7.44,63.28,0,0
7037,18.0,1,3.4,8.5,6.8,6.0,63.6,59.2,7.1,3.0,9.1,6.6,0,0,6.7,3.2,6.16,46.62,1,1
7038,20.0,1,4.0,6.3,5.2,1.8,69.7,63.3,6.6,2.1,4.7,9.0,0,1,8.6,15.2,4.31,65.11,0,0
7039,20.0,2,6.2,8.1,3.8,0.9,85.9,52.6,6.3,1.3,7.9,5.0,2,1,2.4,0.4,7.81,65.37,0,0
7040,21.0,0,3.4,7.9,7.8,1.0,91.1,86.3,8.7,3.3,7.1,7.6,0,0,2.0,7.4,4.59,67.81,0,0
7041,22.0,0,2.7,5.3,6.4,2.3,79.5,71.8,3.0,2.8,5.1,7.2,0,0,6.2,4.6,5.71,39.68,1,1
7042,19.0,0,0.0,9.0,11.9,9.7,46.6,30.1,7.3,2.2,3.3,6.6,0,1,3.5,3.7,6.16,15.23,1,1
7043,21.0,1,2.3,8.7,7.2,5.7,88.8,65.0,6.5,3.2008618067525094,2.0,7.9,1,0,3.7,2.7,7.08,68.81,0,0
7044,17.0,0,2.3,5.3,5.3,0.0,53.7,68.1,7.1,1.5,5.0,9.4,0,0,3.6,1.6,8.14,44.47,1,1
7045,24.0,1,4.5,7.3,5.7,2.9,52.5,76.9,7.3,2.2,4.3,6.2,0,1,7.2,6.6,6.05,59.56,2,2
7046,19.0,0,3.0,6.7,3.1,1.9,93.0,47.3,7.5,2.8,5.7,7.5,2,0,4.8,5.1,6.39,59.59,2,2
7047,22.0,0,8.5,8.8,9.1,4.8,64.6,77.1,5.2,4.8,4.0,4.7,2,0,0.6,1.1,8.35,41.35,1,1
7048,16.0,0,2.1,5.2,6.8,0.9,83.3,100.0,4.6,1.6,7.0,5.2,0,0,1.5,5.9,6.36,43.71,1,1
7049,18.0,0,7.0,10.0,6.8,1.1,81.2,78.4,7.0,7.6,5.0,3.7,2,0,6.9,12.7,7.77,62.84,2,2
7050,20.0,1,4.6,6.8,3.3,2.0,69.5,85.6,9.2,3.0,5.8,5.3,1,1,10.0,7.3,8.07,76.73,0,0
7051,23.0,0,5.8,8.0,7.9,1.8,82.7,100.0,5.5,3.7,2.1,6.6,1,0,6.9,14.4,8.32,80.31,0,0
7052,20.0,1,5.7,8.8,3.7,4.2,72.8,73.3,3.8,2.4,5.5,6.0,2,0,1.5,7.8,4.47,56.9,2,2
7053,24.0,1,0.0,6.7,4.6,2.4,80.6,72.7,7.7,3.1,7.5,5.5,2,1,4.5,8.4,7.63,39.83,1,1
7054,20.0,1,4.2,6.9,6.3,4.8,75.0,81.2,4.2,2.4,4.9,5.5,0,0,6.4,3.8,5.74,50.23,2,2
7055,20.0,0,3.7,6.3,4.5,1.5,73.5,59.1,6.7,3.1,1.8,5.7,0,0,1.6,3.2,5.54,45.43,1,1
7056,17.0,1,1.9,5.8,4.0,4.6,71.4,62.5,3.8,2.9,4.6,5.7,0,0,0.3,13.9,7.23,28.84,1,1
7057,23.0,1,5.1,7.4,5.9,0.9,68.3,38.3,5.4,1.0,7.6,9.4,1,0,6.5,4.9,6.64,52.07,2,2
7058,18.0,0,7.6,6.8,8.5,4.1,91.1,100.0,6.0,4.0,2.4,5.9,1,1,3.9,6.5,6.61,69.24,0,0
7059,24.0,0,0.0,6.3,8.2,2.1,74.1,90.0,5.3,5.2,1.0,3.7,0,0,5.2,2.8,6.16,42.86,1,1
7060,24.0,1,3.1,6.4,7.8,4.6,65.3,57.9,6.5,1.6,5.3,10.0,0,0,6.0,0.3,5.92,38.98,1,1
7061,24.0,1,1.7,7.7,7.2,0.0,74.7,93.4,6.7,0.8,2.4,5.9,1,0,3.8,13.7,7.53,63.87,0,0
7062,20.0,0,4.3,6.0,4.8,1.6,73.1,60.5,4.9,7.6,1.7,5.6,1,1,1.9,11.7,4.45,60.27,2,2
7063,21.0,0,3.5,6.7,8.8,5.1,74.9,76.2,4.8,11.8,5.3,4.0,1,1,5.3,18.1,6.489753023681269,49.36,2,2
7064,22.0,1,3.0,8.2,1.7,2.6,89.3,74.2518720906699,5.991217524197657,5.8,8.9,4.3,0,1,5.6,1.5,4.21,60.81,2,2
7065,17.0,0,5.6,7.3,7.1,0.0,71.8,67.0,5.5,5.4,4.2,9.5,1,0,2.3,3.4,6.27,64.87,0,0
7066,21.0,0,7.5,5.6,8.1,1.7,79.81730107309173,60.4,6.7,0.2,1.9,4.0,2,0,6.2,2.6,5.53,40.58,1,1
7067,16.0,0,9.5,7.0,5.8,3.7,88.4,96.8,3.0,0.6,1.0,4.3,0,0,6.3,2.1,8.71,58.55,2,2
7068,20.0,2,2.7,7.6,4.2,1.5,85.8,76.5,10.0,0.6,5.9,7.3,0,0,3.6,3.2,6.01,65.29,0,0
7069,17.0,0,0.6,8.3,5.9,5.1,71.1,100.0,7.0,2.2,6.0,2.6,0,0,4.3,3.6,6.63,43.76,1,1
7070,18.0,0,5.3,6.0,4.1,5.0,92.6,56.3,1.5,1.8,5.2,8.2,2,0,4.0,2.4,7.74,54.85,2,2
7071,19.0,1,7.4,6.3,7.3,4.2,91.8,66.5,3.8,7.6,7.6,7.3,2,1,7.8,9.4,8.42,61.93,2,2
7072,20.0,0,5.8,6.1,8.4,4.9,90.9,74.2,4.4,4.2,7.3,5.7,0,0,1.8,3.2,8.11,54.03,2,2
7073,21.0,0,7.4,6.2,7.1,2.1,83.9,94.9,9.8,6.3,3.0,6.9,0,0,2.7,9.0,7.86,63.61,0,0
7074,17.0,1,3.7,7.5,7.0,5.7,77.7,60.8,10.0,4.1,7.9,9.4,1,1,4.8,4.3,8.39,74.63,0,0
7075,20.0,0,3.0,7.8,7.9,4.9,66.0,85.3,7.2,3.6,5.7,7.8,2,0,6.0,1.2,4.55,51.6,2,2
7076,18.0,1,4.4,8.4,8.2,2.8,62.0,81.2,8.4,2.1,4.7,7.9,0,0,2.0,3.1,6.19,56.85,2,2
7077,21.0,1,4.219583121504829,6.9,4.1,0.1,78.9,100.0,8.7,2.0,2.8,7.2,0,0,3.9,16.0,4.54,66.59,0,0
7078,21.0,1,5.5,5.2,2.2,0.0,80.2,84.0,3.6,2.4,5.542839731870811,5.6,0,0,7.2,8.9,6.85,61.41,2,2
7079,20.0,0,6.1,7.9,6.7,4.8,76.6,42.7,5.8,0.9,3.0,5.8,0,0,2.5,7.4,5.49,51.96,2,2
7080,22.0,0,6.3,7.2,8.3,0.1,78.6,56.7,5.8,0.6,8.5,6.5,0,1,3.8,4.1,6.34,46.16,1,1
7081,19.0,1,5.2,7.1,2.0,1.3,97.7,57.7,9.0,0.9,4.5,7.4,1,1,5.3,6.6,4.8,71.24,0,0
7082,22.0,0,4.7,5.3,6.2,3.9,100.0,66.9,10.0,1.6,5.6,5.1,2,0,3.2,5.1,7.24,57.09,2,2
7083,20.0,1,5.8,6.7,8.8,0.7,65.6,98.8,10.0,2.3,1.0,7.1,2,0,6.2,6.9,6.89,87.69,0,0
7084,20.0,0,0.3,5.4,5.7,7.4,83.8,70.2,7.1,1.2,2.8,5.5,1,0,5.5,3.7,6.63,39.87,1,1
7085,21.0,0,4.6,7.6,9.8,3.4,80.7,75.6,6.9,3.2,3.8,6.5,0,0,4.6,5.9,7.91,64.07,0,0
7086,16.0,0,4.3,6.4,9.3,5.7,88.8,71.0,5.0,8.9,9.8,6.2,0,1,2.1,16.2,5.59,42.76,1,1
7087,21.0,0,4.6,6.3,5.5,4.9,100.0,84.7,6.1,0.2,4.8,6.9,0,0,3.3,4.0,2.82,47.96,2,2
7088,21.0,1,4.0,5.0,5.1,0.0,100.0,74.2518720906699,8.3,3.5,4.8,6.8,0,0,0.9,12.0,5.97,70.95,0,0
7089,19.0,0,5.1,8.3,5.1,4.3,89.4,71.9,8.1,5.0,2.5,6.0,0,0,2.4,2.0,7.73,70.97,0,0
7090,17.0,2,3.1,6.7,6.3,3.0,80.5,71.7,5.991217524197657,5.7,4.1,4.2,1,1,2.8,0.3,2.05,58.81,2,2
7091,17.0,1,6.5,7.1,3.1,2.9,75.3,73.7,4.1,7.0,4.1,9.0,2,0,0.0,4.0,5.47,65.41,0,0
7092,24.0,0,5.1,6.0,2.6,3.0,100.0,64.8,10.0,4.6,7.9,5.0,0,0,6.6,2.4,7.86,73.53,0,0
7093,22.0,2,4.5,4.9,1.0,4.9,70.0,51.0,7.0,1.3,1.0,8.6,0,0,2.7,5.2,9.25,51.15,2,2
7094,17.0,1,2.8,6.976601980998585,5.9,6.0,90.7,91.8,6.4,1.9,1.7,3.4,1,0,2.1,8.4,4.16,53.33,2,2
7095,19.0,0,5.8,6.5,11.1,0.9,76.6,72.9,8.0,4.5,5.9,3.6,2,0,2.9,6.3,1.6,45.38,1,1
7096,21.0,0,4.6,7.4,1.0,3.1,62.6,95.3,4.6,3.4,7.1,8.4,0,1,5.2,5.5447261663286005,5.37,58.31,2,2
7097,23.0,0,2.7,6.5,5.5,5.5,100.0,83.6,4.4,1.3,3.3,9.8,2,0,0.5,4.5,4.12,54.54,2,2
7098,16.0,1,4.1,6.1,5.5,2.6,57.4,84.3,5.2,3.5,8.0,7.3,2,0,4.8,10.9,6.42,49.22,2,2
7099,18.0,1,5.5,5.0,5.6,3.4,52.1,95.4,3.8,1.8,5.2,2.9,1,0,4.1,5.2,6.87,46.03,1,1
7100,20.134890807516506,1,5.3,7.1,9.1,3.4,89.1,100.0,6.3,9.2,3.0,8.5,2,0,5.7,15.4,7.51,76.53,0,0
7101,16.0,0,5.2,6.0,3.8,6.8,76.0,98.5,1.5,5.0,2.6,3.9,0,1,7.7,12.0,5.88,57.49,2,2
7102,18.0,0,4.4,8.7,1.1,4.3,85.6,91.0,4.9,4.7,6.0,3.6,1,0,7.1,3.5,6.04,67.99,0,0
7103,25.0,0,6.3,7.2,4.7,6.7,79.9,74.2518720906699,1.7,3.2008618067525094,6.6,6.3,0,1,0.7,4.9,10.0,62.0,2,2
7104,21.0,1,6.7,7.7,4.3,6.1,87.8,97.7,5.4,4.5,1.0,4.9,0,1,2.0,10.8,7.69,63.01,2,2
7105,18.0,1,5.7,6.7,1.0,2.6,76.2,61.6,5.5,1.8,4.1,7.8,0,1,6.6,15.0,7.84,70.53,0,0
7106,16.0,0,3.0,7.3,6.6,3.5,91.7,85.5,8.6,2.1,1.9,7.1,0,1,4.5,5.0,6.43,69.61,0,0
7107,16.0,0,2.1,5.8,3.0,6.7,92.1,98.0,6.6,2.8,5.4,5.3,2,0,6.3,3.0,5.34,58.83,2,2
7108,18.0,0,3.1,5.5,5.8,0.9,100.0,92.1,4.3,5.2,5.1,7.4,0,0,3.7,0.6,7.22,66.9,0,0
7109,24.0,0,8.1,7.0,5.1,4.4,96.4,73.6,5.1,2.7,4.6,10.0,2,0,0.0,11.9,7.57,66.42,0,0
7110,19.0,0,4.8,7.7,3.3,4.4,78.6,83.2,9.2,10.2,10.0,5.4,0,0,3.1,4.7,7.35,67.65,0,0
7111,22.0,0,8.5,4.5,8.2,2.5,89.1,69.1,3.6,1.5,8.7,6.8,2,0,6.2,4.1,7.27,33.18,1,1
7112,24.0,0,4.0,6.4,5.3,2.3,85.4,61.2,10.0,5.8,6.3,7.3,0,0,7.0,2.7,7.15,63.7,0,0
7113,19.0,1,3.7,9.4,6.1,2.6,85.5,100.0,6.9,6.4,3.3,7.3,1,1,4.9,18.6,6.66,69.98,0,0
7114,18.0,0,4.1,7.6,7.5,4.3,62.8,67.2,3.1,2.8,3.5,10.0,2,0,1.8,11.1,4.62,44.62,1,1
7115,20.0,0,4.0,9.0,6.7,5.7,89.8,67.0,3.7,5.5,8.2,8.5,1,0,5.2,10.2,5.86,58.87,2,2
7116,24.0,1,2.7,6.2,6.4,4.3,87.9,67.4,7.8,2.5,2.5,3.8,2,0,6.2,6.9,7.69,61.31,2,2
7117,23.0,1,1.9,6.4,3.9,0.7,100.0,62.5,7.6,6.3,6.0,3.9,0,0,5.8,5.8,6.72,66.6,0,0
7118,16.0,1,5.2,8.3,3.2,5.7,95.2,62.0,6.9,2.0,9.8,5.7,1,0,4.6,2.9,4.17,56.14,2,2
7119,22.0,0,4.219583121504829,7.8,6.4,5.1,81.9,43.9,6.3,4.4,1.8,7.3,1,1,1.6,4.5,6.11,60.15,2,2
7120,21.0,1,9.1,6.9,3.6,2.6,78.7,47.1,5.8,5.0,8.1,8.3,0,0,6.5,7.1,8.69,59.03,2,2
7121,24.0,1,3.3,5.4,8.0,1.8,66.9,71.5,4.3,2.1,6.9,8.2,1,0,1.2,3.0,6.98,44.01,1,1
7122,17.0,0,3.5,8.5,5.7,1.4,100.0,83.2,6.9,0.5,6.2,6.0,2,0,3.3,7.6,7.47,72.81,0,0
7123,20.0,1,2.7,10.0,7.6,4.9,66.1,44.8,9.6,5.4,6.0,7.3,2,1,6.1,1.5,7.48,48.68,2,2
7124,23.0,0,6.5,5.0,3.5,0.0,55.7,78.3,5.9,0.8,6.1,9.5,1,0,7.3,1.7,3.58,40.22,1,1
7125,19.0,0,5.8,8.8,3.1,5.0,91.7,98.1,6.6,1.0,6.5,7.2,0,1,2.5,4.7,7.77,73.08,0,0
7126,20.0,0,2.4,6.4,10.2,2.2,81.1,66.5,8.3,2.1,4.2,6.9,0,0,2.6,1.9,7.43,49.36,2,2
7127,17.0,1,2.4,6.6,5.6,3.5,83.4,57.2,4.9,1.7,6.5,8.2,2,0,3.0,7.8,7.65,40.15,1,1
7128,18.0,1,6.1,7.4,8.3,0.0,82.4,73.9,6.9,9.1,4.4,6.5,0,1,4.0,7.1,7.91,67.78,0,0
7129,19.0,1,5.0,5.4,2.5,0.0,66.2,84.3,7.8,7.4,3.7,7.6,0,0,2.2,12.9,7.05,75.8,0,0
7130,24.0,0,5.7,7.0,5.3,1.8,84.8,64.9,4.4,3.7,4.6,10.0,2,0,2.6,8.7,4.6,60.42,2,2
7131,18.0,0,2.4,4.9,9.3,1.4,75.8,92.2,3.1,2.6,4.9,3.5,0,0,1.3,0.8,6.3,37.1,1,1
7132,20.0,1,4.219583121504829,7.6,2.1,4.4,74.0,83.4,5.5,1.2,9.3,5.957923664122137,2,0,0.7,21.6,3.72,33.94,1,1
7133,21.0,0,2.5,9.9,11.7,3.5,98.5,100.0,7.9,3.8,8.0,4.7,1,0,3.4,5.4,8.99,62.29,2,2
7134,18.0,1,5.6,6.2,6.5,6.5,90.3,44.7,2.8,2.2,5.8,4.6,1,0,3.2,3.6,7.33,46.7,2,2
7135,20.0,2,8.4,6.8,4.0,3.9,50.1,49.6,6.5,2.8,2.4,4.8,2,0,3.6,0.9,4.24,38.23,1,1
7136,22.0,2,4.219583121504829,6.8,6.9,1.8,82.8,67.5,5.6,3.0,3.6,1.3,0,1,2.5,1.2,4.48,32.84,1,1
7137,23.0,0,8.8,8.3,8.8,5.2,93.9,50.9,5.5,4.8,9.1,5.1,0,0,0.5,5.3,6.24,41.07,1,1
7138,21.0,0,5.9,7.5,3.9,2.2,63.8,100.0,6.7,8.3,2.7,8.4,1,1,2.2,8.9,4.9,74.19,0,0
7139,21.0,0,1.4,8.2,4.3,2.1,68.8,79.2,2.3,1.3,7.0,3.3,0,0,2.2,4.0,7.34,40.28,1,1
7140,17.0,0,4.6,6.3,6.6,3.0,93.0,69.1,8.6,2.0,4.1,2.2,0,0,0.3,1.7,8.55,62.57,2,2
7141,24.0,0,5.9,7.6,7.2,5.9,74.1,100.0,4.0,2.3,6.8,4.7,1,1,5.2,5.7,8.35,60.23,2,2
7142,17.0,2,0.0,3.0,5.5,4.9,54.3,80.3,6.8,5.5,5.9,4.3,0,1,2.0,4.3,8.08,4.37,1,1
7143,22.0,0,5.5,7.9,7.0,4.8,95.6,71.2,7.5,1.7,5.9,7.9,1,1,3.5,5.5447261663286005,3.51,64.72,0,0
7144,18.0,0,6.5,5.4,8.1,6.5,77.7,60.9,9.2,4.9,3.1,9.8,0,0,2.1,5.6,6.11,57.08,2,2
7145,24.0,0,5.0,6.6,6.4,4.8,84.9,85.0,5.9,3.5,6.3,10.0,1,0,2.5,7.9,3.83,69.08,0,0
7146,22.0,0,4.1,8.0,4.3,0.8,79.4,84.4,2.8,1.9,5.4,4.4,1,0,2.9,0.2,6.34,50.51,2,2
7147,22.0,0,3.9,5.0,5.9,4.0,94.6,87.3,2.5,4.4,5.1,7.3,0,0,2.5,7.2,6.2,60.12,2,2
7148,18.0,1,3.7,8.4,10.4,5.9,65.7,89.5,8.8,2.6,3.7,6.0,1,0,3.3,5.9,5.75,63.92,0,0
7149,20.0,1,1.8,6.8,6.8,0.3,88.6,100.0,4.8,9.8,4.5,6.9,1,0,4.5,4.6,6.26,65.05,0,0
7150,20.134890807516506,1,2.8,8.9,9.1,3.0,97.1,60.1,5.2,4.1,3.2,7.3,2,1,6.2,4.5,7.11,59.58,2,2
7151,22.0,0,3.4,5.8,4.7,1.1,62.5,100.0,3.5,3.4,4.8,5.9,2,0,1.4,2.8,4.38,50.41,2,2
7152,17.0,1,4.4,4.6,6.7,3.2,70.4,100.0,5.2,0.2,6.5,3.9,2,0,0.0,1.7,7.68,35.12,1,1
7153,25.0,2,4.219583121504829,7.0,8.0,5.0,100.0,100.0,9.8,3.3,2.3,4.3,2,0,6.2,8.4,2.96,67.02,0,0
7154,24.0,0,2.5,7.8,9.7,5.4,94.1,71.3,5.991217524197657,2.5,5.4,6.5,2,0,4.1,7.5,3.4,56.21,2,2
7155,18.0,0,5.7,7.9,9.1,2.7,69.3,62.1,4.2,1.6,4.2,6.8,0,0,4.6,2.7,8.19,51.96,2,2
7156,23.0,1,4.9,5.5,3.2,4.2,64.2,74.2518720906699,5.991217524197657,5.4,8.3,5.957923664122137,1,0,2.4,5.3,5.55,52.34,2,2
7157,20.0,0,4.219583121504829,4.9,8.9,0.3,83.7,80.1,0.5,1.2,4.7,5.5,0,0,8.8,13.5,7.65,40.16,1,1
7158,20.0,0,5.2,6.6,10.2,0.0,84.3,90.4,6.0,4.2,5.3,8.6,1,0,4.5,13.5,5.26,51.95,2,2
7159,19.0,0,3.3,7.7,4.6,5.0,79.2,72.0,5.2,4.0,6.3,6.0,0,1,3.0,3.1,6.75,50.54,2,2
7160,21.0,1,4.3,7.6,3.8,0.0,100.0,91.6,5.4,7.3,9.3,7.0,2,0,0.9,3.0,6.18,73.87,0,0
7161,22.0,0,6.2,9.0,5.9,1.8,88.4,68.7,2.8,1.1,6.3,9.3,0,1,7.2,12.8,4.17,45.73,1,1
7162,19.0,0,3.0,6.5,6.4,4.2,69.1,75.9,5.7,2.3,10.0,6.3,0,1,0.6,7.8,4.13,31.81,1,1
7163,21.0,0,1.9,4.6,5.1,3.4,93.7,88.0,5.1,2.5,8.0,5.0,0,1,9.2,4.8,6.93,43.82,1,1
7164,22.0,0,3.9,8.6,3.0,0.0,80.8,77.2,3.9,1.7,5.3,4.9,0,1,6.2,4.0,7.93,61.64,2,2
7165,22.0,0,1.5,7.3,9.7,3.9,71.2,62.8,5.1,3.0,1.0,7.4,1,1,2.5,2.3,7.57,46.4,1,1
7166,16.0,2,3.6,7.4,3.9,1.4,91.7,58.8,1.7,3.2,3.9,2.7,0,1,5.0,2.3,5.96,57.84,2,2
7167,23.0,0,3.6,8.0,4.7,3.2,99.2,94.2,10.0,4.3,6.9,9.3,0,0,1.5,4.3,7.82,82.68,0,0
7168,20.0,2,0.0,8.6,6.3,1.9,82.8,83.9,0.0,3.3,2.7,8.6,2,0,6.6,11.8,8.79,58.04,2,2
7169,18.0,0,5.3,7.0,2.3,1.8,67.3,100.0,5.7,0.6,1.2,3.1,1,0,1.9,14.0,5.83,64.68,0,0
7170,18.0,1,3.8,8.5,2.1,0.0,81.5,95.6,5.6,0.8,6.1,4.9,0,0,0.8,13.3,4.82,43.02,1,1
7171,20.0,1,6.6,7.7,4.9,2.4,67.6,69.9,4.7,6.8,2.0,4.9,2,1,0.9,12.2,8.02,50.57,2,2
7172,24.0,1,4.6,6.1,8.1,5.2,82.9,93.1,5.5,1.2,5.7,7.2,1,0,5.0,8.6,4.9,60.71,2,2
7173,19.0,1,5.7,6.7,6.5,2.2,89.8,81.3,7.4,4.4,5.1,4.3,2,0,4.3,2.2,6.75,74.44,0,0
7174,22.0,1,6.6,7.8,1.0,2.3,54.3,73.0,3.2,5.2,2.2,1.0,0,0,4.3,2.7,6.43,54.37,2,2
7175,17.0,1,3.9,6.1,9.5,1.7,89.3,100.0,5.991217524197657,7.0,9.7,8.7,1,1,2.4,3.4,3.92,49.81,2,2
7176,20.0,0,4.219583121504829,8.2,8.0,0.7,75.1,100.0,4.8,3.7,4.0,1.0,2,0,3.3,5.7,9.11,61.35,2,2
7177,25.0,1,1.1,7.2,6.5,1.2,72.7,86.7,0.0,4.8,7.7,9.7,0,1,4.5,1.2,5.31,46.75,2,2
7178,22.0,1,6.7,7.5,6.4,3.4,62.7,59.7,4.1,2.9,8.3,5.1,0,1,7.3,1.2,3.88,30.8,1,1
7179,18.0,0,3.9,8.9,7.7,7.4,66.0,66.4,4.8,1.5,3.8,6.0,0,0,3.2,3.5,6.39,49.81,2,2
7180,20.0,0,2.2,7.5,11.8,4.8,100.0,65.2,6.2,1.3,10.0,5.4,0,0,5.0,3.4,4.91,42.98,1,1
7181,18.0,2,5.7,7.1,8.2,4.1,91.0,89.7,8.8,7.1,3.6,5.0,1,1,7.8,3.4,6.82,71.68,0,0
7182,19.0,0,0.0,6.9,6.7,6.6,96.8,81.9,6.7,7.1,5.3,6.2,1,0,5.6,6.5,6.489753023681269,49.2,2,2
7183,22.0,1,3.3,6.8,2.9,3.8,68.9,69.4,6.8,1.0,6.2,5.4,0,0,2.8,6.5,5.33,49.07,2,2
7184,22.0,1,6.0,7.4,6.4,4.9,100.0,100.0,4.4,1.7,2.4,4.1,1,0,3.9,11.5,9.15,74.68,0,0
7185,18.0,1,3.3,8.8,7.9,3.4,79.1,67.3,4.7,2.7,5.1,7.3,0,0,5.0,4.3,7.23,56.55,2,2
7186,24.0,1,2.8,6.2,5.7,3.8,69.7,100.0,4.7,0.8,6.9,5.5,1,1,0.0,8.1,4.54,52.82,2,2
7187,21.0,1,3.4,6.1,4.7,0.5,66.0,96.1,5.7,5.7,6.2,10.0,0,1,2.4,4.3,5.15,62.81,2,2
7188,19.0,2,0.2,8.7,7.4,2.4,66.4,86.6,5.0,3.2,8.4,4.1,1,0,4.6,9.7,8.58,45.49,1,1
7189,20.0,1,5.6,6.3,3.5,2.0,70.3,61.0,6.7,6.7,2.9,7.1,0,0,8.7,7.5,5.91,71.95,0,0
7190,21.0,1,4.0,7.3,8.2,1.9,68.4,100.0,7.4,4.4,5.0,4.8,1,0,7.5,9.0,6.96,78.17,0,0
7191,20.0,1,3.7,6.2,4.9,1.8,91.8,100.0,8.8,3.0,4.4,4.6,0,0,1.0,5.0,6.79,63.64,0,0
7192,20.0,0,3.7,4.8,1.0,5.6,100.0,79.3,6.6,4.6,3.5,6.0,2,0,1.4,5.2,6.67,53.43,2,2
7193,20.0,1,4.2,7.3,4.9,2.3,76.8,97.5,6.7,5.4,4.8,7.4,1,0,8.4,13.2,4.93,85.57,0,0
7194,18.0,1,5.5,8.4,5.9,2.7,77.0,76.8,8.5,4.6,6.0,7.8,1,0,1.2,1.2,7.03,73.91,0,0
7195,23.0,1,4.1,6.9,7.4,7.1,55.8,100.0,7.6,1.6,3.9,5.6,1,1,0.6,0.9,5.65,51.1,2,2
7196,20.0,1,1.5,5.1,7.1,4.4,68.0,57.9,5.2,3.8,3.9,9.5,2,0,0.0,3.3,6.99,47.38,2,2
7197,17.0,1,5.4,7.1,2.8,3.0,58.9,92.8,3.7,4.6,6.2,7.8,1,0,2.7,6.5,6.38,60.47,2,2
7198,22.0,0,5.2,6.0,6.3,4.9,90.6,29.7,4.9,1.4,8.2,6.6,1,0,8.7,2.4,6.81,49.03,2,2
7199,24.0,1,4.6,3.6,4.7,1.8,100.0,53.9,4.2,1.8,7.9,7.5,0,0,6.2,3.7,5.47,41.27,1,1
7200,24.0,0,6.4,6.9,5.1,2.2,65.9,55.9,6.3,1.6,6.6,3.8,1,0,4.0,1.8,6.89,36.36,1,1
7201,19.0,0,4.3,7.7,3.5,2.3,77.4,75.2,7.1,1.6,3.0,8.5,1,0,8.0,2.9,9.59,80.36,0,0
7202,17.0,0,6.4,8.5,5.9,3.4,76.8,59.1,5.1,1.4,3.3,3.1,2,0,8.7,2.7,5.26,50.61,2,2
7203,20.0,1,7.0,9.3,13.8,3.8,88.9,59.2,5.2,6.5,4.1,7.0,1,0,2.7,5.1,5.2,60.7,2,2
7204,17.0,1,5.4,7.8,10.6,1.3,81.4,71.8,0.2,1.9,4.4,5.8,2,1,0.0,4.7,9.85,48.13,2,2
7205,24.0,1,2.7,8.2,3.5,3.7,100.0,72.7,4.7,0.8,6.0,2.8,2,0,0.7,4.7,6.39,52.73,2,2
7206,18.0,0,3.9,5.3,6.2,4.1,70.3,54.2,10.0,8.0,4.1,3.3,0,1,1.9,7.6,6.08,47.05,2,2
7207,18.0,0,6.7,9.1,5.2,2.2,91.7,50.8,8.5,4.8,6.4,5.9,0,1,3.8,1.4,8.76,61.74,2,2
7208,19.0,1,1.2,8.6,6.4,2.7,72.3,59.7,8.9,4.2,3.2,5.8,1,0,8.2,4.0,6.53,60.99,2,2
7209,19.0,0,3.4,6.5,8.3,1.0,59.2,93.0,7.1,2.2,8.0,4.3,0,1,6.3,5.8,6.95,41.97,1,1
7210,23.0,0,3.5,7.9,5.7,0.3,98.5,100.0,8.0,0.7,5.2,5.1,1,1,1.8,1.2,4.76,67.18,0,0
7211,20.0,0,2.5,7.8,4.2,0.9,100.0,100.0,5.2,5.5,6.6,2.8,0,0,5.5,1.8,5.94,65.19,0,0
7212,18.0,1,5.9,8.9,8.9,4.3,85.3,68.6,4.2,5.5,5.6,2.8,0,0,5.6,3.7,4.79,53.11,2,2
7213,18.0,0,5.0,6.8,2.9,3.9,71.8,82.5,9.3,1.1,2.8,5.3,0,0,0.6,6.4,3.39,55.31,2,2
7214,20.0,1,2.8,6.0,6.5,6.5,65.2,75.0,3.6,2.6,7.1,2.0,1,1,2.7,8.5,7.31,34.87,1,1
7215,17.0,0,5.4,6.4,2.3,3.1,87.3,72.4,7.1,2.9,3.7,5.5,2,0,0.0,1.3,8.14,70.35,0,0
7216,21.0,1,3.9,8.2,3.4,3.1,52.4,77.0,9.9,4.4,4.4,7.0,0,1,5.2,3.7,5.83,66.27,0,0
7217,21.0,1,2.4,4.5,7.9,3.6,91.3,80.0,8.1,3.9,1.5,5.6,0,0,3.3,1.5,8.67,44.86,1,1
7218,22.0,0,2.8,3.1,4.3,1.1,74.6,43.6,5.4,0.7,3.8,7.1,1,0,4.0,2.2,6.07,25.16,1,1
7219,24.0,0,5.1,8.2,6.047861775435752,4.6,74.3,63.9,8.8,3.4,3.8,4.3,0,0,6.6,1.5,8.12,72.87,0,0
7220,24.0,1,6.1,7.4,4.2,3.7,66.0,74.2,6.5,6.1,4.1,1.6,0,0,6.9,6.0,6.64,52.47,2,2
7221,24.0,1,3.2,7.0,3.9,1.3,61.3,100.0,5.7,1.1,6.2,7.2,2,1,6.4,5.9,3.64,44.16,1,1
7222,18.0,0,5.3,5.3,2.8,3.7,79.2,86.5,7.6,1.8,6.2,5.4,0,0,6.4,2.3,5.41,51.15,2,2
7223,17.0,0,7.4,4.8,6.047861775435752,4.4,82.5,94.8,4.1,3.2,10.0,3.5,0,1,3.9,10.2,10.0,40.06,1,1
7224,19.0,0,1.7,6.2,2.1,0.6,78.8,73.0,2.8,3.2008618067525094,7.5,5.2,1,1,3.8,19.1,7.38,49.59,2,2
7225,20.134890807516506,2,4.9,7.5,4.5,4.9,94.2,100.0,5.5,3.5,9.6,4.2,0,0,7.7,4.2,5.54,58.56,2,2
7226,25.0,1,5.9,6.2,6.3,2.2,80.8,80.1,4.6,2.8,2.9,7.7,2,0,3.0,9.8,6.32,66.93,0,0
7227,23.0,0,4.0,8.2,5.1,0.0,89.3,89.9,2.8,2.3,5.4,3.8,2,1,0.3,4.1,6.15,54.12,2,2
7228,17.0,1,6.7,5.8,5.0,4.7,60.9,78.2,6.1,0.7,8.8,4.1,0,1,0.0,3.0,5.19,31.01,1,1
7229,24.0,0,8.6,6.3,4.2,5.4,74.3,84.9,4.8,1.0,6.0,5.9,0,0,6.3,3.0,6.53,50.66,2,2
7230,19.0,1,4.9,7.9,3.0,1.0,99.3,66.4,3.9,2.3,5.9,6.0,1,1,3.7,4.8,8.28,78.73,0,0
7231,16.0,0,3.7,6.5,4.4,0.0,92.6,100.0,6.0,0.6,6.9,5.4,0,0,6.8,0.9,5.71,64.88,0,0
7232,20.0,0,6.2,6.6,7.6,5.4,84.3,66.3,3.9,1.1,2.4,1.5,1,1,0.9,8.3,6.72,46.91,2,2
7233,16.0,0,5.9,6.2,4.9,1.9,75.1,57.9,8.6,0.7,8.5,2.4,0,0,3.3,0.9,6.31,36.31,1,1
7234,20.0,0,0.0,5.9,6.4,5.4,67.8,77.9,9.9,4.8,3.3,6.3,0,0,4.7,9.0,8.19,61.2,2,2
7235,19.0,0,4.2,7.5,8.8,0.0,73.1,100.0,7.5,6.5,4.1,3.5,0,0,8.7,5.7,4.51,74.27,0,0
7236,20.0,0,3.4,7.6,6.047861775435752,5.5,88.3,62.7,5.1,4.7,3.6,7.1,0,0,2.2,1.7,7.31,63.03,2,2
7237,21.0,1,5.0,7.3,2.8,4.9,54.2,71.7,6.9,0.7,5.7,1.0,0,0,6.7,7.0,6.52,52.33,2,2
7238,23.0,1,3.8,6.2,7.1,4.0,100.0,79.6,4.5,3.1,6.3,4.9,0,0,3.6,2.4,4.24,53.0,2,2
7239,21.0,0,4.0,6.7,8.6,0.0,96.1,51.2,7.5,5.9,4.5,3.3,1,1,3.0,6.9,5.79,56.12,2,2
7240,20.0,2,2.5,9.1,4.5,2.3,95.8,50.2,7.6,7.3,2.7,2.7,0,0,4.050203624516392,8.7,8.18,63.74,0,0
7241,23.0,1,5.7,5.2,2.0,4.8,88.0,95.3,7.7,5.3,2.8,2.5,1,0,7.9,3.1,5.34,62.32,2,2
7242,24.0,0,7.5,9.5,4.9,0.0,81.4,76.4,5.2,3.0,4.0,5.3,2,0,4.4,6.6,7.85,74.91,0,0
7243,17.0,1,2.5,7.1,6.5,2.1,84.9,55.9,7.6,0.6,7.2,4.3,0,1,0.0,4.2,8.95,53.84,2,2
7244,20.0,1,1.4,6.8,7.5,3.7,75.2,69.4,7.1,1.1,1.0,4.6,0,0,2.1,8.6,6.489753023681269,48.28,2,2
7245,18.0,0,4.2,8.2,4.7,0.9,100.0,64.9,6.6,3.3,9.0,3.4,2,1,2.6,4.9,7.75,61.55,2,2
7246,16.0,1,4.1,4.3,1.0,5.3,78.2,75.1,6.2,3.7,3.9,7.8,0,1,5.8,2.0,3.74,48.2,2,2
7247,21.0,1,6.5,8.8,2.8,5.0,73.8,78.5,3.6,5.5,6.4,5.9,2,0,0.3,2.9,6.79,47.53,2,2
7248,23.0,0,1.7,9.4,6.9,3.4,79.81730107309173,36.3,6.9,1.3,6.1,5.1,1,1,4.2,1.7,4.83,35.85,1,1
7249,18.0,0,3.1,8.4,11.0,3.8,70.6,99.0,5.4,3.3,4.3,7.3,1,0,4.3,8.5,8.65,68.7,0,0
7250,23.0,2,0.0,4.3,5.9,2.0,90.5,76.3,3.2,2.1,6.7,6.0,2,0,5.1,1.2,7.82,9.69,1,1
7251,23.0,1,6.9,8.0,9.3,4.1,73.3,63.5,4.4,0.5,1.0,4.2,0,0,6.8,2.8,6.65,50.15,2,2
7252,24.0,0,4.7,9.1,3.4,1.9,78.4,90.9,6.9,3.0,5.6,6.6,2,0,0.7,1.8,5.89,57.11,2,2
7253,18.0,1,3.3,9.0,4.4,2.6,97.4,56.4,4.9,2.8,1.2,9.6,0,1,3.2,4.4,5.16,71.92,0,0
7254,24.0,1,1.6,5.2,1.0,2.1,93.9,69.3,4.7,3.4,5.8,5.3,1,0,2.8,3.7,2.8,34.49,1,1
7255,19.0,0,1.7,8.3,6.9,5.6,66.7,53.1,1.4,4.7,7.3,6.9,0,0,3.2,4.2,5.33,30.49,1,1
7256,20.0,0,5.0,9.3,3.8,5.2,95.3,88.4,8.4,1.7,3.6,8.5,0,0,3.0,1.7,5.88,71.17,0,0
7257,16.0,1,2.0,7.0,7.5,1.2,61.6,96.5,3.6,2.1,10.0,6.2,0,0,4.3,1.8,7.05,39.92,1,1
7258,16.0,2,4.4,5.1,4.7,5.4,60.5,81.9,6.1,0.5,7.5,8.1,0,0,6.6,4.6,4.81,40.13,1,1
7259,22.0,0,8.3,8.1,11.1,1.6,75.8,71.6,5.0,1.5,7.3,5.4,1,0,1.6,8.6,3.99,47.74,2,2
7260,20.0,0,3.5,8.4,10.5,6.3,83.8,52.0,6.6,2.8,5.2,1.0,1,1,1.9,3.1,7.33,42.77,1,1
7261,18.0,0,2.3,6.8,1.0,5.8,77.1,66.8,6.5,1.7,4.5,3.0,2,0,2.0,3.3,4.92,40.46,1,1
7262,18.0,1,5.0,5.5,7.5,6.9,85.7,79.2,5.5,1.4,8.2,7.2,0,1,4.050203624516392,5.5447261663286005,4.42,51.69,2,2
7263,21.0,0,1.7,8.3,4.1,3.5,75.1,64.7,6.6,6.5,10.0,9.8,1,0,3.0,4.9,8.58,69.2,0,0
7264,16.0,1,7.6,6.0,7.6,2.5,53.2,66.8,5.991217524197657,3.2008618067525094,3.5,4.3,1,0,3.0,5.9,5.84,38.99,1,1
7265,23.0,0,7.0,7.5,2.6,2.5,77.5,54.8,3.0,2.1,4.5,9.4,2,0,10.0,1.8,7.81,60.25,2,2
7266,17.0,1,3.9,9.0,9.6,3.7,60.2,61.6,8.7,3.0,6.4,3.5,0,0,4.050203624516392,4.6,6.85,46.76,2,2
7267,18.0,1,2.4,4.8,8.6,1.2,80.0,48.6,9.3,6.3,8.6,5.0,1,0,1.4,8.7,5.42,37.66,1,1
7268,19.0,0,4.219583121504829,8.2,2.5,0.0,63.7,80.0,4.1,2.1,3.3,5.8,0,1,0.0,5.8,6.1,58.51,2,2
7269,20.0,1,3.6,6.7,5.5,2.3,86.7,75.9,2.6,2.8,2.8,6.9,0,0,8.9,2.2,3.76,52.77,2,2
7270,19.0,1,5.0,6.8,6.4,3.1,97.6,76.7,8.8,2.2,2.3,7.1,2,1,6.9,4.2,7.33,70.64,0,0
7271,19.0,0,6.3,7.7,7.8,4.0,57.5,68.5,3.6,0.4,7.4,5.8,0,1,3.7,1.0,7.66,31.66,1,1
7272,25.0,0,2.1,6.0,6.0,3.7,53.5,64.4,8.8,1.3,7.4,10.0,1,1,2.2,3.9,8.03,50.5,2,2
7273,21.0,0,6.2,5.5,8.0,3.3,76.1,69.6,8.6,7.4,2.2,6.6,1,0,5.5,16.0,6.73,60.11,2,2
7274,16.0,1,5.4,4.7,5.8,5.1,94.7,74.2518720906699,5.7,0.2,9.3,4.5,0,0,3.4,7.9,4.44,43.54,1,1
7275,20.0,1,3.2,8.6,7.5,1.4,82.0,77.8,5.6,1.9,2.1,9.9,1,1,5.9,7.7,9.97,79.15,0,0
7276,23.0,1,2.0,6.5,2.6,1.8,74.5,100.0,3.8,3.5,3.7,6.5,2,1,0.6,3.1,7.08,63.96,0,0
7277,19.0,0,4.4,7.7,5.9,6.8,66.0,71.6,6.1,0.1,2.3,8.8,1,0,4.0,8.2,8.92,69.3,0,0
7278,17.0,0,2.1,6.4,8.9,0.0,89.4,64.3,7.1,1.1,7.1,2.4,0,0,1.7,5.5447261663286005,6.36,33.46,1,1
7279,22.0,1,6.2,5.5,9.5,5.0,100.0,70.5,6.8,1.6,8.6,6.3,0,0,2.9,1.5,3.95,40.69,1,1
7280,21.0,1,2.0,7.8,6.4,4.0,55.7,66.1,7.3,2.0,7.7,5.3,0,1,1.3,5.7,5.97,38.37,1,1
7281,21.0,1,5.3,7.4,5.8,3.0,83.8,66.1,8.3,9.0,5.3,4.8,1,0,5.3,2.3,6.48,72.27,0,0
7282,16.0,1,4.0,6.7,9.4,4.6,100.0,64.5,5.9,2.0,5.6,6.4,0,1,1.2,1.1,7.72,51.99,2,2
7283,17.0,1,3.1,7.4,5.7,4.3,72.1,87.3,10.0,1.6,5.3,8.5,1,0,8.0,1.9,7.14,62.39,2,2
7284,21.0,0,4.0,5.8,8.9,0.4,77.5,87.1,7.0,0.6,5.8,5.7,1,0,4.1,4.1,5.77,51.51,2,2
7285,18.0,1,6.4,8.4,5.7,1.2,79.6,91.2,6.9,2.9,6.7,9.1,1,1,1.6,9.1,6.6,66.16,0,0
7286,20.0,0,1.8,8.7,6.1,2.1,74.7,95.1,6.9,2.7,5.0,3.3,0,1,2.8,6.5,7.94,66.34,0,0
7287,20.0,0,3.4,8.0,3.2,0.0,94.3,68.4,6.9,10.6,4.1,6.7,1,1,4.0,9.3,6.48,73.11,0,0
7288,18.0,1,2.7,6.5,2.9,3.0,100.0,74.2518720906699,6.9,1.5,7.1,7.2,1,1,9.7,5.9,7.29,59.88,2,2
7289,24.0,1,4.1,7.1,8.4,4.1,79.81730107309173,100.0,8.3,5.7,1.7,1.0,1,0,6.7,5.8,5.58,60.76,2,2
7290,23.0,0,2.8,9.0,10.3,5.1,67.9,34.4,0.5,0.5,7.2,7.1,0,0,0.0,4.7,6.75,16.44,1,1
7291,22.0,1,0.7,8.7,6.3,3.1,96.2,68.9,5.5,6.6,9.4,5.4,0,0,3.4,1.1,6.59,54.92,2,2
7292,17.0,0,2.1,9.6,5.6,1.7,87.8,49.3,2.4,1.8,4.4,6.9,1,1,1.6,8.8,5.26,47.31,2,2
7293,17.0,1,7.5,6.0,8.6,3.4,85.7,82.3,9.0,1.9,5.1,8.6,0,1,0.0,4.2,6.95,67.0,0,0
7294,20.0,0,4.7,5.9,6.8,2.9,89.1,57.8,2.9,1.0,5.3,6.5,0,0,9.3,1.5,6.18,40.39,1,1
7295,18.0,0,4.6,7.2,1.0,4.4,81.2,95.4,4.3,6.5,5.5,5.4,0,0,3.7,2.8,7.39,66.58,0,0
7296,25.0,0,3.6,7.5,8.5,2.9,86.3,79.2,4.5,2.9,5.7,2.7,1,0,2.6,0.8,8.61,61.52,2,2
7297,17.0,0,4.1,6.8,2.7,4.6,75.8,100.0,3.3,2.2,5.4,5.8,2,0,9.1,2.2,4.7,50.32,2,2
7298,20.0,0,3.3,6.5,6.0,2.5,77.0,76.8,5.3,2.4,4.3,9.2,2,0,5.3,5.9,5.54,56.4,2,2
7299,19.0,0,5.3,8.6,4.9,5.3,78.8,95.9,1.4,4.4,6.3,1.0,2,0,2.7,6.3,8.11,53.11,2,2
7300,21.0,0,4.4,6.9,4.4,3.3,74.7,55.5,9.4,5.8,7.4,8.6,0,1,5.1,12.4,7.41,72.03,0,0
7301,17.0,1,1.9,5.4,6.1,1.9,86.1,92.7,6.9,3.1,4.5,7.4,2,1,8.4,1.9,7.73,68.5,0,0
7302,20.0,0,4.7,5.6,8.2,2.4,83.9,72.6,4.3,1.4,3.3,5.9,2,0,2.9,2.5,8.01,42.1,1,1
7303,18.0,1,0.0,7.3,6.1,4.3,55.7,79.3,7.3,5.4,8.1,7.3,0,0,4.7,3.3,6.4,40.24,1,1
7304,24.0,1,5.0,10.0,9.5,0.7,77.4,91.7,6.7,1.2,5.7,8.5,0,1,7.4,5.5447261663286005,8.51,61.85,2,2
7305,16.0,0,1.4,5.7,9.8,2.8,80.3,82.0,3.9,0.7,2.0,5.0,0,1,2.1,17.3,6.98,39.58,1,1
7306,24.0,1,4.0,6.6,9.8,4.9,99.9,60.8,7.6,0.4,7.7,6.2,0,0,7.0,1.6,6.489753023681269,48.45,2,2
7307,23.0,1,1.8,10.0,5.9,3.9,76.3,66.2,5.5,4.6,3.1,6.0,0,0,5.5,4.9,5.35,53.77,2,2
7308,19.0,0,4.2,6.4,4.8,0.9,81.3,56.0,8.5,3.2008618067525094,4.7,9.4,1,0,8.3,5.4,3.63,60.03,2,2
7309,22.0,1,5.4,7.6,5.9,3.6,79.0,87.9,4.9,1.1,4.9,6.0,0,0,0.0,8.9,7.6,58.74,2,2
7310,16.0,1,7.2,9.4,8.8,0.6,97.2,68.8,3.0,3.0,4.2,6.3,0,1,1.3,6.2,8.49,61.55,2,2
7311,25.0,0,1.1,5.8,8.7,3.3,64.5,66.9,8.1,15.0,7.2,8.1,1,0,1.6,14.7,7.92,44.99,1,1
7312,20.0,0,6.2,6.6,1.0,5.5,69.8,78.6,5.5,5.6,8.8,7.1,1,1,4.050203624516392,1.1,7.5,56.78,2,2
7313,19.0,0,4.5,6.4,6.8,3.1,68.9,70.7,5.9,2.8,7.6,6.5,1,1,4.6,1.8,5.74,45.37,1,1
7314,19.0,0,3.3,5.0,1.0,1.0,80.2,96.0,6.6,4.0,6.8,3.1,0,0,10.0,1.9,6.5,54.89,2,2
7315,16.0,0,5.7,9.0,6.0,2.7,60.6,89.1,5.991217524197657,1.1,4.6,5.1,0,0,1.0,1.1,7.75,46.83,2,2
7316,25.0,0,3.7,6.2,4.7,3.4,99.0,88.0,5.4,1.8,10.0,6.8,0,0,2.4,9.3,8.23,65.3,0,0
7317,16.0,0,5.6,5.9,3.9,5.0,85.4,67.5,4.8,3.8,6.5,6.3,2,0,4.050203624516392,3.1,6.08,56.33,2,2
7318,21.0,0,2.2,6.4,8.1,4.9,87.6,87.8,5.1,3.8,8.0,5.7,1,0,4.6,6.4,7.72,62.73,2,2
7319,20.0,0,2.9,8.2,4.4,1.0,100.0,84.1,8.7,1.1,4.2,7.5,1,1,8.7,3.5,5.35,73.23,0,0
7320,24.0,1,6.1,7.1,6.0,2.4,75.5,53.1,4.3,2.8,9.4,10.0,0,0,3.4,2.2,4.71,47.59,2,2
7321,18.0,1,7.2,6.0,3.7,3.7,91.1,70.6,4.2,2.4,1.1,6.2,1,0,3.3,7.6,4.16,50.73,2,2
7322,20.0,1,4.1,7.5,6.2,1.9,87.6,71.9,5.991217524197657,6.6,1.3,7.4,1,1,6.7,1.2,4.46,80.04,0,0
7323,20.0,0,0.0,8.1,8.4,3.9,100.0,100.0,3.8,1.7,7.3,5.6,1,0,2.5,5.5447261663286005,9.15,48.83,2,2
7324,22.0,1,3.8,7.0,3.8,0.6,89.0,67.4,6.1,2.6,2.2,3.5,1,0,2.0,11.9,4.59,67.36,0,0
7325,16.0,0,4.3,6.7,7.6,3.5,73.4,83.7,7.5,5.3,4.2,5.3,2,0,4.1,3.7,3.75,55.08,2,2
7326,18.0,0,3.7,8.3,6.1,4.8,85.5,98.4,7.5,7.1,5.3,6.4,0,1,2.0,9.2,9.53,82.93,0,0
7327,18.0,0,4.9,6.8,6.1,3.1,71.6,58.4,2.9,1.7,5.6,5.9,1,0,4.4,1.6,5.81,44.34,1,1
7328,22.0,1,3.2,9.1,5.1,3.03210685483871,73.9,80.0,4.4,1.4,9.7,6.2,1,1,5.0,3.4,5.06,39.27,1,1
7329,18.0,0,5.9,6.0,7.9,4.5,79.8,100.0,2.2,10.5,5.6,2.2,1,1,7.8,5.5447261663286005,8.45,56.91,2,2
7330,21.0,1,1.9,6.0,7.7,2.2,77.6,46.8,7.8,2.4,2.4,5.0,1,0,0.1,10.5,6.39,41.92,1,1
7331,18.0,0,6.7,5.8,5.7,4.1,68.4,64.1,8.3,2.3,5.9,5.957923664122137,2,0,9.2,17.7,5.46,37.11,1,1
7332,23.0,0,7.3,6.7,6.5,2.9,50.5,79.9,8.2,1.1,4.1,6.7,2,0,2.6,6.1,6.01,53.41,2,2
7333,24.0,1,2.4,7.0,7.9,1.4,83.9,81.6,5.9,2.1,4.9,6.0,0,0,9.4,6.1,4.45,54.5,2,2
7334,20.0,0,2.4,5.3,7.4,4.6,84.8,77.8,5.5,1.5,6.0,5.6,0,0,2.9,6.3,5.44,43.03,1,1
7335,19.0,1,5.0,7.1,5.2,5.5,84.7,84.8,4.8,0.8,7.3,2.7,1,1,3.4,16.5,6.17,52.7,2,2
7336,18.0,2,1.8,7.7,8.9,5.1,100.0,97.7,2.7,1.1,6.7,5.7,1,1,4.050203624516392,1.5,8.61,59.6,2,2
7337,16.0,1,3.2,5.1,8.2,4.6,60.0,76.0,7.1,4.6,5.8,9.2,1,0,0.0,9.5,4.4,43.28,1,1
7338,18.0,1,6.4,6.3,11.3,3.9,100.0,73.7,3.9,5.5,7.9,4.8,2,0,1.4,5.1,7.42,56.47,2,2
7339,21.0,1,5.7,7.7,2.1,3.7,79.81730107309173,85.7,1.5,2.8,6.4,6.2,1,0,0.2,13.3,7.31,72.94,0,0
7340,20.0,1,8.2,5.6,7.8,2.8,100.0,100.0,8.9,5.8,6.7,6.4,0,0,7.0,2.6,6.2,63.55,0,0
7341,24.0,0,4.5,6.6,8.9,1.8,75.5,85.8,4.6,3.7,1.3,2.6,0,0,5.3,11.8,4.74,51.3,2,2
7342,19.0,0,3.0,8.4,8.5,0.0,85.9,93.7,6.5,2.0,9.1,2.7,0,0,7.1,4.2,3.51,41.31,1,1
7343,22.0,0,4.3,9.3,5.4,0.2,70.0,46.7,5.7,1.6,3.8,2.9,1,0,4.3,10.6,6.55,52.65,2,2
7344,20.0,1,3.9,7.6,2.6,3.0,71.2,71.8,8.5,3.4,3.9,6.9,1,0,0.9,7.1,4.28,66.9,0,0
7345,20.0,1,3.9,6.8,9.8,0.7,100.0,53.2,2.8,2.5,6.4,8.7,0,0,3.9,15.5,4.88,55.24,2,2
7346,18.0,0,4.2,6.3,4.8,3.7,89.1,75.3,7.7,2.5,3.7,9.8,0,0,3.3,2.0,5.36,74.19,0,0
7347,20.0,1,2.3,8.2,5.3,6.1,89.9,100.0,5.9,4.2,3.7,5.7,0,1,1.6,4.1,7.11,63.47,0,0
7348,20.0,0,4.8,8.5,11.2,0.0,65.4,51.7,7.0,3.6,9.4,8.4,0,1,4.5,4.1,8.31,57.54,2,2
7349,22.0,0,1.4,5.5,2.8,1.2,60.8,100.0,5.1,3.2008618067525094,9.0,5.1,1,0,4.6,6.5,6.6,47.86,2,2
7350,24.0,1,2.8,8.2,8.0,6.9,93.7,74.9,5.2,1.4,5.1,3.3,2,0,4.6,11.2,7.58,43.96,1,1
7351,19.0,0,4.0,6.2,4.1,4.5,85.5,91.1,8.0,0.3,4.5,4.1,1,0,5.5,14.0,6.49,63.77,0,0
7352,16.0,0,0.0,5.9,4.1,2.8,76.1,93.5,4.4,10.8,4.3,5.0,2,0,3.4,7.6,7.12,43.39,1,1
7353,20.0,0,5.7,6.8,6.4,2.0,100.0,100.0,4.8,2.5,1.0,5.9,1,1,5.8,6.9,6.33,79.51,0,0
7354,20.0,1,0.1,8.3,7.7,4.1,87.7,85.5,5.5,0.5,7.7,5.8,2,0,2.2,3.7,4.87,33.9,1,1
7355,18.0,1,5.5,7.4,8.4,4.8,68.9,59.3,2.8,1.2,6.0,7.4,2,0,6.0,1.4,7.36,44.62,1,1
7356,22.0,1,1.6,7.4,8.7,0.7,54.8,93.2,5.4,4.1,4.2,5.6,1,0,5.7,5.6,4.84,43.23,1,1
7357,25.0,1,3.4,7.5,4.2,5.7,87.8,26.9,5.5,3.4,10.0,8.1,0,0,7.7,10.2,8.89,53.21,2,2
7358,24.0,1,5.2,6.976601980998585,3.1,3.7,73.9,58.7,7.5,3.3,1.2,4.6,0,1,6.0,7.8,6.18,61.57,2,2
7359,18.0,0,8.6,6.9,5.1,4.7,78.2,64.5,4.8,11.0,8.9,5.1,0,0,5.3,4.0,7.32,57.34,2,2
7360,23.0,0,4.4,7.8,6.9,4.8,77.1,37.1,1.9,2.2,3.1,9.6,1,0,7.1,6.6,2.98,43.36,1,1
7361,22.0,0,0.2,6.1,5.5,3.6,98.6,100.0,6.1,1.4,9.6,1.5,0,1,4.050203624516392,2.5,8.94,48.97,2,2
7362,20.0,1,6.1,7.8,1.0,3.8,91.0,98.9,5.0,2.7,8.7,10.0,0,0,0.2,9.7,4.02,72.55,0,0
7363,20.0,0,3.7,8.1,1.4,3.9,78.7,83.1,3.4,2.2,2.9,7.1,0,0,6.0,9.0,5.59,60.97,2,2
7364,23.0,1,4.3,7.9,5.4,2.4,78.4,92.6,6.7,3.2,6.8,10.0,2,0,1.0,5.6,5.73,63.39,0,0
7365,20.0,0,5.3,8.0,8.1,4.2,79.81730107309173,81.6,6.8,4.1,6.6,9.0,1,1,6.4,5.5,5.89,61.2,2,2
7366,19.0,2,0.0,7.6,3.7,2.5,97.1,90.6,7.3,2.6,4.2,5.5,0,0,0.0,2.8,6.489753023681269,67.96,0,0
7367,20.0,0,4.2,8.5,7.8,3.0,81.1,97.7,6.8,3.5,7.6,3.2,0,0,6.8,9.1,6.489753023681269,59.8,2,2
7368,21.0,2,3.4,4.0,2.3,5.8,72.5,49.0,7.6,2.1,7.9,9.4,0,0,9.0,4.5,5.59,36.35,1,1
7369,18.0,0,6.6,8.1,6.6,2.9,64.3,91.5,6.7,2.4,6.8,2.4,0,0,4.6,1.8,4.43,50.02,2,2
7370,20.134890807516506,1,5.7,9.6,6.7,3.7,78.9,95.3,10.0,1.1,4.2,7.0,0,0,2.5,4.4,5.61,71.7,0,0
7371,21.0,1,0.9,6.2,7.2,2.7,64.4,64.4,9.2,0.4,9.2,3.9,1,0,3.9,2.0,7.11,31.1,1,1
7372,21.0,1,6.7,6.0,3.5,2.3,84.4,70.8,6.5,1.1,4.0,8.1,2,1,5.7,14.5,4.86,61.73,2,2
7373,17.0,1,5.1,8.7,2.1,6.5,85.9,61.0,2.2,0.8,5.542839731870811,2.5,1,0,5.4,3.2,8.88,62.01,2,2
7374,21.0,0,1.1,5.8,7.8,0.4,95.5,80.6,10.0,0.5,5.5,7.7,0,1,1.4,5.5,3.78,52.92,2,2
7375,17.0,1,4.3,6.1,2.2,3.1,77.3,82.0,5.4,1.8,6.4,7.1,2,0,8.1,5.3,6.86,62.96,2,2
7376,17.0,0,6.3,7.2,4.1,0.8,93.4,78.5,7.4,1.6,4.7,6.5,1,1,1.8,4.5,6.16,66.69,0,0
7377,20.0,1,1.8,6.0,9.5,5.3,100.0,61.2,7.0,4.4,4.9,6.8,1,1,1.5,2.5,8.05,44.14,1,1
7378,19.0,1,7.0,8.1,6.4,2.9,81.0,74.2518720906699,5.7,4.8,2.2,6.5,1,0,2.3,10.9,6.3,69.39,0,0
7379,21.0,2,1.2,6.0,6.9,2.2,100.0,64.5,4.9,7.1,1.0,4.3,0,0,4.7,1.9,6.82,57.26,2,2
7380,17.0,1,4.219583121504829,7.5,7.6,0.0,98.7,84.9,5.2,5.7,7.3,3.3,0,1,4.6,9.7,5.37,63.62,0,0
7381,20.0,0,2.3,7.4,7.5,5.8,73.8,89.2,0.1,8.7,7.5,5.7,0,0,3.4,8.9,7.02,47.86,2,2
7382,18.0,0,7.0,9.2,5.9,0.6,100.0,44.2,3.4,3.0,10.0,10.0,0,0,5.6,1.2,6.36,50.7,2,2
7383,25.0,1,3.2,8.5,3.7,3.9,79.1,81.0,4.9,2.2,5.9,7.3,0,0,3.3,6.4,4.58,63.92,0,0
7384,21.0,0,1.9,6.3,12.7,4.7,98.2,97.6,6.1,1.8,3.2,4.4,0,1,3.6,2.9,7.39,60.69,2,2
7385,22.0,1,5.1,5.4,5.3,6.9,88.2,74.7,7.3,5.9,2.6,7.6,0,0,2.9,6.7,5.68,59.91,2,2
7386,19.0,0,5.5,8.1,6.8,2.0,83.9,91.2,4.7,2.6,3.8,5.4,0,1,4.6,9.4,6.31,77.91,0,0
7387,17.0,0,5.5,6.2,7.1,1.5,97.0,62.8,7.5,5.7,6.4,4.1,0,0,2.1,17.4,7.21,47.71,2,2
7388,25.0,1,3.7,6.6,4.7,2.2,82.0,94.0,5.5,8.2,3.6,8.7,2,0,3.3,13.4,5.65,76.46,0,0
7389,18.0,0,4.219583121504829,5.6,4.9,1.9,79.0,54.5,5.2,4.0,7.3,7.6,1,0,5.1,1.6,4.56,54.99,2,2
7390,19.0,1,2.9,7.9,9.7,0.0,79.4,74.6,6.1,0.2,6.8,6.0,1,0,7.6,11.4,9.53,71.71,0,0
7391,21.0,1,7.5,6.976601980998585,4.2,5.9,65.1,97.2,7.6,2.4,6.4,9.3,0,0,0.0,8.0,6.42,59.77,2,2
7392,16.0,0,6.5,7.0,7.0,2.2,93.9,96.2,5.5,1.6,2.1,7.1,1,1,4.1,4.2,6.16,77.17,0,0
7393,23.0,0,6.4,7.0,8.2,2.7,71.4,51.6,6.8,0.2,8.2,6.5,2,1,4.2,2.0,8.1,50.2,2,2
7394,20.0,0,5.8,7.2,5.5,4.1,82.7,71.1,7.6,5.2,10.0,2.1,1,1,1.4,0.5,8.38,52.72,2,2
7395,18.0,1,5.2,7.9,5.8,5.5,80.3,64.2,7.2,1.7,3.1,8.8,2,1,2.0,3.5,7.67,71.06,0,0
7396,16.0,2,1.7,6.7,8.4,0.9,87.9,96.2,4.5,1.9,4.4,2.6,2,1,1.0,1.0,7.5,47.75,2,2
7397,18.0,1,5.5,6.0,5.7,3.6,79.8,73.7,4.9,1.6,3.0,6.4,2,0,6.7,3.8,6.14,47.35,2,2
7398,24.0,0,4.4,4.6,1.0,0.8,76.5,77.7,7.3,6.3,6.0,6.7,0,0,0.0,10.0,2.71,51.53,2,2
7399,22.0,1,6.7,7.1,9.8,3.6,85.4,83.7,5.7,4.4,6.7,4.9,2,0,1.2,4.9,6.489753023681269,51.74,2,2
7400,18.0,2,5.8,6.8,3.6,3.5,84.3,53.2,4.3,2.9,5.3,3.6,1,0,1.9,10.4,3.85,52.03,2,2
7401,16.0,0,5.3,6.1,6.5,2.1,66.2,80.4,6.1,0.3,8.1,6.3,1,0,2.2,10.8,3.59,42.48,1,1
7402,22.0,0,0.8,7.1,2.7,3.4,78.6,56.8,7.7,2.6,8.6,7.4,0,0,3.6,6.7,8.12,50.44,2,2
7403,21.0,1,4.0,8.1,4.7,3.5,96.5,66.2,8.0,3.9,2.5,4.5,0,0,2.4,1.8,4.36,67.8,0,0
7404,19.0,0,3.1,8.4,4.9,2.9,100.0,67.0,8.2,1.6,5.9,4.7,0,1,3.5,5.2,6.42,62.72,2,2
7405,19.0,0,4.7,5.0,6.4,2.6,57.8,83.7,6.1,4.9,6.4,3.5,0,0,0.8,12.6,7.77,39.56,1,1
7406,18.0,0,3.4,6.5,3.8,0.5,90.8,60.7,6.8,1.0,6.2,2.4,0,0,0.0,7.6,6.34,46.52,1,1
7407,21.0,1,3.6,8.2,11.0,1.0,81.4,66.5,8.4,6.9,4.8,5.7,0,0,4.3,8.1,10.0,66.14,0,0
7408,25.0,0,5.1,9.1,6.1,1.9,72.3,80.8,4.6,2.9,6.2,4.4,0,0,6.7,2.7,5.76,56.5,2,2
7409,18.0,1,3.3,5.9,8.2,1.2,74.4,99.9,8.2,0.7,2.2,7.5,0,0,4.0,4.7,7.44,69.64,0,0
7410,21.0,1,4.4,8.8,6.0,2.0,67.8,82.9,7.5,4.5,8.8,7.5,0,1,3.6,2.9,10.0,71.48,0,0
7411,19.0,1,1.2,5.2,8.5,2.9,62.3,95.4,7.5,4.7,4.9,7.3,1,0,3.6,6.8,5.08,46.47,1,1
7412,20.0,1,2.5,8.5,1.0,3.2,85.0,36.8,2.3,6.0,4.2,4.4,2,0,2.8,5.4,8.0,58.29,2,2
7413,18.0,1,5.5,6.6,4.2,4.0,100.0,100.0,4.8,3.4,1.9,8.1,2,1,7.2,2.7,6.78,78.96,0,0
7414,23.0,1,1.7,9.0,4.7,3.3,84.6,59.6,4.6,3.7,9.3,3.9,0,1,7.5,4.2,6.81,41.07,1,1
7415,20.0,1,6.7,6.4,4.7,3.2,82.2,64.0,9.1,1.3,9.9,7.8,1,1,6.9,5.0,7.46,59.04,2,2
7416,20.0,0,6.1,6.6,7.3,4.0,71.9,100.0,4.1,2.9,5.8,7.1,2,0,8.0,1.2,6.489753023681269,69.78,0,0
7417,19.0,0,3.7,6.8,7.5,1.3,67.9,78.1,3.7,3.1,2.6,7.5,1,1,5.6,6.8,8.84,63.28,0,0
7418,18.0,1,10.2,5.0,5.8,1.5,80.3,61.5,3.3,3.6,4.8,2.9,0,0,4.6,11.6,7.35,35.96,1,1
7419,17.0,0,6.7,4.7,5.9,2.3,66.6,64.0,5.2,1.4,5.2,8.7,2,0,3.3,3.5,6.25,34.28,1,1
7420,22.0,0,2.3,7.7,12.1,1.7,94.6,50.1,6.9,0.6,5.542839731870811,6.4,1,1,4.4,1.8,8.16,57.42,2,2
7421,18.0,0,5.7,8.3,6.8,0.0,72.5,75.3,10.0,4.2,6.3,5.9,1,1,4.2,11.7,6.43,73.03,0,0
7422,22.0,1,4.3,7.8,1.0,4.0,69.0,69.0,5.2,2.9,7.2,3.9,1,1,7.3,9.0,7.09,49.17,2,2
7423,19.0,1,2.6,5.4,7.9,1.2,100.0,87.1,4.3,0.8,5.5,4.7,0,0,4.050203624516392,18.7,5.15,52.07,2,2
7424,19.0,2,2.1,7.6,7.4,6.3,96.9,100.0,9.4,4.4,2.0,5.5,1,0,7.9,11.7,8.15,85.09,0,0
7425,20.0,1,6.2,5.7,8.9,3.3,64.5,52.4,9.8,1.6,4.5,5.6,0,1,1.7,2.4,7.72,43.35,1,1
7426,19.0,1,3.0,7.5,7.5,0.3,68.5,85.7,2.1,1.0,4.7,9.7,2,0,9.2,5.5447261663286005,3.82,57.39,2,2
7427,17.0,1,4.0,8.5,3.7,4.2,77.5,47.4,4.9,4.0,4.7,5.9,1,0,3.4,4.4,5.27,55.85,2,2
7428,19.0,1,2.4,7.5,8.2,3.1,77.9,82.8,6.5,2.1,8.7,5.3,1,0,8.1,4.6,1.69,43.52,1,1
7429,21.0,2,2.7,8.9,6.2,3.5,74.0,53.9,6.4,4.2,5.1,5.5,0,0,3.1,5.8,5.01,47.86,2,2
7430,21.0,1,3.9,6.8,8.6,2.1,97.4,50.8,10.0,0.6,6.6,6.8,0,1,5.3,2.0,6.43,54.9,2,2
7431,18.0,0,5.0,6.7,9.9,1.3,82.7,100.0,4.8,5.9,9.1,6.5,0,0,3.6,4.5,5.42,53.12,2,2
7432,20.0,2,0.0,6.976601980998585,5.7,0.4,79.5,100.0,3.5,2.2,5.4,3.7,0,0,4.7,2.4,8.41,56.98,2,2
7433,18.0,0,4.219583121504829,5.3,8.2,0.7,72.1,62.3,4.3,4.0,5.5,10.0,1,0,5.0,0.4,6.3,52.33,2,2
7434,18.0,1,2.7,6.5,8.6,0.5,66.3,100.0,8.4,1.1,5.8,5.5,0,0,3.4,5.0,6.42,48.84,2,2
7435,16.0,1,7.0,6.6,6.4,2.4,71.9,74.3,6.0,12.3,8.9,3.1,0,1,1.6,8.1,5.7,46.34,1,1
7436,24.0,0,10.1,6.6,10.9,2.9,68.6,50.3,9.5,15.0,10.0,4.6,1,1,5.5,12.9,5.82,39.76,1,1
7437,18.0,1,3.5,7.3,8.6,0.2,63.6,86.7,7.4,4.7,5.7,5.9,1,1,6.8,4.0,4.57,54.93,2,2
7438,18.0,0,0.8,5.1,4.5,4.6,94.0,92.1,4.5,5.2,8.4,9.7,2,0,2.9,1.0,6.79,47.24,2,2
7439,18.0,1,4.4,5.5,6.7,3.3,92.1,88.5,7.9,1.8,8.3,5.5,0,0,3.2,1.1,5.54,60.31,2,2
7440,17.0,0,3.8,8.5,8.2,7.4,75.1,44.6,8.6,4.5,8.4,4.1,0,0,6.4,2.2,6.0,50.46,2,2
7441,21.0,0,8.1,4.4,10.8,3.03210685483871,97.1,54.4,9.2,2.1,7.2,5.2,0,0,4.4,11.3,4.13,32.74,1,1
7442,17.0,0,7.5,7.8,7.6,7.0,87.7,91.9,2.9,3.3,5.6,5.7,1,0,4.050203624516392,6.0,7.68,59.2,2,2
7443,17.0,0,5.9,6.5,6.7,4.3,66.0,54.3,6.6,3.6,9.0,5.7,1,1,9.3,4.1,10.0,57.96,2,2
7444,21.0,1,3.0,7.2,9.2,0.0,61.0,93.3,3.5,1.3,1.7,2.1,0,0,0.0,7.3,6.44,40.03,1,1
7445,19.0,1,5.6,9.0,5.5,0.9,84.0,68.5,5.3,2.1,5.542839731870811,3.8,0,0,2.0,6.1,4.42,53.57,2,2
7446,22.0,1,4.7,6.8,3.5,3.6,86.2,45.4,5.5,4.8,8.2,7.8,1,0,5.4,6.7,6.82,57.68,2,2
7447,20.0,1,4.7,7.8,7.8,0.0,63.2,51.3,6.6,4.1,3.1,6.9,0,1,3.0,5.0,6.58,57.62,2,2
7448,18.0,0,1.1,7.1,5.1,1.4,73.2,83.2,7.1,2.6,10.0,6.8,2,0,2.4,8.8,5.42,47.46,2,2
7449,21.0,1,6.3,6.9,12.8,0.1,91.1,84.0,4.7,5.9,2.9,4.7,2,0,0.0,3.7,7.79,74.94,0,0
7450,17.0,1,4.4,6.7,6.6,6.8,100.0,100.0,8.7,1.9,7.8,2.7,2,0,1.6,7.5,8.7,59.44,2,2
7451,20.0,2,4.0,7.9,7.8,5.0,81.1,75.4,8.9,0.6,2.7,6.2,0,1,1.9,8.8,7.91,60.68,2,2
7452,20.0,1,3.0,6.0,4.4,2.4,80.7,71.4,6.4,2.4,7.4,6.9,0,0,3.4,4.4,4.63,46.79,2,2
7453,18.0,0,2.6,5.5,9.2,5.7,74.1,100.0,9.8,1.2,3.4,10.0,0,0,5.7,2.1,8.05,62.52,2,2
7454,21.0,1,4.8,7.1,5.9,5.3,99.3,59.9,5.8,1.6,7.2,4.2,0,0,4.8,0.2,4.29,49.63,2,2
7455,23.0,1,0.7,7.3,5.7,5.4,87.2,69.9,1.9,2.4,5.6,7.4,2,0,7.3,7.3,3.27,49.55,2,2
7456,25.0,0,5.8,4.6,5.7,2.0,69.1,83.5,4.0,2.4,6.6,7.2,1,1,3.4,0.3,5.66,37.37,1,1
7457,21.0,2,2.1,7.0,2.8,2.4,90.2,58.9,5.0,3.4,6.9,1.9,0,0,5.3,7.3,6.94,43.24,1,1
7458,19.0,1,0.1,5.4,5.4,1.0,70.9,83.0,8.0,1.0,7.5,6.7,2,0,3.6,7.2,5.51,25.62,1,1
7459,18.0,1,7.8,7.8,7.4,2.8,67.6,75.1,3.8,2.1,5.7,4.1,1,0,1.3,2.8,6.3,47.76,2,2
7460,18.0,1,2.5,4.7,2.1,1.5,74.2,95.4,5.9,1.2,5.7,7.3,0,1,6.8,8.7,6.11,48.44,2,2
7461,20.0,1,2.8,9.5,8.6,1.1,68.8,67.5,10.0,1.3,5.2,7.6,2,1,1.6,2.5,6.31,60.92,2,2
7462,19.0,1,6.5,6.6,5.3,5.0,68.2,63.5,6.5,0.3,4.8,4.5,0,0,6.2,5.6,7.99,57.58,2,2
7463,24.0,0,7.9,5.9,6.6,4.2,61.8,100.0,9.5,1.6,8.2,6.9,2,0,3.9,8.3,6.62,55.87,2,2
7464,19.0,1,4.219583121504829,6.6,1.0,1.4,70.9,90.3,3.4,5.0,6.0,10.0,0,0,5.4,9.5,8.33,69.79,0,0
7465,19.0,1,2.3,7.7,6.6,4.7,73.1,94.6,1.6,3.2,4.9,6.7,2,0,3.4,2.7,6.19,45.58,1,1
7466,19.0,0,4.219583121504829,8.2,3.4,3.6,62.4,90.0,2.5,2.6,7.6,5.957923664122137,1,0,5.1,4.4,4.7,44.88,1,1
7467,23.0,1,6.1,6.6,5.1,2.4,87.0,62.9,8.4,5.7,7.1,6.5,1,0,6.6,3.7,7.45,65.3,0,0
7468,21.0,1,7.5,5.1,2.1,5.9,79.81730107309173,57.7,5.5,0.7,8.3,4.8,1,0,4.1,6.0,8.65,36.2,1,1
7469,21.0,2,2.0,5.4,3.8,3.5,75.0,57.9,5.3,5.0,3.8,4.1,0,0,6.1,5.0,7.05,46.49,1,1
7470,19.0,1,7.0,7.4,5.6,3.03210685483871,79.81730107309173,64.6,9.8,3.4,2.8,8.2,1,0,3.9,2.6,7.02,73.63,0,0
7471,23.0,0,2.8,8.3,5.3,4.0,94.7,96.6,8.4,2.1,5.8,5.6,1,1,9.6,1.2,4.08,70.71,0,0
7472,16.0,1,4.9,8.5,8.2,4.2,72.5,74.5,7.0,5.3,1.6,7.4,2,0,3.1,3.6,5.31,68.53,0,0
7473,23.0,1,1.7,7.2,1.3,1.1,93.2,91.9,8.6,1.4,5.1,4.9,0,0,3.4,4.0,7.28,69.62,0,0
7474,20.0,1,4.0,8.3,5.9,2.0,79.81730107309173,89.8,5.7,1.1,4.2,8.0,1,0,5.4,5.8,9.36,72.08,0,0
7475,19.0,1,4.0,9.5,5.8,5.6,100.0,100.0,6.8,3.8,4.0,7.3,1,0,5.1,13.7,8.46,72.12,0,0
7476,20.0,1,3.6,8.5,4.9,5.1,61.0,89.4,3.3,2.4,1.3,9.8,1,0,2.9,9.6,6.71,65.57,0,0
7477,21.0,1,5.0,8.2,3.7,2.4,66.9,78.8,4.3,1.3,6.3,6.5,0,1,4.2,4.3,4.8,49.53,2,2
7478,16.0,0,2.2,6.0,8.8,0.6,82.1,51.6,5.4,1.4,5.9,6.0,1,0,4.050203624516392,2.1,10.0,57.18,2,2
7479,23.0,0,2.4,8.3,11.1,6.0,63.6,100.0,5.9,2.4,5.2,5.2,1,0,7.7,3.9,4.33,41.71,1,1
7480,20.0,1,4.219583121504829,7.6,1.7,4.9,70.8,94.2,8.2,3.1,7.6,6.6,0,0,1.6,4.7,8.07,81.94,0,0
7481,19.0,0,6.9,7.8,3.7,0.9,85.9,82.6,8.7,2.7,5.8,5.9,2,1,5.3,2.7,8.66,71.45,0,0
7482,17.0,1,4.2,8.6,3.5,0.9,82.5,78.8,10.0,3.6,5.9,7.0,1,1,6.6,4.3,9.6,86.56,0,0
7483,20.0,0,5.2,7.5,5.3,6.3,79.5,43.0,10.0,1.0,7.1,4.1,1,0,3.1,1.6,10.0,55.18,2,2
7484,20.0,1,5.7,6.9,9.1,2.1,79.7,82.6,8.5,2.0,6.0,6.7,2,0,7.8,4.2,7.21,70.64,0,0
7485,19.0,0,5.9,5.6,7.3,2.1,48.0,65.5,2.7,1.9,5.0,6.0,0,0,2.3,6.1,7.08,33.58,1,1
7486,21.0,1,2.3,6.6,5.6,1.8,81.9,45.5,9.2,1.1,4.7,6.7,2,1,7.1,5.5447261663286005,3.9,49.38,2,2
7487,19.0,1,2.6,7.3,6.0,3.6,71.7,66.3,10.0,3.9,3.0,1.9,0,0,8.9,2.4,7.85,51.24,2,2
7488,25.0,0,2.8,7.4,5.2,0.5,75.2,79.3,6.3,4.7,5.4,5.2,0,1,8.8,22.1,6.29,51.52,2,2
7489,21.0,0,8.1,7.3,7.8,3.4,59.3,81.7,2.3,1.3,7.9,9.0,0,0,3.6,0.8,7.85,41.65,1,1
7490,23.0,0,5.2,8.2,8.2,0.5,88.8,53.8,6.5,6.2,6.4,4.7,0,1,4.1,8.3,8.04,62.35,2,2
7491,17.0,0,5.1,8.1,7.5,0.5,87.2,50.5,8.0,2.2,4.5,5.4,1,0,3.1,8.6,6.85,55.96,2,2
7492,19.0,1,4.9,6.9,1.0,0.5,64.9,69.5,6.5,2.8,7.3,4.9,1,0,5.6,3.7,4.07,62.83,2,2
7493,19.0,0,1.6,5.9,6.0,0.6,82.3,85.3,5.1,4.7,6.4,3.3,0,1,5.7,1.6,9.98,52.89,2,2
7494,21.0,1,8.1,7.5,5.5,4.3,100.0,60.7,5.8,2.0,4.3,4.3,0,1,3.6,4.4,5.65,50.28,2,2
7495,23.0,1,4.219583121504829,9.9,8.5,3.03210685483871,81.8,67.0,8.8,2.0,8.5,4.8,0,0,7.0,1.8,6.08,38.65,1,1
7496,17.0,0,5.6,7.4,6.6,2.7,53.8,78.4,7.0,2.3,2.7,7.3,0,0,3.9,3.5,7.93,62.88,2,2
7497,17.0,1,0.7,6.6,7.4,1.9,72.6,60.2,9.2,3.9,5.5,5.5,2,1,5.6,7.6,5.97,49.09,2,2
7498,23.0,0,5.8,7.7,4.8,5.5,81.7,38.9,8.4,5.6,3.7,7.9,2,0,3.4,5.5447261663286005,6.47,64.44,0,0
7499,18.0,1,3.5,7.8,8.3,4.3,100.0,80.6,5.6,2.0,7.8,6.4,2,0,3.9,5.6,5.53,50.84,2,2
7500,21.0,0,1.6,7.8,9.1,0.9,64.3,43.6,7.8,1.8,2.9,4.3,0,0,1.4,2.3,7.43,44.66,1,1
7501,20.0,1,2.3,8.8,1.9,3.6,78.1,80.9,9.3,0.4,3.5,1.0,0,0,4.5,3.3,6.85,53.75,2,2
7502,23.0,1,1.7,7.5,2.8,3.5,66.1,71.0,6.3,2.3,10.0,9.9,2,1,6.4,0.5,9.71,49.07,2,2
7503,17.0,0,1.6,8.7,7.9,4.3,91.4,70.9,7.5,7.0,5.7,7.2,0,0,9.5,2.3,7.77,66.37,0,0
7504,17.0,1,4.3,7.3,5.6,7.9,75.2,55.1,2.7,5.5,7.1,4.5,0,0,1.1,6.2,6.32,43.06,1,1
7505,20.0,0,3.4,9.0,8.6,1.5,44.5,69.0,5.0,2.4,5.5,8.9,1,1,0.3,0.6,5.78,44.47,1,1
7506,24.0,0,4.9,6.976601980998585,6.6,4.0,74.9,59.2,5.7,2.5,4.8,6.2,0,0,4.8,15.9,8.03,59.73,2,2
7507,19.0,0,7.6,8.2,7.7,5.7,78.5,100.0,3.7,1.5,7.0,5.7,1,0,2.4,0.9,2.88,40.53,1,1
7508,19.0,0,3.9,8.0,4.1,6.1,85.0,60.5,6.3,5.4,5.5,10.0,0,1,7.2,3.6,4.46,62.98,2,2
7509,21.0,1,0.0,10.0,6.8,3.3,82.4,93.7,9.7,3.2008618067525094,4.1,7.2,0,0,3.4,7.0,4.7,49.32,2,2
7510,24.0,0,3.7,8.4,6.9,0.6,88.5,64.8,6.7,6.6,7.4,9.2,1,1,3.1,4.1,3.66,57.66,2,2
7511,23.0,1,4.219583121504829,5.9,4.3,0.0,78.4,79.4,8.9,4.9,7.9,9.2,0,0,3.6,2.5,5.54,70.77,0,0
7512,25.0,1,4.0,7.3,8.5,4.5,81.1,75.1,7.6,2.8,7.1,5.1,1,0,5.9,5.2,3.89,53.07,2,2
7513,16.0,1,7.3,6.7,1.3,3.6,80.2,72.0,9.8,4.5,7.2,4.5,1,0,3.5,4.7,5.26,57.76,2,2
7514,17.0,0,5.1,9.7,6.5,3.2,74.6,71.5,5.9,4.1,6.1,8.1,0,0,2.7,5.9,7.64,59.43,2,2
7515,21.0,0,0.5,8.6,2.8,3.5,87.4,79.5,4.5,3.1,7.2,7.9,2,1,1.5,3.2,8.6,57.67,2,2
7516,23.0,2,4.4,9.6,3.4,3.03210685483871,91.0,99.8,7.7,1.3,3.7,6.5,1,1,5.6,1.4,6.17,68.32,0,0
7517,18.0,0,4.8,6.0,8.5,4.0,79.4,54.6,2.6,0.8,6.4,7.1,2,0,5.8,5.5447261663286005,8.75,38.1,1,1
7518,18.0,0,6.4,8.4,3.3,3.7,73.6,43.2,7.3,1.2,5.7,5.4,1,1,2.1,10.5,6.27,43.61,1,1
7519,22.0,0,7.8,5.2,3.1,1.9,65.9,60.1,1.1,2.1,4.0,4.8,0,0,1.8,6.3,9.37,44.95,1,1
7520,16.0,1,6.0,4.9,7.5,4.9,84.6,77.3,4.1,3.9,9.5,4.4,0,1,4.7,6.2,6.77,34.62,1,1
7521,19.0,0,5.1,6.5,3.2,2.0,67.0,69.7,6.8,6.1,6.2,9.0,1,1,5.6,3.5,4.92,69.74,0,0
7522,20.0,0,5.6,9.0,8.5,4.7,82.1,100.0,5.991217524197657,3.3,3.6,10.0,1,1,3.2,1.4,6.51,76.81,0,0
7523,21.0,1,3.9,5.7,7.6,2.3,81.7,100.0,5.1,0.2,5.3,5.3,0,0,1.1,5.8,5.46,45.12,1,1
7524,22.0,0,1.3,7.0,4.1,4.1,93.9,66.8,3.1,1.6,6.1,7.0,1,0,3.4,5.8,6.17,58.41,2,2
7525,19.0,1,4.3,8.5,8.5,6.2,98.0,100.0,7.6,2.8,8.0,6.2,0,0,2.7,8.9,5.52,59.27,2,2
7526,21.0,0,4.9,8.1,1.2,4.2,40.5,82.6,8.5,3.2,6.9,7.1,1,0,4.8,23.2,7.52,49.77,2,2
7527,21.0,0,1.8,9.9,7.2,5.5,77.4,61.9,6.0,3.5,6.2,4.7,2,0,0.4,1.1,7.72,32.0,1,1
7528,20.0,0,6.9,7.0,2.9,2.3,52.7,72.8,10.0,2.6,6.5,6.0,1,0,5.1,3.9,4.33,62.29,2,2
7529,21.0,0,6.2,6.4,4.7,3.2,95.1,71.5,5.5,1.7,5.3,4.1,0,0,2.8,1.4,4.94,69.79,0,0
7530,18.0,0,1.5,5.6,4.9,2.4,79.7,61.8,3.1,1.9,5.5,5.9,1,0,4.5,3.7,8.3,42.52,1,1
7531,17.0,0,6.9,6.5,9.2,0.0,95.0,63.6,2.9,2.2,8.3,6.7,1,0,6.4,5.9,6.93,59.05,2,2
7532,17.0,1,3.6,5.6,4.7,4.9,83.4,83.1,5.7,2.9,10.0,9.9,1,0,4.050203624516392,10.7,5.17,63.19,0,0
7533,18.0,1,2.6,4.7,5.8,4.0,62.4,67.8,6.7,3.1,9.6,4.8,1,0,6.8,4.3,5.72,33.03,1,1
7534,20.0,0,6.4,9.6,4.9,3.9,67.4,69.9,10.0,1.6,3.1,7.1,2,1,4.2,3.7,6.11,65.48,0,0
7535,23.0,0,4.1,7.1,3.5,5.2,78.3,71.3,3.6,1.7,3.9,10.0,2,1,3.7,10.8,7.75,65.81,0,0
7536,22.0,0,8.0,10.0,3.4,1.0,87.4,72.0,4.6,4.7,4.7,6.0,0,0,3.3,12.0,6.489753023681269,52.83,2,2
7537,22.0,1,2.5,6.976601980998585,6.8,0.5,80.7,91.6,7.1,4.7,6.4,1.3,1,0,7.7,3.0,7.78,65.15,0,0
7538,19.0,0,0.7,6.4,6.047861775435752,5.2,82.3,60.1,6.2,1.1,2.7,2.5,1,1,3.1,12.2,7.36,43.36,1,1
7539,19.0,2,3.6,6.0,7.9,2.9,75.4,79.1,4.7,5.6,4.3,6.6,2,1,3.9,3.6,4.78,54.34,2,2
7540,19.0,1,5.8,6.2,5.4,3.4,94.7,47.8,5.9,1.7,6.5,5.3,1,0,2.7,1.1,4.78,48.68,2,2
7541,18.0,0,2.3,8.1,5.5,0.4,81.9,65.6,3.5,3.2,3.6,4.9,0,0,4.1,4.7,5.86,58.96,2,2
7542,16.0,0,1.5,7.7,7.9,5.6,80.6,51.5,5.0,0.5,6.5,10.0,0,0,4.5,0.7,6.04,48.68,2,2
7543,21.0,0,4.7,8.1,5.1,4.2,83.8,100.0,3.6,2.9,7.6,6.6,2,0,5.0,5.8,5.81,60.54,2,2
7544,25.0,2,1.3,8.7,2.4,2.0,74.6,77.4,8.3,3.1,8.0,7.1,2,0,4.9,11.3,5.97,53.87,2,2
7545,18.0,1,4.8,8.4,8.1,3.03210685483871,75.4,67.3,7.6,3.4,6.4,7.3,1,1,1.6,3.8,3.48,48.04,2,2
7546,16.0,0,4.219583121504829,5.7,4.3,0.5,86.3,43.7,5.9,9.9,7.4,4.8,0,1,0.0,8.6,7.09,45.32,1,1
7547,22.0,0,5.2,6.3,6.2,2.4,90.1,50.9,6.0,3.8,3.0,7.1,1,0,4.3,1.8,8.18,73.88,0,0
7548,18.0,0,1.4,7.2,4.4,4.8,91.5,90.3,6.5,0.6,6.8,4.2,0,0,8.5,4.8,6.75,44.0,1,1
7549,23.0,0,6.8,10.0,3.6,5.1,77.5,81.4,5.0,1.4,9.6,6.0,0,0,3.3,6.4,6.15,55.38,2,2
7550,22.0,0,3.8,8.0,1.3,0.3,81.6,49.1,2.3,2.4,2.1,5.1,1,0,1.9,4.3,9.26,56.06,2,2
7551,24.0,1,5.7,7.1,6.8,2.5,72.1,49.1,5.3,1.7,7.5,3.3,0,0,0.0,2.3,6.84,45.87,1,1
7552,19.0,1,6.1,7.9,1.0,4.3,90.2,100.0,7.1,2.8,6.5,5.4,0,1,0.6,5.6,6.97,77.74,0,0
7553,21.0,1,1.9,6.2,9.2,5.7,67.7,99.4,8.1,1.3,5.542839731870811,5.5,1,1,5.0,4.6,5.14,47.02,2,2
7554,20.0,0,6.0,7.3,8.6,5.5,82.9,80.3,6.2,1.6,3.0,4.6,1,0,0.0,6.7,5.11,52.54,2,2
7555,21.0,0,1.3,8.2,3.7,4.3,91.4,77.1,4.7,1.2,3.5,5.9,1,0,6.2,2.3,8.08,65.21,0,0
7556,20.0,1,1.5,7.0,10.0,3.2,81.6,72.0,7.2,2.5,8.6,2.9,0,0,0.1,3.0,5.1,30.65,1,1
7557,18.0,1,8.1,6.0,11.2,2.7,83.9,52.4,6.4,3.0,1.6,1.0,2,0,7.4,6.6,8.27,45.52,1,1
7558,20.0,1,6.4,6.9,5.3,3.9,79.81730107309173,90.5,3.7,2.8,1.7,1.0,2,0,7.7,11.5,6.58,55.7,2,2
7559,20.0,0,8.3,6.6,7.0,5.6,55.9,71.5,2.0,0.5,7.6,5.7,1,1,1.2,8.2,6.34,39.13,1,1
7560,23.0,2,3.5,5.2,6.047861775435752,2.6,71.2,88.1,4.8,3.0,1.0,7.1,1,0,0.0,3.0,5.46,46.61,1,1
7561,22.0,0,4.4,6.3,9.8,2.5,80.6,67.7,9.4,0.8,6.4,6.5,0,0,5.6,8.0,6.38,53.34,2,2
7562,21.0,0,5.3,5.2,2.5,5.1,71.0,81.5,7.2,3.5,1.4,8.5,0,0,5.8,1.1,6.04,61.1,2,2
7563,17.0,0,4.2,5.4,5.4,4.9,86.3,66.4,9.3,1.1,6.2,7.0,1,0,3.8,7.6,5.79,44.22,1,1
7564,22.0,1,2.7,5.5,8.3,2.1,61.0,76.3,5.9,2.7,5.2,5.2,0,0,5.1,11.1,7.12,43.6,1,1
7565,20.0,0,2.4,8.2,8.0,0.6,54.8,89.4,5.9,0.6,9.9,4.7,0,0,3.3,12.5,5.92,44.4,1,1
7566,24.0,0,4.6,8.9,5.9,0.0,89.0,65.4,0.1,2.2,2.8,8.9,1,0,0.6,4.5,5.37,54.86,2,2
7567,24.0,0,2.1,5.0,9.5,3.2,75.9,100.0,1.8,3.4,4.8,10.0,2,0,5.2,2.8,6.16,47.77,2,2
7568,16.0,0,2.0,9.1,6.6,1.0,84.5,64.6,7.0,3.0,6.2,6.6,0,0,5.5,4.0,4.48,50.9,2,2
7569,23.0,0,5.0,5.5,6.3,4.6,73.2,77.5,6.4,3.2008618067525094,2.2,7.5,1,1,2.5,11.6,6.43,66.9,0,0
7570,16.0,0,4.0,8.0,7.7,0.0,87.3,99.9,1.0,2.7,3.5,3.3,1,0,1.1,2.0,6.6,53.76,2,2
7571,19.0,0,6.1,7.3,5.8,5.9,97.6,100.0,6.3,0.4,8.7,2.4,0,0,3.8,0.6,4.71,53.56,2,2
7572,20.0,2,3.4,7.8,6.1,2.4,98.6,83.4,8.2,4.3,5.4,9.1,1,0,1.4,2.6,5.38,76.3,0,0
7573,17.0,0,3.0,5.5,4.0,1.6,71.6,79.8,6.7,5.0,3.6,2.6,0,0,0.0,2.0,5.33,49.76,2,2
7574,22.0,1,5.0,4.6,13.3,2.0,74.5,76.2,4.8,3.2008618067525094,6.1,7.7,0,1,4.3,3.2,6.89,48.13,2,2
7575,16.0,1,2.6,6.0,4.8,1.4,82.2,99.4,0.5,0.5,4.7,10.0,1,1,4.1,16.5,6.53,50.68,2,2
7576,18.0,0,2.9,7.6,7.8,5.7,100.0,92.2,6.9,1.4,4.8,9.6,0,1,5.9,4.1,8.0,74.46,0,0
7577,21.0,1,3.0,9.5,10.8,4.2,65.0,94.6,4.0,3.4,8.8,5.6,0,1,4.7,5.7,6.71,37.91,1,1
7578,22.0,1,3.8,5.7,2.6,3.2,65.1,100.0,7.1,1.1,6.2,5.1,0,0,9.9,8.6,7.03,54.54,2,2
7579,24.0,1,7.7,6.9,7.5,0.8,91.3,83.2,7.5,1.7,7.7,6.5,1,1,5.8,1.2,7.75,62.96,2,2
7580,22.0,0,1.4,6.0,6.1,2.9,71.3,67.7,8.0,3.1,6.2,3.6,1,1,4.5,7.0,7.47,44.01,1,1
7581,21.0,1,6.8,7.0,10.5,1.6,88.6,81.3,6.8,3.7,4.1,5.8,0,0,4.6,1.3,8.89,67.31,0,0
7582,19.0,1,5.7,4.5,3.7,0.0,72.4,76.0,5.2,0.5,5.6,8.3,1,0,4.4,1.6,8.99,53.4,2,2
7583,16.0,1,7.3,8.9,4.1,1.8,84.6,71.6,7.3,4.1,8.3,10.0,0,0,1.4,3.0,7.48,77.28,0,0
7584,17.0,0,10.5,7.0,5.9,4.1,73.4,67.7,3.8,0.6,3.5,8.6,1,0,3.7,5.3,3.91,45.7,1,1
7585,20.0,1,7.1,8.2,4.8,2.2,66.9,84.9,8.9,2.5,5.0,8.5,2,0,5.4,4.8,7.94,65.17,0,0
7586,21.0,1,6.1,6.7,4.9,2.7,81.9,86.5,4.5,1.9,5.8,9.2,1,0,8.7,2.0,4.14,67.61,0,0
7587,19.0,0,1.6,7.2,11.1,4.9,64.2,62.5,10.0,2.0,2.6,1.2,0,0,5.2,5.7,7.23,45.72,1,1
7588,22.0,0,1.8,8.5,6.3,4.6,85.9,80.7,5.5,0.7,7.2,6.2,0,0,1.6,7.4,7.06,53.88,2,2
7589,20.0,1,4.9,7.2,4.0,6.5,77.0,100.0,7.1,4.5,6.4,2.7,0,0,3.3,7.9,6.64,63.3,0,0
7590,17.0,0,0.8,7.2,5.0,0.0,62.3,61.6,6.3,2.1,2.1,3.6,1,1,6.7,2.8,5.82,48.32,2,2
7591,18.0,1,5.4,6.0,7.0,1.5,83.9,99.6,2.0,1.9,4.4,5.6,2,0,1.1,2.4,7.36,51.32,2,2
7592,23.0,0,0.0,6.3,6.8,4.6,83.6,59.3,7.2,0.3,2.4,9.3,0,0,3.2,8.5,3.97,38.15,1,1
7593,22.0,1,6.5,5.7,4.6,3.8,49.4,81.5,4.3,0.6,5.3,5.3,1,1,3.0,4.5,6.92,37.47,1,1
7594,24.0,1,3.6,6.0,6.047861775435752,3.2,79.3,42.9,5.7,5.8,4.9,4.7,0,0,7.0,14.3,4.36,35.93,1,1
7595,17.0,0,4.5,8.6,5.9,1.9,80.1,86.5,6.1,4.4,4.4,5.7,0,1,4.050203624516392,1.4,8.93,66.54,0,0
7596,25.0,0,2.7,9.4,5.8,3.4,81.2,71.0,3.7,5.1,4.3,5.9,0,0,6.8,7.6,4.81,47.81,2,2
7597,18.0,1,0.4,5.4,4.4,3.3,56.4,43.6,4.7,3.9,3.5,2.6,0,0,3.5,7.9,4.99,16.78,1,1
7598,16.0,1,6.7,7.5,9.2,0.0,84.6,66.5,8.8,0.3,5.2,8.7,1,0,3.7,4.6,8.08,65.21,0,0
7599,25.0,0,6.9,6.6,7.4,3.4,86.7,100.0,3.1,5.7,6.8,5.6,1,0,4.7,2.0,5.61,59.99,2,2
7600,18.0,0,3.5,8.8,6.3,2.1,67.8,85.3,7.3,1.8,6.6,4.2,1,1,3.4,5.1,6.59,59.01,2,2
7601,21.0,1,5.5,7.2,5.1,4.5,61.8,77.0,5.2,0.6,4.6,8.0,0,0,5.7,8.0,4.47,50.79,2,2
7602,18.0,0,3.4,7.0,10.3,3.6,67.3,84.5,8.2,3.4,1.5,3.8,1,0,0.0,2.3,7.78,64.78,0,0
7603,21.0,1,4.8,6.0,3.1,6.5,81.7,93.2,7.6,7.6,5.9,5.957923664122137,1,0,0.7,3.3,5.26,64.07,0,0
7604,24.0,0,5.7,5.0,4.8,3.0,63.9,100.0,4.5,6.2,5.4,6.0,1,0,3.8,11.4,4.84,41.14,1,1
7605,19.0,1,5.3,8.0,4.9,1.0,62.4,69.8,7.5,0.1,4.4,2.7,1,0,5.5,0.5,2.85,46.89,2,2
7606,21.0,1,6.9,7.5,6.7,0.0,100.0,85.7,4.7,1.8,5.542839731870811,7.3,0,0,5.4,2.0,5.0,58.08,2,2
7607,18.0,1,5.2,7.5,7.7,1.3,79.9,83.6,9.8,1.5,7.9,2.7,0,0,5.5,3.9,7.06,62.5,2,2
7608,21.0,1,4.3,6.2,2.7,3.7,76.0,76.9,6.3,1.2,8.8,5.7,1,0,1.9,1.1,4.35,50.13,2,2
7609,19.0,1,2.7,6.8,4.3,4.1,71.3,71.6,5.3,0.8,9.5,2.8,0,1,0.9,3.4,8.02,40.83,1,1
7610,18.0,1,3.2,8.0,7.1,1.9,74.5,100.0,5.1,1.3,5.2,7.7,2,0,4.0,5.5447261663286005,6.56,65.65,0,0
7611,19.0,1,5.8,8.3,4.3,2.2,100.0,79.7,5.2,3.7,10.0,4.1,0,0,1.8,5.0,6.489753023681269,59.76,2,2
7612,18.0,1,1.2,5.5,5.0,3.1,90.6,53.1,5.991217524197657,1.4,4.6,6.0,1,0,6.2,1.6,4.28,35.74,1,1
7613,24.0,0,6.4,6.2,6.4,3.7,100.0,22.7,7.6,1.6,5.6,7.9,0,1,1.4,5.7,6.13,36.33,1,1
7614,19.0,1,3.6,5.2,3.6,3.03210685483871,85.1,92.2,4.9,0.8,9.3,3.2,1,1,0.9,5.5,8.25,46.22,1,1
7615,18.0,0,2.6,7.3,6.7,1.9,67.6,67.3,4.2,6.6,3.5,4.0,0,1,6.4,12.0,3.44,47.24,2,2
7616,20.0,1,2.0,8.1,7.5,1.7,83.5,72.3,8.4,3.4,6.7,3.3,0,0,4.4,13.2,7.66,52.5,2,2
7617,19.0,1,5.5,6.6,6.1,6.6,87.1,82.3,9.0,1.3,8.1,3.6,1,0,3.6,2.7,6.5,46.45,1,1
7618,22.0,0,4.2,6.1,9.6,6.2,88.0,100.0,4.3,1.9,4.7,8.6,2,0,6.3,1.4,7.3,51.83,2,2
7619,25.0,2,7.4,6.6,7.8,2.0,74.3,99.4,5.4,7.5,5.1,6.2,0,0,0.8,2.0,4.93,52.34,2,2
7620,20.0,1,1.7,10.0,5.9,5.1,100.0,70.9,8.7,2.9,8.5,5.1,0,1,2.7,5.7,5.18,54.52,2,2
7621,23.0,1,3.0,8.5,5.2,7.0,63.5,88.2,7.0,4.8,5.3,3.5,2,1,5.7,3.7,5.65,41.82,1,1
7622,21.0,0,4.0,8.0,10.4,5.4,84.4,64.2,9.5,6.3,4.7,5.0,0,0,6.0,10.8,8.34,77.04,0,0
7623,17.0,2,2.7,7.4,4.3,1.6,76.2,88.9,7.5,6.7,3.1,5.1,0,1,4.2,2.1,8.26,66.62,0,0
7624,22.0,2,4.2,7.0,5.3,3.2,69.9,60.2,7.1,3.5,4.2,4.1,0,0,1.1,6.9,8.07,46.15,1,1
7625,20.0,0,4.8,5.8,5.0,0.0,83.2,78.3,5.2,10.5,4.6,6.8,1,0,6.1,4.7,3.9,56.6,2,2
7626,21.0,1,5.2,5.6,7.0,1.3,96.3,78.9,3.9,5.3,3.8,4.0,0,1,1.5,4.4,7.94,67.05,0,0
7627,24.0,0,7.2,6.3,11.6,3.0,85.3,56.1,3.3,1.4,9.0,2.9,1,0,1.9,6.5,4.74,30.32,1,1
7628,20.0,0,1.6,5.8,6.6,3.4,83.6,64.4,5.9,1.6,4.1,3.3,1,1,3.6,5.1,5.61,34.91,1,1
7629,24.0,0,4.9,6.2,5.2,1.8,53.7,35.9,9.1,4.7,9.4,4.9,2,0,0.6,4.0,8.73,41.4,1,1
7630,22.0,0,2.9,6.9,6.5,0.0,92.0,68.2,3.7,0.4,9.7,9.0,2,0,0.0,1.5,5.34,49.07,2,2
7631,20.0,0,4.219583121504829,7.0,2.7,3.3,74.7,95.1,5.7,2.1,7.9,9.2,2,1,6.2,5.9,5.76,69.35,0,0
7632,21.0,0,5.1,6.2,5.5,4.3,86.9,100.0,2.3,1.6,4.8,2.7,2,1,3.4,6.9,4.99,52.01,2,2
7633,19.0,1,2.2,7.6,10.3,4.4,92.0,100.0,9.0,1.5,4.3,3.9,1,1,2.7,8.1,5.35,54.88,2,2
7634,25.0,0,2.4,6.8,7.7,2.6,82.5,68.1,4.2,3.1,6.9,1.1,2,0,1.9,4.3,7.71,29.67,1,1
7635,21.0,1,5.2,7.3,9.1,2.8,54.0,74.9,10.0,2.7,5.6,5.6,0,0,8.1,7.4,8.03,64.89,0,0
7636,16.0,1,4.2,6.0,8.5,3.4,98.4,73.7,7.0,2.2,5.9,4.4,1,0,1.0,3.6,8.37,54.21,2,2
7637,19.0,1,3.8,7.9,4.2,3.7,79.81730107309173,71.2,9.4,3.9,8.3,6.6,0,0,7.0,5.9,5.37,78.53,0,0
7638,21.0,1,5.5,6.3,10.8,2.8,90.6,92.5,2.2,1.6,2.8,4.0,0,1,3.0,1.8,9.58,63.1,0,0
7639,16.0,0,5.7,9.1,1.6,0.0,70.6,65.1,0.5,2.5,5.3,8.0,1,0,5.9,5.4,7.45,56.64,2,2
7640,20.134890807516506,0,3.1,6.7,6.8,5.5,96.0,100.0,5.2,1.5,5.4,6.9,0,1,4.050203624516392,11.0,6.13,63.11,0,0
7641,20.0,1,2.5,6.9,1.0,2.2,76.3,77.5,6.1,2.2,5.8,5.5,1,0,3.1,14.5,7.03,49.96,2,2
7642,19.0,0,4.219583121504829,7.8,1.7,0.8,79.1,54.0,7.4,1.4,7.5,4.1,0,1,4.0,4.5,6.04,52.95,2,2
7643,20.0,1,4.3,8.1,8.3,2.3,95.6,73.3,9.4,2.1,10.0,10.0,0,0,0.6,0.3,6.03,45.49,1,1
7644,18.0,1,1.4,8.2,6.047861775435752,3.2,88.4,83.6,5.3,4.8,5.1,6.0,1,0,4.1,0.4,9.14,71.35,0,0
7645,18.0,2,4.4,9.3,9.1,1.9,49.4,92.6,5.1,4.4,7.0,5.3,1,1,7.1,4.9,5.04,55.56,2,2
7646,22.0,0,6.6,7.9,1.0,2.0,82.7,88.6,5.5,3.2,3.4,6.5,0,1,3.5,3.8,6.09,64.77,0,0
7647,20.0,1,3.5,6.9,5.8,2.4,95.4,69.3,6.8,1.4,5.8,1.7,0,0,3.8,4.0,6.63,54.79,2,2
7648,18.0,0,3.1,6.3,3.0,3.7,62.3,65.7,3.3,2.5,8.6,4.5,1,1,6.0,7.2,7.75,31.58,1,1
7649,19.0,1,8.2,6.8,5.2,1.6,92.7,100.0,2.0,1.6,6.1,7.5,1,1,2.8,5.0,6.489753023681269,68.29,0,0
7650,21.0,2,7.2,8.9,9.9,3.6,58.3,75.5,5.991217524197657,3.4,9.5,7.8,1,0,4.3,7.1,5.65,44.21,1,1
7651,17.0,1,2.7,5.2,10.5,0.5,77.2,54.6,3.0,7.5,4.2,7.1,1,0,7.5,2.1,6.66,45.35,1,1
7652,17.0,1,4.5,5.9,7.3,6.6,87.0,64.5,8.5,9.4,6.0,1.2,1,0,3.9,13.1,5.51,48.67,2,2
7653,17.0,0,4.9,6.7,2.0,4.9,76.7,39.7,1.1,5.2,2.5,5.6,1,0,3.3,3.4,4.21,48.1,2,2
7654,23.0,0,4.6,5.9,3.0,2.5,95.3,45.7,4.3,6.1,7.9,4.1,0,0,2.2,12.8,6.51,50.65,2,2
7655,22.0,1,7.8,6.5,6.4,3.6,61.6,65.5,3.0,3.6,3.1,7.0,1,0,10.0,6.0,7.72,43.32,1,1
7656,22.0,0,4.4,9.3,4.0,0.9,90.6,60.7,4.5,7.1,5.8,6.3,0,0,5.5,3.8,7.15,63.95,0,0
7657,22.0,1,4.7,6.6,7.6,4.0,80.7,62.6,4.1,1.1,9.9,7.7,2,0,10.0,9.1,4.99,34.51,1,1
7658,21.0,0,5.6,7.5,10.2,4.5,68.9,88.9,8.5,3.1,6.8,5.2,0,0,4.4,2.5,7.04,68.13,0,0
7659,20.0,1,4.219583121504829,4.8,3.5,3.5,85.7,90.7,10.0,4.9,5.542839731870811,6.2,0,0,4.8,12.8,6.06,64.67,0,0
7660,21.0,0,6.1,5.6,3.8,4.6,79.1,54.0,3.3,6.8,1.0,9.2,2,0,4.7,7.6,5.08,55.15,2,2
7661,16.0,0,5.3,8.2,3.0,3.0,99.2,100.0,4.5,2.2,3.1,9.4,0,0,6.0,5.9,7.63,88.41,0,0
7662,21.0,1,1.1,9.2,5.4,2.8,87.6,76.8,5.7,0.9,6.5,8.2,2,0,0.8,2.2,7.98,60.66,2,2
7663,22.0,2,3.2,7.3,6.1,1.8,85.4,75.1,3.7,2.5,7.4,2.1,2,0,1.5,4.9,7.14,43.17,1,1
7664,20.0,2,5.8,6.6,6.1,4.0,71.3,60.7,7.2,8.3,5.4,5.0,0,1,6.3,8.8,4.68,41.04,1,1
7665,19.0,0,4.7,7.6,8.2,1.5,81.9,69.6,3.0,3.9,2.8,8.9,0,1,0.0,3.5,8.8,58.91,2,2
7666,18.0,1,5.9,3.6,7.0,3.7,72.5,100.0,7.3,0.3,4.8,5.9,0,0,1.6,4.2,6.16,35.4,1,1
7667,21.0,0,8.0,7.3,5.9,3.5,79.2,55.5,6.2,2.3,4.9,4.5,2,1,6.8,9.6,5.8,56.27,2,2
7668,22.0,0,1.8,5.6,6.1,5.4,96.2,79.8,5.991217524197657,2.2,8.1,6.3,0,0,0.6,4.2,8.59,57.37,2,2
7669,23.0,0,6.5,8.0,6.047861775435752,4.1,76.3,65.2,6.0,3.6,7.4,4.6,1,0,4.7,1.4,4.24,50.19,2,2
7670,19.0,0,3.5,4.2,5.9,0.0,61.2,42.4,7.6,7.7,6.2,6.3,2,1,0.6,3.9,8.7,29.35,1,1
7671,22.0,1,6.1,6.2,4.3,1.8,86.4,47.4,7.2,2.5,7.8,6.4,2,0,0.0,5.6,5.39,50.22,2,2
7672,21.0,0,4.1,6.9,3.0,1.8,90.2,86.0,5.6,2.1,6.3,4.7,1,1,3.9,3.3,5.44,68.65,0,0
7673,24.0,0,8.5,6.0,6.4,1.7,100.0,44.0,7.2,1.4,7.9,6.4,1,0,5.1,10.9,5.78,56.63,2,2
7674,20.0,1,4.5,6.5,4.8,4.7,91.2,52.8,5.991217524197657,3.2008618067525094,6.6,5.0,0,0,2.2,8.1,4.49,52.33,2,2
7675,20.0,0,2.9,8.2,7.3,0.0,76.5,89.8,2.1,2.0,6.3,4.9,1,1,0.3,5.1,6.489753023681269,46.07,1,1
7676,21.0,0,5.0,7.0,6.2,5.6,83.4,87.6,1.5,0.8,5.4,6.7,1,0,5.7,5.5,5.36,59.03,2,2
7677,22.0,0,4.8,5.8,6.0,4.8,85.1,76.1,8.9,2.7,9.7,7.3,2,1,6.3,13.8,6.05,58.0,2,2
7678,25.0,1,6.5,8.2,8.5,3.3,85.6,53.8,8.0,2.4,6.5,6.1,1,0,6.1,6.2,5.81,54.1,2,2
7679,17.0,0,4.219583121504829,7.3,2.5,3.6,47.8,53.7,9.1,0.6,4.7,3.6,0,0,3.1,5.8,7.14,51.52,2,2
7680,16.0,1,9.2,7.4,10.4,3.1,72.5,51.2,5.8,2.9,2.7,3.9,1,0,5.4,3.6,2.39,34.69,1,1
7681,24.0,0,4.0,5.8,1.0,3.3,86.2,72.6,9.9,0.4,8.3,8.8,1,1,5.8,5.8,3.69,70.53,0,0
7682,20.0,0,4.0,3.7,9.6,5.0,94.3,86.5,10.0,6.5,5.2,5.5,0,0,4.6,4.2,5.17,37.33,1,1
7683,21.0,0,3.0,5.8,6.5,2.6,71.8,67.4,8.5,0.9,6.0,4.5,2,0,1.7,9.3,6.73,40.26,1,1
7684,20.0,1,4.4,5.7,4.7,4.1,74.6,90.9,7.3,6.4,8.8,10.0,1,0,4.7,4.7,5.65,68.33,0,0
7685,17.0,0,4.7,6.2,2.3,1.4,76.9,100.0,7.6,5.2,6.7,8.9,0,0,3.5,5.3,6.63,74.31,0,0
7686,22.0,2,4.8,5.9,4.5,4.0,78.2,82.0,6.4,2.1,6.6,8.4,0,0,6.4,4.5,5.22,56.47,2,2
7687,22.0,1,4.3,7.1,5.6,2.5,91.1,52.4,6.7,2.2,6.5,6.0,1,1,0.9,3.5,7.73,55.14,2,2
7688,19.0,0,3.0,8.1,6.5,3.8,70.4,76.5,7.0,1.6,5.9,5.5,0,1,1.3,11.1,6.01,46.94,2,2
7689,19.0,0,2.4,8.4,9.6,1.4,91.2,99.4,10.0,3.7,4.7,5.5,0,0,8.7,5.9,6.78,59.96,2,2
7690,23.0,0,3.4,8.1,6.2,3.03210685483871,98.4,63.6,4.3,1.5,6.6,5.3,1,0,5.6,10.7,5.39,65.47,0,0
7691,17.0,1,6.5,5.8,6.8,2.9,74.9,63.2,5.5,3.8,3.6,7.0,1,1,5.9,8.1,5.98,53.94,2,2
7692,24.0,1,6.9,7.1,6.9,5.8,74.4,95.5,6.0,3.1,4.7,7.9,0,1,1.0,7.3,6.45,65.32,0,0
7693,18.0,0,4.0,9.0,5.2,3.5,82.0,49.2,7.4,0.5,1.5,1.0,0,0,7.3,5.6,4.51,46.78,2,2
7694,21.0,1,2.3,4.9,5.5,3.9,72.4,78.6,6.5,0.7,3.6,4.0,0,0,5.5,10.5,5.73,36.3,1,1
7695,24.0,1,4.0,8.8,5.7,2.2,78.9,63.9,3.2,0.9,6.9,4.6,0,0,6.1,4.7,5.93,44.77,1,1
7696,21.0,0,8.4,5.7,7.6,3.6,60.9,67.2,6.2,3.3,6.8,2.3,0,1,4.9,5.1,6.03,41.41,1,1
7697,19.0,1,6.2,7.4,3.7,3.9,91.1,100.0,5.8,3.3,7.0,6.5,2,1,9.4,0.9,5.56,65.0,0,0
7698,22.0,0,5.3,7.5,4.7,2.4,100.0,66.3,6.0,8.4,1.0,3.4,0,0,9.1,3.2,6.28,73.28,0,0
7699,19.0,0,6.1,7.2,6.9,2.2,71.2,77.2,7.8,7.2,5.7,8.6,0,0,7.8,8.2,5.61,70.42,0,0
7700,18.0,0,7.3,9.9,3.3,1.5,58.6,93.6,8.6,3.9,7.8,5.7,1,1,4.050203624516392,7.8,3.93,61.62,2,2
7701,25.0,0,1.9,6.6,6.3,2.9,92.0,51.9,4.2,3.6,7.1,6.2,2,1,2.4,1.4,5.8,58.19,2,2
7702,22.0,1,3.4,4.9,4.6,1.8,74.6,90.0,10.0,2.8,5.3,5.957923664122137,1,0,3.2,6.6,5.28,61.67,2,2
7703,21.0,1,3.1,7.5,7.3,3.5,71.3,66.9,2.7,4.5,7.0,6.7,2,1,5.4,1.9,6.22,40.34,1,1
7704,19.0,0,5.4,6.8,9.4,1.6,78.4,52.0,4.4,2.3,3.3,6.2,0,0,10.0,1.4,7.03,50.51,2,2
7705,16.0,1,4.5,7.7,4.6,2.8,64.1,66.1,5.5,1.3,7.7,5.2,0,0,0.0,1.5,5.17,38.25,1,1
7706,16.0,2,5.7,8.1,7.9,1.3,86.3,76.1,7.5,0.7,5.0,5.5,0,0,1.9,3.7,5.79,63.11,0,0
7707,20.0,0,3.2,7.0,6.5,5.1,63.6,79.3,2.2,1.7,3.7,4.4,1,0,4.5,4.2,5.73,41.95,1,1
7708,22.0,1,6.9,7.6,5.0,3.0,64.6,61.5,10.0,3.3,5.4,8.0,0,0,1.0,13.0,5.24,61.6,2,2
7709,20.0,0,4.1,7.2,6.0,3.0,64.4,71.1,2.0,7.3,4.1,7.1,1,0,6.5,3.1,8.32,75.69,0,0
7710,23.0,1,5.6,9.3,9.2,4.1,82.1,49.9,9.4,5.9,2.9,10.0,0,1,7.6,2.0,7.3,68.41,0,0
7711,16.0,1,6.6,6.5,5.6,6.2,56.4,62.3,5.1,2.6,5.0,7.1,1,0,4.8,6.8,6.48,53.72,2,2
7712,19.0,0,6.4,6.1,9.3,3.1,100.0,50.5,6.2,3.8,6.1,6.4,0,0,7.7,7.2,2.52,59.67,2,2
7713,18.0,0,4.9,8.1,5.7,0.3,75.1,73.6,1.1,0.4,7.3,6.6,1,1,6.9,5.1,6.62,41.8,1,1
7714,20.0,0,5.8,5.8,2.5,5.1,52.5,59.9,7.6,2.5,6.5,4.5,1,0,7.1,1.2,9.0,54.78,2,2
7715,17.0,1,7.7,7.5,5.6,0.6,66.2,100.0,5.7,7.0,10.0,8.6,0,0,2.2,11.3,3.34,65.21,0,0
7716,25.0,1,5.2,6.8,2.3,2.1,87.8,81.9,8.6,1.8,6.1,5.6,0,0,5.9,4.6,8.11,72.49,0,0
7717,18.0,1,2.7,6.9,5.2,5.1,97.5,45.7,2.9,2.3,9.0,1.4,1,0,6.3,1.1,8.54,46.24,1,1
7718,24.0,1,5.4,10.0,5.1,2.4,82.1,61.6,9.1,7.8,6.0,3.0,1,0,3.2,9.4,4.42,58.04,2,2
7719,19.0,1,4.1,8.6,10.5,2.0,81.1,87.6,2.2,1.2,7.0,5.6,1,0,6.2,7.7,8.37,61.36,2,2
7720,25.0,0,0.0,8.3,10.0,3.5,60.1,79.4,6.6,5.2,5.6,2.7,0,1,0.0,22.8,5.47,22.78,1,1
7721,20.0,0,5.1,7.7,6.2,3.0,99.4,46.7,2.8,3.2,6.4,3.8,0,0,4.1,4.2,6.38,40.79,1,1
7722,24.0,1,4.4,6.1,9.0,1.8,87.2,60.8,10.0,0.8,6.8,7.7,0,1,6.0,5.0,6.57,52.79,2,2
7723,16.0,1,6.5,7.3,5.0,4.6,84.2,86.6,8.1,1.8,7.7,7.9,0,0,0.9,0.5,6.79,60.46,2,2
7724,22.0,0,2.7,7.8,2.4,5.2,80.2,81.7,9.5,1.5,1.9,7.4,1,0,3.9,5.1,8.38,74.2,0,0
7725,24.0,0,1.2,7.3,7.3,5.5,86.9,85.4,5.4,6.4,4.9,7.7,1,0,6.7,0.8,5.83,55.05,2,2
7726,17.0,0,4.5,6.976601980998585,6.9,4.0,69.6,70.0,5.3,8.6,3.3,7.4,2,0,3.5,7.6,7.63,60.81,2,2
7727,17.0,1,5.0,6.5,3.7,1.7,92.2,59.6,5.9,1.7,1.0,7.6,1,1,2.7,4.6,5.38,65.13,0,0
7728,19.0,1,4.4,7.4,3.8,0.7,90.4,52.0,5.7,2.1,6.7,6.8,2,0,1.7,2.7,8.59,59.74,2,2
7729,24.0,0,4.2,6.3,8.3,0.0,78.7,92.1,5.1,7.3,4.9,7.3,2,0,3.4,7.2,5.95,69.39,0,0
7730,20.0,0,2.1,7.9,1.8,4.9,76.5,100.0,5.5,4.8,4.2,9.6,1,1,3.9,7.1,6.12,74.21,0,0
7731,20.0,0,3.9,4.4,7.4,3.03210685483871,51.9,80.0,8.6,1.8,5.9,5.5,1,1,4.6,2.0,5.65,26.09,1,1
7732,17.0,0,3.5,8.8,5.2,2.2,57.5,91.8,8.1,3.5,7.1,10.0,1,0,10.0,2.0,1.24,63.19,0,0
7733,16.0,1,6.3,5.3,7.4,0.0,87.1,60.6,3.4,10.1,6.7,5.2,2,0,3.9,2.7,6.0,40.44,1,1
7734,23.0,1,5.0,5.6,8.5,0.9,91.8,74.6,7.6,4.5,5.542839731870811,4.9,2,0,4.050203624516392,3.9,4.4,49.0,2,2
7735,17.0,0,3.6,7.5,3.8,0.0,93.9,73.9,2.9,3.4,5.8,6.7,1,0,7.6,5.5447261663286005,4.8,64.95,0,0
7736,21.0,1,7.6,7.7,3.1,5.6,62.5,81.9,9.3,0.4,7.4,5.1,1,0,2.2,5.6,5.07,57.15,2,2
7737,24.0,0,3.7,9.7,9.7,4.1,100.0,76.4,3.9,1.2,1.2,1.2,2,0,1.9,3.4,5.95,42.86,1,1
7738,18.0,1,5.3,7.4,5.9,0.6,93.0,100.0,7.7,4.0,3.4,4.0,1,1,0.4,3.7,5.26,69.53,0,0
7739,21.0,1,3.9,6.9,6.8,5.9,72.5,89.4,7.4,2.1,5.3,4.7,0,0,1.9,8.8,6.79,47.32,2,2
7740,17.0,1,7.5,7.2,8.3,1.7,82.1,98.4,5.3,0.5,2.2,5.1,0,1,0.0,18.3,7.51,57.5,2,2
7741,21.0,1,4.4,9.1,3.6,3.6,57.9,79.9,5.2,1.7,3.2,2.1,1,0,3.1,3.7,8.0,55.34,2,2
7742,18.0,1,4.4,10.0,8.3,3.6,72.0,36.7,5.5,11.2,8.4,4.4,1,1,0.3,4.3,6.489753023681269,32.12,1,1
7743,22.0,0,3.9,6.8,7.6,2.8,87.0,83.1,7.1,0.4,6.0,4.6,1,0,1.4,10.8,5.93,58.31,2,2
7744,19.0,0,4.6,7.7,9.7,2.5,80.8,94.7,7.9,1.6,5.4,4.4,0,0,3.1,8.4,5.04,52.27,2,2
7745,20.0,1,6.6,6.9,9.6,3.1,100.0,100.0,10.0,2.6,3.3,5.2,0,0,5.2,9.1,7.31,75.84,0,0
7746,21.0,1,5.9,6.9,6.2,2.5,60.8,73.8,9.8,1.7,4.6,7.8,2,0,1.0,3.9,6.31,63.35,0,0
7747,18.0,2,4.3,9.4,7.9,3.4,78.5,49.2,7.3,1.1,2.5,8.0,0,0,0.0,13.6,4.2,42.86,1,1
7748,22.0,1,7.6,5.8,6.1,3.5,65.2,69.8,6.6,6.0,4.9,6.6,0,1,4.4,2.3,5.54,45.83,1,1
7749,19.0,1,5.9,4.0,6.4,2.1,100.0,48.9,4.8,3.0,1.6,8.3,0,0,6.5,2.1,9.2,40.15,1,1
7750,21.0,1,3.3,7.4,3.2,5.0,83.4,98.2,7.4,2.6,8.4,6.1,0,0,5.5,6.1,4.56,61.59,2,2
7751,17.0,0,1.4,8.6,5.4,1.5,80.1,83.2,5.991217524197657,0.6,3.5,8.5,0,0,6.0,5.4,4.0,58.69,2,2
7752,22.0,1,3.4,7.3,1.5,3.7,78.3,65.8,8.5,2.0,3.2,6.9,1,1,6.8,2.2,6.82,65.4,0,0
7753,17.0,0,5.0,7.7,5.7,2.4,68.6,88.4,6.6,0.9,5.3,4.5,0,1,3.6,10.0,4.33,50.24,2,2
7754,19.0,1,5.4,8.0,9.3,1.4,95.6,100.0,4.7,4.9,6.4,4.6,0,0,4.3,6.8,4.07,63.76,0,0
7755,18.0,1,6.9,7.1,7.9,2.5,82.2,89.1,6.3,4.7,5.7,7.2,0,0,2.8,1.4,7.94,59.12,2,2
7756,22.0,1,2.0,7.7,6.3,1.8,83.2,100.0,7.6,2.3,7.0,7.7,1,0,1.9,5.4,4.49,65.59,0,0
7757,18.0,0,3.3,7.7,5.5,4.2,87.6,59.1,8.6,0.5,3.7,3.8,1,0,3.3,10.3,7.45,60.34,2,2
7758,24.0,0,1.8,4.5,4.6,2.8,68.8,92.5,6.5,2.7,5.8,10.0,0,1,3.3,4.4,3.98,41.75,1,1
7759,24.0,1,1.5,7.1,3.7,5.5,100.0,48.7,8.1,1.5,5.5,8.0,1,1,5.5,9.7,4.21,52.03,2,2
7760,18.0,1,2.9,5.0,8.0,1.3,100.0,100.0,8.3,2.9,6.4,5.1,2,1,0.0,2.3,7.54,48.68,2,2
7761,21.0,0,4.9,7.0,2.2,0.0,79.5,88.1,5.4,2.4,6.5,3.8,0,0,0.6,1.9,3.17,45.88,1,1
7762,17.0,0,5.7,6.4,2.1,3.7,76.1,68.3,4.7,3.1,7.3,2.7,1,0,6.5,2.8,4.92,53.27,2,2
7763,19.0,1,2.3,8.3,8.3,6.1,88.3,54.2,9.7,4.2,9.8,9.1,2,0,4.1,5.6,5.32,59.48,2,2
7764,22.0,0,2.6,7.3,6.5,3.9,94.6,65.3,7.6,1.9,5.2,7.8,0,0,4.2,17.5,8.87,68.21,0,0
7765,21.0,1,0.6,7.6,6.1,1.3,100.0,70.3,7.2,3.2,3.0,6.1,1,0,0.2,1.1,7.77,61.02,2,2
7766,21.0,1,4.6,6.8,6.5,1.2,88.4,78.9,4.8,2.6,4.3,6.8,2,0,4.1,15.2,7.62,66.74,0,0
7767,18.0,1,2.7,8.4,11.0,6.6,81.8,74.7,1.5,0.4,4.7,1.1,1,0,3.0,1.5,7.3,29.31,1,1
7768,19.0,0,7.5,4.9,6.1,2.3,81.8,63.6,7.1,5.4,7.0,1.0,1,0,4.3,4.2,8.09,37.97,1,1
7769,17.0,1,5.0,5.8,6.7,1.2,55.6,95.8,7.1,4.3,6.9,7.1,0,1,3.4,9.2,5.4,61.35,2,2
7770,22.0,0,3.9,8.7,11.1,5.1,74.4,44.4,7.5,2.2,6.1,6.6,1,1,0.9,22.8,3.62,29.5,1,1
7771,20.0,0,2.9,6.4,5.8,2.7,84.7,85.3,6.0,1.5,5.8,6.3,1,1,3.5,1.6,6.85,60.81,2,2
7772,22.0,0,1.2,4.2,10.3,0.0,50.6,78.3,4.8,3.3,4.8,9.4,1,0,7.4,3.4,8.86,30.65,1,1
7773,18.0,1,1.5,8.9,1.0,6.7,82.3,74.9,6.6,2.4,5.5,7.6,1,0,2.0,1.4,7.98,58.68,2,2
7774,19.0,1,3.0,8.4,3.1,4.1,69.4,86.3,8.8,3.2,2.8,4.9,0,0,1.8,7.4,7.58,73.94,0,0
7775,19.0,2,2.8,7.9,4.3,0.3,100.0,63.0,7.2,3.7,5.3,4.9,1,0,6.9,0.9,5.98,76.39,0,0
7776,16.0,0,2.2,7.1,7.5,5.5,76.3,61.1,3.0,1.6,5.9,7.3,0,0,0.0,6.0,6.46,31.19,1,1
7777,19.0,0,5.0,9.2,10.4,1.1,76.6,69.8,5.6,2.1,7.7,7.2,0,1,4.1,8.5,7.31,50.81,2,2
7778,23.0,1,5.2,8.6,4.5,1.0,78.2,65.5,4.6,1.3,2.2,10.0,0,0,2.2,2.6,5.92,72.54,0,0
7779,24.0,1,3.3,9.0,8.4,1.4,79.9,70.7,9.5,1.7,6.3,4.4,1,0,6.4,3.8,7.63,65.8,0,0
7780,20.0,0,8.1,7.9,11.6,6.5,90.3,88.0,5.5,2.2,9.4,3.9,2,0,2.7,8.6,5.19,44.08,1,1
7781,20.0,1,0.7,7.2,9.9,6.7,75.5,77.0,9.3,2.5,6.1,6.3,0,1,1.6,2.0,5.99,35.21,1,1
7782,16.0,0,4.3,6.5,5.0,2.0,80.3,75.5,6.5,7.6,5.1,6.1,0,1,1.9,5.8,4.3,48.72,2,2
7783,23.0,1,3.8,5.4,8.2,6.1,90.4,79.2,5.1,4.7,7.0,8.5,0,1,7.7,4.8,6.11,53.13,2,2
7784,16.0,1,3.1,7.7,6.8,0.0,80.1,69.1,3.9,0.9,5.6,6.3,1,0,4.9,12.9,6.64,52.62,2,2
7785,24.0,1,2.8,7.8,4.4,4.6,88.5,91.3,5.2,3.1,3.0,7.0,2,1,8.1,9.4,6.61,69.95,0,0
7786,20.0,1,4.2,6.5,7.1,5.5,74.2,85.2,6.0,4.9,5.3,2.2,2,1,3.5,6.5,6.4,48.01,2,2
7787,19.0,1,3.7,7.8,4.8,5.7,84.6,75.1,3.5,2.4,7.0,8.8,0,0,4.6,3.5,8.23,71.22,0,0
7788,24.0,0,3.4,6.6,6.3,3.1,97.0,54.6,7.4,1.9,1.0,6.0,0,0,0.3,4.8,7.3,71.73,0,0
7789,16.0,1,1.6,8.1,2.6,3.03210685483871,87.8,98.6,4.1,0.4,4.6,2.2,0,1,3.8,4.4,8.11,57.99,2,2
7790,21.0,1,1.0,5.9,1.6,1.7,55.7,87.0,2.8,0.5,2.7,6.9,2,0,4.2,15.6,5.36,38.81,1,1
7791,20.0,0,3.6,5.6,5.3,3.0,87.2,85.2,3.1,3.1,5.4,4.4,1,0,7.9,2.5,9.55,59.17,2,2
7792,18.0,1,3.4,6.7,6.8,2.7,65.0,100.0,4.9,3.8,6.8,3.9,0,0,5.6,3.0,6.06,50.75,2,2
7793,19.0,1,3.8,8.1,3.2,2.6,68.0,87.5,7.2,0.2,5.1,6.7,0,1,1.6,8.8,6.489753023681269,47.96,2,2
7794,21.0,0,4.0,5.5,7.3,5.0,86.4,74.1,9.6,0.9,4.4,3.7,0,1,2.3,6.4,5.75,40.05,1,1
7795,22.0,0,3.2,8.4,6.1,3.4,67.4,65.8,5.5,2.0,3.8,7.2,0,1,0.9,3.8,8.97,51.9,2,2
7796,16.0,1,3.8,4.9,7.6,6.0,65.6,65.1,6.7,5.4,3.8,5.2,0,0,3.8,2.3,5.6,33.54,1,1
7797,24.0,1,2.5,6.7,8.4,3.4,80.0,80.0,5.8,6.8,6.9,5.8,1,0,5.2,2.1,7.54,51.5,2,2
7798,18.0,0,7.2,5.2,9.4,6.9,72.0,92.4,1.3,1.0,6.7,6.9,1,0,6.5,4.4,8.3,40.12,1,1
7799,18.0,1,2.6,3.6,7.5,5.2,58.8,92.6,6.8,4.1,9.2,3.1,2,0,4.2,2.9,4.92,4.57,1,1
7800,18.0,0,3.5,7.5,5.3,2.8,87.2,50.2,6.0,2.4,6.6,6.2,0,0,1.6,3.4,5.79,54.58,2,2
7801,16.0,2,2.8,6.8,6.5,3.3,92.8,91.6,2.5,2.4,7.7,9.2,0,0,2.1,2.2,6.89,65.14,0,0
7802,17.0,2,2.7,5.2,11.8,1.5,91.8,69.7,9.7,1.4,3.1,6.9,1,0,4.050203624516392,2.8,6.91,56.32,2,2
7803,25.0,1,4.2,6.3,8.5,3.3,68.3,64.4,7.3,5.0,4.9,7.4,1,1,6.8,3.0,3.71,52.57,2,2
7804,19.0,1,4.0,7.6,6.2,1.2,85.3,81.6,2.3,6.7,2.9,7.1,1,0,3.3,9.2,5.23,64.71,0,0
7805,17.0,2,3.3,6.5,5.6,5.4,73.6,89.2,7.2,1.7,4.9,2.6,0,0,5.5,9.4,8.61,57.33,2,2
7806,17.0,1,3.6,6.7,4.5,2.4,63.5,52.8,10.0,3.5,4.2,6.9,1,1,2.0,0.6,5.53,58.46,2,2
7807,22.0,1,2.8,6.5,3.0,3.6,79.81730107309173,78.9,6.0,5.9,6.1,5.9,0,0,2.9,3.3,6.29,55.18,2,2
7808,23.0,0,5.0,6.2,10.3,0.0,43.3,45.8,7.5,6.1,5.4,4.9,2,0,4.7,4.8,7.17,36.45,1,1
7809,18.0,1,8.3,6.2,7.2,2.5,66.3,89.3,4.8,2.3,6.8,10.0,0,0,4.5,2.3,7.99,55.96,2,2
7810,16.0,1,2.5,6.2,2.8,2.3,60.9,55.0,5.0,0.4,8.1,1.0,1,1,5.1,5.4,6.88,42.59,1,1
7811,18.0,0,5.0,6.976601980998585,5.7,4.7,82.6,78.4,9.4,1.8,6.2,10.0,1,0,4.1,4.1,6.29,64.82,0,0
7812,16.0,1,4.3,5.7,9.2,3.9,83.8,68.4,7.4,7.5,5.3,8.0,1,1,5.4,0.9,6.13,56.31,2,2
7813,17.0,1,5.5,6.5,4.9,4.8,58.0,64.7,8.4,3.1,5.9,7.9,0,0,2.6,10.2,2.73,33.52,1,1
7814,20.0,1,5.6,6.2,4.0,3.8,90.8,39.0,5.5,4.8,9.6,2.7,1,0,9.4,6.7,5.97,46.78,2,2
7815,18.0,0,4.6,5.6,6.9,5.2,72.1,49.8,7.0,3.5,3.7,5.2,2,0,4.050203624516392,6.9,7.69,49.6,2,2
7816,20.0,1,4.1,8.0,7.6,3.8,66.1,73.6,5.8,3.2008618067525094,5.6,1.1,1,0,5.0,2.5,6.3,42.15,1,1
7817,18.0,1,3.3,8.6,4.9,0.5,56.7,58.3,7.4,3.2,3.3,4.4,1,1,4.8,2.1,6.65,46.92,2,2
7818,24.0,0,2.7,7.0,4.5,2.8,69.6,69.3,5.8,2.9,4.8,5.2,0,1,4.3,10.6,6.3,49.56,2,2
7819,24.0,0,4.0,7.1,7.2,2.9,78.2,60.8,9.9,0.4,6.8,6.7,0,0,3.6,8.3,6.6,54.51,2,2
7820,21.0,1,1.6,6.1,3.2,0.0,92.9,74.2518720906699,5.5,15.0,6.3,5.1,1,1,7.2,6.4,8.09,59.39,2,2
7821,19.0,0,3.0,8.4,4.7,1.2,78.6,53.4,6.9,2.7,5.7,5.5,0,1,5.6,1.8,6.1,51.59,2,2
7822,19.0,1,6.4,9.3,5.7,6.7,75.9,66.4,2.0,4.0,2.2,6.1,2,0,2.6,0.6,9.8,55.68,2,2
7823,19.0,0,4.4,6.8,7.8,2.5,87.5,70.2,8.6,0.5,7.3,3.7,2,1,4.3,11.0,8.95,63.52,0,0
7824,22.0,1,6.0,6.3,4.9,2.8,81.8,75.5,3.4,7.8,8.4,5.1,2,0,5.5,6.4,6.05,54.76,2,2
7825,20.0,1,7.1,7.4,7.4,0.0,60.4,42.2,4.6,1.6,2.0,4.0,1,1,4.9,2.3,5.63,42.94,1,1
7826,23.0,0,3.8,7.2,8.9,0.6,74.3,75.9,3.3,2.3,6.8,4.7,1,0,2.6,2.0,6.47,35.6,1,1
7827,24.0,1,4.6,6.3,4.7,3.9,72.5,55.0,2.9,4.4,2.8,5.3,0,0,2.1,2.3,4.49,47.08,2,2
7828,19.0,1,3.6,7.6,14.1,2.2,78.1,50.4,8.1,3.2,7.7,6.6,1,1,6.2,2.3,5.17,42.41,1,1
7829,21.0,1,2.6,8.2,9.5,1.0,73.8,97.2,4.3,6.7,7.3,5.5,1,0,4.6,2.2,7.75,57.08,2,2
7830,17.0,0,2.3,6.0,6.7,5.3,69.5,88.1,2.8,4.8,8.5,5.1,1,0,3.1,4.4,5.7,36.67,1,1
7831,20.134890807516506,1,5.9,10.0,5.5,1.7,99.0,84.9,2.7,1.2,4.4,3.4,0,0,9.7,3.0,7.76,66.18,0,0
7832,19.0,1,4.219583121504829,5.0,4.6,0.7,79.4,71.0,8.4,1.7,4.2,2.9,1,0,5.7,4.2,5.88,53.33,2,2
7833,18.0,1,7.9,5.9,10.2,3.1,86.2,64.5,5.2,3.2,9.7,5.8,2,1,4.0,10.7,6.44,47.75,2,2
7834,23.0,1,6.1,7.3,6.5,1.5,78.5,100.0,5.9,3.8,5.1,5.2,0,0,3.4,3.4,5.73,56.05,2,2
7835,17.0,1,2.7,9.9,2.4,1.5,90.6,77.4,8.0,7.7,4.4,6.9,1,1,6.6,5.7,6.38,80.12,0,0
7836,20.0,1,5.9,6.3,1.7,2.9,78.8,58.8,7.3,2.6,3.8,2.3,0,1,7.3,0.4,3.86,41.46,1,1
7837,21.0,1,3.6,5.6,6.3,1.8,92.6,57.1,6.4,2.7,2.3,7.5,1,0,2.5,4.1,7.18,58.7,2,2
7838,22.0,1,6.6,7.7,6.3,0.0,42.7,80.6,8.8,6.6,4.7,4.3,0,0,1.9,2.4,4.6,53.49,2,2
7839,19.0,0,3.2,6.7,3.7,4.0,81.3,68.7,3.2,4.3,7.4,5.1,0,1,4.4,1.8,8.05,52.65,2,2
7840,23.0,0,2.1,7.9,2.2,4.6,83.4,93.6,5.3,1.6,2.3,6.5,0,0,3.5,3.1,6.92,75.86,0,0
7841,21.0,0,2.6,6.9,1.1,2.5,84.0,76.3,8.0,2.8,5.3,4.5,2,0,4.050203624516392,24.0,9.5,58.11,2,2
7842,20.0,1,2.7,5.9,4.1,4.1,65.9,53.4,10.0,0.9,5.6,2.7,0,1,2.9,10.1,6.1,39.46,1,1
7843,16.0,2,2.5,10.0,5.1,2.3,70.6,100.0,10.0,3.2,2.8,5.3,2,0,2.4,6.3,5.87,53.77,2,2
7844,20.0,1,3.1,3.2,7.7,0.0,66.4,56.6,3.4,0.5,2.5,3.1,1,1,2.7,7.0,6.91,6.27,1,1
7845,23.0,2,5.9,9.4,5.7,4.6,86.3,53.0,6.2,4.9,5.2,2.7,1,0,6.1,6.6,8.59,54.42,2,2
7846,21.0,1,7.8,8.2,8.7,2.8,91.8,73.5,7.1,2.8,7.8,7.4,1,0,5.9,5.6,5.01,59.14,2,2
7847,23.0,1,1.5,6.0,7.5,3.3,58.6,83.4,5.6,1.7,3.2,6.1,2,1,10.0,10.5,6.59,40.73,1,1
7848,20.0,1,6.7,9.4,7.3,2.8,82.7,58.8,7.5,6.5,4.4,6.6,2,1,0.3,7.1,8.62,58.49,2,2
7849,17.0,1,3.2,5.2,6.047861775435752,2.7,68.8,87.5,10.0,2.0,5.4,7.2,0,0,5.8,14.0,8.52,52.17,2,2
7850,16.0,0,4.9,8.3,2.5,3.3,100.0,66.1,4.0,4.3,9.0,6.7,0,1,6.9,4.3,5.84,76.01,0,0
7851,19.0,0,0.9,4.3,4.7,3.3,87.3,100.0,3.2,1.8,5.542839731870811,4.5,1,0,0.9,8.2,8.71,44.81,1,1
7852,22.0,2,5.2,5.5,12.0,5.3,75.4,81.0,7.4,3.3,8.9,5.6,1,0,0.0,8.6,6.56,25.56,1,1
7853,23.0,0,0.2,5.5,1.2,3.8,78.2,55.5,5.0,4.6,7.3,4.3,0,0,1.8,1.3,8.69,31.0,1,1
7854,19.0,1,4.8,6.0,5.3,5.1,96.9,62.3,7.5,0.2,7.7,6.7,0,0,1.4,3.6,4.64,42.0,1,1
7855,20.0,1,4.7,7.0,7.2,5.7,80.7,83.9,6.4,3.7,2.0,3.1,1,0,3.0,8.2,8.26,59.16,2,2
7856,19.0,2,4.6,5.9,1.3,0.1,56.7,60.4,5.6,3.2008618067525094,1.0,4.1,1,0,7.1,4.9,6.09,70.77,0,0
7857,19.0,0,2.7,4.4,4.1,5.3,99.7,73.6,4.5,1.2,7.5,6.1,1,0,0.5,5.4,5.68,34.05,1,1
7858,18.0,0,5.3,7.6,11.0,4.2,90.6,100.0,6.2,1.7,6.3,5.4,1,0,3.0,14.6,6.55,51.19,2,2
7859,17.0,1,5.0,7.1,6.4,3.9,73.0,86.5,5.1,6.6,1.0,3.7,1,0,3.7,10.4,6.18,64.7,0,0
7860,20.134890807516506,0,3.8,7.5,4.6,4.8,87.8,85.7,8.5,6.5,3.7,1.0,1,0,7.0,5.4,9.47,82.04,0,0
7861,16.0,2,5.5,7.2,6.5,2.5,72.0,100.0,6.2,3.7,4.5,5.1,0,0,4.5,2.5,7.64,73.15,0,0
7862,18.0,1,4.0,8.2,4.6,4.1,71.7,61.3,3.2,4.5,5.542839731870811,5.9,2,0,4.9,5.0,3.86,47.32,2,2
7863,16.0,1,5.3,6.9,10.3,1.1,78.4,74.7,9.1,1.6,5.7,7.3,1,0,5.1,4.2,6.11,67.92,0,0
7864,21.0,1,3.9,8.3,3.5,0.5,87.8,69.5,5.7,2.2,7.4,5.1,1,0,2.4,10.1,10.0,75.67,0,0
7865,19.0,0,4.6,6.0,4.7,4.0,86.1,63.7,10.0,3.1,2.8,8.0,1,0,4.2,2.4,6.6,71.48,0,0
7866,25.0,1,5.3,6.1,2.3,2.9,92.2,70.4,5.4,1.7,1.8,7.8,0,1,4.9,1.4,5.43,57.87,2,2
7867,18.0,1,3.4,8.8,5.3,3.0,86.2,66.8,4.2,3.6,1.2,5.5,2,0,3.1,5.5447261663286005,5.97,57.24,2,2
7868,19.0,1,1.7,8.8,5.6,1.6,98.9,63.2,5.3,3.2008618067525094,6.6,7.4,2,1,1.7,3.1,6.23,66.31,0,0
7869,19.0,0,4.8,7.7,9.0,3.7,100.0,69.7,5.8,0.9,5.2,7.8,0,0,4.9,4.7,8.23,65.5,0,0
7870,16.0,1,6.6,5.8,3.5,2.2,83.9,63.2,5.4,2.0,5.8,4.9,0,0,2.8,4.1,4.84,48.01,2,2
7871,23.0,1,4.219583121504829,5.7,7.2,2.9,75.6,80.8,4.6,2.8,5.9,4.8,1,0,4.050203624516392,4.3,5.58,43.15,1,1
7872,16.0,2,4.8,8.7,6.2,2.1,77.7,57.8,5.0,6.7,1.0,6.5,1,0,0.4,2.7,7.7,59.5,2,2
7873,24.0,2,4.1,8.7,1.3,1.6,55.0,93.3,9.6,5.8,5.3,5.2,2,0,5.7,4.9,5.07,64.78,0,0
7874,24.0,1,5.7,6.9,4.2,2.6,80.3,88.1,5.4,1.9,7.7,10.0,0,1,4.7,7.2,8.12,65.8,0,0
7875,20.0,0,3.8,10.0,4.1,5.1,72.0,83.0,10.0,1.1,7.9,7.5,0,1,5.3,1.8,4.97,50.86,2,2
7876,20.0,0,3.3,7.6,6.047861775435752,2.1,70.8,66.7,8.3,3.2008618067525094,3.9,6.7,2,0,1.0,4.2,7.69,59.48,2,2
7877,21.0,1,6.4,5.6,7.4,2.8,79.5,75.8,5.991217524197657,1.5,4.1,4.8,0,1,2.2,2.9,9.16,47.12,2,2
7878,19.0,1,3.1,6.6,6.4,2.5,79.81730107309173,72.7,7.4,2.4,6.4,9.7,1,1,6.9,3.9,3.17,51.31,2,2
7879,21.0,0,6.0,7.0,1.0,1.9,77.7,75.5,4.8,3.4,5.6,5.0,1,0,6.5,10.3,9.22,72.66,0,0
7880,16.0,1,6.4,7.1,1.2,5.2,82.7,50.9,8.3,5.3,2.7,6.9,1,0,9.6,4.0,1.93,79.24,0,0
7881,16.0,1,5.3,8.6,7.8,0.5,60.0,76.9,8.9,1.8,4.5,8.4,0,0,4.3,7.4,5.2,67.31,0,0
7882,20.0,0,1.7,5.8,8.0,2.8,97.6,80.9,7.3,2.6,7.1,7.0,0,0,4.4,3.1,6.31,53.45,2,2
7883,20.0,0,4.3,5.3,4.1,1.5,85.8,100.0,4.9,0.3,3.2,4.5,0,0,5.4,1.9,8.17,51.75,2,2
7884,24.0,0,3.8,7.8,6.1,4.0,96.8,56.9,7.3,5.2,9.7,6.5,0,1,4.5,1.7,7.11,61.65,2,2
7885,17.0,1,3.2,6.3,5.9,3.2,85.6,53.7,4.5,3.8,5.4,5.5,1,1,3.6,3.9,8.41,54.8,2,2
7886,23.0,0,4.5,10.0,6.4,5.1,84.7,74.2518720906699,3.0,3.7,4.6,4.7,1,1,5.6,9.2,6.03,52.27,2,2
7887,18.0,1,5.7,8.2,5.1,4.3,99.8,47.8,6.6,2.7,7.6,8.9,2,0,2.7,0.4,6.8,60.15,2,2
7888,19.0,0,3.3,6.3,8.0,3.1,97.1,100.0,2.4,2.6,6.3,6.8,0,0,6.9,4.8,5.01,57.78,2,2
7889,19.0,0,3.9,8.6,8.8,4.3,100.0,96.3,5.1,1.9,7.0,7.7,0,1,0.6,2.8,4.36,62.42,2,2
7890,19.0,0,3.7,7.9,3.6,4.5,78.4,85.5,6.8,7.0,1.9,4.9,2,1,3.6,3.7,5.06,64.4,0,0
7891,17.0,1,4.219583121504829,7.8,3.0,1.4,69.7,47.7,9.4,1.0,5.9,5.2,1,0,0.2,0.4,8.69,61.89,2,2
7892,20.0,0,3.7,6.8,4.0,4.4,64.9,72.1,4.6,0.5,7.1,5.9,2,0,4.7,6.1,3.25,39.53,1,1
7893,23.0,2,1.7,7.5,6.1,3.5,67.3,74.1,3.8,4.1,5.9,6.8,0,0,5.4,4.4,7.67,46.9,2,2
7894,20.0,0,1.1,4.3,6.9,3.9,88.8,80.2,7.7,9.3,7.3,9.2,1,0,5.6,3.7,7.13,43.73,1,1
7895,20.0,1,4.9,8.7,8.0,2.3,100.0,85.0,6.5,5.1,8.8,5.9,1,1,1.4,0.2,6.14,65.14,0,0
7896,23.0,0,2.7,3.0,8.4,1.5,99.6,61.5,6.2,1.2,7.2,5.957923664122137,0,0,5.5,13.2,7.57,26.19,1,1
7897,22.0,1,5.5,6.4,6.9,1.1,77.7,94.1,2.7,4.2,5.6,7.4,2,1,2.9,3.7,5.81,55.66,2,2
7898,20.0,0,1.5,4.9,6.6,0.0,90.0,84.4,8.4,1.2,9.2,4.9,2,1,2.5,3.3,7.21,41.42,1,1
7899,18.0,0,3.1,6.3,10.1,1.7,72.8,84.2,1.4,1.2,8.5,5.6,0,0,1.1,1.7,8.01,40.18,1,1
7900,24.0,1,1.5,6.9,6.0,7.4,73.6,71.0,6.4,0.6,7.7,9.5,0,0,0.6,2.6,7.84,47.84,2,2
7901,21.0,1,5.1,5.4,7.5,4.5,66.6,82.0,8.7,1.8,4.4,4.7,0,1,5.1,9.5,6.68,41.87,1,1
7902,18.0,1,5.5,3.4,6.8,3.6,67.4,36.4,6.3,2.7,3.6,4.8,0,0,3.0,6.0,6.48,10.41,1,1
7903,18.0,0,4.9,7.3,5.6,4.7,87.2,82.2,5.5,2.1,4.9,4.4,0,1,3.1,9.2,6.23,50.69,2,2
7904,23.0,1,2.0,9.7,5.6,2.5,99.3,100.0,3.7,3.2008618067525094,6.4,3.9,2,0,3.5,1.8,4.36,56.87,2,2
7905,16.0,1,2.7,6.5,9.3,2.3,93.5,89.1,4.7,3.4,4.4,4.6,1,0,4.050203624516392,4.9,7.19,66.93,0,0
7906,25.0,0,4.7,8.2,5.8,2.5,98.9,87.0,10.0,9.8,5.8,6.5,1,0,1.3,3.2,8.73,81.82,0,0
7907,17.0,1,0.8,9.0,5.1,1.7,90.2,88.9,4.8,2.5,6.3,1.0,1,1,4.2,1.7,5.86,54.07,2,2
7908,23.0,1,3.7,4.5,4.2,1.8,79.6,96.8,7.0,4.4,8.2,4.2,1,1,2.8,3.4,5.82,48.02,2,2
7909,19.0,0,7.2,6.4,7.1,3.0,73.2,71.4,4.2,0.7,9.3,5.3,0,1,8.2,6.8,5.18,43.58,1,1
7910,20.0,1,3.8,5.3,4.7,3.1,87.5,92.7,5.3,2.3,5.6,8.2,2,0,5.5,19.4,7.09,57.16,2,2
7911,24.0,1,1.2,6.0,6.8,5.4,58.2,83.2,2.4,1.0,3.8,10.0,2,1,4.3,3.7,8.83,34.47,1,1
7912,19.0,1,3.0,9.2,6.4,4.8,72.1,76.2,5.9,5.8,7.3,3.9,0,1,0.0,3.1,7.05,43.23,1,1
7913,20.0,0,2.9,7.3,4.9,0.3,69.8,99.3,5.2,4.1,4.1,7.3,2,0,0.0,6.2,7.2,71.66,0,0
7914,16.0,0,8.5,8.0,2.5,2.5,96.2,62.6,9.0,1.6,3.1,7.2,2,0,0.3,3.5,4.63,57.87,2,2
7915,16.0,1,7.5,6.9,3.4,1.0,62.1,63.3,4.1,5.3,8.3,5.8,1,0,9.4,2.3,8.61,62.86,2,2
7916,18.0,1,5.7,5.4,3.8,0.0,92.1,32.6,5.1,3.5,4.3,9.9,0,0,6.4,2.9,5.33,64.02,0,0
7917,22.0,1,3.5,7.9,3.5,3.2,85.0,58.3,8.0,6.0,8.2,5.7,1,0,3.7,2.4,6.59,63.98,0,0
7918,17.0,0,6.6,8.6,7.1,4.0,85.2,67.1,5.9,6.4,2.8,7.5,1,1,6.4,3.1,7.62,81.9,0,0
7919,17.0,1,1.9,7.4,11.3,3.1,73.9,74.1,5.991217524197657,7.7,7.3,8.5,0,1,5.3,7.1,7.96,56.06,2,2
7920,19.0,0,6.4,7.6,4.7,3.8,61.0,83.1,5.6,3.1,9.7,5.6,0,1,7.6,13.9,7.95,57.19,2,2
7921,21.0,1,6.1,5.4,5.0,2.4,86.5,90.9,3.8,1.8,2.6,3.6,1,0,4.050203624516392,1.3,5.96,53.84,2,2
7922,22.0,2,3.9,7.9,4.5,1.2,91.5,51.1,5.0,2.3,6.8,2.4,2,1,4.7,5.8,8.31,53.69,2,2
7923,18.0,0,6.5,8.7,8.1,2.3,86.5,77.0,6.2,1.2,4.5,7.0,0,1,3.7,4.4,7.9,62.56,2,2
7924,17.0,0,3.3,7.5,7.1,5.5,78.1,57.3,3.4,1.0,3.5,5.957923664122137,1,0,5.8,1.3,10.0,50.32,2,2
7925,24.0,1,1.7,4.7,6.0,3.7,65.2,51.1,3.7,3.1,10.0,5.1,1,0,4.7,8.8,5.48,27.65,1,1
7926,18.0,0,6.2,9.1,3.0,0.3,71.9,80.8,8.7,2.2,3.1,6.2,1,0,3.2,5.9,6.07,65.96,0,0
7927,23.0,1,4.0,5.8,3.6,3.2,85.9,76.8,7.1,4.6,6.7,8.3,0,0,5.7,10.4,6.7,74.98,0,0
7928,23.0,1,5.4,7.5,6.4,5.3,69.7,83.9,6.7,7.1,3.6,7.7,0,1,5.1,0.9,7.49,69.22,0,0
7929,22.0,1,7.8,8.2,6.6,4.4,67.5,85.4,4.8,2.0,5.8,5.2,1,0,5.0,1.2,9.17,52.55,2,2
7930,18.0,0,2.8,8.4,6.0,5.3,61.2,66.3,6.5,0.7,5.7,5.7,1,1,4.2,7.8,6.93,47.98,2,2
7931,23.0,0,3.9,4.7,7.7,0.3,87.0,94.7,0.7,12.1,6.8,8.4,1,1,0.5,4.7,7.96,52.32,2,2
7932,22.0,0,7.3,7.2,2.9,3.2,86.7,58.5,3.3,2.2,5.4,4.6,1,0,4.9,14.6,4.91,54.53,2,2
7933,21.0,0,5.5,7.1,6.8,2.4,95.0,56.0,7.4,0.7,5.5,5.6,1,0,0.0,2.0,5.22,55.39,2,2
7934,19.0,1,2.8,8.9,6.6,4.1,52.1,82.2,4.5,3.0,6.3,7.8,2,1,1.3,6.1,8.29,53.83,2,2
7935,18.0,0,2.3,7.6,3.6,1.5,95.2,78.9,5.5,3.4,6.6,8.1,0,0,7.3,7.2,4.86,68.93,0,0
7936,17.0,0,3.1,8.9,4.5,1.4,94.5,60.4,6.8,2.1,7.6,5.8,0,0,1.3,6.4,10.0,73.68,0,0
7937,20.0,0,2.7,7.7,7.7,3.0,95.7,60.0,4.3,5.5,4.6,10.0,2,0,5.1,1.5,6.63,59.08,2,2
7938,21.0,1,4.7,6.9,3.2,1.3,81.6,81.8,4.6,4.9,2.6,6.3,2,0,7.8,3.1,8.35,76.86,0,0
7939,19.0,2,4.4,7.3,12.2,3.5,82.9,79.5,5.2,1.4,3.8,3.1,2,0,4.8,1.1,9.0,44.62,1,1
7940,20.0,0,4.8,9.0,7.4,0.0,82.8,56.3,6.3,5.7,6.6,8.4,1,0,4.8,3.9,5.5,56.39,2,2
7941,19.0,0,2.5,5.3,5.9,5.1,68.1,63.4,2.4,1.6,2.9,4.8,0,1,1.3,2.8,5.9,32.32,1,1
7942,21.0,1,4.1,8.2,5.4,0.0,68.7,58.6,6.7,6.5,2.8,5.957923664122137,0,1,7.5,3.3,7.15,53.83,2,2
7943,24.0,0,0.1,6.2,8.0,4.6,82.9,36.8,5.9,2.0,3.3,6.4,0,1,3.8,1.6,7.17,28.17,1,1
7944,18.0,0,4.5,5.9,5.0,2.0,76.8,99.6,6.2,3.2,4.0,10.0,0,1,5.0,1.1,6.2,70.32,0,0
7945,19.0,1,6.6,8.3,5.1,0.4,89.3,79.3,4.4,4.1,3.5,5.1,0,0,4.8,4.8,7.84,66.81,0,0
7946,17.0,1,1.4,5.9,9.6,3.3,75.4,95.9,5.9,2.2,5.6,5.9,0,0,2.1,1.5,3.25,35.0,1,1
7947,21.0,1,5.2,7.5,4.8,4.6,60.9,69.5,8.1,4.3,5.2,5.9,1,0,6.4,3.7,3.14,60.22,2,2
7948,22.0,0,3.0,6.4,6.3,5.1,61.5,57.5,7.5,1.4,6.7,5.5,1,0,7.2,2.3,4.14,42.61,1,1
7949,24.0,1,5.8,3.9,4.1,5.0,70.1,59.3,8.7,1.9,3.9,3.3,0,0,7.4,4.1,7.53,37.28,1,1
7950,18.0,1,4.5,7.6,6.6,1.5,89.4,59.2,4.0,0.9,7.1,3.2,2,0,0.0,7.6,8.01,48.67,2,2
7951,25.0,0,5.0,7.2,7.5,3.4,73.2,65.7,7.5,2.5,3.4,5.3,1,0,3.7,7.4,6.53,59.56,2,2
7952,16.0,0,4.3,4.5,10.2,0.0,83.9,47.1,4.6,3.8,9.9,6.1,0,1,1.8,7.1,7.66,26.82,1,1
7953,21.0,1,6.9,6.1,3.7,3.1,58.3,74.2518720906699,1.0,1.4,2.3,5.1,0,0,6.7,0.9,7.92,39.81,1,1
7954,16.0,1,4.9,4.7,2.4,3.6,82.1,64.7,8.1,8.1,5.6,5.1,0,1,6.8,3.9,7.38,53.57,2,2
7955,24.0,0,2.8,6.976601980998585,5.3,2.3,80.5,90.7,7.7,1.4,6.3,7.4,0,0,7.1,5.0,5.76,64.11,0,0
7956,20.0,0,4.4,8.8,4.5,0.0,95.5,84.7,9.3,3.0,7.2,5.0,1,0,2.9,5.9,6.6,75.1,0,0
7957,21.0,1,3.5,8.1,6.0,1.9,82.0,68.1,2.8,6.5,1.6,2.8,0,1,7.2,9.7,7.0,68.97,0,0
7958,23.0,0,4.5,8.3,7.3,6.4,89.9,83.6,6.4,3.1,2.9,7.4,0,1,5.4,7.6,7.26,67.2,0,0
7959,17.0,1,3.4,6.3,11.7,3.7,100.0,55.3,5.5,3.7,5.2,8.4,2,0,3.7,1.6,4.8,52.73,2,2
7960,16.0,2,2.8,7.7,4.9,2.1,80.5,52.3,8.5,1.7,5.542839731870811,7.2,0,1,4.050203624516392,11.0,5.27,57.31,2,2
7961,23.0,1,4.6,7.0,1.0,2.7,99.9,73.3,2.9,1.4,6.8,5.1,1,1,5.9,10.3,7.31,68.01,0,0
7962,19.0,1,4.3,7.2,5.4,3.7,81.6,76.8,5.4,1.3,4.5,5.7,0,0,0.0,7.9,6.23,57.14,2,2
7963,17.0,1,6.3,8.2,6.9,0.2,73.1,72.5,6.2,1.1,7.0,5.2,1,0,4.050203624516392,5.5447261663286005,4.06,38.14,1,1
7964,20.0,1,3.4,8.5,3.6,0.3,78.6,99.4,7.6,6.9,1.8,7.0,0,0,2.4,5.8,7.15,87.49,0,0
7965,21.0,0,0.2,6.5,6.6,1.7,73.4,87.4,6.9,4.6,8.1,8.6,2,0,4.6,23.2,7.07,48.65,2,2
7966,16.0,1,3.5,5.2,6.3,2.1,73.9,93.6,5.9,5.4,9.0,6.9,2,1,8.0,3.7,4.11,46.09,1,1
7967,18.0,0,0.9,6.8,6.6,6.2,72.5,65.0,5.3,4.4,8.3,5.9,1,0,7.5,2.1,6.88,38.4,1,1
7968,16.0,1,5.0,6.7,8.0,3.1,76.1,81.0,5.8,1.6,6.7,6.1,0,0,3.5,3.3,7.12,51.02,2,2
7969,19.0,1,0.9,7.4,5.8,2.1,89.2,56.2,7.7,7.1,2.9,6.9,1,0,4.0,4.4,7.68,77.61,0,0
7970,24.0,1,2.2,8.1,7.4,3.1,57.9,61.8,4.2,0.8,5.1,10.0,1,0,0.7,5.2,10.0,56.5,2,2
7971,25.0,1,3.5,4.5,1.5,0.0,83.7,81.0,5.5,5.5,4.7,7.7,1,0,6.6,0.6,7.78,72.6,0,0
7972,21.0,0,7.3,6.1,3.6,1.4,81.6,59.0,5.991217524197657,3.3,5.5,3.9,2,0,4.9,3.7,6.79,50.35,2,2
7973,18.0,1,2.1,5.7,5.1,1.7,98.0,60.8,1.4,0.5,4.4,3.9,0,0,3.6,7.0,5.5,39.87,1,1
7974,24.0,0,4.2,8.6,3.5,1.2,75.2,82.8,1.7,2.0,6.1,10.0,0,0,2.8,9.6,6.53,75.33,0,0
7975,20.0,0,5.4,6.7,6.0,5.2,94.7,61.2,2.7,0.1,3.5,7.6,0,1,5.6,6.7,5.39,49.36,2,2
7976,17.0,1,7.2,6.3,5.1,4.2,68.8,92.3,5.5,3.2,2.6,3.7,0,0,5.3,1.5,5.9,58.09,2,2
7977,24.0,0,5.8,7.7,4.9,0.8,74.1,71.1,7.1,2.1,6.4,4.1,2,0,5.0,2.4,7.3,64.32,0,0
7978,22.0,1,6.4,6.2,8.2,0.7,85.4,71.9,4.6,2.7,6.7,5.9,2,0,9.9,5.5447261663286005,5.19,53.82,2,2
7979,20.134890807516506,1,5.9,7.0,6.2,0.7,87.9,79.5,2.4,2.6,3.0,8.5,0,0,5.9,7.1,6.45,70.24,0,0
7980,22.0,0,1.8,9.4,3.3,2.7,76.6,72.6,8.1,3.8,6.0,4.0,1,0,4.0,1.9,7.53,57.86,2,2
7981,18.0,1,4.9,9.3,4.5,3.4,79.81730107309173,80.0,6.6,4.0,8.1,5.957923664122137,1,0,7.6,6.3,5.95,69.36,0,0
7982,18.0,1,5.9,6.5,7.9,3.7,77.9,58.5,5.5,2.5,5.5,9.1,0,0,0.0,0.9,6.16,62.15,2,2
7983,22.0,0,2.3,6.8,6.5,1.2,90.3,26.0,6.5,1.5,6.9,4.4,1,0,6.9,9.6,4.98,49.46,2,2
7984,18.0,1,3.0,6.2,9.0,2.7,78.1,49.6,3.7,3.7,1.7,5.2,0,1,4.9,1.5,7.02,43.44,1,1
7985,20.0,0,2.6,4.5,8.1,2.9,77.1,66.8,8.3,1.9,5.0,10.0,2,0,4.5,0.2,9.81,48.04,2,2
7986,22.0,1,5.7,8.3,5.0,5.2,92.9,83.8,6.7,1.9,5.0,5.8,2,1,3.9,6.6,6.32,58.37,2,2
7987,22.0,1,4.1,10.0,9.6,4.4,82.7,100.0,5.7,1.3,6.8,5.8,0,0,4.3,8.9,9.12,67.87,0,0
7988,20.0,0,3.6,6.4,9.8,0.4,88.7,64.3,5.3,7.0,5.8,6.2,0,1,3.0,3.8,9.12,58.73,2,2
7989,23.0,0,1.6,5.9,1.5,0.0,100.0,63.2,6.2,1.6,7.4,5.8,0,1,3.7,2.2,7.78,63.12,0,0
7990,23.0,1,4.1,6.6,6.1,2.8,54.2,81.1,7.1,3.3,3.0,7.7,0,1,0.3,6.1,2.99,45.7,1,1
7991,21.0,1,3.1,7.1,4.6,1.9,66.6,79.0,2.2,0.8,4.0,6.5,0,0,3.5,7.8,4.66,51.47,2,2
7992,18.0,0,4.7,5.5,5.3,1.3,67.9,79.6,4.3,1.3,7.3,4.9,1,0,3.7,6.1,9.43,46.81,2,2
7993,18.0,1,1.9,6.4,4.0,1.6,68.9,70.4,5.3,1.5,7.1,4.7,1,0,4.4,5.3,4.26,46.75,2,2
7994,19.0,0,4.6,8.3,3.6,4.0,98.5,39.3,5.2,1.8,4.2,6.7,1,0,2.9,6.8,6.88,60.85,2,2
7995,17.0,0,3.3,7.2,8.3,0.3,45.3,78.6,4.4,0.9,5.0,3.4,0,0,7.1,3.3,5.26,42.16,1,1
7996,18.0,0,1.7,8.7,3.1,6.3,86.3,74.1,7.7,0.3,4.4,7.9,0,0,4.1,6.6,8.04,65.97,0,0
7997,18.0,0,1.5,7.5,6.2,1.7,60.1,46.4,4.5,1.3,1.7,10.0,1,0,5.1,9.8,7.84,54.41,2,2
7998,20.0,0,1.8,5.6,2.6,4.1,80.3,85.5,3.6,3.3,5.9,6.5,0,0,2.7,6.1,6.11,52.76,2,2
7999,24.0,0,3.8,6.976601980998585,9.2,1.8,83.4,88.1,5.0,1.2,2.8,2.8,0,1,3.9,11.5,8.1,58.67,2,2
8000,17.0,0,4.4,7.3,6.1,0.3,91.8,85.0,9.3,5.7,5.1,5.7,1,0,5.2,4.2,6.09,81.23,0,0
8001,22.0,0,4.7,5.5,7.9,2.7,76.5,67.7,6.0,3.7,4.0,5.0,2,1,6.9,3.0,2.95,35.63,1,1
8002,22.0,1,4.8,5.4,6.5,3.03210685483871,77.7,79.0,4.9,0.8,4.8,6.2,2,0,6.3,12.2,7.01,56.25,2,2
8003,20.134890807516506,1,2.7,5.5,5.4,3.3,53.4,58.8,5.3,1.6,9.7,5.9,1,1,2.0,5.5447261663286005,8.7,37.2,1,1
8004,24.0,0,6.3,7.7,6.2,3.0,100.0,50.1,2.1,3.3,1.5,8.8,1,1,4.0,7.0,6.6,68.99,0,0
8005,21.0,0,3.3,6.5,9.8,1.7,84.0,73.2,5.991217524197657,2.0,10.0,4.9,0,0,5.2,2.4,6.489753023681269,49.25,2,2
8006,19.0,1,5.1,8.5,3.8,3.3,85.7,48.0,6.5,3.7,5.4,5.9,2,0,1.1,5.0,9.12,52.64,2,2
8007,22.0,1,3.9,5.8,1.0,4.9,93.9,72.6,7.0,7.3,6.9,4.0,1,0,1.7,4.5,9.5,68.3,0,0
8008,18.0,0,5.0,3.8,4.0,2.8,79.1,74.1,5.7,4.1,2.2,6.8,0,1,3.8,7.6,3.68,25.85,1,1
8009,22.0,0,3.8,6.8,3.0,1.7,85.5,74.2518720906699,4.4,2.5,8.1,7.9,1,0,2.1,2.1,8.87,63.83,0,0
8010,16.0,1,5.0,9.1,8.4,3.7,89.3,100.0,8.0,2.8,5.3,9.0,2,0,10.0,10.9,7.49,85.96,0,0
8011,23.0,0,4.2,7.0,5.6,3.8,60.8,64.2,5.2,0.6,4.3,6.9,0,0,2.5,5.3,3.19,45.43,1,1
8012,20.0,2,5.8,5.2,8.1,2.5,86.9,78.8,3.8,3.7,4.1,6.6,0,1,6.3,5.0,10.0,61.39,2,2
8013,21.0,0,2.6,4.9,6.1,5.5,100.0,71.6,4.3,1.9,1.0,4.3,0,0,5.7,2.9,8.57,54.85,2,2
8014,18.0,0,0.7,8.6,6.0,2.5,100.0,91.9,5.3,11.3,3.3,1.3,0,0,5.2,0.2,6.32,56.94,2,2
8015,21.0,1,2.3,6.0,6.4,5.7,99.9,69.0,5.4,4.6,3.4,4.8,1,0,1.4,7.6,6.65,57.12,2,2
8016,22.0,0,6.3,9.0,9.7,1.8,100.0,52.2,4.8,3.2,3.3,5.5,0,0,4.5,5.5,6.81,56.36,2,2
8017,20.0,0,3.9,7.9,6.5,4.5,63.6,82.5,6.7,0.7,7.6,5.7,0,0,10.0,8.1,7.72,57.5,2,2
8018,21.0,0,4.4,6.0,8.8,2.6,73.2,47.9,5.8,2.5,6.2,2.5,0,0,4.8,2.8,5.93,36.44,1,1
8019,20.0,1,2.1,8.5,8.6,3.5,68.2,59.7,7.9,2.4,8.5,5.4,1,1,3.8,1.3,4.54,29.49,1,1
8020,24.0,1,4.3,5.8,5.6,0.0,100.0,65.8,6.2,0.8,1.9,1.3,2,0,2.9,7.7,4.92,55.19,2,2
8021,20.0,1,2.2,5.1,5.8,6.9,83.2,66.5,5.2,10.2,3.5,3.2,2,0,1.8,3.0,8.1,38.53,1,1
8022,23.0,1,2.4,5.9,5.1,3.6,61.6,68.8,4.9,3.2,6.2,8.4,0,0,5.4,2.2,5.42,42.09,1,1
8023,23.0,0,3.4,8.0,9.2,4.8,65.7,67.3,5.1,0.3,4.0,8.9,1,0,6.1,1.5,4.2,45.76,1,1
8024,19.0,2,5.1,8.5,3.6,0.5,81.4,77.3,3.6,0.6,4.1,5.7,1,0,7.0,1.7,7.87,56.11,2,2
8025,18.0,0,5.3,6.5,4.2,3.3,62.3,62.8,5.991217524197657,2.1,6.2,6.5,1,0,1.7,1.5,6.49,40.71,1,1
8026,19.0,0,5.4,4.6,5.3,2.7,100.0,82.8,7.1,5.3,3.8,6.9,0,0,4.1,2.7,7.13,62.75,2,2
8027,23.0,1,1.0,5.0,3.1,1.1,90.3,59.8,7.7,7.2,1.0,6.9,0,0,5.6,8.1,6.88,60.4,2,2
8028,18.0,0,4.2,5.6,4.5,5.3,84.1,52.2,6.4,0.9,4.0,4.0,1,1,0.0,4.1,6.19,46.96,2,2
8029,20.0,0,3.8,5.3,8.8,3.3,66.3,54.6,10.0,1.8,8.2,6.3,1,0,5.3,4.0,2.62,29.02,1,1
8030,23.0,0,1.1,7.3,7.6,2.9,62.8,67.6,6.7,2.8,5.4,6.6,1,0,0.4,6.9,9.33,44.96,1,1
8031,19.0,0,4.2,9.5,4.9,4.1,84.5,92.5,2.2,3.0,4.9,6.5,1,0,1.5,4.2,7.88,69.43,0,0
8032,21.0,0,3.7,8.0,8.0,1.5,81.8,74.5,6.9,1.3,6.7,4.3,0,0,5.3,1.6,6.55,57.48,2,2
8033,18.0,0,5.2,5.5,11.2,3.3,63.3,66.7,5.991217524197657,4.1,4.5,3.5,0,0,1.2,2.6,7.75,41.33,1,1
8034,17.0,1,4.4,6.1,6.8,3.2,79.3,74.3,5.4,5.6,1.0,5.6,0,1,1.3,5.3,5.59,63.7,0,0
8035,23.0,0,3.1,6.4,9.6,3.2,79.3,53.2,5.991217524197657,1.3,2.2,3.0,1,1,9.2,6.5,7.04,51.33,2,2
8036,17.0,2,6.1,7.5,8.1,4.8,89.6,44.3,2.0,2.6,3.9,4.2,2,1,0.2,4.6,6.39,43.73,1,1
8037,18.0,1,4.219583121504829,9.0,5.3,2.2,100.0,57.2,5.8,6.5,5.6,7.0,0,1,7.5,8.4,4.45,47.71,2,2
8038,23.0,0,4.1,6.4,6.5,2.0,53.0,56.1,3.8,3.1,8.0,8.4,1,0,5.5,3.2,7.48,36.07,1,1
8039,19.0,0,0.7,9.0,7.3,1.9,90.4,100.0,5.5,1.1,4.1,7.9,2,0,5.9,3.6,7.86,61.52,2,2
8040,25.0,0,2.4,9.7,4.1,1.8,70.9,100.0,5.2,3.0,7.9,4.5,1,0,9.4,6.0,8.17,55.54,2,2
8041,25.0,0,5.2,6.5,1.0,5.0,85.5,100.0,9.2,2.1,7.6,5.1,0,0,3.2,2.3,4.83,57.76,2,2
8042,18.0,0,1.7,6.5,3.9,2.9,81.7,53.1,7.8,0.7,4.1,5.0,2,0,7.1,12.8,5.45,45.0,1,1
8043,16.0,1,1.4,6.5,1.0,4.8,86.5,100.0,4.8,2.5,6.1,6.4,1,0,0.0,2.3,2.81,59.96,2,2
8044,22.0,1,9.0,7.1,4.1,3.5,63.8,62.2,5.1,1.2,6.5,4.1,1,0,7.3,9.3,9.22,51.28,2,2
8045,20.0,0,1.5,6.5,1.7,1.4,92.6,100.0,8.0,0.5,6.6,6.1,2,0,3.3,4.0,6.09,67.67,0,0
8046,17.0,0,7.5,8.1,8.2,0.3,80.5,82.9,6.3,2.1,5.1,5.8,0,1,4.2,6.7,6.48,68.47,0,0
8047,22.0,0,3.9,5.0,3.0,0.4,98.1,57.1,6.7,2.5,6.9,7.3,0,0,3.2,1.8,7.18,49.22,2,2
8048,16.0,1,3.2,6.3,7.4,1.4,100.0,100.0,8.6,1.4,8.6,3.5,0,1,3.4,6.6,8.04,60.41,2,2
8049,23.0,1,5.3,7.4,7.9,4.8,83.1,100.0,5.991217524197657,2.4,10.0,3.9,0,1,0.0,8.5,9.08,52.63,2,2
8050,17.0,0,6.9,8.1,7.8,5.3,92.9,55.9,8.1,2.6,6.2,6.7,2,1,7.1,5.1,5.99,63.16,0,0
8051,17.0,1,1.9,9.9,1.3,3.2,91.7,80.9,5.1,1.1,5.8,6.3,2,1,4.2,2.7,3.68,47.01,2,2
8052,18.0,0,3.2,5.3,8.8,4.7,97.4,40.1,1.1,5.9,4.7,3.5,1,0,0.0,10.6,7.45,32.21,1,1
8053,25.0,0,5.9,6.2,7.1,2.0,96.5,67.9,3.4,4.0,3.9,5.957923664122137,1,0,5.2,5.9,5.79,52.89,2,2
8054,20.134890807516506,0,4.8,4.1,8.0,1.9,64.9,68.0,4.0,3.1,2.0,7.2,2,0,0.9,10.0,6.53,28.12,1,1
8055,23.0,1,6.4,5.6,10.6,4.4,83.6,67.6,8.9,6.1,1.7,6.3,1,0,7.3,4.5,5.28,54.89,2,2
8056,19.0,1,5.2,4.7,8.0,3.3,62.0,100.0,5.7,2.5,7.0,5.5,0,0,6.1,4.9,7.03,40.78,1,1
8057,19.0,0,7.8,6.3,3.0,4.3,73.2,51.0,5.3,4.6,4.2,7.1,0,0,0.0,2.8,3.96,53.76,2,2
8058,18.0,1,4.6,6.7,7.6,3.1,73.7,71.0,9.3,5.5,4.2,5.957923664122137,0,0,5.0,5.8,5.13,57.77,2,2
8059,20.0,1,4.6,7.6,2.2,2.3,87.6,88.6,4.3,2.8,5.7,6.9,0,0,1.4,6.8,8.69,67.56,0,0
8060,20.0,1,4.8,6.6,5.8,2.6,77.0,51.3,5.1,1.3,7.6,8.4,0,1,4.9,13.6,8.33,59.22,2,2
8061,21.0,1,3.9,7.6,4.7,3.6,77.9,59.1,6.1,1.1,4.6,6.8,2,0,5.3,1.3,5.63,62.89,2,2
8062,18.0,0,5.9,7.1,6.0,3.4,93.0,95.1,5.9,1.8,1.0,3.0,0,1,4.3,0.9,7.26,65.31,0,0
8063,24.0,0,4.7,5.7,2.2,1.3,91.4,99.2,6.7,1.4,2.7,8.0,0,1,6.3,3.1,6.88,76.74,0,0
8064,18.0,2,5.8,4.8,2.5,2.8,83.6,67.2,7.2,4.6,9.8,3.6,1,0,10.0,2.4,6.01,43.1,1,1
8065,25.0,0,6.1,7.8,4.9,0.3,89.7,90.4,4.2,3.5,8.7,5.2,0,0,5.1,4.7,7.02,63.75,0,0
8066,16.0,0,5.1,9.1,5.4,2.4,88.4,100.0,1.9,2.7,10.0,6.9,1,0,8.7,3.8,7.71,61.85,2,2
8067,20.0,1,5.2,10.0,4.9,1.3,100.0,67.7,6.9,6.7,5.4,7.6,2,0,6.6,0.2,4.3,47.18,2,2
8068,19.0,0,2.2,8.2,9.6,0.0,77.3,89.2,5.991217524197657,7.6,3.3,5.9,0,1,6.2,4.1,7.7,60.19,2,2
8069,20.0,0,3.1,8.9,7.1,7.0,70.2,67.4,6.7,1.5,5.3,10.0,0,1,4.6,10.4,4.72,48.99,2,2
8070,21.0,0,5.9,7.6,7.0,1.6,82.7,50.6,7.6,2.0,4.2,3.4,1,0,3.1,0.9,5.75,57.04,2,2
8071,20.0,0,7.0,7.4,5.0,1.3,67.6,75.1,8.5,2.6,9.1,10.0,0,0,5.2,4.6,7.94,71.47,0,0
8072,19.0,0,0.3,7.1,2.5,3.03210685483871,75.2,74.2518720906699,5.7,1.3,4.9,2.1,1,0,6.2,2.2,3.91,41.8,1,1
8073,22.0,0,3.1,6.9,6.0,0.9,85.9,58.3,10.0,6.4,10.0,5.9,0,0,1.0,0.8,7.2,58.57,2,2
8074,22.0,0,4.2,7.8,10.5,0.4,73.4,68.9,2.9,0.5,6.9,2.6,1,0,2.3,8.4,6.81,35.6,1,1
8075,23.0,1,2.4,6.3,6.6,2.6,77.0,70.9,9.2,3.5,8.6,6.7,0,0,3.2,1.0,6.61,53.02,2,2
8076,18.0,0,2.6,6.8,8.8,2.1,76.5,80.0,4.3,8.7,1.9,2.6,0,0,5.6,2.5,6.42,55.71,2,2
8077,21.0,0,5.1,5.5,9.1,1.8,74.4,93.7,6.1,0.8,10.0,7.0,2,0,8.1,1.2,5.35,42.91,1,1
8078,21.0,1,7.4,7.6,7.4,1.3,65.7,93.7,6.3,1.1,5.5,4.6,0,1,2.0,13.5,3.55,42.29,1,1
8079,19.0,1,0.1,5.8,6.6,2.7,93.2,73.4,9.0,1.6,4.9,2.2,2,0,2.5,12.2,8.05,33.8,1,1
8080,20.0,0,3.9,7.0,3.5,5.9,97.8,65.2,3.6,3.9,3.3,9.3,1,0,1.4,3.9,6.1,69.7,0,0
8081,19.0,1,5.1,7.7,5.5,0.1,92.4,99.1,10.0,0.4,2.6,7.5,2,0,2.2,9.8,4.13,65.98,0,0
8082,17.0,1,5.8,7.8,5.1,4.5,92.3,73.2,1.3,4.2,6.3,7.1,2,0,3.6,6.6,5.97,55.48,2,2
8083,18.0,0,4.8,8.0,6.8,5.8,74.6,64.3,5.8,2.6,3.2,10.0,1,0,5.5,3.7,8.39,73.3,0,0
8084,17.0,0,7.7,6.7,2.5,1.9,82.3,78.1,7.3,2.1,8.3,5.0,1,0,4.2,3.7,3.56,54.72,2,2
8085,22.0,0,4.3,7.6,4.7,3.7,69.9,42.1,8.3,3.6,4.8,8.7,2,0,4.0,0.9,6.4,59.53,2,2
8086,21.0,1,6.8,6.4,7.0,2.8,78.2,66.5,2.9,4.4,5.1,3.8,0,0,7.4,15.2,4.98,49.12,2,2
8087,25.0,1,2.9,4.4,4.2,0.0,79.4,65.3,1.7,3.9,3.2,6.0,2,0,3.6,3.7,4.24,31.7,1,1
8088,22.0,1,4.3,7.7,3.7,5.2,62.0,60.8,8.9,3.0,7.0,2.4,0,0,3.9,14.3,7.41,44.59,1,1
8089,16.0,1,1.8,7.4,4.0,3.1,81.7,81.8,6.5,1.8,4.7,10.0,0,0,4.7,1.8,6.69,71.55,0,0
8090,24.0,1,6.0,8.3,5.3,2.1,73.1,94.4,1.8,2.2,4.0,5.5,0,1,4.2,7.2,5.54,56.4,2,2
8091,23.0,1,4.0,7.0,1.0,0.3,83.4,100.0,4.9,3.4,3.5,4.3,1,0,3.9,4.8,5.69,79.05,0,0
8092,20.0,1,4.9,4.9,4.1,3.9,76.9,66.1,4.4,1.3,7.7,10.0,2,0,2.0,4.4,5.28,41.48,1,1
8093,21.0,1,3.6,6.9,8.4,3.3,84.5,69.9,8.5,3.8,5.7,7.4,0,1,1.2,3.1,4.78,55.25,2,2
8094,25.0,1,5.4,8.2,6.8,4.1,89.1,62.8,5.2,2.9,5.542839731870811,4.3,0,0,5.0,11.4,6.6,45.25,1,1
8095,20.0,0,5.0,7.6,7.1,4.0,63.7,84.7,5.6,2.4,7.8,4.8,2,1,2.3,9.5,5.94,50.76,2,2
8096,24.0,0,2.2,6.8,1.4,1.5,75.8,41.4,5.4,4.1,6.0,6.5,0,0,2.5,4.8,7.29,59.13,2,2
8097,20.134890807516506,1,2.3,4.8,5.0,0.0,71.6,68.0,9.7,5.9,5.7,10.0,1,0,2.4,4.8,4.61,46.62,1,2
8098,18.0,2,4.1,5.7,5.7,2.8,79.81730107309173,80.2,8.0,3.2,4.2,4.2,0,0,5.8,3.8,9.24,70.02,0,0
8099,20.0,1,5.5,7.6,6.047861775435752,2.7,100.0,63.8,7.5,2.2,7.0,7.6,1,0,1.9,4.4,6.32,70.38,0,0
8100,21.0,1,7.9,4.8,8.8,3.3,80.6,67.3,6.4,2.8,7.1,5.3,0,0,0.0,2.4,4.55,30.52,1,1
8101,23.0,1,4.8,6.6,8.4,5.7,85.3,92.8,6.4,2.4,6.1,8.1,0,1,3.9,1.7,6.99,58.43,2,2
8102,25.0,0,6.2,7.0,4.5,2.9,60.8,74.0,4.0,0.7,5.7,5.3,1,0,2.7,8.4,6.1,51.64,2,2
8103,19.0,1,1.0,8.5,4.6,4.2,83.9,96.5,7.9,1.5,9.6,5.7,1,0,3.5,12.8,7.79,54.6,2,2
8104,16.0,1,8.2,7.8,9.5,3.7,76.6,100.0,5.2,2.5,3.6,2.4,0,0,5.2,10.9,8.35,56.71,2,2
8105,23.0,1,5.4,8.3,5.1,0.5,97.7,84.6,3.2,1.4,4.8,5.7,1,0,6.0,3.9,7.41,57.18,2,2
8106,21.0,0,4.1,7.4,3.3,0.7,77.0,69.8,5.7,3.2,3.6,10.0,2,0,1.5,1.9,5.66,64.06,0,0
8107,18.0,1,3.9,5.9,5.5,5.1,69.3,100.0,6.0,1.6,5.9,3.5,2,0,1.8,5.0,5.38,37.67,1,1
8108,20.0,1,2.0,6.2,9.4,1.4,62.5,29.5,9.0,5.5,3.3,5.5,1,0,0.2,3.8,4.64,45.01,1,1
8109,22.0,1,2.6,5.8,3.7,3.7,82.4,74.2518720906699,7.9,15.0,4.8,6.1,0,1,3.5,6.5,7.99,54.01,2,2
8110,22.0,1,8.0,7.8,4.9,1.2,72.9,88.9,3.8,1.4,7.4,8.2,1,0,6.7,3.1,6.489753023681269,53.99,2,2
8111,20.0,0,2.2,6.1,3.8,4.3,95.8,100.0,8.3,2.8,3.2,6.1,1,0,3.5,8.8,5.54,72.31,0,0
8112,19.0,1,2.2,6.5,8.4,3.4,88.2,87.3,0.3,1.8,7.3,8.8,2,0,3.2,1.1,3.6,35.23,1,1
8113,25.0,1,2.8,7.0,6.7,2.5,78.7,78.3,6.9,3.6,3.0,4.1,1,0,0.4,18.8,6.48,54.59,2,2
8114,21.0,0,1.8,9.1,8.3,4.2,88.2,66.6,4.5,1.2,5.9,6.0,0,0,4.0,3.3,6.47,43.93,1,1
8115,19.0,1,4.2,7.9,9.9,3.5,100.0,85.0,2.9,9.1,6.4,5.9,1,1,0.0,4.7,2.74,56.15,2,2
8116,18.0,1,6.4,6.0,2.2,1.7,64.9,95.8,3.4,2.3,7.8,4.7,1,0,5.0,1.5,6.95,46.27,1,1
8117,22.0,1,3.0,7.2,4.1,3.0,71.7,88.5,9.2,7.1,7.5,6.0,1,0,10.0,1.6,6.489753023681269,70.9,0,0
8118,18.0,0,1.5,9.1,4.9,4.2,100.0,76.1,7.0,0.8,3.6,4.3,0,1,1.3,3.3,7.39,56.74,2,2
8119,18.0,0,4.8,7.8,6.2,5.0,70.2,93.6,6.8,1.5,6.1,7.7,0,1,4.6,3.4,6.43,59.14,2,2
8120,20.0,0,4.1,4.9,7.3,2.8,88.6,80.5,8.1,0.8,3.7,3.1,0,1,3.0,7.5,4.8,48.29,2,2
8121,18.0,0,6.2,5.8,4.8,6.2,95.4,84.2,5.5,9.9,6.8,2.6,0,0,9.0,3.7,7.27,61.91,2,2
8122,21.0,2,3.3,6.976601980998585,6.047861775435752,1.7,79.8,92.5,9.0,8.9,7.8,3.8,0,1,0.0,2.8,5.8,62.18,2,2
8123,17.0,0,3.7,8.9,8.4,0.2,89.0,58.2,5.5,1.7,5.4,6.1,1,0,4.7,4.0,8.48,67.16,0,0
8124,21.0,0,3.9,8.6,7.4,0.5,76.2,74.6,0.0,2.5,5.6,7.0,0,1,2.4,3.8,6.42,53.94,2,2
8125,18.0,1,4.4,6.2,6.8,3.0,100.0,77.0,9.5,2.8,5.3,4.6,1,1,7.0,8.9,8.56,63.92,0,0
8126,16.0,1,3.4,6.2,1.0,3.0,74.3,53.4,0.0,5.2,4.3,7.2,2,0,0.2,5.1,8.72,59.8,2,2
8127,17.0,0,3.1,7.1,9.0,3.2,67.6,55.4,5.4,4.4,4.0,1.0,0,1,4.2,3.8,7.0,46.9,2,2
8128,24.0,2,0.5,7.1,6.5,1.8,91.6,63.7,7.7,2.1,7.6,5.1,0,0,8.6,4.2,6.6,41.62,1,1
8129,20.134890807516506,1,4.219583121504829,5.7,5.6,7.0,89.2,93.7,0.8,2.7,5.0,4.8,0,0,2.0,2.9,5.79,36.74,1,1
8130,18.0,0,5.6,6.7,4.0,5.7,81.9,71.5,5.7,10.9,5.8,6.7,1,0,6.3,2.3,6.22,62.73,2,2
8131,22.0,0,5.9,5.1,4.4,0.9,80.4,77.3,5.6,3.2,6.8,8.3,1,1,3.7,2.5,7.25,61.89,2,2
8132,21.0,1,3.3,8.7,3.8,2.8,73.6,80.6,8.0,1.7,6.0,10.0,0,0,0.0,5.0,8.81,73.44,0,0
8133,25.0,1,6.8,4.7,1.0,3.1,70.4,86.4,7.1,1.2,4.0,5.8,1,0,0.0,1.2,5.72,59.31,2,2
8134,19.0,0,4.1,4.7,4.0,4.2,72.1,84.0,3.1,4.0,5.4,1.0,2,0,3.7,2.4,9.25,36.85,1,1
8135,22.0,1,1.5,7.6,2.0,0.3,84.1,76.2,4.6,4.1,6.8,6.2,0,0,5.8,0.3,6.89,57.69,2,2
8136,16.0,0,0.9,5.4,5.8,0.0,77.3,72.5,3.6,1.7,6.3,5.4,0,0,7.9,6.7,4.81,38.82,1,1
8137,19.0,0,6.6,6.3,3.1,0.8,60.6,94.7,1.9,2.9,2.5,6.9,0,0,6.5,10.8,9.09,68.72,0,0
8138,25.0,0,3.5,7.1,7.8,5.7,74.5,66.1,4.6,0.8,2.3,5.957923664122137,2,0,3.5,3.2,5.2,54.47,2,2
8139,20.0,1,1.8,7.9,1.8,1.8,77.2,99.5,9.3,4.4,3.9,4.7,0,0,2.2,9.4,8.03,76.76,0,0
8140,18.0,0,0.0,6.7,9.0,4.5,86.6,64.7,7.0,1.6,4.8,3.3,0,0,4.0,4.1,4.33,36.83,1,1
8141,17.0,1,3.4,9.3,8.1,4.1,83.8,69.9,6.9,6.8,4.0,7.4,1,1,2.6,2.7,4.76,57.24,2,2
8142,22.0,1,5.0,7.0,3.3,2.7,79.81730107309173,87.7,3.3,4.9,1.7,8.6,1,0,0.0,4.9,7.81,76.34,0,0
8143,21.0,0,2.8,8.5,5.8,4.5,67.3,100.0,1.7,4.1,2.5,7.4,0,0,3.6,3.0,6.489753023681269,58.99,2,2
8144,19.0,1,2.1,7.4,3.9,0.8,87.2,40.1,7.3,2.7,4.7,7.2,2,0,4.1,2.7,8.54,60.79,2,2
8145,25.0,1,3.1,9.8,7.4,2.2,88.3,90.6,8.2,1.7,9.2,6.2,0,0,1.8,3.8,5.93,54.08,2,2
8146,16.0,1,6.7,8.4,10.5,0.0,83.6,83.5,6.4,1.7,10.0,8.1,0,1,0.0,9.3,7.8,62.15,2,2
8147,19.0,0,1.4,7.1,9.0,3.2,76.1,74.2518720906699,7.7,0.8,6.9,3.4,0,1,4.1,2.3,6.22,37.4,1,1
8148,24.0,1,2.9,7.8,4.3,1.6,71.1,81.5,5.3,0.8,5.1,6.8,1,0,4.2,4.6,5.69,61.91,2,2
8149,19.0,0,6.6,6.7,6.3,6.9,79.5,53.4,6.1,5.3,5.6,4.2,2,0,1.8,6.1,7.54,58.33,2,2
8150,18.0,0,5.2,6.6,9.8,3.1,56.8,60.7,4.4,3.3,5.7,2.8,0,0,8.9,6.3,4.17,28.11,1,1
8151,20.0,0,4.6,5.3,7.3,4.5,68.0,82.7,6.8,0.8,5.542839731870811,8.6,1,1,3.9,2.9,6.2,44.19,1,1
8152,23.0,0,2.9,5.9,8.5,4.2,67.3,56.9,5.6,2.2,5.2,4.4,1,1,1.9,6.7,9.07,38.9,1,1
8153,20.134890807516506,1,4.3,9.7,7.6,2.9,86.5,77.7,7.3,4.4,4.5,6.9,0,1,6.9,8.7,6.16,67.73,0,0
8154,24.0,1,3.1,5.4,6.2,4.8,88.1,63.1,7.7,2.7,9.3,7.7,2,0,1.5,6.1,7.5,47.17,2,2
8155,23.0,1,2.5,6.1,5.8,3.03210685483871,66.1,66.8,5.2,1.9,2.8,6.2,1,0,6.4,4.2,6.28,41.76,1,1
8156,18.0,1,2.0,6.9,3.0,3.9,63.0,94.4,7.1,5.6,7.5,4.1,2,1,5.8,2.0,4.83,49.88,2,2
8157,22.0,0,5.8,6.9,6.047861775435752,7.2,61.0,54.0,4.5,0.8,1.6,9.3,2,0,1.2,6.1,5.86,58.01,2,2
8158,19.0,1,4.1,7.5,3.7,3.3,92.7,74.4,10.0,2.1,6.5,2.4,2,1,7.5,6.6,7.03,63.63,0,0
8159,19.0,1,4.8,6.4,5.1,2.0,91.9,83.6,9.1,1.0,1.9,6.5,0,0,3.3,16.8,6.85,74.12,0,0
8160,22.0,0,4.5,7.6,6.2,1.7,88.4,79.6,6.6,1.7,9.6,10.0,2,0,2.7,1.8,5.45,66.34,0,0
8161,25.0,0,5.1,8.5,5.7,2.9,99.5,64.4,4.3,2.5,3.8,9.5,0,1,2.2,2.9,6.44,72.98,0,0
8162,17.0,0,3.7,8.6,6.5,3.2,100.0,81.6,6.5,4.1,5.8,4.5,2,0,0.9,4.7,5.9,62.68,2,2
8163,19.0,0,3.2,6.7,7.7,3.1,67.1,56.5,3.3,1.6,7.6,8.8,0,0,5.0,10.8,8.33,39.12,1,1
8164,20.0,0,2.6,7.8,5.0,0.2,74.9,66.2,6.9,1.9,3.1,3.9,2,0,4.6,5.6,7.75,58.57,2,2
8165,19.0,0,1.4,5.5,7.8,0.0,90.1,100.0,1.3,3.2,5.7,4.3,0,0,1.5,2.4,6.11,37.79,1,1
8166,19.0,1,2.0,6.1,8.8,1.3,44.1,86.5,3.6,0.3,4.9,7.3,0,0,3.2,0.4,7.83,34.11,1,1
8167,16.0,2,3.5,5.5,7.0,3.1,76.7,75.0,6.8,4.3,5.542839731870811,3.7,2,0,0.0,5.0,9.71,45.22,1,1
8168,22.0,0,1.0,6.9,4.6,3.1,92.5,83.1,9.1,2.3,7.8,4.3,0,1,6.5,20.0,6.72,54.08,2,2
8169,20.0,1,1.4,5.9,8.4,3.8,75.5,60.5,6.8,6.8,6.3,5.4,2,0,2.3,8.0,8.22,41.87,1,1
8170,18.0,1,6.3,5.0,7.2,3.7,79.81730107309173,80.1,5.3,2.0,2.6,6.5,0,1,2.2,1.2,5.56,44.1,1,1
8171,23.0,0,4.6,6.5,7.5,2.1,54.0,66.9,3.9,0.9,4.4,5.7,0,1,5.2,11.1,7.25,49.91,2,2
8172,23.0,0,3.3,4.8,9.8,1.2,83.7,64.6,4.9,2.2,5.3,5.3,1,1,1.6,2.8,7.08,31.24,1,1
8173,20.0,1,8.7,8.7,7.8,3.9,74.0,72.8,2.1,1.1,8.3,3.9,1,1,6.4,7.9,8.42,47.55,2,2
8174,19.0,1,0.9,6.3,9.9,3.4,77.1,64.2,5.1,2.2,2.4,1.7,0,1,4.6,6.7,6.98,36.6,1,1
8175,21.0,0,6.2,8.3,5.6,1.0,67.7,77.5,10.0,1.6,4.9,3.5,0,0,3.5,3.9,4.65,60.03,2,2
8176,18.0,0,4.0,6.4,4.9,4.1,100.0,82.5,6.3,4.5,8.4,8.7,1,0,0.0,1.3,5.33,62.11,2,2
8177,18.0,1,5.8,5.4,8.9,4.7,80.9,70.1,6.9,0.5,5.0,6.5,0,1,10.0,1.9,7.07,43.38,1,1
8178,22.0,1,4.4,8.5,3.5,4.4,81.9,23.7,1.9,0.7,5.5,6.6,0,1,0.0,5.3,4.75,38.71,1,1
8179,16.0,0,0.5,7.1,10.7,4.7,100.0,59.4,9.1,5.8,1.4,8.1,0,0,0.9,7.4,5.06,61.17,2,2
8180,17.0,1,4.4,9.5,9.3,1.6,68.0,55.5,9.3,0.2,4.5,5.4,2,1,5.0,2.2,5.29,51.56,2,2
8181,16.0,0,4.9,6.4,6.2,4.5,81.8,81.7,6.5,4.4,6.7,7.7,2,0,3.3,4.1,7.29,62.21,2,2
8182,17.0,1,0.0,6.4,9.0,2.7,71.1,61.9,7.4,5.7,3.7,7.7,0,0,9.0,6.0,7.06,39.08,1,1
8183,16.0,1,8.1,8.3,7.7,6.7,70.5,66.0,4.5,1.6,1.6,4.3,1,0,5.4,8.6,5.79,54.12,2,2
8184,25.0,1,4.8,8.3,2.8,4.6,84.0,90.1,5.4,3.1,3.4,7.7,1,1,1.6,4.2,6.28,71.2,0,0
8185,18.0,1,5.5,7.2,4.0,3.8,76.3,61.0,10.0,1.8,8.3,6.7,1,0,8.5,7.8,3.97,59.48,2,2
8186,17.0,1,1.9,6.976601980998585,6.7,6.1,100.0,78.7,5.0,6.0,6.3,4.1,1,1,5.2,12.4,8.94,57.61,2,2
8187,18.0,1,5.6,6.6,6.4,2.1,100.0,63.9,10.0,1.9,7.5,10.0,0,0,4.9,4.9,7.96,74.76,0,0
8188,24.0,0,6.4,5.3,9.3,4.0,77.9,66.5,10.0,2.4,6.8,7.9,1,1,5.0,5.6,7.23,57.95,2,2
8189,20.0,1,4.7,5.7,6.8,7.0,60.0,54.1,7.0,10.3,10.0,3.8,0,0,8.3,1.9,4.53,41.6,1,1
8190,19.0,0,4.2,6.6,2.8,4.5,76.2,65.6,5.7,6.0,7.7,5.9,0,0,4.8,2.5,6.67,50.11,2,2
8191,23.0,1,2.4,9.0,4.6,3.3,93.6,84.1,3.1,0.6,5.4,4.6,2,0,2.6,4.6,3.92,41.85,1,1
8192,19.0,0,3.8,6.8,7.9,2.5,68.5,57.6,7.2,3.3,4.9,9.3,1,0,3.7,0.5,8.13,58.15,2,2
8193,19.0,1,3.2,9.0,1.4,1.3,100.0,62.1,6.0,1.7,6.6,4.4,1,0,1.6,2.2,6.489753023681269,69.11,0,0
8194,18.0,1,5.3,7.6,2.5,2.5,87.6,100.0,5.8,0.4,8.2,7.3,1,0,6.4,21.0,7.06,71.64,0,0
8195,19.0,0,2.5,8.4,5.1,1.5,64.8,79.6,4.9,2.4,3.7,4.0,0,1,0.0,0.3,6.57,45.13,1,1
8196,19.0,0,5.3,7.5,8.3,2.6,71.4,81.1,6.7,3.2008618067525094,6.5,9.7,1,1,7.2,0.5,6.1,57.61,2,2
8197,21.0,0,4.219583121504829,7.5,5.5,2.8,73.3,63.7,7.0,4.3,5.9,7.4,0,1,1.3,5.7,9.83,60.21,2,2
8198,18.0,0,3.7,8.0,7.2,4.8,69.5,93.8,5.9,2.6,6.2,7.3,1,0,3.0,5.4,4.72,63.86,0,0
8199,21.0,0,5.4,6.3,6.0,2.3,65.1,96.7,8.6,5.2,4.8,6.6,0,1,1.8,1.9,5.22,63.19,0,0
8200,16.0,1,2.8,6.3,5.6,1.9,72.5,64.1,6.0,2.1,6.8,6.1,2,0,1.5,3.9,7.4,54.28,2,2
8201,18.0,0,5.5,7.5,4.4,4.6,75.1,94.2,5.7,1.3,8.4,1.1,0,1,5.0,2.7,4.51,43.01,1,1
8202,19.0,0,5.3,9.5,8.1,4.3,96.9,99.1,3.5,9.5,6.3,7.3,1,0,5.9,7.2,7.54,75.43,0,0
8203,24.0,2,3.7,5.0,2.9,2.6,85.7,37.8,5.5,1.1,1.6,6.2,1,0,5.3,2.5,5.14,35.59,1,1
8204,19.0,0,6.5,4.4,5.4,4.1,86.5,90.5,5.9,7.0,3.4,3.2,0,0,0.0,3.8,7.03,59.14,2,2
8205,21.0,1,4.4,6.7,8.9,2.5,84.5,61.2,0.6,11.3,9.3,6.5,1,0,5.6,7.9,3.62,41.77,1,1
8206,18.0,1,6.4,8.3,4.1,2.6,69.7,98.9,7.1,1.1,2.9,3.4,1,1,1.6,8.4,6.489753023681269,68.85,0,0
8207,17.0,0,7.8,7.1,2.1,5.8,94.9,60.6,8.0,2.0,2.7,9.8,1,1,7.3,5.5,5.96,65.67,0,0
8208,16.0,0,3.7,5.5,1.0,2.8,74.4,85.9,10.0,3.2008618067525094,4.2,6.2,1,1,7.5,3.7,8.54,76.02,0,0
8209,19.0,0,5.5,7.1,7.7,2.3,75.6,43.3,4.0,4.4,3.8,6.0,1,1,2.0,9.5,6.24,48.88,2,2
8210,17.0,0,2.9,4.7,7.8,3.0,84.9,95.1,5.8,4.6,5.5,7.3,0,0,0.0,3.0,5.81,46.3,1,1
8211,18.0,1,2.1,7.8,5.1,0.0,100.0,76.3,7.0,1.6,6.5,5.0,1,0,3.7,4.0,7.48,63.02,2,2
8212,20.134890807516506,1,3.8,6.6,2.8,2.7,72.7,98.2,5.9,2.9,6.4,5.6,2,1,3.2,3.3,6.71,65.01,0,0
8213,16.0,1,1.5,6.9,5.6,3.5,58.8,62.1,4.4,3.3,4.4,5.2,2,0,5.5,6.5,5.81,35.89,1,1
8214,20.0,0,2.3,7.6,8.9,6.6,83.8,78.8,2.8,1.2,4.3,4.2,0,0,4.8,3.4,4.29,42.21,1,1
8215,19.0,0,5.4,7.3,2.8,3.2,88.9,100.0,6.2,4.1,4.8,4.4,2,0,5.6,1.4,6.86,75.9,0,0
8216,20.0,1,3.2,6.3,8.6,3.8,74.4,74.5,8.7,1.7,8.2,5.9,0,1,3.0,7.6,3.66,40.94,1,1
8217,21.0,0,5.6,8.3,1.8,3.6,72.3,82.7,6.0,2.7,4.5,5.3,1,0,7.5,9.2,6.31,62.47,2,2
8218,19.0,1,4.8,8.0,3.2,7.1,63.5,87.6,5.9,3.9,6.3,6.7,1,0,5.4,5.8,5.64,65.26,0,0
8219,19.0,1,7.9,4.7,6.3,4.8,84.4,47.1,6.8,1.7,5.2,3.2,0,0,1.7,7.6,5.4,40.22,1,1
8220,22.0,0,5.2,6.976601980998585,8.4,0.4,100.0,65.6,7.7,2.5,4.3,4.0,1,0,6.2,9.7,8.03,70.41,0,0
8221,23.0,1,6.4,5.6,9.7,5.2,100.0,95.5,6.7,8.1,7.3,6.2,2,0,5.6,1.0,4.98,64.02,0,0
8222,18.0,0,5.0,5.4,8.5,1.3,83.9,38.1,5.991217524197657,3.1,4.2,7.6,0,1,1.3,4.1,4.66,35.61,1,1
8223,17.0,0,4.8,7.7,9.9,1.8,74.6,95.1,7.0,5.3,6.0,5.4,2,0,0.8,5.7,4.99,58.11,2,2
8224,24.0,0,6.5,6.5,6.5,0.7,85.0,64.4,4.6,4.4,6.9,5.4,0,1,2.7,7.2,7.78,60.12,2,2
8225,19.0,1,5.5,6.8,4.4,6.3,75.8,100.0,4.4,4.8,6.5,6.0,0,1,4.1,4.8,7.1,57.77,2,2
8226,20.0,0,4.6,6.1,9.0,5.1,71.7,82.9,3.6,1.7,6.2,5.957923664122137,0,0,1.0,6.8,5.53,46.45,1,1
8227,19.0,0,4.6,7.5,9.4,5.2,82.1,60.6,5.8,3.6,5.6,9.5,1,1,5.2,2.5,8.08,62.11,2,2
8228,17.0,0,5.3,7.9,8.3,4.9,96.6,92.6,4.8,2.0,5.8,7.2,1,0,6.7,5.0,5.85,62.9,2,2
8229,21.0,0,2.9,9.8,7.5,4.2,77.5,100.0,5.991217524197657,3.2008618067525094,5.4,4.6,0,0,0.7,3.8,5.58,46.8,2,2
8230,20.0,1,2.8,6.8,9.5,2.4,77.4,85.9,3.8,1.5,4.4,6.5,0,0,2.3,17.1,5.82,52.07,2,2
8231,18.0,1,7.1,5.1,6.9,3.4,76.6,67.0,8.0,2.8,4.2,6.4,0,0,6.3,12.7,4.07,51.91,2,2
8232,20.0,0,7.9,6.3,5.9,2.1,90.3,100.0,5.1,3.8,5.5,2.5,2,0,5.7,6.3,5.8,59.47,2,2
8233,23.0,0,2.3,8.1,7.8,1.5,91.1,58.3,5.991217524197657,4.5,5.9,1.0,2,0,5.6,5.1,6.37,49.53,2,2
8234,21.0,1,2.9,6.0,7.2,1.8,66.0,94.3,2.3,5.7,6.1,7.6,0,0,3.7,3.3,4.89,55.53,2,2
8235,20.134890807516506,1,6.5,5.1,8.2,7.2,77.7,31.7,9.7,1.9,6.8,3.9,0,1,4.9,3.2,6.88,32.58,1,1
8236,20.0,0,4.219583121504829,6.0,5.7,2.3,94.4,77.1,2.6,8.3,3.0,8.5,0,0,7.1,5.4,6.63,63.73,0,0
8237,22.0,1,5.6,6.3,8.3,4.8,75.6,65.0,6.6,2.8,6.3,6.8,0,0,7.1,11.8,5.82,54.78,2,2
8238,23.0,1,6.0,5.6,8.1,6.7,98.1,50.3,7.5,7.3,6.2,5.8,0,0,2.9,5.8,9.09,51.2,2,2
8239,21.0,1,3.7,7.3,6.5,4.4,88.9,98.5,5.1,2.4,6.2,5.7,0,0,4.2,11.2,8.72,55.66,2,2
8240,17.0,1,4.9,6.9,4.1,1.6,100.0,36.3,6.9,0.2,6.4,5.2,1,1,6.0,2.8,4.24,53.61,2,2
8241,22.0,0,4.7,8.0,9.1,1.7,76.0,99.9,7.1,3.0,3.9,3.0,0,1,5.2,4.1,7.06,66.38,0,0
8242,21.0,1,2.5,6.4,3.0,3.2,89.1,47.4,7.8,1.5,6.0,5.0,0,0,3.9,2.4,8.01,52.69,2,2
8243,16.0,1,4.8,7.7,3.6,7.1,89.5,94.0,7.3,2.1,6.0,2.9,2,0,5.9,1.3,7.11,70.38,0,0
8244,20.134890807516506,1,6.7,6.4,6.4,5.6,94.0,61.0,5.3,2.6,1.8,7.9,2,0,3.3,5.5447261663286005,4.81,49.98,2,2
8245,19.0,1,3.5,5.5,1.0,3.03210685483871,84.6,39.8,5.1,4.4,8.6,7.0,0,0,5.2,2.2,3.78,46.36,1,1
8246,21.0,0,4.5,6.3,9.9,2.6,94.5,66.8,10.0,3.4,3.5,5.6,1,0,4.3,12.8,6.16,65.36,0,0
8247,18.0,1,4.6,4.9,6.0,3.7,71.8,85.1,8.4,2.3,6.0,6.7,1,0,2.1,0.6,7.32,48.95,2,2
8248,21.0,0,3.6,9.3,9.8,3.3,79.3,58.8,4.5,3.5,1.0,8.3,0,1,0.8,3.3,4.86,54.2,2,2
8249,24.0,1,5.6,7.2,10.5,3.3,60.7,79.7,6.7,4.7,7.9,1.2,0,0,9.3,11.0,7.08,47.43,2,2
8250,23.0,1,2.8,6.0,5.6,1.4,76.5,87.4,6.9,2.9,4.2,5.5,1,0,0.9,1.8,5.02,58.4,2,2
8251,24.0,1,6.9,6.5,9.4,1.4,68.9,100.0,6.0,1.4,4.6,5.5,0,0,4.2,6.6,6.43,58.46,2,2
8252,25.0,1,5.5,3.8,3.3,3.6,84.3,76.1,9.9,3.4,3.3,6.0,1,1,4.4,4.1,6.489753023681269,56.36,2,2
8253,16.0,0,2.3,8.9,7.1,0.9,92.8,96.0,5.8,1.9,4.4,4.7,1,0,4.050203624516392,9.9,7.1,66.08,0,0
8254,21.0,1,7.6,8.7,4.8,1.9,87.3,90.3,5.8,0.3,5.8,7.4,0,1,6.2,6.2,4.8,59.51,2,2
8255,19.0,0,4.5,7.1,7.7,3.1,90.1,73.3,7.8,0.3,8.9,8.0,0,0,3.1,7.3,3.04,49.27,2,2
8256,23.0,1,2.8,7.4,8.2,3.6,81.2,95.6,3.9,2.1,7.4,5.6,0,0,3.3,0.1,10.0,61.31,2,2
8257,18.0,1,6.4,5.4,5.6,5.0,78.2,91.1,4.8,1.0,7.4,8.2,1,1,4.2,4.4,6.42,45.57,1,1
8258,25.0,1,5.2,5.4,7.4,0.7,64.8,72.0,9.2,2.2,2.9,7.0,1,0,0.0,6.8,6.63,65.79,0,0
8259,21.0,0,0.7,4.8,8.4,0.7,55.0,87.8,5.9,2.0,6.0,5.4,1,0,1.5,8.1,3.75,27.13,1,1
8260,23.0,1,3.1,6.8,6.5,5.4,60.4,79.9,4.2,4.7,4.6,6.4,0,0,7.1,1.9,4.51,51.13,2,2
8261,17.0,1,4.8,8.4,12.3,6.0,71.4,84.9,6.4,5.9,3.1,5.2,0,0,2.7,0.8,7.57,62.36,2,2
8262,18.0,1,0.0,6.5,5.7,1.1,91.9,100.0,6.3,2.3,4.1,7.1,2,1,0.0,4.6,7.44,61.09,2,2
8263,22.0,1,4.4,7.5,6.047861775435752,1.5,64.0,60.5,8.9,3.2008618067525094,5.5,8.3,0,0,0.1,4.2,5.54,48.17,2,2
8264,16.0,0,4.5,8.3,8.9,4.0,69.3,79.6,8.4,2.7,4.7,7.9,1,1,1.9,6.8,6.14,63.3,0,0
8265,23.0,0,1.8,4.9,1.4,3.1,73.9,75.6,6.5,2.1,6.2,6.6,0,0,2.6,2.7,5.62,41.05,1,1
8266,16.0,0,4.7,9.4,9.7,3.1,96.7,89.2,9.6,1.6,2.8,8.7,2,0,2.8,2.3,7.0,73.91,0,0
8267,21.0,0,4.2,8.5,8.7,1.6,79.5,66.9,8.8,1.6,10.0,5.7,0,1,7.5,0.8,6.04,52.33,2,2
8268,19.0,0,1.8,7.7,6.3,4.3,81.8,64.8,6.8,3.0,6.0,7.7,1,1,4.7,13.1,4.43,47.25,2,2
8269,21.0,1,6.0,8.2,6.9,2.6,85.3,73.8,4.1,1.3,4.4,3.9,1,1,6.9,5.5,7.52,64.62,0,0
8270,22.0,0,5.9,8.3,7.2,2.5,98.1,83.6,9.9,4.2,4.8,7.3,1,1,4.8,16.7,6.08,72.37,0,0
8271,19.0,1,3.6,7.4,9.4,1.0,81.1,66.8,8.8,3.1,2.3,7.2,0,0,5.1,5.5447261663286005,7.59,75.1,0,0
8272,17.0,1,3.8,6.976601980998585,5.0,4.4,57.1,27.2,3.3,9.1,2.1,5.4,0,0,3.2,2.1,4.39,36.27,1,1
8273,16.0,0,5.7,6.4,10.0,2.3,81.7,57.9,4.7,0.8,5.1,7.1,0,0,6.9,4.0,4.41,46.49,1,1
8274,21.0,0,3.8,7.6,3.3,2.9,98.7,100.0,3.1,3.4,6.0,5.9,1,1,1.3,3.7,6.33,59.93,2,2
8275,20.0,0,0.3,8.7,1.6,5.1,88.3,100.0,3.6,1.6,2.7,9.8,2,0,3.6,8.2,8.79,65.0,0,0
8276,22.0,0,5.2,3.5,7.5,1.1,82.8,66.1,8.8,2.2,3.5,6.6,2,0,0.7,1.0,5.31,27.64,1,1
8277,20.0,1,2.6,7.6,9.1,2.8,84.6,100.0,6.2,2.2,5.8,1.0,1,0,5.4,5.3,8.4,61.82,2,2
8278,19.0,1,3.4,7.9,5.6,0.2,56.1,69.1,4.5,1.8,3.2,3.3,0,0,7.8,2.7,4.55,48.52,2,2
8279,19.0,1,7.1,4.8,1.0,2.1,54.3,47.4,7.7,4.2,7.5,6.0,1,0,5.2,2.0,7.08,40.81,1,1
8280,16.0,0,3.9,7.4,2.3,5.3,91.6,69.5,7.8,1.2,6.2,2.7,1,0,0.0,4.6,7.76,61.81,2,2
8281,19.0,2,4.2,6.0,7.1,0.2,96.7,88.1,8.9,2.9,4.5,5.7,0,0,9.7,5.5447261663286005,5.73,75.2,0,0
8282,25.0,1,5.2,7.5,6.0,3.4,71.8,64.8,7.3,3.1,5.8,7.9,0,1,3.3,7.7,6.92,67.64,0,0
8283,23.0,1,5.2,6.9,9.2,5.9,82.5,85.9,7.4,4.5,3.6,7.9,0,1,5.7,1.6,5.29,62.53,2,2
8284,19.0,1,2.4,5.8,6.2,4.0,88.1,79.8,4.2,3.2008618067525094,3.7,7.6,0,1,4.2,5.3,7.35,47.96,2,2
8285,21.0,0,4.1,8.4,4.1,1.9,100.0,69.8,6.2,4.0,8.7,2.0,0,0,2.5,13.2,9.3,64.25,0,0
8286,23.0,0,4.3,6.5,6.8,1.0,79.0,89.0,5.9,1.1,9.2,7.9,1,0,1.0,3.0,7.03,61.88,2,2
8287,20.0,1,4.7,7.4,8.5,0.0,89.6,97.1,0.8,6.2,4.5,6.5,0,0,5.4,8.1,4.59,67.91,0,0
8288,16.0,2,4.8,8.7,9.4,5.8,100.0,74.2518720906699,6.8,2.4,5.5,10.0,2,1,6.4,7.4,6.77,74.99,0,0
8289,17.0,0,9.4,6.976601980998585,5.7,2.2,76.4,85.6,2.2,0.9,4.6,4.8,0,0,2.3,7.2,4.5,35.71,1,1
8290,20.0,1,1.8,7.0,6.2,0.0,80.8,48.8,7.6,4.6,8.0,7.6,0,1,0.5,4.7,3.52,47.47,2,2
8291,25.0,0,6.2,6.4,7.9,1.2,65.6,100.0,5.2,1.2,9.8,4.7,1,0,3.2,2.7,7.35,50.14,2,2
8292,22.0,1,6.6,6.6,4.1,1.1,66.3,65.4,5.2,3.6,4.2,4.5,1,1,8.4,5.2,7.29,70.04,0,0
8293,17.0,1,5.2,9.8,7.8,2.1,91.4,59.5,4.9,3.4,2.8,7.6,1,0,6.1,21.5,3.71,64.13,0,0
8294,18.0,1,2.9,7.6,5.4,7.3,95.5,91.0,4.7,1.8,7.5,2.7,1,1,3.7,5.1,5.06,58.8,2,2
8295,22.0,0,7.5,7.4,5.8,4.7,95.1,68.1,5.5,6.4,7.1,3.7,1,0,1.1,3.1,6.47,58.91,2,2
8296,23.0,0,0.0,7.7,6.0,3.9,66.6,62.5,8.0,5.5,8.3,6.4,0,1,4.8,3.1,9.19,42.21,1,1
8297,21.0,1,2.8,7.6,6.3,5.2,77.3,69.7,3.6,2.6,6.0,4.9,0,1,7.3,3.7,6.92,46.67,2,1
8298,21.0,2,6.5,4.6,10.8,6.3,86.2,53.1,6.0,3.9,1.0,6.5,0,1,4.4,10.4,5.27,35.38,1,1
8299,16.0,1,3.5,10.0,4.8,4.0,50.4,62.3,10.0,2.9,2.9,6.4,2,0,4.6,3.3,5.31,48.41,2,2
8300,23.0,0,7.4,5.1,5.0,5.6,85.9,93.4,4.5,2.1,9.5,5.5,1,0,5.9,9.3,4.89,53.36,2,2
8301,22.0,0,1.2,9.3,9.6,1.8,100.0,96.0,6.0,5.3,5.4,1.5,0,0,4.0,3.3,7.31,58.65,2,2
8302,18.0,1,2.0,7.8,7.1,1.4,94.8,76.2,7.9,3.1,3.6,6.4,1,0,2.8,1.4,3.58,61.28,2,2
8303,22.0,1,3.1,7.2,7.9,1.1,48.7,62.8,10.0,5.1,1.3,7.9,1,0,5.0,8.2,6.18,70.57,0,0
8304,18.0,0,5.0,6.6,3.4,3.5,85.2,82.4,9.4,7.0,6.6,7.0,1,0,5.6,6.5,9.34,78.53,0,0
8305,16.0,1,3.8,10.0,6.6,0.0,82.8,40.9,5.7,6.7,5.6,2.0,2,1,5.3,3.8,5.68,50.06,2,2
8306,18.0,0,3.2,7.8,8.0,5.4,83.5,96.1,6.9,1.6,2.8,4.6,1,0,1.3,2.6,7.03,49.95,2,2
8307,18.0,0,7.0,7.0,4.3,2.1,81.4,73.7,5.5,4.7,3.4,7.9,1,0,4.4,3.5,5.35,66.3,0,0
8308,19.0,0,7.2,6.3,7.6,4.5,75.8,56.4,8.4,3.3,5.542839731870811,9.0,0,0,0.0,5.5,7.75,54.73,2,2
8309,19.0,1,3.4,6.1,5.5,0.5,49.8,100.0,5.7,5.5,6.5,6.0,0,0,4.4,10.8,7.81,50.76,2,2
8310,20.0,1,0.8,7.1,4.4,5.0,84.0,75.8,9.7,4.1,9.2,2.3,2,0,4.0,2.6,7.98,55.14,2,2
8311,20.0,1,0.0,5.8,8.5,5.5,88.2,67.3,1.8,1.3,4.7,4.3,1,0,5.0,3.5,6.74,37.47,1,1
8312,18.0,0,4.7,7.9,8.8,3.2,72.8,100.0,7.3,4.7,9.1,4.2,0,0,2.7,6.1,8.2,56.48,2,2
8313,16.0,1,5.5,6.2,6.3,3.9,96.4,65.5,7.6,5.4,5.5,6.3,2,0,5.3,0.5,5.56,53.3,2,2
8314,21.0,1,4.3,8.3,7.1,1.2,58.7,88.5,0.5,0.8,3.7,6.0,1,1,6.4,8.6,4.77,43.46,1,1
8315,19.0,0,4.1,8.3,9.3,3.1,57.6,87.5,2.4,2.9,8.5,4.9,2,0,3.5,10.2,8.46,44.3,1,1
8316,19.0,0,2.6,6.9,5.0,4.8,81.1,59.7,8.9,0.7,6.5,1.7,2,0,0.3,4.4,3.64,40.15,1,1
8317,23.0,1,5.5,7.8,6.9,2.5,71.1,72.5,7.1,2.5,8.5,3.6,0,1,5.1,6.9,6.51,50.64,2,2
8318,22.0,2,7.6,7.8,5.0,5.7,92.6,70.5,7.7,3.3,6.3,6.7,0,0,2.8,3.0,3.44,62.55,2,2
8319,23.0,0,0.0,5.1,3.5,0.0,74.4,43.2,9.7,0.2,10.0,5.3,0,0,4.8,1.0,6.79,25.83,1,1
8320,20.0,1,4.0,9.3,5.0,2.4,97.7,39.6,5.2,2.2,6.1,5.3,0,0,4.1,4.0,5.18,47.05,2,2
8321,17.0,1,2.3,6.7,3.2,0.0,70.6,35.8,9.7,0.6,6.6,3.2,1,1,0.0,2.7,9.73,49.39,2,2
8322,22.0,0,1.2,7.9,7.1,3.6,81.9,66.9,10.0,2.0,3.9,8.8,2,0,4.6,4.8,8.02,71.63,0,0
8323,18.0,0,1.9,7.9,4.1,2.6,54.2,57.1,8.8,6.4,7.6,1.0,0,0,6.2,5.0,6.35,60.28,2,2
8324,20.0,1,5.0,3.8,2.5,2.7,79.3,58.2,7.0,2.5,5.2,9.4,1,0,2.7,7.8,6.0,45.03,1,1
8325,16.0,1,5.0,6.1,7.9,4.3,80.9,67.4,5.9,2.8,7.0,6.9,0,0,0.0,3.7,6.42,44.77,1,1
8326,23.0,1,7.1,8.1,7.7,2.5,95.7,75.1,6.5,4.4,8.7,4.7,1,1,5.0,1.7,9.03,67.08,0,0
8327,17.0,0,4.2,7.1,5.2,8.1,60.4,69.4,6.4,10.0,5.6,5.2,1,0,3.4,1.6,7.39,51.47,2,2
8328,24.0,1,0.7,7.9,7.8,4.5,76.3,62.3,6.1,3.6,7.0,5.5,1,0,8.6,2.1,5.25,34.79,1,1
8329,23.0,1,4.219583121504829,7.1,4.0,3.1,98.9,100.0,3.6,1.3,8.6,7.3,1,1,1.0,8.4,6.84,61.5,2,2
8330,20.0,0,1.4,8.6,5.1,1.8,100.0,71.4,6.9,3.1,3.3,5.7,0,1,9.1,0.6,2.98,63.19,0,0
8331,22.0,0,1.8,7.1,7.0,1.4,69.2,93.0,6.5,3.9,5.8,9.0,0,1,6.2,3.6,7.76,70.41,0,0
8332,21.0,0,5.4,8.9,8.6,3.8,71.1,52.7,9.0,0.5,1.9,3.3,0,0,4.0,2.0,9.59,55.75,2,2
8333,23.0,1,4.6,5.7,5.0,2.1,57.9,99.0,7.3,3.3,5.2,7.6,2,1,2.2,6.3,5.24,53.17,2,2
8334,20.0,1,5.4,6.8,4.5,4.8,79.81730107309173,65.1,4.4,3.7,7.6,7.9,0,0,2.1,6.9,7.66,50.89,2,2
8335,22.0,1,3.5,6.2,8.5,2.9,74.9,100.0,3.6,5.7,1.5,3.7,2,0,3.8,3.1,4.45,44.64,1,1
8336,20.0,2,5.8,7.5,7.5,2.9,71.6,51.4,6.0,2.2,3.6,6.5,2,0,7.0,2.5,3.94,49.21,2,2
8337,24.0,0,3.4,6.6,6.4,3.2,100.0,55.8,4.1,0.9,2.7,6.0,0,0,1.0,13.0,3.01,56.8,2,2
8338,20.0,1,6.4,6.7,9.0,2.7,84.5,71.6,6.3,7.2,7.4,7.1,1,0,3.6,8.6,7.21,62.58,2,2
8339,20.0,1,4.9,6.1,10.9,3.5,77.3,68.6,4.5,1.6,6.6,6.4,2,0,2.0,7.4,7.52,40.81,1,1
8340,22.0,0,3.8,6.4,6.9,6.7,88.5,53.9,8.8,2.1,8.1,5.7,0,1,4.050203624516392,2.1,6.28,53.73,2,2
8341,23.0,0,4.6,7.0,4.5,4.0,93.4,100.0,7.3,4.0,7.6,5.5,0,0,5.9,2.1,7.19,80.16,0,0
8342,20.0,1,4.2,4.4,7.2,3.8,95.8,99.6,8.2,3.4,4.3,5.7,0,0,3.8,8.6,4.28,58.61,2,2
8343,18.0,0,7.4,4.0,4.0,4.4,83.4,68.9,5.6,4.0,5.2,4.4,0,1,5.2,9.3,7.57,34.99,1,1
8344,20.0,0,4.7,7.1,9.1,2.8,79.7,93.2,6.4,1.9,4.7,4.5,0,0,3.9,1.7,9.85,66.75,0,0
8345,25.0,0,4.2,3.4,4.2,1.3,82.1,100.0,8.0,1.7,8.7,5.5,1,1,0.0,11.3,6.75,39.08,1,1
8346,22.0,0,3.7,6.7,5.5,0.0,79.2,74.8,6.8,2.9,6.7,7.5,0,1,0.0,8.4,7.04,65.7,0,0
8347,23.0,0,5.9,6.5,3.9,0.0,73.1,62.9,7.6,6.6,7.6,4.1,1,0,2.2,1.0,6.87,57.87,2,2
8348,16.0,0,5.6,7.7,6.5,4.3,93.6,98.1,4.5,7.4,7.1,7.3,0,0,7.4,4.7,6.36,68.68,0,0
8349,20.0,2,3.7,6.1,6.5,3.7,77.5,95.3,7.9,2.2,4.4,1.6,0,1,7.1,3.5,7.98,55.74,2,2
8350,21.0,1,1.9,9.0,7.9,2.7,66.8,52.4,4.7,1.4,3.5,4.3,0,1,2.7,6.1,6.52,42.22,1,1
8351,23.0,1,2.4,8.1,6.3,7.3,80.3,100.0,10.0,2.6,6.6,7.0,1,1,5.7,5.5447261663286005,8.15,70.44,0,0
8352,16.0,0,3.8,5.0,6.1,2.9,89.3,56.6,6.4,4.6,8.7,9.1,2,0,6.0,17.2,7.59,63.85,0,0
8353,23.0,0,6.9,6.6,4.6,0.0,61.1,81.8,8.4,4.9,6.2,7.2,0,0,6.8,2.5,7.81,75.0,0,0
8354,20.0,0,3.7,9.0,5.3,4.4,76.5,74.2518720906699,5.0,3.2008618067525094,2.9,4.7,2,1,4.5,4.6,8.69,47.79,2,2
8355,20.134890807516506,1,3.0,6.1,2.5,5.1,69.6,78.0,5.5,0.1,6.7,8.6,2,0,1.9,1.4,8.48,60.37,2,2
8356,19.0,0,0.7,6.9,9.5,4.3,100.0,77.1,5.4,2.7,4.4,6.6,0,0,9.5,6.6,4.01,59.56,2,2
8357,18.0,1,7.2,8.8,5.8,5.1,81.2,100.0,2.1,6.9,1.6,5.6,0,0,5.4,8.4,5.34,55.46,2,2
8358,20.0,0,5.3,6.3,10.1,0.0,100.0,45.8,0.2,5.7,9.0,5.5,0,0,4.1,5.0,3.48,46.15,1,1
8359,16.0,1,5.8,8.5,5.7,3.2,83.2,61.1,5.4,7.9,3.7,6.9,1,1,4.1,7.4,6.34,68.81,0,0
8360,17.0,1,6.1,5.8,1.2,1.5,84.3,66.6,1.8,3.7,8.3,7.0,1,0,4.1,8.0,4.75,55.09,2,2
8361,23.0,1,3.9,3.2,4.9,3.9,79.2,80.9,6.6,1.5,8.5,3.4,1,1,6.4,5.5447261663286005,9.16,22.55,1,1
8362,17.0,0,4.219583121504829,8.6,6.0,5.7,77.1,69.4,5.7,2.9,6.4,5.2,1,0,2.2,6.1,3.73,53.86,2,2
8363,18.0,1,7.2,7.6,6.2,2.3,79.0,35.4,0.0,3.0,3.6,5.6,0,1,6.5,4.4,8.82,45.07,1,1
8364,20.0,1,4.6,7.7,7.7,4.2,71.5,88.3,4.8,2.3,8.1,4.6,1,0,3.2,4.0,5.53,49.0,2,2
8365,20.0,1,5.4,5.6,6.4,1.4,79.9,99.0,5.9,6.3,3.7,8.8,0,1,2.5,1.8,3.36,65.42,0,0
8366,22.0,1,5.9,5.7,5.2,3.0,58.9,82.8,9.1,0.8,5.4,7.4,1,1,5.3,5.2,6.489753023681269,64.81,0,0
8367,20.0,2,5.5,8.5,3.7,2.1,82.3,66.8,5.0,1.7,5.0,3.6,1,1,8.7,1.8,5.14,65.43,0,0
8368,22.0,1,4.219583121504829,7.3,5.0,6.2,64.3,78.7,2.4,2.7,4.7,9.1,0,0,6.7,3.1,4.65,59.59,2,2
8369,21.0,1,4.1,6.8,7.5,1.1,81.2,53.1,2.1,2.3,6.0,7.7,2,1,3.2,11.3,5.59,51.07,2,2
8370,17.0,0,5.8,7.3,8.1,3.2,84.2,94.1,4.9,0.7,1.8,4.3,0,0,10.0,11.4,8.55,82.23,0,0
8371,17.0,0,5.8,9.0,4.3,5.5,98.4,84.0,3.8,3.2008618067525094,4.0,3.9,0,0,5.9,4.8,5.63,66.18,0,0
8372,20.0,0,6.5,7.9,8.5,0.0,84.1,65.4,5.5,3.6,3.5,5.6,1,0,6.2,3.6,10.0,67.79,0,0
8373,19.0,0,5.3,6.4,7.4,3.8,76.5,76.5,6.4,1.9,6.7,2.8,2,1,3.6,7.1,8.07,52.92,2,2
8374,22.0,2,5.4,5.2,3.8,3.2,71.8,93.6,7.2,3.3,7.1,8.5,0,0,4.050203624516392,4.5,5.6,60.48,2,2
8375,21.0,1,3.3,7.8,6.6,1.8,89.3,96.0,7.2,3.2,5.1,4.8,1,0,2.9,13.2,7.41,62.54,2,2
8376,19.0,2,3.0,5.8,6.9,5.2,78.7,73.7,4.7,11.4,6.9,7.5,2,1,5.4,3.1,5.68,49.92,2,2
8377,18.0,0,5.8,5.5,3.3,6.1,70.2,100.0,7.4,1.6,5.4,5.7,2,1,7.3,8.5,6.33,53.63,2,2
8378,18.0,0,3.1,8.7,2.6,4.2,82.0,99.6,2.6,7.4,4.9,4.9,1,1,4.4,8.3,7.41,63.95,0,0
8379,21.0,0,4.2,8.1,7.2,2.5,55.9,84.5,6.3,2.2,6.2,6.7,0,0,4.8,4.7,8.27,54.4,2,2
8380,19.0,0,7.0,7.5,4.9,0.4,81.0,67.9,6.5,3.5,6.0,6.3,1,0,6.6,4.9,4.5,64.91,0,0
8381,20.0,1,6.6,5.4,9.8,3.3,69.9,68.4,6.3,12.7,3.2,5.4,1,1,0.0,6.9,3.48,37.9,1,1
8382,18.0,1,4.8,9.3,10.3,2.7,75.8,78.6,3.7,1.5,7.6,5.6,1,0,0.0,10.0,7.53,44.43,1,1
8383,21.0,2,3.6,8.3,7.2,2.8,100.0,73.0,4.0,5.0,2.3,7.7,2,0,3.4,6.2,6.65,67.54,0,0
8384,23.0,0,4.0,6.6,8.4,2.1,73.7,100.0,7.4,3.2,2.6,4.1,0,0,0.0,3.8,5.52,61.31,2,2
8385,18.0,1,5.9,6.3,3.4,1.9,90.3,58.1,5.1,2.8,3.2,10.0,0,0,1.2,7.7,5.67,69.05,0,0
8386,20.0,0,4.1,7.1,2.7,3.1,93.6,84.1,7.3,3.9,5.5,5.957923664122137,2,1,4.1,5.8,5.9,75.66,0,0
8387,25.0,0,3.1,6.4,5.6,0.8,91.1,39.0,4.7,3.7,8.9,6.0,1,0,1.7,5.7,8.47,45.82,1,1
8388,19.0,1,6.6,9.9,2.8,4.9,84.8,81.8,10.0,1.3,8.3,6.8,0,1,1.5,3.5,6.15,64.3,0,0
8389,21.0,0,4.6,6.5,6.8,1.6,65.6,90.7,5.4,1.1,3.5,5.5,0,0,7.0,5.0,4.34,56.25,2,2
8390,17.0,0,3.0,5.6,4.0,3.2,71.5,100.0,8.6,6.5,5.3,3.9,0,0,4.8,1.6,5.99,68.7,0,0
8391,21.0,1,5.2,9.1,6.047861775435752,2.4,64.8,64.4,10.0,4.3,2.8,7.0,1,1,0.0,1.9,6.8,67.83,0,0
8392,17.0,2,6.1,6.3,5.6,4.2,75.4,62.2,8.4,6.5,4.0,6.0,0,0,6.7,7.1,6.489753023681269,70.38,0,0
8393,25.0,1,2.2,8.0,7.6,4.1,75.6,93.4,5.2,4.6,9.7,7.5,0,0,4.1,7.1,7.45,59.25,2,2
8394,22.0,1,3.8,7.9,6.8,3.9,68.1,96.5,5.8,0.9,5.1,6.1,2,1,6.3,7.3,8.98,65.1,0,0
8395,22.0,1,3.7,6.9,5.0,0.9,87.1,70.9,0.0,3.7,8.1,4.5,2,1,0.6,5.5447261663286005,6.03,39.13,1,1
8396,22.0,0,5.1,5.7,2.6,2.7,73.6,39.7,0.9,2.1,7.3,5.3,1,0,4.5,5.1,5.94,41.41,1,1
8397,21.0,1,5.5,6.9,6.4,5.9,75.3,55.9,6.0,1.8,4.0,5.957923664122137,0,1,3.7,6.4,8.48,61.58,2,2
8398,20.0,1,3.1,5.5,1.6,2.4,59.6,73.3,4.7,0.8,3.6,5.3,0,0,5.4,1.8,4.69,48.13,2,2
8399,23.0,0,1.2,7.0,9.1,4.9,80.9,49.5,3.5,1.7,5.4,8.4,2,0,3.8,13.5,7.19,37.37,1,1
8400,25.0,1,6.3,8.0,7.3,3.0,78.8,88.1,6.1,1.6,5.2,4.7,1,0,0.8,2.5,6.0,60.59,2,2
8401,20.0,0,2.0,6.976601980998585,8.1,2.4,72.2,61.1,4.7,10.5,7.5,5.8,0,1,3.3,2.6,10.0,49.91,2,2
8402,24.0,0,4.7,5.6,3.6,3.3,85.0,73.7,3.9,6.6,4.9,9.1,2,0,4.6,6.7,4.29,56.65,2,2
8403,21.0,2,3.9,6.7,6.9,1.5,81.5,94.7,8.2,5.5,7.4,6.7,2,0,0.0,2.7,5.09,60.28,2,2
8404,20.0,0,4.5,6.3,4.3,4.6,87.6,81.6,3.2,2.6,4.0,9.1,0,0,0.0,5.2,7.53,64.51,0,0
8405,20.0,1,7.5,7.4,6.4,1.5,88.2,100.0,7.5,2.4,5.6,8.5,2,0,3.2,4.7,6.73,63.15,0,0
8406,18.0,1,10.3,5.0,3.5,4.0,89.3,100.0,6.5,1.0,3.3,1.0,1,0,6.0,4.4,4.19,36.24,1,1
8407,16.0,0,0.9,5.8,5.8,4.9,100.0,56.3,9.0,5.8,1.8,4.5,0,1,3.0,1.4,7.18,60.46,2,2
8408,18.0,0,6.2,4.8,2.6,3.8,81.7,85.7,5.0,2.2,3.5,10.0,1,0,0.0,9.4,3.33,51.53,2,2
8409,20.0,1,3.9,5.1,5.6,2.0,67.7,77.8,5.991217524197657,6.2,6.6,4.5,2,0,3.3,14.9,4.29,28.11,1,1
8410,19.0,0,6.3,6.1,1.9,3.3,74.4,96.4,4.6,5.6,8.5,6.9,0,0,3.6,2.9,4.5,45.34,1,1
8411,20.0,0,6.1,9.2,10.4,1.7,74.8,84.4,5.9,3.8,5.2,8.3,0,1,2.2,3.6,6.97,59.18,2,2
8412,25.0,1,7.0,7.5,6.4,2.6,68.0,66.0,8.2,6.1,6.5,9.2,2,1,3.6,8.9,9.61,62.61,2,2
8413,19.0,2,4.8,7.1,6.0,2.1,47.3,83.6,7.8,1.5,4.8,5.1,0,0,3.4,3.0,6.54,66.49,0,0
8414,20.134890807516506,2,4.219583121504829,8.8,7.7,1.6,83.0,68.4,5.5,2.8,4.5,7.7,2,1,3.3,5.8,7.74,62.73,2,2
8415,17.0,0,6.1,7.5,2.8,4.1,80.4,63.4,5.8,8.9,7.9,8.0,0,0,4.5,3.1,7.33,61.77,2,2
8416,16.0,0,4.4,7.6,4.0,4.8,100.0,73.0,7.5,3.9,8.4,3.5,1,0,2.0,1.3,9.53,70.89,0,0
8417,22.0,1,3.7,6.4,7.3,4.9,100.0,79.5,8.3,5.0,8.6,5.957923664122137,2,1,0.0,3.1,10.0,67.17,0,0
8418,21.0,0,3.2,6.2,6.4,3.4,88.8,98.4,6.7,1.8,7.3,8.2,2,1,0.0,12.2,6.9,48.53,2,2
8419,22.0,0,6.2,5.3,4.2,5.6,87.3,66.1,6.6,4.6,4.8,6.2,1,0,5.8,5.3,8.55,59.24,2,2
8420,17.0,2,7.4,6.2,7.6,3.03210685483871,69.2,40.5,6.5,2.7,4.2,7.8,1,0,1.2,13.4,5.58,52.35,2,2
8421,21.0,0,4.219583121504829,6.6,6.8,5.3,82.5,71.5,6.6,1.7,1.8,8.6,1,1,4.8,0.2,5.19,62.78,2,2
8422,18.0,1,5.4,7.4,7.3,4.6,78.5,79.6,6.6,2.1,9.8,4.7,1,0,6.2,11.4,8.46,55.36,2,2
8423,18.0,0,3.5,7.0,7.0,3.1,81.9,78.3,3.8,5.4,2.2,8.8,0,0,2.8,6.1,4.75,61.81,2,2
8424,16.0,0,1.3,6.5,4.3,3.4,70.0,70.4,2.4,3.0,5.6,10.0,0,1,7.4,4.7,4.83,42.99,1,1
8425,17.0,1,4.5,5.8,5.8,4.9,85.4,92.1,4.1,0.9,2.0,10.0,0,1,7.1,10.6,4.74,63.47,0,0
8426,19.0,1,2.5,7.5,1.4,4.2,62.2,80.6,5.0,6.9,7.9,5.8,0,1,7.2,4.9,8.66,60.74,2,2
8427,17.0,0,1.0,6.4,4.7,3.5,100.0,85.9,7.4,6.6,6.3,8.6,0,0,8.3,9.4,3.8,66.4,0,0
8428,25.0,1,2.6,7.5,5.4,2.2,79.81730107309173,41.9,5.4,4.8,8.4,5.9,2,1,4.050203624516392,7.1,8.39,58.58,2,2
8429,19.0,1,2.1,4.5,7.6,1.3,97.3,71.9,6.4,1.4,6.0,3.5,0,0,6.6,2.1,6.37,26.4,1,1
8430,17.0,1,2.9,7.4,7.3,3.2,63.4,72.5,5.991217524197657,1.9,7.0,5.9,1,0,0.0,3.1,9.57,49.13,2,2
8431,18.0,2,1.5,8.0,4.1,0.9,58.9,100.0,7.1,6.7,6.3,6.9,0,1,3.6,5.9,7.87,66.54,0,0
8432,21.0,0,3.4,7.8,4.1,4.3,83.6,73.1,5.1,1.8,8.3,5.5,0,0,5.7,11.5,8.74,52.56,2,2
8433,16.0,1,2.8,6.7,9.3,0.0,76.0,63.1,4.4,7.8,6.3,3.9,1,0,3.7,1.2,7.78,56.71,2,2
8434,23.0,0,5.0,8.2,5.3,3.6,100.0,62.1,2.4,0.6,7.7,7.2,1,0,1.6,4.3,6.54,55.28,2,2
8435,25.0,0,5.4,5.3,6.3,2.5,88.2,92.6,6.7,3.6,9.9,10.0,0,0,5.7,3.7,8.49,69.27,0,0
8436,18.0,1,4.7,6.9,8.0,2.2,79.5,64.6,0.0,4.0,3.7,5.4,2,0,9.3,5.7,6.83,43.2,1,1
8437,20.0,1,3.7,6.7,5.8,2.5,99.2,59.6,6.4,3.7,3.9,5.957923664122137,0,0,4.4,4.1,6.31,61.1,2,2
8438,16.0,0,3.7,8.3,5.6,0.0,82.4,91.5,8.0,4.2,8.2,6.0,0,0,2.7,7.7,5.05,67.73,0,0
8439,21.0,1,2.5,4.4,5.2,2.2,83.0,82.1,5.7,1.8,6.0,7.7,0,0,6.9,5.1,7.32,50.46,2,2
8440,19.0,0,2.6,5.6,4.7,1.4,93.5,70.7,6.8,6.6,6.1,6.1,0,0,4.1,5.2,8.2,65.83,0,0
8441,18.0,1,5.6,9.3,6.4,1.5,71.2,51.1,5.1,3.3,7.0,6.7,0,0,6.2,7.2,6.17,40.63,1,1
8442,18.0,1,0.7,3.8,1.4,8.6,93.2,85.0,6.0,4.5,6.0,8.5,2,0,0.0,8.1,7.36,40.17,1,1
8443,21.0,2,4.0,8.1,5.1,0.5,87.4,89.9,5.6,4.4,2.0,8.6,1,1,2.7,7.2,6.29,74.13,0,0
8444,19.0,1,3.6,6.1,7.4,3.7,68.0,57.8,7.5,0.9,6.1,10.0,2,0,3.4,1.8,5.9,45.68,1,1
8445,18.0,0,5.4,7.3,7.1,1.6,100.0,81.6,5.4,2.4,3.1,5.4,1,0,0.2,2.6,4.12,55.52,2,2
8446,22.0,1,1.3,8.8,9.5,1.4,74.1,73.2,3.4,2.2,6.7,4.8,2,1,1.5,2.3,7.64,41.44,1,1
8447,20.134890807516506,1,4.2,7.4,8.1,0.6,58.8,59.1,6.7,0.7,6.5,1.8,0,0,3.6,3.2,7.64,38.47,1,1
8448,23.0,1,4.9,8.9,7.0,5.0,69.9,67.0,5.7,0.1,6.2,5.5,1,0,4.4,3.0,8.05,46.42,1,1
8449,17.0,1,0.4,6.4,6.1,5.2,66.5,74.2,4.5,1.3,5.2,4.6,2,1,4.6,3.5,7.18,30.55,1,1
8450,22.0,1,2.1,6.5,4.9,1.9,82.5,51.3,7.4,1.1,10.0,6.4,1,1,5.9,3.8,5.67,50.26,2,2
8451,21.0,1,4.0,8.0,7.3,4.6,79.81730107309173,85.3,10.0,12.0,10.0,5.6,0,1,7.5,5.6,10.0,82.44,0,0
8452,20.134890807516506,0,5.2,6.4,6.8,1.1,83.2,62.2,7.0,1.3,1.6,1.3,1,0,5.7,1.6,8.06,59.22,2,2
8453,22.0,0,4.6,7.8,5.1,2.3,100.0,62.9,7.8,3.5,4.5,2.6,1,0,0.0,5.6,6.31,66.7,0,0
8454,20.0,1,5.3,8.5,3.8,4.2,93.9,84.1,6.3,4.0,9.3,4.3,0,0,3.7,9.7,5.35,60.01,2,2
8455,24.0,0,2.0,8.1,5.9,1.2,45.3,66.9,9.1,2.5,7.7,5.4,1,0,1.5,9.7,6.84,43.1,1,1
8456,17.0,1,1.0,4.9,8.9,1.7,91.7,71.1,7.4,4.0,4.9,10.0,2,0,1.9,1.2,6.489753023681269,43.48,1,1
8457,21.0,1,4.4,6.6,6.3,3.0,72.4,73.1,4.8,2.4,8.2,6.0,1,0,4.6,5.0,10.0,51.97,2,2
8458,19.0,0,1.7,7.4,6.1,3.1,86.7,61.0,7.3,1.3,3.8,6.2,0,1,4.0,2.6,5.99,51.86,2,2
8459,25.0,1,2.5,6.7,7.1,1.1,79.2,65.7,6.9,2.3,3.9,5.0,0,1,6.3,2.6,8.47,50.34,2,2
8460,19.0,0,6.1,7.1,7.2,7.0,100.0,74.7,5.1,4.7,5.5,4.4,0,0,2.4,1.6,6.6,50.2,2,2
8461,25.0,1,4.6,7.4,6.6,1.5,85.7,74.7,8.7,1.2,6.6,7.4,1,0,6.0,6.3,7.12,75.67,0,0
8462,24.0,0,3.1,6.3,5.9,4.7,87.6,84.5,3.2,4.1,6.5,8.6,1,1,2.9,9.9,6.09,62.4,2,2
8463,18.0,0,2.8,6.7,4.7,4.1,94.0,85.3,6.8,2.6,6.1,10.0,2,1,1.9,1.7,5.1,65.98,0,0
8464,23.0,1,5.4,5.5,8.5,1.6,60.6,96.9,5.1,6.5,5.9,7.3,1,0,6.1,14.2,6.46,60.71,2,2
8465,25.0,1,4.6,6.4,4.9,3.8,94.1,47.9,2.5,3.3,5.1,5.1,0,0,9.0,2.4,5.94,48.47,2,2
8466,18.0,0,1.8,5.0,9.9,1.5,77.2,91.4,6.3,2.5,4.6,6.7,0,0,4.2,8.7,8.99,49.57,2,2
8467,20.0,0,0.3,7.2,6.4,3.1,71.0,68.9,5.1,2.5,5.5,7.9,2,0,1.7,2.4,6.92,46.48,1,1
8468,20.0,1,8.0,6.7,6.1,4.5,90.7,86.8,4.7,4.2,6.2,7.6,2,1,5.5,5.5,7.05,60.73,2,2
8469,19.0,1,1.8,5.8,7.9,2.0,60.7,81.1,3.7,5.0,3.7,6.4,0,1,3.4,5.7,7.05,44.64,1,1
8470,16.0,1,5.3,9.3,4.4,3.7,92.2,64.6,10.0,0.7,2.5,6.7,0,1,5.2,4.3,4.77,63.53,0,0
8471,18.0,0,7.2,6.7,7.4,2.0,78.0,74.2518720906699,0.6,0.9,5.7,7.0,0,0,4.4,8.3,6.11,45.64,1,1
8472,18.0,0,4.5,7.4,6.3,3.3,78.7,88.7,1.2,6.6,5.9,4.4,0,0,7.7,1.0,5.22,57.79,2,2
8473,20.0,1,3.0,6.2,7.0,3.2,50.8,82.6,7.2,14.2,4.7,1.5,1,0,6.6,5.1,6.21,38.28,1,1
8474,18.0,1,1.3,6.5,4.3,2.3,91.7,100.0,7.0,8.0,4.3,6.1,2,0,6.2,0.7,6.94,68.34,0,0
8475,23.0,0,1.3,7.4,4.3,0.0,83.2,57.5,2.9,5.8,5.9,7.8,0,0,8.5,3.2,8.92,64.68,0,0
8476,22.0,0,5.0,6.6,1.4,4.4,73.9,75.5,4.7,1.3,5.4,2.8,1,0,5.9,1.0,6.47,63.4,0,0
8477,17.0,0,7.1,7.0,4.9,6.6,67.9,85.1,7.4,4.0,5.4,4.5,0,0,5.2,5.7,8.43,52.62,2,2
8478,21.0,1,3.4,8.0,4.7,3.3,90.2,55.8,5.4,5.4,9.8,1.0,2,0,1.7,3.7,5.44,41.76,1,1
8479,20.134890807516506,0,3.1,6.3,4.3,1.9,84.5,63.0,7.8,1.8,1.5,4.6,0,0,0.3,3.5,8.19,74.94,0,0
8480,25.0,0,5.6,5.3,5.7,3.4,80.1,92.9,5.9,5.0,2.7,2.8,1,0,5.7,3.8,6.56,51.3,2,2
8481,16.0,1,2.8,5.0,6.2,5.1,67.2,66.1,4.9,2.3,5.1,1.0,0,0,8.0,0.2,6.41,18.56,1,1
8482,18.0,2,4.7,8.9,7.2,5.3,83.9,90.7,2.8,1.8,7.1,3.9,0,0,8.1,5.5447261663286005,5.3,47.92,2,2
8483,24.0,0,4.3,8.2,7.4,4.6,83.2,63.7,5.9,6.9,4.0,4.9,1,1,2.5,9.1,7.64,57.56,2,2
8484,24.0,0,3.4,7.9,7.6,3.8,97.1,100.0,4.6,2.8,2.9,5.1,0,1,1.0,4.6,5.86,65.32,0,0
8485,22.0,0,4.2,6.4,7.7,4.2,64.4,32.8,8.2,2.0,5.1,4.9,1,0,3.5,5.5447261663286005,5.39,51.0,2,2
8486,22.0,1,7.7,5.3,6.7,3.2,70.7,93.2,8.1,3.7,5.1,5.7,2,0,4.050203624516392,3.4,5.54,43.79,1,1
8487,17.0,1,5.4,6.6,6.1,1.3,100.0,79.5,5.991217524197657,0.3,1.7,9.7,1,0,4.050203624516392,8.4,5.72,74.17,0,0
8488,20.0,1,6.4,6.9,8.3,2.3,82.5,47.4,5.9,1.1,6.4,4.7,1,0,4.0,8.8,8.23,48.22,2,2
8489,18.0,0,2.4,5.5,7.7,2.4,83.3,71.0,5.2,4.1,5.2,9.3,0,1,5.0,4.2,10.0,54.63,2,2
8490,18.0,1,6.4,5.1,2.3,3.5,92.6,40.3,4.8,3.2,6.6,9.7,2,0,3.5,5.1,9.12,50.35,2,2
8491,23.0,0,5.5,4.8,5.6,0.0,100.0,81.3,3.6,2.5,6.5,5.1,1,0,0.6,10.3,8.17,49.23,2,2
8492,17.0,1,1.2,7.9,6.047861775435752,3.9,64.9,64.3,6.1,4.2,1.0,3.2,1,1,7.5,9.5,5.81,56.87,2,2
8493,20.0,0,5.3,5.4,6.047861775435752,0.0,100.0,39.9,5.4,1.9,5.4,6.8,0,0,3.7,4.2,7.47,51.93,2,2
8494,24.0,0,3.2,7.4,4.7,3.7,79.4,78.0,9.3,1.5,5.3,9.5,1,1,4.4,3.7,4.21,61.88,2,2
8495,18.0,0,1.1,6.5,5.7,5.1,83.4,77.6,5.2,2.2,4.5,1.0,0,0,1.9,1.1,6.42,37.94,1,1
8496,25.0,0,4.5,7.8,4.9,4.6,80.8,100.0,10.0,1.3,6.1,5.4,0,0,4.4,3.5,6.92,76.65,0,0
8497,25.0,2,5.3,7.4,1.6,1.4,99.5,89.9,10.0,7.4,4.8,6.3,0,0,7.9,3.6,6.489753023681269,90.25,0,0
8498,20.0,1,4.5,6.7,7.9,4.1,92.5,32.0,4.4,5.2,3.9,9.8,1,1,2.7,12.5,10.0,63.21,0,0
8499,18.0,1,4.0,7.2,4.2,4.3,78.1,65.5,5.8,0.9,5.0,2.0,0,1,5.9,14.2,6.42,50.03,2,2
8500,19.0,1,3.5,6.9,7.2,6.1,65.4,94.9,2.6,4.8,3.7,6.8,0,0,5.4,3.2,8.14,63.0,2,2
8501,19.0,0,9.1,6.2,4.3,3.7,76.8,45.7,5.1,2.5,5.7,7.6,2,0,1.7,5.7,7.59,48.32,2,2
8502,19.0,1,1.8,8.3,4.8,4.8,62.6,61.1,6.8,2.7,4.3,4.1,1,0,3.3,11.8,8.17,49.58,2,2
8503,18.0,0,5.9,6.5,7.1,2.2,91.6,75.0,6.5,5.7,4.8,6.6,2,1,6.8,7.0,6.91,75.07,0,0
8504,25.0,1,4.2,6.9,5.1,1.5,71.2,65.5,4.2,2.4,2.2,6.7,1,0,8.0,10.6,10.0,68.68,0,0
8505,17.0,0,2.5,5.2,6.4,4.6,78.7,100.0,5.8,5.2,3.0,8.7,2,1,7.4,1.6,4.5,51.27,2,2
8506,22.0,0,4.219583121504829,7.4,6.7,4.6,95.3,78.3,7.1,2.9,6.3,8.9,0,0,5.5,5.7,5.73,69.4,0,0
8507,16.0,0,1.4,6.2,2.4,1.9,90.5,75.6,5.7,1.5,8.3,6.7,0,1,3.0,4.3,7.24,54.38,2,2
8508,21.0,0,3.0,6.4,7.2,0.8,85.0,58.5,9.0,0.7,5.5,6.4,0,0,2.5,3.2,6.89,58.41,2,2
8509,24.0,1,4.1,5.9,3.7,3.2,69.7,55.2,5.8,6.5,9.2,3.2,1,1,4.5,4.3,6.8,49.87,2,2
8510,18.0,1,1.1,6.8,3.2,3.1,86.3,76.9,2.5,4.1,6.7,6.2,0,0,2.5,9.9,7.71,45.96,1,1
8511,18.0,0,5.2,4.4,4.2,3.4,69.7,73.6,2.5,3.9,4.9,6.1,0,0,0.4,5.0,4.46,43.95,1,1
8512,21.0,1,2.3,7.9,8.0,4.6,86.4,53.1,5.2,0.2,8.9,4.1,1,0,5.5,3.3,6.83,36.54,1,1
8513,22.0,0,1.3,6.9,2.0,4.9,63.0,79.2,3.4,0.7,3.7,7.9,0,0,4.5,8.0,7.39,55.42,2,2
8514,22.0,0,2.0,6.4,7.6,3.0,95.7,76.0,2.4,0.5,6.3,6.8,0,0,3.6,0.9,6.99,50.91,2,2
8515,19.0,0,8.6,5.0,6.8,1.2,82.6,69.5,5.1,1.3,5.9,6.6,0,0,3.6,3.7,4.26,35.7,1,1
8516,18.0,1,0.2,7.6,6.2,1.7,79.8,96.5,7.8,3.3,1.0,7.2,1,0,6.6,5.7,5.83,69.81,0,0
8517,25.0,0,5.1,6.2,6.6,1.9,85.1,74.8,5.0,2.1,4.9,4.1,0,0,7.4,4.0,4.99,42.86,1,1
8518,24.0,1,2.7,8.7,5.3,2.8,78.5,70.7,6.7,5.6,9.3,2.8,0,0,6.1,3.4,6.46,46.77,2,2
8519,20.0,1,3.5,7.6,7.7,2.1,80.9,95.4,9.2,2.1,4.4,7.3,0,0,6.4,14.0,5.48,65.46,0,0
8520,23.0,1,5.4,9.0,4.9,2.6,96.8,72.3,6.8,10.0,4.4,2.7,1,0,1.7,5.8,5.15,63.08,0,0
8521,20.0,1,5.3,7.2,1.9,3.1,93.7,67.8,3.9,3.6,6.7,5.957923664122137,0,1,7.5,5.6,6.9,73.12,0,0
8522,19.0,1,2.8,8.4,5.8,1.8,89.3,53.9,5.9,3.1,1.0,5.7,0,1,3.6,11.0,7.83,64.2,0,0
8523,17.0,1,1.5,7.6,8.0,3.6,83.3,76.1,5.0,0.7,7.2,5.5,0,0,6.6,0.9,5.18,46.68,2,2
8524,19.0,2,5.4,6.4,7.2,6.3,75.9,91.8,7.1,2.3,4.6,8.0,0,1,0.0,7.2,7.58,56.28,2,2
8525,20.0,1,5.3,7.2,10.5,2.7,93.9,67.5,6.4,3.7,3.2,6.7,0,1,7.3,5.3,7.44,66.86,0,0
8526,16.0,0,3.6,5.9,5.4,1.8,68.2,51.1,5.4,1.7,7.5,9.8,0,0,0.1,4.6,6.69,55.64,2,2
8527,20.0,1,5.1,9.7,5.6,3.6,100.0,93.2,6.2,4.2,6.4,8.2,0,0,8.7,2.6,4.96,74.88,0,0
8528,22.0,1,3.3,6.9,5.4,1.6,89.3,93.9,5.3,1.6,8.8,6.2,0,0,2.0,2.8,7.15,62.42,2,2
8529,22.0,1,2.5,7.0,4.1,2.7,95.4,85.5,2.5,4.4,6.3,4.9,0,0,3.4,3.7,6.02,58.85,2,2
8530,21.0,0,4.2,7.5,4.8,1.8,86.1,76.7,1.7,1.6,5.8,8.7,2,0,0.8,3.8,6.2,51.66,2,2
8531,24.0,1,5.2,5.6,3.4,1.1,78.4,82.6,7.9,2.1,6.0,3.5,1,0,1.4,5.7,8.65,51.58,2,2
8532,16.0,1,4.8,8.7,1.0,1.4,92.3,47.1,8.3,2.3,5.2,5.8,1,0,6.4,6.9,4.15,70.44,0,0
8533,20.0,1,5.2,5.7,4.5,1.8,61.7,64.5,6.4,0.8,3.4,5.9,0,0,3.8,9.3,5.17,43.62,1,1
8534,22.0,1,2.7,5.4,6.047861775435752,1.1,72.3,87.2,8.1,0.9,7.0,5.2,0,0,1.2,4.1,4.54,41.38,1,1
8535,20.0,0,7.4,6.8,7.6,5.3,77.5,81.1,9.8,1.9,5.2,10.0,0,0,4.2,3.1,9.48,70.11,0,0
8536,19.0,0,3.5,5.3,4.6,3.8,62.0,91.2,5.0,3.8,7.4,9.7,0,1,5.1,7.2,6.42,52.86,2,2
8537,17.0,1,4.0,9.0,4.6,4.7,88.3,100.0,4.4,0.6,4.0,7.9,2,0,4.2,2.8,5.64,63.94,0,0
8538,24.0,0,1.6,6.7,8.6,0.6,96.5,52.8,7.6,9.9,3.6,10.0,2,0,4.2,7.3,8.05,64.08,0,0
8539,20.0,1,3.8,3.0,2.7,2.5,57.8,83.7,9.1,0.6,5.7,8.7,0,0,2.6,1.9,7.68,36.09,1,1
8540,23.0,0,5.3,7.3,5.6,3.8,74.6,70.3,4.5,2.5,5.6,6.6,1,0,2.1,3.6,5.51,46.63,1,1
8541,21.0,0,5.7,7.7,8.4,6.0,77.8,67.0,9.2,0.2,6.0,5.2,2,0,0.0,3.7,7.63,54.38,2,2
8542,21.0,2,7.3,6.5,4.2,1.6,84.2,100.0,5.2,6.8,5.2,3.7,0,0,9.3,1.6,6.79,52.38,2,2
8543,23.0,0,5.2,5.2,2.2,0.7,91.1,46.7,6.5,2.9,8.0,4.4,2,1,7.5,2.1,7.46,51.75,2,2
8544,21.0,0,4.8,6.9,10.3,3.3,76.4,71.7,5.2,1.9,1.6,6.2,2,1,2.9,2.8,5.49,52.22,2,2
8545,19.0,1,3.3,6.4,8.0,1.8,92.2,70.7,6.5,1.6,4.3,3.3,1,1,0.0,6.5,3.63,45.92,1,1
8546,20.0,0,2.9,5.7,8.1,6.1,81.1,75.9,3.7,4.0,5.7,2.6,1,1,3.1,4.7,4.29,37.28,1,1
8547,23.0,1,6.1,5.6,5.8,4.0,72.2,39.5,8.3,3.2,5.7,8.5,1,1,1.8,9.1,7.1,46.88,2,2
8548,19.0,1,6.1,6.976601980998585,7.6,2.5,83.0,57.3,2.4,5.2,4.9,2.9,0,1,3.4,7.1,8.82,47.83,2,2
8549,19.0,0,2.0,8.2,1.0,2.5,63.6,75.9,3.9,9.2,3.4,5.9,0,1,4.3,1.8,4.76,67.99,0,0
8550,17.0,1,5.6,7.6,4.9,2.8,76.7,49.9,8.9,6.6,1.0,7.9,0,1,1.9,6.6,3.73,61.49,2,2
8551,24.0,0,5.5,4.8,8.4,0.0,77.7,92.2,10.0,1.9,7.3,5.8,1,1,2.6,12.8,7.35,51.78,2,2
8552,17.0,0,2.0,7.8,2.5,3.1,72.1,85.4,4.8,5.5,5.9,4.0,2,1,6.3,5.5447261663286005,8.65,59.43,2,2
8553,21.0,0,5.3,8.0,5.2,2.1,100.0,46.4,9.4,2.4,7.5,7.9,1,0,9.0,0.7,7.74,72.24,0,0
8554,19.0,0,2.1,8.8,6.8,4.1,96.9,70.9,8.8,1.6,1.1,3.8,2,1,5.1,6.3,6.489753023681269,72.15,0,0
8555,19.0,1,0.0,6.976601980998585,4.0,1.4,82.6,81.8,6.9,5.5,3.3,8.3,0,0,2.5,10.1,4.66,55.31,2,2
8556,21.0,2,3.9,6.9,6.0,4.2,85.6,50.2,4.9,0.7,5.1,5.2,0,1,6.3,15.0,8.96,57.51,2,2
8557,16.0,1,4.7,7.7,7.0,4.0,86.7,46.6,9.1,11.6,2.2,7.3,1,1,3.0,2.9,9.37,74.34,0,0
8558,21.0,0,4.0,6.3,6.8,3.3,88.1,57.8,5.6,2.5,4.7,5.957923664122137,1,0,5.5,1.9,7.78,55.76,2,2
8559,22.0,0,9.9,7.7,5.0,5.3,100.0,100.0,7.0,0.5,7.4,5.957923664122137,1,0,2.9,7.9,5.05,64.29,0,0
8560,23.0,0,5.0,7.0,3.9,0.0,92.1,94.7,1.2,2.7,3.7,4.9,2,1,4.6,10.1,6.39,63.44,0,0
8561,18.0,0,4.5,5.9,7.0,3.8,54.2,64.0,5.1,2.8,8.2,7.3,2,0,4.5,5.4,7.26,38.64,1,1
8562,24.0,0,5.1,6.0,6.8,2.9,90.8,51.0,4.7,3.0,3.7,4.3,1,0,3.3,2.5,8.97,55.15,2,2
8563,21.0,1,3.3,8.6,6.7,2.9,69.1,60.1,6.3,3.2008618067525094,7.2,3.5,1,0,0.7,4.6,6.44,55.1,2,2
8564,24.0,1,6.1,5.7,6.3,1.2,72.8,100.0,5.3,2.6,3.7,6.7,1,0,3.7,7.1,8.39,73.04,0,0
8565,20.0,1,4.9,5.5,6.9,0.4,92.8,100.0,4.9,1.9,8.5,7.7,1,0,3.8,4.0,8.32,70.03,0,0
8566,20.0,0,4.8,7.4,8.2,4.6,55.8,60.4,6.0,4.1,6.3,7.3,2,0,5.1,2.0,7.65,52.64,2,2
8567,24.0,0,3.0,6.976601980998585,6.8,4.4,79.81730107309173,80.6,4.3,2.4,6.5,5.957923664122137,1,0,5.0,3.0,3.03,49.85,2,2
8568,24.0,0,1.1,5.3,6.2,6.2,90.6,70.3,2.4,2.1,3.4,6.0,1,0,7.0,0.8,4.5,37.33,1,1
8569,20.0,0,3.2,6.3,4.7,6.5,84.3,97.9,5.0,4.0,4.0,8.5,0,0,2.3,1.5,6.57,61.68,2,2
8570,18.0,0,4.8,5.9,9.5,0.2,90.8,55.3,5.5,2.4,6.4,5.957923664122137,2,0,5.5,2.2,5.2,41.21,1,1
8571,19.0,1,3.3,6.2,3.2,2.7,94.9,92.6,5.991217524197657,0.5,6.8,3.8,2,0,4.1,9.3,6.27,50.05,2,2
8572,19.0,1,4.8,10.0,6.047861775435752,3.5,82.9,50.9,5.5,5.7,3.4,7.2,2,1,2.7,7.1,5.28,45.95,1,1
8573,18.0,1,3.7,6.6,4.7,4.7,90.1,92.1,6.9,2.7,8.3,4.8,2,1,5.7,6.1,4.69,58.13,2,2
8574,18.0,0,5.1,5.9,1.4,5.6,67.3,59.7,4.4,1.4,5.9,4.0,0,0,2.9,2.4,5.28,42.8,1,1
8575,23.0,1,2.2,9.6,6.9,1.1,90.6,69.3,6.0,6.3,6.6,7.4,0,1,2.6,24.6,4.76,44.88,1,1
8576,16.0,0,4.6,8.2,5.5,2.0,87.9,63.4,2.2,0.9,6.3,8.2,2,0,0.0,12.2,6.24,41.54,1,1
8577,21.0,0,2.9,7.9,6.1,5.5,98.7,100.0,4.6,0.7,2.5,5.957923664122137,1,0,8.9,14.9,4.35,68.84,0,0
8578,18.0,1,1.1,5.9,5.6,0.0,82.3,92.9,0.0,1.3,8.9,2.3,1,0,2.3,0.5,8.19,32.22,1,1
8579,19.0,1,3.9,8.5,7.9,1.1,84.0,67.6,3.4,4.1,8.7,10.0,1,1,6.4,1.7,5.98,70.08,0,0
8580,16.0,1,7.3,8.1,8.2,3.8,68.0,60.2,3.2,2.7,4.8,8.3,0,0,1.9,1.6,4.77,41.46,1,1
8581,18.0,1,1.3,7.2,3.2,6.7,80.0,98.6,7.4,0.9,9.8,1.1,1,0,2.1,8.7,7.57,53.34,2,2
8582,22.0,0,4.4,4.8,10.4,0.0,87.9,13.8,6.8,6.3,5.9,2.3,1,0,3.4,5.2,8.55,42.2,1,1
8583,24.0,1,5.8,7.0,5.4,3.1,89.2,83.6,8.4,4.5,5.9,6.5,1,0,5.9,8.7,7.79,73.5,0,0
8584,18.0,0,8.8,9.2,7.5,4.0,100.0,57.7,3.1,5.2,5.1,7.2,0,0,6.5,3.4,5.59,53.39,2,2
8585,20.0,0,3.2,7.3,6.5,5.6,86.0,100.0,7.8,2.7,5.1,4.5,0,0,4.6,17.7,7.84,61.3,2,2
8586,20.0,1,2.9,6.5,6.3,3.8,78.8,100.0,4.7,3.2008618067525094,9.7,6.3,1,0,5.4,6.1,5.05,56.62,2,2
8587,23.0,0,1.9,6.7,7.4,0.0,87.2,75.6,9.9,1.3,7.4,7.6,0,1,5.2,3.5,4.22,50.16,2,2
8588,22.0,0,6.5,6.8,9.3,0.7,72.8,68.4,5.6,2.2,5.8,7.5,1,1,5.1,5.2,7.66,70.85,0,0
8589,20.0,0,2.5,6.0,7.9,5.5,97.2,76.2,9.5,6.4,4.5,3.8,0,0,4.4,11.1,9.67,60.32,2,2
8590,21.0,1,3.5,6.9,5.4,3.8,71.0,63.8,10.0,3.1,4.5,10.0,1,0,2.6,1.3,5.64,70.61,0,0
8591,23.0,1,0.5,8.9,5.8,1.0,74.7,60.7,6.9,5.8,5.0,9.6,2,0,3.7,5.1,5.1,46.16,1,1
8592,16.0,1,6.0,8.7,4.6,3.9,66.0,79.2,9.9,1.9,3.3,5.957923664122137,0,0,6.5,1.6,5.72,72.93,0,0
8593,19.0,1,6.5,6.0,7.8,3.6,81.1,86.2,5.3,1.5,6.0,4.0,1,1,5.1,5.4,7.4,54.24,2,2
8594,24.0,0,5.9,8.7,7.5,0.0,88.4,77.4,8.9,4.0,8.8,8.6,1,1,5.4,2.5,6.79,78.04,0,0
8595,22.0,0,1.0,8.0,5.1,0.0,100.0,80.2,5.9,0.2,8.2,4.0,0,0,4.050203624516392,10.1,6.04,50.27,2,2
8596,20.0,0,5.4,7.8,9.3,3.6,79.3,63.6,7.2,4.4,1.3,7.6,1,1,7.7,4.1,6.75,69.66,0,0
8597,20.0,1,0.9,7.6,8.7,6.7,77.1,58.2,7.1,1.0,5.7,6.8,0,0,5.4,1.5,5.16,37.66,1,1
8598,19.0,1,4.3,5.8,10.6,3.5,45.3,58.0,5.6,4.1,1.0,7.8,0,1,2.5,6.2,6.97,37.35,1,1
8599,20.0,0,4.6,6.5,4.0,0.0,82.9,88.9,2.7,1.6,7.4,5.1,1,1,5.3,5.5,6.66,55.47,2,2
8600,21.0,1,4.8,8.1,5.7,0.1,80.4,76.4,3.0,3.1,5.4,8.9,1,0,0.0,1.5,7.71,66.29,0,0
8601,19.0,1,5.3,5.4,5.5,4.1,80.2,78.6,8.6,3.1,10.0,6.7,0,0,4.7,4.1,5.7,49.75,2,2
8602,22.0,0,4.2,5.6,12.5,4.3,99.6,81.1,6.4,0.1,6.5,4.4,2,1,2.7,2.1,8.14,42.91,1,1
8603,23.0,1,4.219583121504829,7.4,6.0,3.03210685483871,87.1,74.0,8.1,4.9,3.4,7.6,0,0,4.9,4.2,7.11,64.0,0,0
8604,17.0,0,5.3,6.0,9.2,2.1,74.6,77.0,4.9,6.2,2.4,5.957923664122137,2,1,5.7,7.5,9.13,61.15,2,2
8605,20.0,1,4.4,8.1,8.6,4.4,68.2,98.3,5.2,2.9,5.6,7.9,1,1,2.7,2.8,5.43,64.9,0,0
8606,19.0,0,2.4,6.0,5.8,5.0,65.0,89.0,5.2,0.9,6.1,4.7,1,0,3.1,11.5,6.31,38.19,1,1
8607,22.0,0,1.1,7.3,6.1,4.2,74.2,71.9,2.3,2.8,4.6,5.4,1,1,6.5,7.7,4.74,47.26,2,2
8608,18.0,1,7.3,7.4,7.3,1.3,84.9,66.5,5.2,3.0,5.1,6.5,1,0,4.8,3.8,6.14,56.62,2,2
8609,20.134890807516506,0,6.7,6.4,9.1,4.6,52.6,93.5,5.3,5.8,3.8,4.7,0,0,1.3,8.7,5.23,48.01,2,2
8610,23.0,0,5.6,6.7,5.6,2.4,78.2,81.0,6.0,6.7,5.9,4.4,2,0,7.7,11.9,7.13,67.49,0,0
8611,19.0,0,2.8,6.1,4.7,1.9,90.4,69.5,5.4,12.1,4.5,3.2,0,0,4.5,1.8,7.49,69.19,0,0
8612,24.0,1,0.0,7.0,8.3,1.8,66.5,51.8,9.0,2.6,4.3,6.0,1,1,3.7,3.3,6.48,31.71,1,1
8613,25.0,0,5.7,5.7,3.1,3.0,77.7,100.0,4.7,1.5,2.9,4.6,0,0,2.9,10.8,5.12,51.88,2,2
8614,17.0,1,4.9,6.7,6.6,4.0,67.1,54.7,7.8,10.8,9.3,4.5,1,0,1.4,11.5,4.7,47.45,2,2
8615,18.0,0,3.5,8.0,8.7,0.0,44.8,80.1,6.7,4.2,3.6,4.7,0,0,2.3,5.5447261663286005,6.45,48.69,2,2
8616,25.0,0,6.4,5.5,7.1,1.7,69.6,100.0,6.1,1.3,7.1,2.9,0,1,1.1,4.2,5.41,42.9,1,1
8617,25.0,0,5.9,6.4,4.6,2.2,66.2,68.9,7.7,4.3,5.0,4.8,0,1,3.8,5.8,5.09,63.32,0,0
8618,17.0,0,4.6,7.7,3.5,4.9,90.1,74.2,5.3,1.2,6.2,6.4,0,0,1.8,5.3,7.51,60.36,2,2
8619,16.0,1,4.3,4.3,9.0,1.4,86.2,90.4,4.8,5.6,5.4,4.6,0,0,2.1,0.6,7.9,42.8,1,1
8620,18.0,1,4.3,9.4,5.6,2.4,66.5,53.5,5.2,3.3,4.4,2.8,0,0,8.0,2.1,5.31,50.81,2,2
8621,25.0,0,5.6,8.4,3.7,4.5,96.8,44.9,6.5,4.9,5.1,8.0,0,1,1.3,7.3,6.98,64.9,0,0
8622,18.0,0,2.5,5.0,8.8,3.1,89.4,74.2518720906699,2.0,8.3,3.3,5.4,0,0,2.8,8.2,4.61,31.24,1,1
8623,20.0,1,5.1,4.3,8.0,5.8,76.7,76.5,5.6,5.4,9.3,5.7,1,0,4.7,3.2,5.78,33.13,1,1
8624,23.0,0,2.4,7.0,3.4,2.7,84.3,76.2,7.5,3.7,4.9,5.957923664122137,1,0,5.1,6.4,5.83,65.1,0,0
8625,16.0,2,6.9,5.5,12.3,6.4,67.7,100.0,5.9,1.2,6.9,4.0,2,0,4.2,2.6,8.25,29.57,1,1
8626,21.0,0,5.3,8.2,4.6,6.7,48.0,58.0,6.3,8.0,7.1,6.3,1,1,2.7,12.0,5.77,58.21,2,2
8627,18.0,1,2.8,7.5,8.0,3.8,81.2,72.4,7.0,1.2,6.6,1.5,1,0,0.0,9.1,10.0,59.84,2,2
8628,23.0,1,4.4,7.2,11.0,3.8,62.3,100.0,6.2,1.1,6.6,1.9,0,0,4.1,4.4,5.58,44.35,1,1
8629,18.0,2,2.5,6.3,8.2,4.0,77.1,70.0,2.4,6.5,2.8,7.0,2,1,7.1,7.8,6.52,54.11,2,2
8630,22.0,0,7.2,9.1,6.6,4.5,85.3,100.0,9.2,3.8,1.8,6.7,0,0,0.0,4.6,7.1,76.24,0,0
8631,21.0,0,7.4,8.0,2.4,3.2,54.7,70.8,10.0,2.4,1.4,4.0,0,0,3.5,9.2,4.64,61.6,2,2
8632,18.0,1,5.6,7.8,11.1,5.1,82.7,62.5,9.4,1.9,3.3,5.2,1,0,0.0,8.8,3.58,52.25,2,2
8633,16.0,0,7.3,8.6,8.2,3.9,90.7,74.3,5.5,3.2,6.5,4.6,2,0,5.6,6.3,8.49,54.4,2,2
8634,19.0,0,4.5,5.7,2.5,5.5,53.0,79.7,4.1,3.2,10.0,3.1,0,1,5.6,0.7,4.65,35.06,1,1
8635,18.0,1,5.7,8.7,9.9,0.4,89.2,67.6,9.3,2.4,9.6,5.4,1,0,2.3,1.4,9.04,67.88,0,0
8636,23.0,0,6.6,6.7,6.2,3.4,100.0,82.2,6.3,5.8,8.6,5.3,0,0,4.1,0.9,7.01,53.28,2,2
8637,23.0,0,4.2,7.4,5.3,4.8,76.7,72.3,8.0,5.2,3.1,8.4,0,0,5.2,3.1,8.16,76.51,0,0
8638,20.0,0,4.3,6.8,4.6,0.9,89.6,97.9,3.8,0.8,7.8,3.3,1,1,5.0,3.7,5.21,50.45,2,2
8639,21.0,0,6.1,4.6,6.4,3.8,66.9,84.1,7.1,4.4,5.8,10.0,1,0,4.8,2.8,7.13,59.35,2,2
8640,21.0,0,5.5,8.2,8.0,4.1,92.0,75.2,6.9,4.1,2.5,3.5,2,0,4.4,5.8,10.0,65.39,0,0
8641,23.0,0,2.7,4.6,4.8,6.1,86.6,69.3,9.0,4.9,9.3,7.1,2,0,9.4,4.3,6.55,44.56,1,1
8642,19.0,0,0.0,5.7,6.3,2.4,82.8,89.5,7.8,4.1,4.3,6.1,1,0,7.0,22.7,6.36,43.89,1,1
8643,18.0,0,4.219583121504829,6.4,14.5,3.4,82.1,75.6,6.4,5.2,9.4,10.0,0,1,4.4,3.2,4.68,51.39,2,2
8644,18.0,1,0.0,4.5,7.2,2.0,85.1,66.9,10.0,1.8,6.9,7.7,0,0,4.0,6.6,5.0,38.5,1,1
8645,20.0,0,2.2,5.6,8.4,2.7,79.2,62.0,5.4,2.5,4.3,7.5,1,0,4.9,10.8,6.5,48.86,2,2
8646,20.0,0,2.5,7.3,3.6,5.9,67.4,87.6,9.4,4.4,2.5,8.8,1,1,7.9,7.4,7.03,68.47,0,0
8647,20.0,1,3.1,6.5,2.6,2.9,78.1,66.5,7.2,3.8,6.2,5.7,1,0,5.9,3.3,6.3,59.57,2,2
8648,17.0,0,5.8,6.7,9.7,1.7,79.4,69.6,7.6,3.2,8.2,4.9,0,1,8.4,0.8,6.12,50.93,2,2
8649,22.0,1,6.3,5.8,8.9,2.7,64.7,85.0,10.0,2.0,5.8,7.2,0,0,4.050203624516392,8.6,7.77,54.94,2,2
8650,18.0,0,5.2,7.1,10.3,2.1,79.81730107309173,94.3,1.3,2.3,7.8,5.1,1,0,4.5,3.1,6.16,43.46,1,1
8651,18.0,1,5.5,6.6,5.8,2.2,79.2,85.7,2.9,2.5,5.5,5.7,0,1,2.1,3.0,7.52,53.35,2,2
8652,19.0,1,5.5,4.9,9.1,2.0,73.2,90.3,8.6,3.3,4.5,8.1,0,0,7.0,7.6,8.14,48.72,2,2
8653,18.0,2,0.0,6.7,1.0,2.1,84.6,87.8,8.0,2.8,4.9,3.0,0,0,4.050203624516392,0.9,7.02,51.56,2,2
8654,21.0,0,4.2,5.4,7.4,0.9,87.7,75.1,6.3,1.0,6.5,6.1,1,1,8.7,6.4,7.39,56.93,2,2
8655,19.0,0,0.6,8.2,8.6,3.1,71.4,82.1,8.5,1.9,4.5,5.6,0,0,0.8,10.7,5.13,43.67,1,1
8656,20.0,0,5.2,6.5,4.3,1.2,81.9,100.0,3.5,3.1,4.3,5.3,2,1,0.7,3.0,5.04,53.38,2,2
8657,20.0,0,0.0,10.0,8.6,5.1,91.8,71.5,10.0,4.3,2.2,7.1,0,1,4.5,4.6,7.64,55.02,2,2
8658,18.0,0,3.8,8.3,5.6,2.4,66.9,55.3,9.1,2.0,5.9,2.7,0,0,4.6,3.8,7.3,52.04,2,2
8659,17.0,0,5.3,6.8,5.8,3.7,58.4,29.5,9.7,3.5,4.5,4.1,0,1,7.5,2.0,9.19,46.56,1,1
8660,24.0,2,2.0,7.8,5.4,3.7,67.8,100.0,2.5,6.0,2.6,5.0,1,0,6.9,1.6,7.36,60.41,2,2
8661,20.0,1,6.1,4.3,10.0,0.0,86.8,100.0,8.3,1.7,4.6,3.1,0,1,5.5,3.0,3.94,36.83,1,1
8662,19.0,2,5.2,8.3,4.9,2.5,74.1,57.2,6.0,3.2,5.6,8.6,0,0,4.9,7.6,7.37,64.29,0,0
8663,16.0,1,5.0,5.9,4.6,6.1,63.9,98.1,5.991217524197657,7.0,6.3,4.6,1,0,4.4,8.8,6.51,62.05,2,2
8664,20.134890807516506,0,5.6,7.1,3.9,1.6,96.5,93.6,6.6,2.0,6.9,10.0,0,0,5.4,3.4,6.16,75.84,0,0
8665,20.0,1,3.5,6.1,5.1,7.1,64.7,74.2518720906699,4.0,3.8,5.8,4.9,0,0,4.0,2.0,7.22,47.5,2,2
8666,20.0,0,4.5,6.2,6.5,4.0,77.8,74.2518720906699,7.3,2.2,3.7,4.2,0,0,1.1,12.7,7.54,56.84,2,2
8667,22.0,0,4.2,6.8,7.6,3.9,89.6,61.6,2.3,4.3,6.4,7.8,0,0,0.0,4.1,2.83,39.06,1,1
8668,18.0,2,4.2,7.1,4.1,3.4,88.7,77.3,8.3,1.3,3.8,4.0,0,0,4.0,3.4,6.19,72.78,0,0
8669,18.0,2,2.9,7.0,6.9,4.9,85.4,81.3,5.1,3.3,4.2,1.0,1,0,3.2,1.4,7.0,50.27,2,2
8670,23.0,2,1.7,7.0,7.5,5.0,71.3,76.3,5.6,5.2,4.0,7.1,0,0,0.0,2.0,4.65,47.16,2,2
8671,24.0,1,3.5,4.9,3.7,3.0,87.3,74.0,6.5,4.1,4.5,9.8,1,0,8.1,1.8,6.11,56.08,2,2
8672,17.0,2,3.4,10.0,6.2,2.2,80.2,98.4,5.3,0.7,7.4,2.4,0,0,2.0,8.4,7.57,45.09,1,1
8673,20.0,1,2.7,7.3,5.8,0.4,85.3,93.3,9.6,1.8,6.6,6.9,1,0,3.5,7.6,4.68,66.42,0,0
8674,18.0,0,5.9,7.6,6.2,4.5,97.8,90.7,5.4,1.3,6.9,8.4,1,0,2.5,5.6,7.79,71.26,0,0
8675,16.0,1,1.9,6.6,4.7,3.1,64.5,91.8,7.1,0.5,8.1,6.3,0,0,3.6,12.6,7.11,46.25,1,1
8676,19.0,0,3.9,5.9,5.7,1.5,85.0,79.1,7.2,1.9,5.542839731870811,8.8,1,0,6.3,5.8,5.92,75.71,0,0
8677,17.0,2,6.5,7.2,6.1,2.0,81.8,96.0,6.1,1.1,5.5,5.6,1,0,4.2,1.0,7.09,57.8,2,2
8678,22.0,2,6.0,7.4,10.7,2.9,92.3,53.4,4.3,3.2,5.2,4.2,2,0,7.6,5.3,8.23,61.77,2,2
8679,20.0,0,6.6,8.7,6.1,1.2,100.0,76.3,1.0,2.8,6.2,4.0,1,0,3.6,0.7,5.21,52.06,2,2
8680,17.0,0,3.0,9.7,9.3,3.1,100.0,87.7,8.4,7.4,6.2,7.1,1,0,0.2,4.1,3.62,61.65,2,2
8681,16.0,1,5.8,8.9,9.5,0.1,90.9,84.8,3.7,0.7,2.1,5.5,0,1,2.3,2.8,8.5,63.18,0,0
8682,23.0,0,2.1,4.7,2.7,2.0,72.2,81.7,10.0,0.6,8.2,5.2,0,0,0.0,7.5,8.94,54.54,2,2
8683,18.0,0,3.6,6.4,5.3,0.9,74.5,91.7,4.6,0.2,4.3,7.8,1,1,3.6,4.5,7.61,60.6,2,2
8684,21.0,1,3.8,7.4,9.5,3.4,89.4,100.0,8.8,0.4,5.9,8.8,0,1,2.6,6.0,6.28,71.27,0,0
8685,19.0,1,3.0,6.5,6.5,1.2,63.3,55.9,6.3,1.8,6.4,5.4,1,0,4.5,4.9,9.03,54.27,2,2
8686,21.0,1,3.5,6.9,5.7,2.0,77.0,80.4,9.5,2.2,5.4,3.6,0,1,3.3,6.7,6.01,56.36,2,2
8687,19.0,0,3.2,4.2,7.9,7.1,70.4,62.0,6.8,5.2,3.0,8.5,0,1,0.0,13.9,7.08,36.51,1,1
8688,17.0,1,2.2,8.2,8.7,4.6,64.7,94.3,7.1,3.2,5.8,10.0,1,0,4.7,11.1,5.62,66.65,0,0
8689,18.0,1,5.9,4.6,5.9,4.1,83.2,88.0,3.5,3.9,5.4,3.3,0,0,3.3,1.5,9.17,42.26,1,1
8690,18.0,1,3.8,5.0,5.3,5.3,90.3,57.5,7.7,7.9,5.4,4.8,0,0,3.5,9.8,9.45,59.44,2,2
8691,19.0,0,4.6,5.7,1.0,3.9,87.8,74.9,8.0,3.6,5.0,10.0,1,0,2.6,1.0,4.73,66.61,0,0
8692,21.0,0,4.5,6.9,6.1,0.5,81.5,48.0,6.4,4.0,7.0,5.5,2,1,6.7,1.3,4.69,52.5,2,2
8693,18.0,0,4.3,4.9,5.0,0.6,75.4,92.1,5.991217524197657,2.0,9.1,10.0,2,0,4.050203624516392,5.0,4.83,53.1,2,2
8694,16.0,0,4.4,5.6,3.5,0.0,73.2,65.4,6.9,0.9,9.4,5.7,1,0,5.0,21.1,6.19,32.14,1,1
8695,20.0,1,3.6,8.5,5.5,3.4,91.3,54.7,8.7,0.2,7.2,6.9,1,0,1.7,17.0,10.0,57.34,2,2
8696,21.0,1,7.0,6.9,5.0,1.1,73.4,68.8,6.3,3.9,7.0,3.2,1,1,8.8,4.3,4.97,52.97,2,2
8697,25.0,0,5.7,7.6,6.4,2.0,73.0,85.5,8.4,6.5,2.1,1.4,2,1,7.0,10.5,8.34,63.48,0,0
8698,21.0,1,4.2,5.4,5.3,2.4,85.3,80.2,6.6,2.7,5.8,5.5,1,0,5.5,0.9,7.39,57.67,2,2
8699,20.0,1,3.3,6.976601980998585,7.1,1.9,67.2,66.2,10.0,3.0,6.5,6.5,2,0,6.8,5.4,4.79,56.57,2,2
8700,21.0,0,4.0,6.8,6.4,2.9,81.1,73.1,5.3,2.2,1.0,7.4,2,1,7.4,5.3,6.4,67.84,0,0
8701,24.0,1,5.0,6.0,9.2,2.5,73.1,69.7,5.8,1.2,9.7,9.2,0,0,0.9,13.0,5.7,41.49,1,1
8702,23.0,0,7.2,6.9,4.7,2.3,71.3,58.2,4.5,4.2,5.3,5.3,1,0,5.3,11.3,6.62,44.22,1,1
8703,19.0,1,1.5,4.5,10.4,0.2,76.8,41.4,5.1,0.4,3.6,6.7,0,1,3.0,6.9,6.34,14.19,1,1
8704,18.0,0,5.5,7.6,8.7,3.4,89.8,74.9,4.9,2.1,3.2,5.9,1,1,7.6,2.6,7.96,64.78,0,0
8705,18.0,1,6.5,6.5,9.7,6.9,82.3,85.5,10.0,5.9,6.0,4.1,1,0,4.050203624516392,14.5,6.59,66.37,0,0
8706,20.0,1,1.2,6.7,6.6,3.5,83.8,74.7,10.0,2.3,6.4,6.4,0,1,5.4,10.0,6.36,53.84,2,2
8707,22.0,1,3.8,8.1,5.3,7.1,89.9,100.0,5.7,2.1,8.4,10.0,2,0,2.0,3.7,5.44,66.73,0,0
8708,20.0,0,2.1,7.6,4.7,2.0,88.1,64.3,9.1,1.8,3.6,8.0,2,1,8.1,0.8,7.03,62.25,2,2
8709,16.0,2,5.1,6.6,10.4,2.5,77.7,74.2,5.6,5.6,5.4,7.0,2,0,3.7,7.1,8.47,58.65,2,2
8710,22.0,1,3.5,5.5,8.7,3.0,87.2,83.7,7.0,1.6,5.1,4.6,1,0,5.1,3.0,7.67,57.92,2,2
8711,23.0,0,3.9,8.7,3.5,2.7,77.8,82.9,9.4,2.0,4.5,4.9,0,0,5.7,0.5,6.65,71.64,0,0
8712,18.0,0,3.4,5.3,8.4,5.1,85.7,70.4,5.5,2.3,3.9,6.4,0,1,1.3,0.6,5.85,41.96,1,1
8713,21.0,2,5.6,7.8,3.9,0.0,93.5,74.0,3.8,2.6,9.8,7.2,0,0,4.7,8.0,8.68,72.25,0,0
8714,19.0,0,4.7,4.9,6.8,2.2,86.8,73.5,7.0,5.4,7.4,5.7,0,0,7.5,0.3,5.27,45.06,1,1
8715,24.0,1,4.7,8.2,8.1,6.0,63.8,87.3,4.2,5.2,5.7,6.0,0,1,5.2,5.7,6.489753023681269,57.96,2,2
8716,23.0,0,4.5,8.3,9.6,2.1,73.5,62.5,6.1,1.1,6.4,3.5,0,0,0.9,1.6,5.69,45.1,1,1
8717,20.0,0,5.3,4.5,6.6,4.7,88.4,31.2,6.7,1.8,7.6,5.3,1,0,2.4,3.1,8.71,37.26,1,1
8718,22.0,1,3.7,7.6,5.7,4.1,52.0,68.8,7.5,3.6,4.0,6.5,1,0,8.4,0.6,6.82,55.02,2,2
8719,24.0,1,7.6,7.5,6.1,2.9,84.2,100.0,7.5,1.0,3.5,6.5,1,0,6.7,17.4,5.74,70.97,0,0
8720,20.0,0,1.7,7.9,8.7,3.6,83.5,89.4,6.7,4.2,4.9,8.9,1,0,6.4,6.0,5.68,63.96,0,0
8721,19.0,0,0.7,7.5,8.0,2.8,100.0,46.8,7.9,1.1,7.6,4.1,0,0,2.1,0.4,5.9,47.72,2,2
8722,22.0,0,0.6,5.7,6.0,0.0,85.6,87.2,9.4,5.9,10.0,5.5,1,0,3.9,2.3,7.37,55.77,2,2
8723,18.0,2,0.0,6.7,1.3,3.8,78.6,78.8,7.9,3.0,5.0,10.0,0,0,2.8,1.4,6.17,53.93,2,2
8724,19.0,0,5.5,9.2,1.0,1.9,95.1,68.3,8.3,3.3,3.1,3.3,2,0,1.8,0.7,8.84,68.65,0,0
8725,23.0,1,5.3,5.6,6.6,0.5,75.5,55.6,4.0,12.1,6.1,5.6,0,1,6.3,5.6,3.54,52.12,2,2
8726,22.0,1,6.6,7.4,3.0,3.7,80.5,60.4,6.5,4.2,5.2,9.6,0,0,2.4,5.3,7.02,77.84,0,0
8727,19.0,1,2.1,8.5,4.7,3.6,81.2,64.9,6.9,0.8,8.2,9.8,0,1,1.6,5.5447261663286005,9.78,55.94,2,2
8728,18.0,1,5.7,5.7,5.4,4.8,87.8,100.0,10.0,4.5,5.7,6.0,1,1,6.7,9.2,7.13,71.6,0,0
8729,19.0,1,4.3,5.2,11.2,2.5,68.0,86.5,1.2,1.9,6.6,4.0,1,1,8.6,5.6,7.06,37.49,1,1
8730,18.0,0,4.5,5.4,6.3,4.5,90.8,62.2,8.0,1.2,4.6,5.5,0,0,4.2,2.9,8.61,60.34,2,2
8731,18.0,0,5.5,7.5,7.8,3.0,73.2,65.2,7.2,1.4,6.0,6.1,1,0,0.6,3.4,6.489753023681269,54.1,2,2
8732,20.134890807516506,0,2.7,5.3,7.3,3.6,100.0,74.3,7.6,0.7,2.7,6.0,1,0,4.0,3.5,5.28,55.74,2,2
8733,18.0,0,9.4,6.8,1.0,3.8,60.3,67.2,3.0,5.5,4.8,9.2,0,0,1.2,1.6,7.2,54.96,2,2
8734,20.0,0,6.9,8.8,5.0,0.6,70.2,75.3,6.4,4.9,3.9,4.6,0,1,2.9,12.2,1.22,55.42,2,2
8735,19.0,0,3.1,6.9,2.9,3.7,53.6,72.4,10.0,0.6,6.0,5.957923664122137,1,1,4.1,3.1,6.76,62.17,2,2
8736,25.0,0,2.0,6.0,10.3,3.2,100.0,76.8,3.5,1.0,5.0,6.0,0,0,6.0,5.6,6.37,42.11,1,1
8737,19.0,1,4.0,7.2,1.5,2.5,64.1,39.0,7.6,0.8,2.8,6.3,0,0,4.5,10.2,5.13,53.11,2,2
8738,17.0,1,4.6,6.9,4.9,3.2,89.9,89.4,4.7,1.8,6.5,6.6,0,0,2.1,4.8,7.5,64.51,0,0
8739,17.0,0,6.3,7.6,5.3,7.6,89.5,64.9,9.7,1.4,6.3,4.8,1,1,7.8,2.1,5.35,45.9,1,1
8740,20.134890807516506,1,1.9,9.1,3.5,0.0,68.2,91.3,7.9,5.7,7.6,8.2,2,1,5.7,2.5,6.38,57.74,2,2
8741,21.0,0,4.8,7.5,6.3,2.8,90.0,100.0,7.0,3.9,5.0,7.3,1,0,8.0,7.7,4.83,73.02,0,0
8742,19.0,1,1.1,9.6,5.9,4.5,66.1,48.9,4.4,4.2,4.4,7.3,1,0,4.0,4.6,4.84,40.98,1,1
8743,20.134890807516506,0,5.1,7.6,6.4,0.8,69.4,76.8,5.7,0.5,3.8,4.3,1,1,5.2,3.4,7.01,58.1,2,2
8744,16.0,2,4.0,6.0,7.3,3.7,59.7,67.4,5.2,4.1,6.4,9.6,0,0,0.8,7.0,5.64,44.77,1,1
8745,20.0,1,8.1,10.0,6.6,3.5,88.7,82.1,4.1,1.4,5.542839731870811,6.5,1,1,6.1,7.9,5.44,55.12,2,2
8746,20.0,0,1.1,6.8,7.0,0.1,54.5,37.1,5.7,1.6,4.4,5.2,2,0,1.4,0.3,3.74,18.7,1,1
8747,17.0,1,6.9,5.6,8.8,1.9,85.1,68.6,1.7,4.5,5.1,4.0,0,1,2.7,4.2,6.41,46.68,2,1
8748,17.0,1,0.8,10.0,1.9,6.2,78.4,60.3,7.6,1.2,6.2,4.6,1,0,2.9,6.5,5.55,39.21,1,1
8749,17.0,1,1.5,6.0,7.7,0.1,100.0,100.0,5.1,1.7,5.4,5.7,1,0,4.7,2.0,6.49,66.96,0,0
8750,17.0,0,0.8,6.0,3.4,2.2,80.4,100.0,4.5,1.1,5.6,1.0,2,0,1.5,5.8,6.5,35.23,1,1
8751,21.0,1,4.7,6.3,4.4,2.7,91.0,69.8,2.8,2.0,8.6,9.7,0,1,10.0,2.2,6.81,58.4,2,2
8752,18.0,0,1.9,7.2,6.3,3.0,86.6,54.3,6.9,3.9,2.7,7.5,1,0,1.1,5.4,6.19,58.38,2,2
8753,18.0,1,1.5,8.2,7.0,2.3,78.7,59.9,10.0,3.4,4.8,5.957923664122137,1,1,0.0,0.9,9.76,62.35,2,2
8754,18.0,1,4.6,6.976601980998585,7.3,3.1,94.5,75.7,5.3,2.4,8.8,5.7,2,0,3.8,2.9,8.97,31.94,1,1
8755,25.0,0,5.1,8.2,3.6,2.9,84.9,49.8,9.0,1.7,6.1,8.4,0,0,4.9,8.1,6.89,66.07,0,0
8756,23.0,1,4.3,6.3,10.1,4.3,91.7,84.3,7.3,1.2,3.7,7.6,0,1,7.4,10.2,2.21,58.43,2,2
8757,18.0,1,3.9,6.5,5.0,4.5,67.9,71.5,5.7,3.3,6.2,6.8,1,0,6.5,5.9,5.51,59.98,2,2
8758,19.0,1,7.9,9.2,4.2,3.8,86.9,81.4,10.0,0.7,6.2,5.3,2,1,6.3,7.4,4.72,63.08,0,0
8759,18.0,0,4.5,7.3,2.8,3.4,90.4,82.1,2.2,1.6,7.6,7.1,0,0,5.9,1.5,5.43,61.29,2,2
8760,20.0,0,5.8,7.6,2.6,0.2,65.8,99.8,6.3,1.2,7.3,7.4,0,0,5.9,3.9,6.03,56.25,2,2
8761,16.0,1,4.5,6.9,2.5,3.2,79.0,86.4,5.2,2.5,4.0,7.6,2,0,4.3,3.5,10.0,82.28,0,0
8762,21.0,1,2.0,8.0,6.8,5.0,57.4,80.3,6.7,1.2,5.8,5.7,2,1,1.2,5.6,6.3,48.83,2,2
8763,20.0,1,5.3,9.1,7.5,0.1,59.4,79.5,3.5,2.7,6.8,5.0,0,0,1.2,4.9,4.93,41.59,1,1
8764,24.0,1,2.9,3.8,3.8,0.6,79.2,39.4,7.8,2.1,3.8,6.3,0,0,3.3,12.1,8.1,37.07,1,1
8765,18.0,0,4.0,8.4,3.1,5.7,100.0,78.2,2.4,0.1,5.6,5.957923664122137,2,0,3.7,2.1,2.4,50.17,2,2
8766,23.0,0,4.8,9.0,5.5,0.3,100.0,86.0,7.4,7.4,1.8,8.1,0,1,6.8,20.6,7.02,81.71,0,0
8767,23.0,0,4.219583121504829,7.7,6.2,2.8,76.0,72.8,4.9,4.1,5.9,3.8,0,0,4.4,0.4,4.35,33.88,1,1
8768,17.0,1,1.0,6.1,6.7,2.0,67.6,100.0,7.0,3.6,5.9,3.4,1,0,3.0,9.3,9.47,52.3,2,2
8769,19.0,0,6.0,5.5,3.6,5.6,92.1,74.2518720906699,4.4,2.3,4.5,5.6,0,0,10.0,13.6,4.62,56.27,2,2
8770,18.0,0,2.9,10.0,5.6,3.5,54.0,61.7,4.1,1.3,7.4,5.5,2,1,5.9,4.5,6.72,24.83,1,1
8771,18.0,0,3.0,5.8,9.9,4.4,74.8,63.6,9.5,6.0,7.8,5.6,0,0,2.3,4.4,4.35,46.02,1,1
8772,18.0,0,4.5,9.0,3.0,3.1,70.3,75.2,9.7,1.9,3.4,10.0,2,0,3.0,10.2,6.39,62.95,2,2
8773,20.0,0,3.4,7.5,5.9,6.6,78.9,63.4,3.5,2.3,7.9,9.5,0,0,0.0,1.9,5.5,40.72,1,1
8774,19.0,0,5.0,9.7,7.2,1.7,97.9,52.7,6.3,4.4,5.6,7.4,0,0,8.7,9.1,8.51,57.11,2,2
8775,24.0,1,4.1,6.6,3.6,3.6,46.4,68.6,7.7,2.5,3.8,4.7,0,0,4.050203624516392,1.9,6.08,59.64,2,2
8776,17.0,0,4.6,4.9,7.5,5.3,84.0,93.3,5.9,2.5,8.3,7.5,2,1,6.3,0.9,4.3,41.62,1,1
8777,25.0,1,2.8,7.0,2.7,5.7,84.5,88.6,5.9,1.4,5.7,5.2,1,0,2.7,9.3,2.4,47.91,2,2
8778,18.0,0,4.6,5.1,7.6,2.5,79.2,62.5,7.6,5.8,3.3,6.5,0,0,8.3,3.8,6.4,63.73,0,0
8779,22.0,0,6.4,10.0,6.1,0.0,83.8,68.3,7.2,2.5,4.0,6.0,0,0,4.7,9.3,8.0,64.54,0,0
8780,19.0,0,3.1,7.8,2.5,2.3,86.7,61.0,5.0,0.7,5.7,4.5,1,0,0.0,2.2,6.68,57.14,2,2
8781,17.0,1,6.0,8.0,7.7,6.1,79.81730107309173,52.3,7.2,2.3,6.5,2.0,1,1,3.6,0.9,4.78,35.45,1,1
8782,23.0,1,4.1,8.0,3.8,1.6,53.5,82.7,5.4,5.2,7.8,2.4,2,1,2.4,1.7,6.06,54.33,2,2
8783,19.0,1,5.7,6.1,5.6,3.5,68.4,51.9,5.2,1.5,6.4,7.4,1,1,2.5,7.9,6.18,45.98,1,1
8784,21.0,0,4.5,6.8,7.6,2.4,100.0,86.9,4.4,2.5,2.9,6.3,1,0,0.0,6.5,8.77,61.52,2,2
8785,21.0,0,4.1,7.1,3.6,2.9,64.8,100.0,4.4,1.7,4.2,8.2,0,0,4.8,5.6,4.38,67.89,0,0
8786,20.0,0,4.9,9.5,4.7,5.4,81.0,81.8,6.6,1.2,10.0,7.3,0,0,0.8,8.0,3.1,44.88,1,1
8787,20.0,1,6.6,5.5,8.8,3.5,70.6,86.2,2.6,6.0,9.7,10.0,2,1,6.8,4.1,6.62,48.32,2,2
8788,22.0,0,4.7,6.1,1.0,6.7,87.7,85.7,2.6,7.4,6.1,6.4,2,1,1.4,6.3,6.75,53.12,2,2
8789,17.0,2,5.2,6.5,9.5,4.8,77.4,66.2,5.6,1.7,7.2,5.8,1,0,1.6,6.0,7.64,39.4,1,1
8790,21.0,1,3.5,6.1,2.3,3.2,88.5,81.7,6.0,10.6,6.5,3.7,0,1,1.1,4.3,4.61,62.48,2,2
8791,24.0,0,7.3,5.1,4.3,2.8,85.0,80.6,3.7,8.4,8.5,6.4,1,0,6.4,6.3,5.94,49.86,2,2
8792,16.0,0,5.5,3.5,6.7,3.6,74.9,63.7,9.9,2.2,7.0,7.0,1,0,4.0,3.8,7.24,28.82,1,1
8793,17.0,0,4.4,4.6,7.5,0.8,51.0,29.7,4.4,3.2008618067525094,6.0,5.5,1,1,3.7,9.9,7.78,31.51,1,1
8794,22.0,2,4.0,8.4,6.7,1.1,68.7,56.1,4.6,0.9,8.5,6.9,2,0,3.6,10.3,7.08,34.65,1,1
8795,20.0,1,6.2,7.0,6.1,4.4,64.3,58.0,4.4,1.9,6.4,6.3,1,0,6.5,8.7,7.77,42.97,1,1
8796,19.0,0,3.0,8.1,4.9,4.7,64.2,84.0,8.1,2.0,4.6,9.2,0,1,7.8,5.8,8.99,71.86,0,0
8797,17.0,0,0.6,6.2,9.9,0.6,86.5,48.4,9.7,2.7,7.2,6.1,0,0,3.3,7.4,7.48,36.5,1,1
8798,20.0,0,4.3,6.9,7.9,4.5,100.0,100.0,3.9,3.7,7.1,6.1,2,0,0.0,2.1,5.78,51.28,2,2
8799,17.0,0,6.6,9.1,8.9,2.7,48.0,100.0,7.8,1.1,4.5,7.0,0,0,5.6,4.6,4.62,43.97,1,1
8800,20.0,2,7.4,9.0,4.9,1.5,60.4,93.9,6.6,2.5,8.3,9.9,0,0,5.2,1.3,5.74,61.39,2,2
8801,22.0,0,4.0,8.2,1.0,2.4,83.0,65.8,5.991217524197657,6.1,6.9,6.1,0,1,1.3,13.8,7.33,73.36,0,0
8802,18.0,0,4.3,7.3,8.6,4.6,76.7,37.6,6.6,4.1,5.4,4.9,1,1,0.0,3.3,4.48,45.37,1,1
8803,20.0,1,5.2,7.7,6.9,4.1,85.9,90.0,3.1,2.8,6.4,6.6,1,0,1.9,1.7,5.99,72.49,0,0
8804,25.0,1,3.7,7.5,6.5,3.5,79.4,61.5,5.4,4.6,8.1,5.5,0,0,8.9,5.6,5.79,60.43,2,2
8805,22.0,1,5.2,6.8,4.6,3.7,97.1,89.2,3.8,2.6,5.8,5.957923664122137,0,0,0.6,4.4,6.22,56.83,2,2
8806,23.0,0,4.0,6.5,6.047861775435752,0.9,87.4,85.8,5.3,0.7,4.9,7.6,0,1,4.5,5.5447261663286005,7.93,64.83,0,0
8807,19.0,2,6.2,8.5,4.5,4.0,91.4,67.1,6.2,2.1,3.6,2.5,0,0,7.5,17.4,5.67,57.96,2,2
8808,22.0,1,5.6,5.3,6.1,2.2,93.2,53.0,9.3,1.0,1.0,3.9,0,1,1.2,11.9,8.79,51.71,2,2
8809,16.0,1,5.8,8.9,3.2,3.03210685483871,64.5,78.4,6.1,10.9,4.1,5.0,0,0,3.5,5.7,5.99,57.9,2,2
8810,17.0,0,3.8,6.6,7.9,2.3,87.6,46.7,3.8,1.4,4.4,8.1,0,0,4.3,5.5,7.08,48.73,2,2
8811,18.0,0,8.1,5.3,11.1,7.0,88.4,80.1,6.0,4.0,9.6,7.1,0,0,6.2,1.9,10.0,52.02,2,2
8812,19.0,2,5.2,6.3,4.5,2.7,75.6,83.5,1.4,3.2008618067525094,2.0,9.3,2,0,2.1,2.3,5.49,47.53,2,2
8813,23.0,1,4.7,5.9,2.0,2.8,75.5,63.1,7.9,2.8,5.0,7.1,0,0,0.4,10.0,6.489753023681269,56.16,2,2
8814,19.0,1,2.7,6.3,5.7,2.5,75.8,47.9,4.2,0.6,2.3,5.5,1,1,7.1,17.2,7.99,44.08,1,1
8815,21.0,0,4.0,6.2,6.8,0.7,68.6,100.0,10.0,1.3,4.4,2.4,0,0,3.9,3.6,3.98,64.19,0,0
8816,22.0,1,4.4,6.2,7.1,5.4,62.1,65.4,8.0,0.8,10.0,5.3,0,0,0.8,16.9,6.57,42.72,1,1
8817,21.0,1,2.6,6.6,10.0,3.2,100.0,71.3,6.2,7.8,1.5,7.4,0,0,5.9,12.5,4.02,68.27,0,0
8818,19.0,1,3.6,6.9,8.0,4.1,94.0,94.6,5.3,4.2,4.9,3.3,1,0,5.3,6.5,7.11,54.2,2,2
8819,21.0,1,3.9,8.0,1.5,5.9,80.3,64.8,5.1,2.2,1.8,7.1,1,1,8.6,4.0,7.1,68.01,0,0
8820,19.0,1,4.3,6.7,2.9,2.8,60.9,61.3,5.2,11.2,6.2,6.4,0,0,0.9,2.1,8.78,54.28,2,2
8821,17.0,2,0.7,7.4,7.0,2.8,87.1,100.0,6.0,14.3,7.7,5.7,0,0,4.050203624516392,3.9,3.25,46.73,2,2
8822,25.0,1,3.9,7.0,4.9,3.3,75.3,61.8,5.1,2.0,1.9,5.7,0,1,4.9,8.5,8.73,75.75,0,0
8823,17.0,1,3.4,7.7,9.8,0.7,78.0,96.9,7.2,0.3,7.5,4.9,0,0,7.7,11.1,8.35,61.59,2,2
8824,17.0,0,4.2,7.1,3.7,0.0,100.0,77.8,9.2,6.5,8.5,3.1,0,0,7.9,3.4,8.16,70.58,0,0
8825,23.0,0,6.3,6.2,8.4,0.3,100.0,77.4,6.2,1.8,7.7,1.0,0,1,6.4,0.9,7.11,44.19,1,1
8826,19.0,0,8.3,5.8,4.4,5.2,49.3,65.9,8.4,2.7,6.2,8.5,1,0,2.2,11.3,9.64,62.33,2,2
8827,21.0,0,5.6,7.3,6.7,2.4,84.7,71.4,3.1,3.6,2.5,6.5,0,0,2.3,13.4,4.72,58.2,2,2
8828,19.0,0,1.7,8.7,3.9,4.4,82.2,100.0,5.991217524197657,1.4,9.2,7.2,0,0,4.8,2.0,8.48,60.19,2,2
8829,19.0,0,3.5,6.7,7.4,2.5,84.6,90.4,6.2,2.4,4.9,5.957923664122137,0,0,0.0,5.6,6.41,51.97,2,2
8830,18.0,0,5.4,6.1,8.7,0.2,72.7,50.5,2.9,2.1,4.3,6.8,1,0,8.0,3.8,3.76,45.01,1,1
8831,19.0,0,5.2,6.7,6.6,4.6,80.0,57.2,5.4,5.6,7.3,10.0,0,0,5.7,7.9,6.59,58.43,2,2
8832,19.0,0,6.2,6.3,10.8,1.4,65.8,81.9,7.9,2.9,5.1,6.8,2,1,8.5,7.7,9.28,59.52,2,2
8833,22.0,1,4.0,6.1,4.2,4.0,93.5,86.5,0.1,2.1,3.7,8.4,0,0,1.5,5.1,5.64,49.39,2,2
8834,20.0,0,3.5,5.1,6.2,4.7,93.1,88.8,5.6,2.7,4.7,4.3,1,1,1.8,7.0,6.18,55.51,2,2
8835,20.134890807516506,0,7.7,6.7,8.1,2.9,100.0,73.6,5.0,3.2008618067525094,5.542839731870811,6.9,0,0,8.0,4.1,4.61,63.85,0,0
8836,16.0,1,4.3,7.3,3.6,3.9,69.9,59.7,6.6,3.4,8.5,10.0,0,0,3.4,3.5,7.56,66.4,0,0
8837,20.0,1,2.2,5.6,6.2,0.4,83.5,60.4,8.0,1.2,6.0,7.0,2,0,4.050203624516392,6.0,8.73,55.61,2,2
8838,21.0,1,7.2,5.9,7.7,8.3,100.0,33.6,5.991217524197657,0.6,8.0,5.3,1,0,0.0,0.9,7.14,34.39,1,1
8839,24.0,2,1.2,5.8,8.3,3.8,71.2,100.0,8.1,1.1,4.5,6.0,1,0,2.8,2.3,3.97,39.41,1,1
8840,16.0,1,0.0,5.2,8.9,4.4,66.9,27.7,8.6,0.2,3.5,2.0,0,0,3.7,6.7,8.7,24.52,1,1
8841,21.0,2,5.7,5.8,3.8,4.7,83.9,70.7,5.2,3.1,7.8,4.1,0,1,5.4,1.9,5.91,45.78,1,1
8842,23.0,2,6.0,6.976601980998585,6.7,2.7,95.1,43.1,0.7,5.2,4.9,7.2,0,1,4.8,5.8,5.6,49.04,2,2
8843,18.0,0,5.0,5.3,2.7,3.1,71.3,64.5,7.5,1.1,5.2,7.4,2,0,4.7,6.2,6.05,51.09,2,2
8844,23.0,0,4.219583121504829,6.8,4.2,5.0,100.0,85.4,3.8,1.5,7.8,7.0,0,1,4.9,1.3,7.24,55.76,2,2
8845,16.0,0,4.1,6.1,5.6,2.3,68.1,33.8,6.6,0.9,5.542839731870811,4.5,2,1,4.7,9.2,6.24,47.98,2,2
8846,22.0,0,3.6,5.8,8.9,3.7,88.6,74.2518720906699,2.9,3.2008618067525094,6.3,6.5,1,0,2.4,3.7,7.38,60.04,2,2
8847,24.0,0,3.1,7.5,7.3,3.8,71.2,90.7,4.4,2.7,5.2,9.1,0,0,2.9,14.5,6.23,58.6,2,2
8848,21.0,0,7.0,6.2,6.1,1.7,73.9,67.5,7.3,0.4,6.3,2.5,0,1,6.9,2.4,6.64,36.81,1,1
8849,20.0,2,2.1,6.4,7.1,3.8,90.7,100.0,5.0,9.1,7.1,5.4,0,1,3.8,2.4,5.96,56.09,2,2
8850,16.0,0,4.8,8.7,7.3,0.0,77.3,34.6,2.3,1.4,10.0,5.2,0,0,2.2,2.4,7.2,37.81,1,1
8851,24.0,2,6.6,5.8,6.9,4.7,60.3,44.2,3.0,0.7,1.6,6.7,0,0,6.6,4.1,7.22,39.12,1,1
8852,20.0,1,5.0,9.0,4.6,5.8,69.6,69.5,8.5,4.4,4.3,3.7,1,0,3.0,7.0,6.9,58.3,2,2
8853,16.0,1,6.7,6.5,3.6,4.6,89.4,69.9,5.2,2.0,5.8,4.1,1,0,6.0,5.4,9.54,52.62,2,2
8854,22.0,1,5.3,5.5,5.4,5.7,85.2,77.1,5.3,5.9,5.1,7.3,2,1,2.2,3.9,4.18,53.76,2,2
8855,20.0,1,5.1,6.3,4.0,1.6,89.4,91.7,4.7,1.9,4.3,5.1,0,0,0.0,5.7,3.67,58.97,2,2
8856,17.0,0,4.9,7.1,7.6,2.6,72.2,52.4,2.7,4.1,1.4,7.6,0,0,3.1,4.0,6.1,56.45,2,2
8857,18.0,1,5.4,8.6,9.8,3.2,66.2,50.6,5.4,4.8,4.1,6.8,1,1,1.9,2.1,5.08,41.14,1,1
8858,16.0,2,3.4,8.0,7.4,3.2,69.4,62.5,8.7,3.9,6.2,7.9,1,0,3.4,9.8,3.45,53.92,2,2
8859,21.0,1,1.6,7.1,1.5,2.2,70.2,93.6,4.3,1.5,7.4,3.8,1,1,3.2,11.7,8.84,53.39,2,2
8860,21.0,1,6.1,8.6,4.4,1.4,79.4,89.6,1.8,1.2,5.3,9.0,0,0,4.8,1.9,5.23,60.95,2,2
8861,20.0,1,6.5,4.6,6.0,6.1,64.6,73.7,7.7,2.0,6.3,6.7,1,0,3.5,4.6,7.28,45.34,1,1
8862,23.0,0,4.7,7.3,2.4,1.5,93.9,65.8,6.2,1.8,5.5,8.2,1,1,4.1,4.0,6.52,78.59,0,0
8863,23.0,1,3.1,7.4,6.1,6.0,86.7,72.2,6.4,5.7,6.4,2.9,1,0,0.0,0.7,8.56,53.1,2,2
8864,21.0,1,1.1,7.4,6.047861775435752,3.9,68.8,81.5,6.8,4.8,2.8,5.7,1,1,8.4,5.7,6.47,53.22,2,2
8865,16.0,0,4.4,4.9,9.5,3.4,77.4,76.8,2.2,1.7,6.7,6.1,0,0,8.0,4.4,6.08,34.66,1,1
8866,22.0,1,1.5,5.7,10.5,4.0,68.5,49.7,5.8,2.0,4.3,7.0,1,0,4.050203624516392,1.1,9.84,41.77,1,1
8867,19.0,1,4.219583121504829,6.8,3.0,5.7,78.1,48.4,6.5,3.2008618067525094,4.4,5.957923664122137,1,1,5.2,8.5,9.05,43.78,1,1
8868,21.0,0,4.2,8.4,5.7,0.0,69.1,70.3,5.9,0.9,5.3,5.3,0,0,4.4,2.7,9.89,65.17,0,0
8869,21.0,1,2.7,9.5,5.7,3.6,100.0,88.0,5.9,3.1,5.1,2.9,1,0,0.0,3.2,5.82,53.81,2,2
8870,19.0,1,4.9,6.1,4.2,3.3,59.3,55.9,8.5,3.4,4.1,1.6,1,0,9.2,7.7,3.77,47.0,2,2
8871,24.0,1,3.9,5.3,6.2,3.3,63.5,82.3,7.0,0.5,7.9,5.3,2,0,1.4,11.9,7.55,38.38,1,1
8872,17.0,1,3.0,8.1,5.8,4.7,76.9,42.8,7.4,7.6,6.1,7.5,2,0,2.6,12.2,7.91,63.3,0,0
8873,21.0,0,0.8,10.0,7.5,1.9,81.2,76.3,5.7,3.2,4.3,7.1,1,0,5.8,2.8,7.96,55.92,2,2
8874,16.0,1,2.5,8.4,9.4,0.9,81.3,60.9,0.4,0.5,4.5,6.0,0,0,9.1,5.1,5.4,44.3,1,1
8875,24.0,0,2.6,6.0,6.3,0.5,91.9,37.4,5.3,5.6,5.6,7.6,1,0,5.8,1.2,5.77,47.71,2,2
8876,17.0,0,1.7,10.0,4.8,1.4,85.8,65.2,5.9,1.8,4.7,10.0,0,1,4.5,6.4,2.94,55.75,2,2
8877,17.0,1,3.5,7.9,3.4,4.2,68.0,52.3,5.6,8.4,3.6,10.0,0,0,3.1,4.9,5.99,58.94,2,2
8878,19.0,2,1.9,6.0,11.1,3.9,93.8,70.0,5.8,2.7,5.6,8.8,0,0,6.0,10.4,7.58,55.91,2,2
8879,19.0,1,3.9,9.5,8.3,4.6,88.2,82.4,6.5,1.9,5.4,7.6,2,0,3.4,11.0,7.83,61.24,2,2
8880,18.0,1,4.7,5.9,7.0,2.2,98.0,83.2,8.1,2.9,5.2,4.6,0,1,1.8,3.7,2.9,55.92,2,2
8881,21.0,1,2.5,6.2,5.6,2.3,80.7,39.4,4.1,2.9,8.5,10.0,0,1,0.0,1.7,7.61,36.36,1,1
8882,20.0,1,5.1,7.9,10.0,6.0,94.2,85.4,5.5,8.6,5.4,8.7,0,1,5.6,2.4,2.03,61.41,2,2
8883,16.0,0,1.5,6.976601980998585,5.6,4.8,44.6,82.4,9.4,5.3,3.5,6.5,0,0,6.4,9.0,5.73,54.1,2,2
8884,19.0,1,2.0,7.0,1.7,4.4,73.7,67.4,2.4,6.5,6.5,3.7,0,0,2.3,1.9,4.32,39.65,1,1
8885,23.0,0,4.0,7.1,6.7,0.0,68.1,52.2,5.991217524197657,2.9,2.8,7.6,0,0,6.3,8.1,4.84,63.06,0,0
8886,22.0,0,5.6,8.4,2.9,6.5,89.1,67.7,1.2,3.2,8.4,8.1,0,1,6.7,4.4,7.26,55.08,2,2
8887,22.0,1,5.9,4.0,6.7,2.8,70.4,100.0,5.4,1.1,5.0,6.1,1,0,0.0,8.1,5.17,37.6,1,1
8888,22.0,1,7.4,7.4,9.4,3.3,92.7,85.7,6.2,2.2,3.9,2.8,0,0,0.0,4.9,7.61,55.54,2,2
8889,19.0,2,3.4,6.6,1.8,3.8,90.2,92.5,2.0,5.5,4.8,5.0,1,0,4.0,8.0,6.58,64.37,0,0
8890,17.0,1,3.9,6.0,3.8,3.3,79.81730107309173,57.2,6.5,6.8,6.3,6.9,0,0,3.2,3.2,4.59,54.78,2,2
8891,18.0,1,2.1,6.0,8.2,2.7,83.1,65.4,4.5,0.7,1.0,8.7,1,1,4.1,11.6,7.03,57.83,2,2
8892,23.0,1,1.7,3.6,4.8,3.3,77.2,51.7,8.4,1.9,5.2,6.1,0,1,3.0,2.0,4.33,11.64,1,1
8893,25.0,0,4.7,6.0,7.0,4.1,81.5,63.0,7.0,0.8,6.4,4.4,1,0,4.1,5.1,7.26,44.65,1,1
8894,20.0,0,2.6,8.7,7.0,4.5,89.7,99.4,4.8,6.0,8.3,1.2,0,1,3.5,2.0,8.92,52.08,2,2
8895,16.0,1,6.7,8.1,8.2,5.2,75.8,66.9,5.5,3.5,2.4,10.0,1,0,4.4,1.8,6.38,61.83,2,2
8896,17.0,0,1.3,6.8,4.4,1.0,58.5,62.6,9.4,4.3,1.1,6.1,0,0,4.050203624516392,13.0,6.44,53.94,2,2
8897,19.0,0,5.2,5.2,1.0,2.0,87.7,79.3,5.7,0.8,5.0,4.4,2,0,3.3,4.5,5.32,47.01,2,2
8898,21.0,0,2.2,8.1,7.0,4.5,93.9,64.7,3.0,3.2,6.4,2.0,1,0,8.7,7.8,7.97,49.48,2,2
8899,17.0,1,2.6,8.7,2.1,0.2,57.9,76.7,3.5,2.1,4.1,4.9,1,0,0.3,0.8,6.45,59.19,2,2
8900,24.0,1,5.3,8.3,8.3,3.3,79.5,64.8,5.6,3.4,5.4,9.4,1,0,9.7,5.9,6.37,64.9,0,0
8901,19.0,1,2.8,5.7,5.9,1.6,67.9,78.4,8.5,2.5,6.0,3.3,0,0,1.8,6.9,5.82,46.1,1,1
8902,24.0,0,3.2,5.9,5.3,4.0,94.7,68.2,4.9,2.8,7.2,8.0,0,0,3.0,5.3,4.52,50.37,2,2
8903,22.0,0,2.6,9.2,7.7,1.5,95.4,54.9,5.991217524197657,2.2,7.4,4.0,1,1,3.0,3.3,7.67,57.35,2,2
8904,22.0,0,7.8,5.4,1.6,2.4,69.5,94.0,6.0,2.4,3.2,6.1,2,0,7.7,0.5,4.31,53.05,2,2
8905,21.0,1,3.0,7.6,5.5,2.5,62.9,100.0,6.7,1.7,4.0,8.0,0,0,5.2,5.5,9.36,73.99,0,0
8906,21.0,1,4.3,4.7,7.1,3.4,83.2,84.0,7.1,4.3,2.3,3.2,1,1,5.8,13.4,4.37,34.77,1,1
8907,21.0,0,3.8,6.6,6.6,4.7,65.6,48.0,2.3,1.1,8.3,7.9,1,0,7.7,6.5,8.18,40.29,1,1
8908,21.0,0,4.6,7.8,4.8,4.9,91.2,70.9,6.7,3.9,3.8,6.7,2,0,1.7,7.4,6.41,71.06,0,0
8909,20.0,0,3.0,7.0,4.8,3.4,78.3,79.4,6.6,3.2008618067525094,4.8,6.7,0,1,4.5,1.9,6.85,66.56,0,0
8910,25.0,1,3.8,7.7,9.9,1.0,100.0,44.7,5.0,4.9,4.3,5.9,2,0,8.9,1.6,6.65,51.4,2,2
8911,22.0,1,5.0,5.4,8.3,7.6,100.0,65.3,8.5,3.0,7.7,7.4,1,1,1.5,5.7,4.43,39.0,1,1
8912,22.0,0,2.5,5.9,4.3,2.8,100.0,49.7,7.0,0.8,3.4,5.7,1,1,6.7,1.0,5.95,46.05,1,1
8913,23.0,2,6.4,7.6,9.4,3.5,85.2,56.5,4.1,4.4,8.8,2.6,0,0,2.8,8.7,7.81,46.15,1,1
8914,18.0,0,6.6,7.9,7.9,3.4,67.7,81.1,7.0,5.0,2.3,5.8,0,0,3.8,1.2,5.46,64.96,0,0
8915,17.0,0,5.4,7.3,7.2,3.6,60.7,74.1,1.8,1.2,1.7,10.0,2,0,5.5,3.1,7.13,57.87,2,2
8916,20.0,0,4.3,8.2,6.047861775435752,1.5,87.7,55.3,4.9,5.1,3.9,5.6,0,0,2.0,1.3,4.83,61.96,2,2
8917,20.0,1,0.0,4.8,3.1,3.8,88.7,73.8,5.1,1.1,10.0,5.8,0,0,5.5,2.4,6.27,35.95,1,1
8918,23.0,0,5.0,6.4,9.8,6.3,83.4,68.5,7.5,4.2,1.3,3.4,0,0,5.3,5.6,7.8,57.5,2,2
8919,20.0,0,3.4,9.4,8.4,0.0,62.7,90.9,5.991217524197657,2.9,6.4,10.0,2,0,5.5,5.5447261663286005,4.09,56.84,2,2
8920,21.0,2,3.7,8.7,6.6,3.1,69.6,37.7,5.4,5.4,5.4,2.1,0,0,3.8,0.8,6.26,41.46,1,1
8921,20.0,1,0.4,7.8,6.6,1.0,81.1,61.7,9.2,1.9,5.5,5.957923664122137,1,0,1.6,2.7,4.22,41.39,1,1
8922,16.0,1,5.2,6.8,5.8,4.8,72.0,100.0,9.0,6.1,9.4,4.9,1,1,4.5,2.2,5.43,56.71,2,2
8923,21.0,0,1.3,6.976601980998585,4.6,5.1,69.9,54.0,3.1,3.2,4.2,5.0,1,1,4.7,1.3,7.1,46.68,2,1
8924,23.0,1,4.4,7.6,7.3,2.8,67.4,55.5,8.9,2.6,6.5,4.0,0,0,7.6,1.9,6.28,55.97,2,2
8925,17.0,1,6.0,5.0,4.0,3.1,78.2,65.7,4.4,2.7,5.5,6.0,2,0,7.5,1.6,5.43,33.03,1,1
8926,21.0,1,3.3,8.3,6.4,1.4,77.3,97.8,6.0,6.0,4.3,4.3,1,0,2.5,0.8,7.83,63.94,0,0
8927,21.0,0,6.6,5.9,6.2,0.0,69.3,82.2,10.0,1.9,4.1,3.6,2,1,7.0,2.8,5.82,57.8,2,2
8928,18.0,0,2.7,8.0,7.0,2.5,80.1,55.9,7.1,1.8,6.2,1.0,1,0,4.7,11.1,4.95,51.97,2,2
8929,17.0,1,5.4,4.9,8.4,2.6,83.2,73.5,4.6,3.9,4.7,3.6,2,0,7.1,3.7,4.85,28.5,1,1
8930,25.0,0,1.6,9.1,7.0,3.1,84.6,68.7,7.0,7.0,4.7,6.6,1,0,6.0,2.6,5.01,57.17,2,2
8931,19.0,1,6.3,6.6,7.7,0.0,67.6,83.1,2.6,1.7,3.3,9.1,0,1,7.0,1.0,7.02,60.21,2,2
8932,18.0,0,6.0,5.6,1.2,0.0,76.0,74.2,8.3,3.4,4.1,4.1,0,0,2.9,4.7,4.16,59.67,2,2
8933,18.0,0,5.1,6.1,7.2,0.3,80.2,78.5,4.6,0.6,6.6,7.4,2,0,3.8,6.5,7.07,66.18,0,0
8934,21.0,0,3.4,6.6,6.2,3.1,81.6,69.2,0.6,9.1,4.3,5.6,2,0,4.4,0.9,7.71,55.2,2,2
8935,21.0,1,1.4,7.0,6.9,4.1,62.6,98.8,5.2,5.2,6.6,4.8,1,0,3.8,1.4,5.62,47.32,2,2
8936,21.0,0,3.4,8.7,4.7,0.9,75.6,74.2,4.9,12.0,7.3,5.2,1,1,7.0,2.9,8.5,62.44,2,2
8937,17.0,0,6.4,7.1,8.9,2.5,87.7,74.2518720906699,7.1,2.7,6.8,3.8,1,0,4.6,1.3,4.12,47.74,2,2
8938,24.0,0,4.5,4.2,6.6,2.0,72.3,94.1,3.5,1.2,8.1,4.1,0,1,6.8,9.3,3.81,35.07,1,1
8939,19.0,1,1.1,5.4,4.1,6.7,84.6,85.6,6.8,0.7,7.7,4.8,0,0,5.7,5.0,5.95,41.35,1,1
8940,19.0,1,2.0,10.0,4.6,2.3,80.2,58.6,4.5,6.2,7.4,6.0,1,1,3.0,6.1,7.51,41.91,1,1
8941,20.0,0,6.7,7.2,8.3,2.2,74.0,4.1,5.8,3.7,4.9,3.4,2,1,6.8,1.1,4.5,43.14,1,1
8942,19.0,1,5.2,8.2,5.8,1.5,96.4,84.7,8.3,6.7,1.0,6.3,1,1,1.0,6.1,5.67,78.21,0,0
8943,23.0,1,1.7,6.6,6.0,0.0,76.1,67.2,8.4,3.7,2.7,4.5,1,0,4.7,3.6,2.3,51.31,2,2
8944,24.0,2,0.7,5.7,5.5,4.2,77.3,75.8,8.8,5.3,5.1,6.9,0,1,4.9,2.9,7.5,43.13,1,1
8945,19.0,1,2.9,6.4,8.5,2.5,73.7,74.2518720906699,4.3,1.9,6.5,8.1,2,0,5.4,6.9,7.46,55.44,2,2
8946,23.0,2,0.5,7.2,7.2,2.3,99.2,57.8,6.7,3.3,7.7,6.5,0,0,5.1,2.4,5.14,44.28,1,1
8947,22.0,1,3.9,6.4,3.0,3.3,98.1,54.8,6.7,2.6,4.1,1.0,0,0,5.5,6.9,9.51,59.23,2,2
8948,24.0,0,9.1,9.5,3.6,0.2,94.9,49.9,8.8,3.7,7.0,4.8,0,0,6.2,1.1,8.37,55.31,2,2
8949,18.0,0,1.0,6.2,6.0,6.2,91.3,100.0,5.991217524197657,4.2,5.6,4.7,1,1,3.1,4.4,10.0,74.41,0,0
8950,21.0,0,3.8,5.6,4.4,0.0,68.5,96.5,2.7,1.6,5.9,5.9,0,0,5.5,8.5,5.7,50.35,2,2
8951,18.0,2,6.8,8.1,1.0,6.2,74.2,87.1,7.9,1.0,6.8,4.8,0,0,4.1,1.2,7.11,63.76,0,0
8952,23.0,1,5.7,8.2,4.1,3.0,70.0,40.3,9.0,5.3,7.5,5.7,0,0,0.8,5.7,8.53,59.15,2,2
8953,16.0,0,3.9,7.0,5.3,2.3,93.4,49.4,6.7,5.3,4.0,5.9,0,1,3.5,13.5,5.54,70.0,0,0
8954,21.0,0,3.9,6.2,5.0,4.2,100.0,87.6,3.6,3.4,4.7,7.8,1,0,8.5,14.6,4.71,60.68,2,2
8955,19.0,1,1.9,4.5,7.8,2.4,88.8,82.2,10.0,2.0,9.5,5.0,0,1,0.1,3.8,6.78,39.29,1,1
8956,19.0,0,3.7,8.6,1.0,4.7,100.0,70.1,6.3,1.5,1.6,1.0,2,1,4.9,9.5,6.79,69.85,0,0
8957,21.0,1,4.7,8.1,4.1,3.6,85.9,50.7,4.5,2.8,8.6,7.5,2,0,6.0,9.4,5.78,58.12,2,2
8958,23.0,0,6.4,6.4,8.0,4.3,84.1,94.0,8.4,1.4,4.3,6.1,2,1,2.6,2.6,7.17,59.2,2,2
8959,21.0,1,3.0,7.1,4.3,4.9,72.5,100.0,9.7,1.9,6.2,4.3,1,1,3.2,1.5,5.65,51.29,2,2
8960,23.0,0,3.8,6.7,3.0,2.7,88.0,82.9,2.5,0.4,7.7,3.9,0,0,0.0,5.9,5.08,38.05,1,1
8961,18.0,0,2.3,9.1,4.3,4.7,91.9,61.4,7.2,6.0,9.6,6.2,1,0,7.4,4.1,6.73,64.25,0,0
8962,20.0,1,4.7,5.7,7.1,3.9,93.7,100.0,8.9,5.3,5.2,5.0,1,0,4.8,1.7,5.42,72.42,0,0
8963,20.0,0,5.8,6.2,5.4,5.4,81.3,78.0,5.8,2.2,9.7,10.0,0,0,7.7,1.9,7.49,56.95,2,2
8964,16.0,1,5.5,6.1,4.2,2.3,82.6,100.0,6.3,1.9,2.8,7.9,1,0,4.2,4.2,6.88,78.79,0,0
8965,20.0,1,1.9,7.4,7.2,5.5,79.2,68.6,5.7,3.0,2.6,6.5,0,1,0.4,2.4,6.3,46.57,1,1
8966,21.0,1,4.5,7.1,6.9,1.6,72.7,100.0,9.4,3.2008618067525094,5.6,8.2,0,0,5.5,3.6,6.18,71.32,0,0
8967,21.0,1,2.8,7.3,2.8,0.0,91.5,66.9,3.6,2.0,2.2,6.4,1,0,6.8,9.7,4.89,68.42,0,0
8968,22.0,1,6.2,5.9,6.2,0.5,55.4,63.1,5.4,2.4,4.1,4.8,0,0,3.5,2.7,5.57,41.53,1,1
8969,21.0,0,3.9,8.9,2.8,2.4,58.3,89.9,10.0,2.5,4.1,3.7,2,1,8.3,4.9,2.5,57.33,2,2
8970,16.0,0,1.2,6.4,8.9,3.5,72.9,73.7,4.6,3.7,6.6,8.3,2,0,3.8,6.8,5.41,46.21,1,1
8971,17.0,0,3.8,8.5,9.1,3.0,63.4,82.0,2.6,5.9,5.9,4.5,2,0,4.8,9.6,5.28,39.87,1,1
8972,21.0,1,5.1,10.0,5.3,4.4,94.1,56.7,6.0,4.2,5.0,8.4,0,0,7.3,3.7,6.11,51.24,2,2
8973,18.0,0,4.7,5.9,8.7,0.8,74.2,57.0,8.4,1.4,7.0,7.5,1,1,2.6,3.2,7.62,48.8,2,2
8974,17.0,0,3.2,7.4,4.1,6.1,91.4,68.1,5.9,6.2,5.0,6.6,0,0,4.2,9.8,5.99,70.59,0,0
8975,19.0,1,3.0,6.8,5.7,5.4,97.0,81.5,4.9,2.5,9.3,7.0,0,1,0.0,3.9,6.46,51.7,2,2
8976,20.0,0,2.2,9.6,4.5,4.7,80.8,61.0,7.1,3.3,5.6,5.1,2,1,4.5,17.4,7.07,35.77,1,1
8977,19.0,0,3.4,6.6,5.9,5.3,84.3,94.2,10.0,2.6,8.7,5.9,0,1,3.6,1.2,5.97,64.84,0,0
8978,22.0,0,2.5,7.3,6.2,0.2,95.9,73.1,5.4,6.6,6.1,5.4,1,0,3.8,1.1,8.61,69.88,0,0
8979,21.0,1,6.1,7.3,6.0,4.3,93.0,100.0,10.0,2.4,6.7,6.0,0,1,5.7,0.4,7.84,75.75,0,0
8980,19.0,1,2.4,6.9,5.8,4.3,53.1,56.1,6.9,2.8,1.0,3.8,2,1,1.5,14.7,7.29,48.34,2,2
8981,22.0,0,4.4,8.0,6.047861775435752,4.7,74.6,81.2,4.1,3.5,4.3,7.0,0,1,3.6,2.0,5.47,63.56,0,0
8982,21.0,0,4.3,7.1,9.1,4.5,86.7,83.3,9.7,1.2,6.0,8.6,1,0,6.4,4.3,6.36,69.67,0,0
8983,21.0,1,6.1,7.6,1.0,3.8,82.8,79.9,5.2,3.2,4.3,6.3,0,0,7.6,1.4,5.41,68.39,0,0
8984,20.0,1,6.4,7.3,10.8,3.7,67.1,74.1,2.6,3.1,6.4,9.3,2,0,3.0,2.4,3.41,39.07,1,1
8985,16.0,0,5.6,6.2,5.1,5.1,57.8,90.2,6.6,5.3,1.9,8.6,0,0,8.5,0.8,5.87,64.51,0,0
8986,22.0,0,4.9,6.7,5.8,1.9,87.9,52.8,5.0,5.7,4.1,9.3,2,1,8.2,3.2,8.08,74.73,0,0
8987,19.0,0,2.1,7.7,9.3,3.7,69.0,80.1,10.0,0.3,2.3,5.2,2,0,2.5,3.4,4.96,40.8,1,1
8988,24.0,1,2.1,7.7,7.5,2.0,78.3,57.2,6.9,9.2,5.4,3.5,1,1,4.4,3.2,5.9,56.58,2,2
8989,23.0,1,2.5,8.6,7.3,2.7,81.9,64.6,4.8,2.8,7.2,8.4,2,0,5.6,0.9,7.47,67.26,0,0
8990,21.0,1,5.7,9.4,9.1,0.0,77.9,79.8,7.9,1.9,8.8,8.3,1,0,1.5,4.5,4.61,49.31,2,2
8991,18.0,1,4.3,6.3,5.6,1.4,67.9,92.1,6.0,2.7,8.6,6.6,2,0,1.2,3.3,6.91,50.23,2,2
8992,18.0,1,5.9,7.2,8.3,2.2,78.9,50.3,6.7,3.9,7.3,3.0,1,0,4.7,3.8,3.06,36.48,1,1
8993,19.0,1,6.2,6.7,2.8,2.2,72.9,100.0,0.8,4.6,6.2,6.5,1,0,5.2,1.5,6.68,60.64,2,2
8994,20.0,0,2.7,5.6,7.0,2.4,100.0,93.0,3.5,4.8,2.4,5.3,0,0,3.6,8.7,5.98,62.02,2,2
8995,20.134890807516506,0,4.3,7.7,7.4,0.9,79.81730107309173,75.8,6.5,5.4,9.8,8.0,0,0,1.5,3.8,8.11,68.03,0,0
8996,20.0,1,4.2,8.0,8.9,2.4,100.0,55.8,3.2,3.2,7.1,7.7,1,0,5.8,4.6,4.65,58.74,2,2
8997,18.0,1,3.5,5.6,7.8,5.0,62.9,100.0,4.7,2.7,6.0,5.2,0,0,3.5,0.9,7.03,51.45,2,2
8998,25.0,1,3.1,6.5,6.5,2.5,76.1,83.3,8.0,8.0,5.9,4.3,2,0,4.3,5.5,5.0,56.4,2,2
8999,17.0,1,6.6,6.4,5.2,5.3,76.0,83.3,7.1,11.1,8.4,4.0,2,1,1.3,8.4,3.92,55.62,2,2
9000,24.0,0,4.3,5.0,5.2,5.2,69.9,62.8,8.6,1.4,2.9,4.9,2,1,5.1,13.9,5.08,41.83,1,1
9001,24.0,1,4.2,7.0,5.2,1.9,75.4,78.5,6.0,4.5,4.6,6.2,2,0,4.050203624516392,9.5,10.0,68.68,0,0
9002,20.0,1,2.6,5.5,2.8,4.0,73.8,63.7,4.5,2.3,1.0,5.5,1,0,3.0,14.9,6.01,49.98,2,2
9003,22.0,1,5.6,7.2,10.4,0.6,67.3,96.9,9.1,1.2,2.9,2.3,0,1,0.0,10.2,6.19,49.42,2,2
9004,20.0,1,2.2,7.3,8.5,1.1,100.0,97.3,6.1,1.3,9.6,9.1,1,0,8.3,5.2,7.95,70.6,0,0
9005,21.0,0,5.1,7.5,6.6,3.2,78.9,72.2,3.6,3.7,5.8,2.9,2,0,1.9,8.9,7.04,49.26,2,2
9006,19.0,1,5.2,7.6,8.0,3.9,92.1,64.5,9.6,1.7,3.7,3.9,0,0,9.2,5.8,3.9,58.61,2,2
9007,19.0,0,3.4,9.0,7.9,5.9,92.9,89.2,6.1,1.6,5.6,5.2,2,0,3.4,7.5,6.28,67.5,0,0
9008,21.0,0,4.8,5.9,3.5,2.7,98.6,86.7,8.2,4.4,7.7,4.5,2,0,6.3,11.4,4.17,63.9,0,0
9009,20.0,1,4.6,6.0,7.6,3.3,67.2,54.0,6.7,1.9,5.9,5.4,1,0,5.9,11.0,6.77,56.96,2,2
9010,21.0,1,4.1,7.9,9.2,3.2,96.5,69.8,8.1,6.9,7.4,6.1,1,0,4.050203624516392,17.9,6.69,63.12,0,0
9011,18.0,0,4.2,6.8,4.3,6.2,79.0,100.0,7.4,1.4,2.8,5.8,1,0,4.050203624516392,12.2,6.56,66.5,0,0
9012,19.0,0,4.3,8.5,2.2,5.4,100.0,74.9,5.3,0.3,8.0,3.4,0,0,3.5,4.6,4.42,58.47,2,2
9013,17.0,1,4.5,7.7,3.1,3.7,86.8,79.2,5.2,0.9,9.5,4.9,0,0,6.3,3.0,8.19,55.16,2,2
9014,16.0,1,4.3,9.5,5.8,4.4,65.0,84.8,7.6,3.9,2.4,4.9,1,1,0.0,6.8,8.27,65.23,0,0
9015,18.0,1,2.0,6.9,3.0,3.6,96.4,64.9,6.3,2.5,7.0,3.3,0,0,2.8,6.4,6.12,50.88,2,2
9016,17.0,1,3.9,5.1,5.6,4.9,95.1,88.8,6.0,1.6,7.5,2.7,1,0,3.7,10.4,9.52,44.16,1,1
9017,17.0,1,4.7,7.4,4.4,4.6,63.2,81.8,5.0,1.9,6.4,4.7,2,0,6.1,3.3,8.89,56.49,2,2
9018,23.0,1,4.4,6.9,6.0,2.5,89.7,95.3,5.4,0.8,5.8,5.1,1,0,3.9,10.1,8.31,67.82,0,0
9019,16.0,1,6.1,7.7,4.7,3.2,100.0,44.7,2.7,4.6,2.7,10.0,1,1,8.4,4.8,6.2,70.15,0,0
9020,21.0,1,5.4,7.9,5.9,3.3,86.2,81.4,7.1,2.2,4.9,7.8,0,0,0.0,2.3,5.32,65.85,0,0
9021,18.0,1,2.5,6.3,7.5,3.3,67.3,78.8,4.6,2.2,5.8,7.9,1,0,1.6,0.9,6.77,48.94,2,2
9022,23.0,0,3.9,5.7,3.6,2.1,93.1,49.5,6.2,3.3,10.0,5.2,1,0,2.1,7.0,1.7,38.76,1,1
9023,20.0,0,3.6,6.8,6.7,3.6,88.7,70.2,5.9,6.1,2.9,10.0,1,0,1.0,4.9,6.02,70.81,0,0
9024,19.0,0,4.2,3.9,3.9,2.1,77.0,82.1,6.4,0.5,8.2,6.9,0,0,4.050203624516392,4.0,9.31,34.11,1,1
9025,20.0,1,4.2,7.1,6.0,1.9,74.0,75.9,6.1,2.9,6.8,7.1,0,0,0.0,9.1,4.12,50.15,2,2
9026,19.0,0,5.4,6.5,5.8,2.8,88.6,74.6,7.0,9.5,1.4,6.9,1,1,0.6,4.4,7.45,76.56,0,0
9027,21.0,1,4.6,8.1,6.9,3.5,68.2,74.7,4.1,5.4,7.1,8.0,0,1,0.0,1.2,7.35,59.26,2,2
9028,17.0,0,6.7,4.4,6.5,5.2,82.6,66.6,5.8,2.9,4.9,6.6,0,0,5.9,4.2,10.0,51.49,2,2
9029,25.0,1,4.7,7.0,9.1,4.3,95.6,100.0,6.1,3.2008618067525094,8.2,6.5,0,0,1.9,2.4,6.99,55.44,2,2
9030,19.0,1,2.5,9.0,5.9,5.0,99.8,80.9,4.1,3.6,5.4,8.2,0,0,3.5,8.1,5.33,56.4,2,2
9031,19.0,0,3.3,7.9,4.4,6.2,73.2,80.6,3.8,1.9,7.8,5.9,2,0,4.9,1.6,4.9,42.85,1,1
9032,22.0,0,5.4,8.3,8.3,1.9,59.4,51.1,4.8,3.3,3.2,1.2,1,0,3.0,8.5,3.87,38.51,1,1
9033,19.0,0,1.0,7.4,6.8,4.3,70.8,69.3,6.4,0.4,6.0,6.6,1,1,0.0,3.7,4.7,39.68,1,1
9034,23.0,1,1.5,4.8,8.2,4.4,90.6,65.5,3.6,3.7,6.1,1.5,1,0,5.7,0.3,7.6,27.44,1,1
9035,20.0,1,4.2,7.2,5.7,3.5,70.4,74.4,8.1,0.9,4.1,5.2,0,0,3.1,5.2,6.68,58.11,2,2
9036,22.0,1,6.1,7.5,2.7,4.6,94.1,74.2518720906699,4.7,9.5,5.0,6.8,1,1,8.6,15.1,6.2,84.15,0,0
9037,17.0,0,6.8,5.6,11.6,3.2,70.3,63.9,6.0,4.3,4.7,6.7,1,1,4.0,8.3,5.58,50.64,2,2
9038,23.0,0,3.8,6.8,4.5,4.2,72.8,70.9,7.5,4.3,7.7,4.7,1,0,4.4,3.5,2.81,57.36,2,2
9039,20.134890807516506,0,6.3,3.2,3.1,0.5,77.8,55.5,2.8,4.0,5.1,2.2,1,0,2.7,6.9,4.67,18.47,1,1
9040,18.0,1,4.3,6.6,7.8,3.0,92.3,85.7,9.0,2.0,5.6,3.4,0,0,4.3,11.7,7.83,70.0,0,0
9041,17.0,0,1.1,6.4,3.6,4.3,59.4,89.5,4.1,2.8,7.9,1.1,1,0,6.4,14.3,5.62,30.46,1,1
9042,19.0,1,4.2,8.8,5.0,4.9,83.6,84.0,8.9,5.0,6.7,2.9,0,0,7.8,11.9,6.44,58.27,2,2
9043,25.0,1,3.0,6.2,6.3,1.5,83.4,90.4,7.1,1.3,5.9,4.1,0,1,6.6,5.6,4.58,51.53,2,2
9044,18.0,0,6.0,6.7,5.6,2.9,67.1,89.1,2.0,2.8,3.4,5.6,2,1,0.0,10.0,4.08,51.69,2,2
9045,20.0,0,4.1,6.9,5.1,1.1,84.6,51.9,5.7,1.5,5.4,7.2,0,0,2.5,8.0,6.64,48.62,2,2
9046,16.0,1,1.6,6.2,10.0,2.3,77.7,100.0,4.3,4.0,6.7,5.1,1,1,1.4,6.9,7.8,44.67,1,1
9047,19.0,1,1.2,7.9,5.7,3.6,65.3,90.6,5.991217524197657,1.1,9.3,6.6,0,0,5.4,0.9,5.22,47.54,2,2
9048,21.0,1,4.2,4.4,3.8,4.9,79.0,40.6,6.5,8.7,1.0,5.6,0,1,1.6,1.2,7.38,41.74,1,1
9049,25.0,1,0.0,8.5,8.4,4.6,66.5,61.3,1.7,4.8,4.6,10.0,0,0,4.1,2.4,6.29,41.44,1,1
9050,20.0,1,3.2,7.0,4.2,3.4,71.7,52.8,8.8,3.4,4.3,2.9,1,1,1.4,14.7,2.76,61.64,2,2
9051,23.0,1,4.7,8.7,5.7,1.8,91.4,82.8,7.2,3.4,3.8,10.0,1,0,5.8,5.1,6.53,87.28,0,0
9052,20.0,1,2.1,3.4,3.7,2.7,75.9,65.4,6.9,1.9,1.7,4.2,0,0,5.5,1.0,8.24,34.41,1,1
9053,16.0,2,6.2,3.8,6.5,7.6,91.2,75.4,6.1,3.2,7.5,7.3,0,1,3.9,10.4,6.19,36.81,1,1
9054,19.0,2,6.6,6.6,6.1,0.5,78.0,100.0,2.9,0.4,7.1,4.4,2,1,6.1,1.2,6.87,43.01,1,1
9055,21.0,0,2.2,7.7,5.9,0.8,67.5,100.0,9.5,6.2,6.9,4.6,1,0,6.7,16.9,5.2,66.61,0,0
9056,25.0,1,3.6,6.3,6.4,3.3,86.2,57.8,5.5,1.4,5.0,6.3,2,1,4.1,7.2,7.96,55.16,2,2
9057,23.0,0,6.2,7.8,8.0,4.3,87.3,83.2,9.2,7.5,4.3,3.6,0,0,6.4,4.0,6.79,74.32,0,0
9058,18.0,1,4.2,8.3,7.8,4.6,64.0,100.0,6.0,3.4,3.4,5.7,2,1,7.7,4.6,8.79,67.23,0,0
9059,18.0,1,4.219583121504829,7.9,3.4,3.5,94.8,58.5,5.6,5.9,6.4,6.5,0,0,5.1,1.2,6.0,65.39,0,0
9060,18.0,0,3.9,7.1,4.3,0.3,99.8,92.4,2.2,2.9,3.6,1.1,0,1,3.5,3.0,7.93,71.71,0,0
9061,24.0,0,2.5,7.1,8.3,2.6,88.1,72.0,4.4,2.9,7.0,3.3,1,0,6.3,9.8,8.26,63.08,0,0
9062,23.0,0,6.4,6.2,4.0,0.0,81.0,58.1,8.9,4.0,3.2,4.2,2,1,5.6,4.0,7.19,60.96,2,2
9063,22.0,0,5.4,6.9,7.2,3.7,100.0,100.0,7.6,3.4,8.9,10.0,0,0,1.3,3.5,6.38,65.28,0,0
9064,19.0,1,3.6,5.7,8.1,3.8,87.0,67.3,7.2,0.9,5.3,4.0,1,0,2.5,4.8,5.46,54.43,2,2
9065,20.0,1,4.5,6.0,1.9,2.8,82.6,72.3,7.3,0.5,4.5,6.5,0,1,7.3,3.0,6.62,56.3,2,2
9066,20.0,1,1.6,7.7,5.0,0.9,100.0,68.6,6.0,2.7,4.4,8.3,2,0,4.5,3.1,10.0,72.59,0,0
9067,18.0,1,2.7,6.4,8.0,1.5,100.0,94.0,5.0,2.1,8.1,4.8,0,0,5.1,7.6,5.47,61.84,2,2
9068,20.0,1,7.3,6.0,5.6,0.1,61.3,92.7,4.2,3.2,6.4,4.4,2,1,3.5,1.8,8.67,51.24,2,2
9069,16.0,1,4.3,7.6,5.0,2.9,73.4,61.6,5.0,10.2,10.0,6.6,2,0,7.7,3.4,6.42,61.62,2,2
9070,17.0,1,6.1,7.5,8.1,8.7,87.6,77.1,5.991217524197657,3.2,7.9,4.1,0,0,1.9,5.1,7.18,42.41,1,1
9071,24.0,1,4.7,6.7,8.8,2.8,96.0,81.6,4.3,0.1,3.6,7.5,0,0,6.3,20.6,5.48,54.16,2,2
9072,22.0,1,6.8,6.8,4.3,2.2,64.8,92.6,6.0,4.5,5.3,8.0,0,1,6.4,2.3,5.6,59.1,2,2
9073,19.0,1,0.2,7.5,10.4,3.4,91.8,64.1,6.2,3.2008618067525094,5.8,6.4,1,0,7.4,3.8,4.65,47.53,2,2
9074,20.0,1,3.8,8.3,1.5,0.9,74.7,99.9,5.6,1.5,5.9,8.3,2,0,4.3,1.3,6.7,81.62,0,0
9075,19.0,1,7.5,7.3,2.2,1.0,89.3,89.7,2.4,1.4,8.5,7.9,2,0,6.3,13.4,7.53,62.85,2,2
9076,22.0,0,6.1,5.5,4.9,1.9,72.6,57.9,3.7,2.3,4.8,4.0,0,1,6.0,5.2,5.23,33.82,1,1
9077,22.0,0,6.9,6.7,5.2,4.6,49.7,83.7,5.6,10.4,3.6,1.2,0,1,3.4,12.1,4.27,39.8,1,1
9078,22.0,1,4.2,6.5,5.3,3.6,57.0,83.8,1.3,3.5,5.542839731870811,1.0,2,0,5.6,3.2,5.46,33.17,1,1
9079,22.0,1,3.1,5.6,4.7,2.7,65.4,62.2,8.3,3.4,6.6,7.3,2,1,4.7,5.7,7.71,47.08,2,2
9080,20.134890807516506,0,2.1,7.6,4.2,4.3,72.3,82.7,8.9,1.1,4.2,4.4,1,0,7.8,9.3,2.9,47.18,2,2
9081,19.0,0,2.0,7.7,5.4,6.1,79.9,75.0,7.9,6.2,1.5,5.5,0,1,3.7,3.2,5.99,54.62,2,2
9082,20.0,0,5.8,7.9,4.5,4.3,73.3,47.4,6.6,1.8,9.9,8.3,1,0,6.0,3.1,4.49,50.92,2,2
9083,19.0,1,5.2,5.7,7.7,1.2,79.4,17.5,3.3,9.1,8.6,5.1,0,0,5.8,5.7,5.38,23.03,1,1
9084,22.0,0,4.1,7.2,6.1,0.0,73.5,100.0,6.7,0.3,3.7,5.2,1,0,1.9,4.5,5.29,57.22,2,2
9085,19.0,0,5.2,7.0,5.4,0.0,79.9,72.8,9.1,3.0,5.2,5.2,0,1,2.6,4.3,6.06,70.71,0,0
9086,17.0,0,4.5,7.4,5.8,4.6,92.1,76.9,3.5,2.7,5.4,4.3,0,0,1.6,0.7,7.6,55.27,2,2
9087,19.0,1,6.1,7.2,8.8,1.6,79.8,56.5,10.0,1.1,6.8,4.9,2,1,5.0,6.4,6.04,43.76,1,1
9088,25.0,0,6.1,7.0,4.8,4.5,87.0,64.2,7.8,0.3,4.9,8.7,1,1,6.3,12.0,7.68,75.81,0,0
9089,18.0,0,2.1,6.8,2.8,2.2,79.81730107309173,100.0,3.7,2.4,4.6,3.9,1,0,5.3,8.5,5.99,65.54,0,0
9090,21.0,0,4.7,8.4,3.6,3.7,77.9,100.0,3.8,1.8,5.2,6.8,0,0,6.3,4.3,7.63,67.14,0,0
9091,20.0,1,0.9,5.9,5.4,4.3,56.7,41.6,4.9,1.0,3.5,7.7,0,0,5.3,4.1,2.73,24.77,1,1
9092,17.0,0,4.5,6.8,7.2,1.6,83.3,76.0,5.9,0.8,7.6,8.6,0,1,0.6,3.8,7.53,62.58,2,2
9093,20.0,1,5.4,8.4,8.2,4.5,71.2,100.0,5.2,4.0,6.9,9.5,2,0,4.4,6.2,8.13,63.8,0,0
9094,22.0,1,1.6,5.9,10.1,1.8,91.2,78.6,0.0,3.2008618067525094,3.3,5.5,0,0,5.3,2.9,6.54,40.71,1,1
9095,20.0,0,3.4,6.0,7.8,1.7,97.8,87.3,3.1,7.7,6.2,7.3,0,1,6.7,1.7,7.84,67.42,0,0
9096,23.0,1,4.2,8.0,3.8,4.5,76.7,71.9,6.0,4.6,4.1,6.7,0,0,5.2,7.4,5.75,60.86,2,2
9097,18.0,0,4.7,5.1,5.5,4.1,82.1,84.3,5.991217524197657,2.6,5.8,9.0,2,0,6.3,2.4,8.23,62.99,2,2
9098,17.0,0,3.6,7.9,1.0,3.8,88.7,100.0,8.0,1.5,1.1,5.9,1,1,5.5,2.8,5.65,89.04,0,0
9099,24.0,1,1.9,6.4,5.2,1.0,69.4,84.4,4.5,3.1,5.0,9.3,1,0,4.6,11.1,6.67,70.56,0,0
9100,19.0,1,4.1,7.5,4.5,2.3,80.1,53.1,6.3,0.6,8.4,7.8,1,1,0.0,15.0,3.24,39.48,1,1
9101,21.0,0,0.9,5.4,1.0,4.2,59.9,63.6,6.0,2.2,3.2,5.1,0,1,4.8,4.2,3.14,33.2,1,1
9102,23.0,1,4.219583121504829,8.5,6.047861775435752,7.1,93.6,74.2518720906699,4.2,2.6,4.7,4.0,0,0,6.2,8.9,6.39,60.04,2,2
9103,19.0,0,3.3,5.4,5.1,6.3,100.0,73.8,7.4,1.4,8.3,5.1,0,0,1.0,5.8,5.17,45.75,1,1
9104,22.0,1,3.9,7.9,1.0,2.2,81.3,65.2,5.991217524197657,1.4,9.3,5.3,2,0,1.6,2.7,4.74,52.9,2,2
9105,17.0,1,3.1,5.5,5.3,1.8,70.2,55.4,10.0,4.1,7.2,3.4,1,1,5.9,2.3,6.9,50.4,2,2
9106,19.0,1,1.2,9.4,10.1,6.1,83.4,57.1,8.3,4.8,8.9,6.1,0,1,6.6,4.3,8.23,45.09,1,1
9107,17.0,1,3.5,6.9,10.8,4.1,63.4,62.1,2.6,2.3,8.1,5.8,0,0,0.4,1.4,5.63,36.65,1,1
9108,23.0,1,6.1,9.5,6.1,2.2,74.3,83.2,8.1,2.7,1.7,2.8,0,1,3.9,9.6,5.27,48.95,2,2
9109,18.0,2,6.7,5.9,6.2,3.2,74.6,65.7,2.9,3.9,6.7,2.6,0,0,5.7,4.6,8.16,34.95,1,1
9110,22.0,0,9.1,6.4,9.1,0.8,73.2,78.2,5.991217524197657,5.2,6.0,7.0,0,1,3.1,1.8,4.29,54.99,2,2
9111,24.0,0,7.6,8.6,5.6,4.8,82.8,77.8,5.4,6.5,3.2,6.8,2,1,4.5,1.7,7.12,65.89,0,0
9112,20.0,1,1.8,5.1,7.2,5.5,85.6,88.8,6.7,2.4,1.8,4.8,0,1,0.0,2.0,6.25,47.57,2,2
9113,20.0,0,3.4,6.1,8.1,5.8,80.2,60.2,8.9,2.9,7.3,4.1,2,0,6.7,7.9,5.69,44.62,1,1
9114,20.0,1,4.2,7.6,3.3,5.0,91.7,100.0,7.0,3.6,5.2,7.7,0,0,2.3,11.7,6.31,75.05,0,0
9115,19.0,1,4.0,5.7,9.8,2.4,85.1,43.3,7.8,0.8,5.8,4.1,1,1,5.2,5.2,6.2,34.79,1,1
9116,20.0,1,4.3,7.7,3.8,4.6,73.6,69.1,4.6,2.2,6.9,7.6,0,0,2.9,3.8,6.39,56.32,2,2
9117,21.0,1,9.0,7.2,4.4,5.6,78.6,67.4,4.0,3.2008618067525094,9.3,9.2,1,0,0.0,2.5,6.57,51.49,2,2
9118,25.0,1,2.0,5.0,6.2,4.7,78.9,60.8,6.1,2.3,4.1,8.0,0,1,0.0,9.8,6.94,36.09,1,1
9119,24.0,0,4.219583121504829,8.3,8.3,4.5,75.0,35.3,7.5,1.1,4.7,3.2,2,1,3.7,8.6,5.8,37.9,1,1
9120,23.0,1,7.5,5.4,7.7,3.3,86.6,96.8,5.8,4.1,4.8,4.2,0,0,4.5,3.5,6.85,45.82,1,1
9121,24.0,1,3.0,8.0,5.9,1.4,52.3,89.9,9.6,7.0,4.0,4.9,0,0,5.3,6.2,7.42,66.16,0,0
9122,20.0,1,5.0,7.2,6.7,6.3,80.4,84.0,7.2,9.1,9.6,6.2,0,0,3.3,1.8,8.02,71.76,0,0
9123,21.0,1,6.3,6.4,8.7,2.9,84.0,61.9,5.3,6.6,7.7,6.4,1,0,0.0,12.8,4.53,48.09,2,2
9124,24.0,2,5.2,5.6,6.0,5.2,87.8,65.9,5.7,3.2,6.9,3.7,1,0,0.6,6.8,6.19,45.78,1,1
9125,19.0,0,4.6,7.4,4.0,7.5,94.4,68.9,4.8,1.0,6.8,8.2,0,1,2.5,4.1,4.08,46.94,2,2
9126,25.0,0,6.1,5.9,4.5,4.6,78.2,70.7,7.0,0.9,5.3,7.3,1,0,3.6,4.1,7.49,53.83,2,2
9127,19.0,0,2.4,8.6,8.3,5.1,90.8,89.3,5.1,4.1,1.0,5.7,2,1,5.6,4.2,4.72,56.12,2,2
9128,21.0,1,3.2,8.6,4.0,1.3,87.9,66.1,6.4,2.6,10.0,5.0,0,0,3.5,2.8,8.72,68.79,0,0
9129,22.0,2,5.3,9.1,2.1,1.7,79.81730107309173,59.6,9.4,3.1,4.8,6.7,2,0,1.7,1.1,8.25,73.35,0,0
9130,25.0,1,0.1,7.4,5.2,5.3,61.9,77.6,7.0,4.9,7.4,5.5,1,1,1.3,7.8,9.52,45.7,1,1
9131,18.0,1,7.0,6.5,5.8,2.0,94.2,75.8,5.9,0.6,7.8,6.1,0,0,4.7,2.2,9.06,62.23,2,2
9132,22.0,0,4.8,6.6,8.2,0.6,81.3,84.1,5.5,4.1,5.2,6.5,1,0,4.6,1.7,6.53,56.05,2,2
9133,20.0,1,4.5,6.5,2.4,0.0,76.7,100.0,8.9,2.5,10.0,4.2,0,0,3.0,7.1,8.65,77.01,0,0
9134,18.0,0,0.9,7.3,6.9,2.6,65.0,67.7,6.9,3.6,8.0,10.0,1,1,2.6,2.4,4.99,50.07,2,2
9135,22.0,1,1.6,7.6,8.9,2.6,48.2,91.8,7.7,6.1,4.0,4.7,0,0,3.4,5.9,6.63,54.58,2,2
9136,20.0,0,3.4,8.6,4.0,4.8,100.0,77.6,4.7,0.4,7.6,4.7,0,0,8.5,4.2,7.12,63.63,0,0
9137,21.0,1,5.8,7.0,6.2,1.2,84.0,93.4,3.1,3.8,8.2,3.6,1,0,1.8,2.4,4.59,61.15,2,2
9138,19.0,1,0.0,5.2,1.0,5.5,65.6,97.2,8.8,5.3,5.5,5.5,0,0,0.0,7.6,7.64,45.65,1,1
9139,20.0,0,5.8,6.5,8.2,0.8,63.6,61.4,8.3,3.7,7.0,9.3,0,1,3.0,3.5,7.01,51.45,2,2
9140,21.0,0,3.5,9.0,8.0,0.9,76.4,100.0,3.7,6.0,5.2,3.8,1,0,4.8,4.6,6.489753023681269,59.07,2,2
9141,19.0,2,3.8,5.0,6.0,3.2,90.5,78.3,7.8,3.0,4.6,6.3,1,1,2.2,9.7,6.51,53.75,2,2
9142,18.0,0,4.7,8.0,2.7,3.1,88.2,54.3,9.0,1.6,5.9,8.2,1,0,6.2,4.4,8.58,83.16,0,0
9143,25.0,0,4.7,6.5,7.7,4.0,88.9,54.5,5.1,4.7,5.9,3.0,1,0,0.3,4.5,6.28,45.86,1,1
9144,20.0,0,4.219583121504829,5.9,5.4,0.9,68.5,100.0,5.9,0.6,5.0,5.957923664122137,1,1,3.3,1.6,8.06,53.11,2,2
9145,22.0,1,4.219583121504829,7.5,1.0,3.6,79.81730107309173,98.7,10.0,0.6,1.0,6.8,0,0,3.8,4.6,8.79,93.24,0,0
9146,19.0,1,0.0,9.0,7.9,0.0,81.7,94.7,8.8,2.1,9.0,8.8,0,0,4.6,6.4,6.47,53.55,2,2
9147,19.0,1,3.3,7.4,8.9,0.0,79.3,65.3,4.4,3.8,8.4,6.3,0,1,3.8,3.8,5.24,55.49,2,2
9148,19.0,0,4.5,6.7,9.3,6.3,87.1,68.3,4.6,5.4,3.7,6.8,0,1,3.2,4.3,6.04,52.62,2,2
9149,19.0,1,3.5,5.3,2.8,4.9,100.0,46.6,5.5,5.0,4.9,2.5,2,1,1.8,2.5,4.92,32.51,1,1
9150,20.0,0,0.5,6.9,1.2,3.0,82.7,69.7,6.6,2.9,3.4,7.6,0,0,4.2,5.4,8.48,54.57,2,2
9151,20.0,0,5.7,5.3,5.0,0.0,72.4,78.1,7.2,0.5,2.1,9.6,2,1,0.6,5.9,4.65,53.52,2,2
9152,20.0,0,1.7,6.6,7.3,2.2,61.1,100.0,3.2,2.7,3.3,8.3,1,1,0.4,6.7,4.44,54.53,2,2
9153,17.0,1,4.1,6.9,3.6,3.8,82.3,70.0,4.7,2.1,5.8,5.4,1,1,1.4,7.7,8.05,59.93,2,2
9154,20.0,1,4.5,3.9,2.0,2.2,71.4,69.0,1.9,2.1,6.4,5.7,1,1,2.3,2.9,9.9,31.51,1,1
9155,18.0,2,4.2,8.8,7.8,5.8,85.6,80.2,7.7,3.9,3.5,6.0,0,0,4.2,4.9,5.8,64.82,0,0
9156,17.0,1,6.5,5.4,5.1,4.1,84.7,90.3,6.1,3.6,4.9,10.0,0,1,8.2,0.9,6.2,58.97,2,2
9157,24.0,1,4.1,6.8,7.6,1.3,100.0,100.0,5.5,2.2,6.2,9.3,0,0,4.0,4.7,5.4,64.2,0,0
9158,21.0,1,5.1,7.7,6.0,0.1,79.81730107309173,62.4,5.1,1.9,4.1,4.3,1,0,4.4,6.5,4.59,53.27,2,2
9159,21.0,1,4.1,8.7,5.6,4.6,85.9,71.9,5.6,4.5,6.6,4.1,2,0,3.1,4.0,7.7,64.07,0,0
9160,19.0,1,5.4,6.0,5.8,4.5,71.5,77.5,5.991217524197657,2.4,3.5,8.6,2,0,5.0,5.4,4.81,57.44,2,2
9161,24.0,0,7.0,3.7,5.1,4.4,61.4,70.2,3.4,2.9,10.0,5.5,1,0,3.0,10.7,5.36,16.79,1,1
9162,21.0,1,4.5,8.4,4.9,6.0,94.0,63.8,4.4,3.2,4.2,7.0,2,0,1.5,13.2,6.3,63.45,0,0
9163,22.0,0,5.8,5.4,6.047861775435752,3.8,95.7,70.4,3.8,2.4,4.8,6.8,1,1,2.4,3.6,8.24,55.89,2,2
9164,19.0,1,7.1,7.5,7.2,3.2,75.7,53.1,0.3,3.2008618067525094,3.2,9.2,1,0,2.8,3.1,7.23,39.31,1,1
9165,25.0,0,6.9,6.976601980998585,9.1,4.4,54.9,74.2518720906699,9.9,4.0,1.0,3.7,0,1,6.9,3.3,5.98,64.31,0,0
9166,23.0,0,3.4,3.0,4.7,5.2,97.7,52.8,7.5,9.9,6.4,6.9,2,0,4.5,12.7,5.87,29.87,1,1
9167,23.0,1,6.3,4.9,10.7,4.2,95.4,75.2,4.2,2.9,2.8,9.2,0,0,7.1,9.3,6.04,58.55,2,2
9168,18.0,1,4.7,6.4,6.9,3.1,78.5,68.0,6.5,3.7,6.0,10.0,1,1,3.2,12.3,4.02,59.02,2,2
9169,18.0,1,6.4,3.6,6.6,4.7,93.9,65.2,3.4,1.1,4.3,7.2,0,0,5.1,5.0,6.15,30.68,1,1
9170,18.0,0,5.3,5.3,7.6,3.2,79.5,75.3,7.1,0.7,8.2,4.4,0,1,4.6,2.5,5.57,43.09,1,1
9171,18.0,0,4.8,7.2,8.4,2.1,82.8,30.5,10.0,3.2,5.4,5.8,0,0,0.9,5.7,5.61,60.04,2,2
9172,23.0,0,5.1,6.9,4.9,3.2,58.9,69.3,8.1,2.8,2.1,5.3,0,1,5.1,0.3,9.72,61.85,2,2
9173,16.0,1,4.7,7.4,7.4,2.4,95.9,78.5,1.6,0.8,5.8,8.5,0,0,2.7,4.3,9.02,59.09,2,2
9174,17.0,1,4.8,7.6,8.6,2.8,57.2,92.5,2.6,2.0,10.0,7.2,1,0,5.3,2.0,5.41,46.55,1,1
9175,18.0,1,3.9,4.8,5.1,1.5,100.0,86.0,2.7,2.1,5.1,7.7,1,1,8.3,7.9,6.36,56.62,2,2
9176,18.0,1,3.7,5.3,6.0,4.8,100.0,97.9,5.1,6.3,4.4,6.3,1,0,2.7,0.3,7.81,68.52,0,0
9177,18.0,0,7.7,8.0,4.1,3.4,46.8,49.2,5.9,2.1,6.9,6.8,1,0,3.1,1.2,4.67,38.82,1,1
9178,23.0,1,5.2,9.0,4.8,4.3,100.0,93.8,9.1,1.9,4.2,5.8,1,0,5.5,0.7,6.54,84.96,0,0
9179,21.0,0,3.1,5.7,5.1,3.9,76.9,80.4,3.0,2.1,5.7,5.8,0,0,4.9,1.7,7.46,40.29,1,1
9180,16.0,0,3.6,7.3,3.7,1.4,85.5,65.3,6.0,5.7,5.9,2.6,1,0,1.4,3.1,7.8,67.64,0,0
9181,19.0,0,6.3,8.0,5.8,5.4,61.7,76.9,0.2,1.6,5.542839731870811,6.2,0,0,8.0,3.6,6.04,46.59,1,1
9182,19.0,1,2.7,7.3,6.8,2.6,75.8,100.0,3.7,3.2,7.3,7.8,0,1,1.0,2.1,6.99,59.35,2,2
9183,17.0,0,1.2,6.7,7.1,2.3,64.6,77.6,3.0,0.9,8.0,7.5,0,0,3.9,4.4,6.57,32.54,1,1
9184,21.0,2,1.4,6.2,4.0,3.4,69.7,76.4,1.3,3.2,3.8,6.5,2,0,7.0,8.4,6.17,46.75,2,2
9185,22.0,0,0.7,9.6,4.5,3.4,95.9,90.5,7.7,1.3,7.2,6.0,1,0,2.8,11.2,5.94,64.33,0,0
9186,22.0,0,1.6,7.1,8.1,7.7,93.0,71.1,4.6,4.9,7.4,4.8,2,0,6.3,2.2,4.96,38.2,1,1
9187,22.0,0,1.8,7.5,4.5,4.1,90.7,60.7,6.4,5.1,5.5,5.4,1,1,2.1,1.1,6.489753023681269,51.53,2,2
9188,16.0,0,4.219583121504829,7.4,8.1,2.1,73.0,100.0,3.0,9.2,8.8,8.5,1,0,3.6,10.4,9.4,69.11,0,0
9189,25.0,1,4.1,5.9,4.2,6.4,71.0,49.1,8.6,0.5,9.1,7.3,0,0,2.3,7.5,5.69,49.66,2,2
9190,23.0,0,3.5,7.1,6.9,0.1,58.6,75.8,3.9,1.9,4.3,6.0,0,1,6.6,2.6,7.5,49.71,2,2
9191,24.0,0,1.3,6.6,7.9,2.1,88.8,73.8,8.4,2.6,6.5,8.2,0,1,5.1,2.8,7.38,56.62,2,2
9192,16.0,2,3.9,6.6,1.0,2.0,100.0,60.0,8.4,0.8,6.7,9.4,2,1,2.9,0.3,7.22,67.84,0,0
9193,24.0,0,0.7,7.4,8.2,3.0,98.9,51.3,6.6,0.3,7.5,7.5,1,0,3.0,6.1,6.9,47.05,2,2
9194,23.0,1,3.5,5.8,9.3,3.6,80.4,72.7,6.8,9.2,6.7,7.4,0,1,6.6,2.3,2.66,50.46,2,2
9195,23.0,0,8.3,5.4,5.2,3.8,79.81730107309173,81.6,3.8,10.1,7.6,4.4,0,1,6.0,0.6,5.22,48.06,2,2
9196,17.0,2,5.5,7.7,6.9,3.8,83.2,93.9,2.4,1.8,6.3,7.7,1,1,0.9,1.0,6.29,62.98,2,2
9197,22.0,1,3.8,6.3,3.9,4.1,91.8,61.1,6.4,8.1,10.0,6.0,2,0,4.2,2.8,7.04,53.91,2,2
9198,25.0,1,5.6,6.6,6.9,2.9,100.0,60.9,6.5,4.3,5.542839731870811,5.8,1,0,0.0,7.3,6.05,67.6,0,0
9199,21.0,0,3.2,4.5,12.2,5.3,72.6,100.0,5.2,5.2,3.5,8.1,1,0,7.2,7.4,5.94,40.11,1,1
9200,21.0,1,2.6,8.3,1.0,0.1,73.1,66.6,4.2,7.3,7.4,5.5,1,0,7.8,3.8,6.67,58.48,2,2
9201,24.0,1,7.6,7.7,4.7,0.0,76.3,69.0,4.1,1.2,4.9,4.0,1,1,1.6,8.8,6.57,53.99,2,2
9202,20.0,1,1.9,7.9,8.0,4.3,79.6,96.9,2.7,4.1,4.4,8.5,0,0,7.5,5.1,6.4,60.29,2,2
9203,21.0,0,3.5,7.5,9.2,2.4,89.5,45.4,8.1,1.7,5.5,6.5,1,0,1.0,4.3,7.3,55.32,2,2
9204,20.0,1,4.8,5.0,2.5,6.1,79.1,53.4,4.5,4.8,6.4,4.5,1,0,4.3,0.9,4.8,36.06,1,1
9205,24.0,1,2.3,7.3,4.4,4.9,68.9,100.0,3.9,1.0,4.1,6.1,1,1,4.7,4.5,8.61,64.92,0,0
9206,17.0,0,5.5,6.2,4.5,4.1,69.1,64.2,7.4,0.5,7.2,6.8,1,0,0.9,0.3,5.93,41.62,1,1
9207,20.0,2,3.6,5.7,4.4,2.1,64.7,65.4,4.8,4.5,4.5,4.1,1,0,2.9,8.5,5.33,50.82,2,2
9208,22.0,2,5.5,7.7,5.7,4.2,78.6,66.9,4.7,0.5,7.3,5.5,1,0,5.0,3.2,8.33,48.06,2,2
9209,23.0,1,5.4,9.2,2.4,2.3,93.4,69.2,8.5,2.7,5.6,5.9,2,1,0.0,7.6,8.84,71.55,0,0
9210,21.0,2,3.7,8.9,5.4,3.1,85.5,66.7,3.5,8.5,6.4,1.6,0,0,8.7,3.8,7.55,57.58,2,2
9211,24.0,1,7.6,7.8,3.7,2.4,87.3,77.6,3.6,4.0,3.0,9.8,0,0,4.2,11.0,9.44,68.98,0,0
9212,24.0,0,2.9,7.0,5.8,3.5,65.9,97.5,1.8,2.3,2.1,9.6,2,1,0.6,5.4,4.75,49.45,2,2
9213,16.0,0,6.9,6.7,4.2,2.5,64.8,60.5,5.9,3.9,6.7,6.3,0,0,1.3,7.3,7.94,60.04,2,2
9214,19.0,1,6.5,5.8,5.6,4.8,82.3,64.4,4.7,4.4,10.0,6.6,1,0,6.5,7.4,9.71,64.78,0,0
9215,16.0,0,7.7,6.6,3.4,3.8,96.2,75.6,10.0,6.0,4.0,6.6,0,0,5.7,5.9,7.28,86.53,0,0
9216,19.0,1,4.5,8.2,8.4,2.1,91.0,100.0,4.7,0.1,9.6,4.0,0,0,5.1,12.0,2.7,53.62,2,2
9217,20.0,0,2.6,9.4,5.2,2.2,71.2,69.7,7.4,1.6,6.6,7.2,1,1,2.1,4.8,8.87,44.24,1,1
9218,24.0,1,8.4,5.9,6.0,0.7,100.0,58.8,4.1,2.3,4.6,4.3,1,1,4.1,5.4,6.83,52.64,2,2
9219,23.0,0,3.5,4.4,5.6,0.0,53.6,38.7,7.8,2.2,4.9,1.9,0,0,4.1,2.0,7.93,32.32,1,1
9220,17.0,1,4.219583121504829,6.3,6.0,4.7,80.4,61.3,9.2,1.7,6.6,5.9,1,1,4.6,3.0,5.45,52.46,2,2
9221,17.0,1,3.8,8.2,6.0,2.4,81.3,59.4,4.8,4.3,8.9,5.7,1,1,7.1,8.4,5.04,40.68,1,1
9222,21.0,2,2.2,9.7,8.0,0.8,77.3,74.2518720906699,5.6,4.4,6.7,9.7,1,1,7.2,5.5447261663286005,6.24,63.92,0,0
9223,20.0,0,5.3,8.7,5.3,3.8,86.8,76.3,5.5,2.8,5.5,4.6,1,0,1.7,8.2,6.92,55.8,2,2
9224,18.0,2,3.0,8.7,4.2,1.7,77.4,70.3,6.6,1.9,6.4,5.5,1,0,3.1,4.8,6.489753023681269,48.92,2,2
9225,24.0,1,3.6,5.9,6.1,2.9,60.6,100.0,8.2,3.2008618067525094,3.4,5.2,1,0,6.2,4.3,4.0,52.22,2,2
9226,24.0,1,6.1,5.9,4.5,0.7,78.8,78.9,4.6,2.4,4.2,4.7,1,0,4.9,11.5,6.56,56.86,2,2
9227,19.0,0,5.4,5.3,5.8,4.2,82.1,93.2,5.991217524197657,3.9,6.3,4.1,2,0,10.0,4.2,5.7,50.99,2,2
9228,24.0,0,4.2,6.1,3.4,3.2,91.9,71.9,6.4,5.8,6.0,4.5,0,0,5.4,7.4,6.62,68.07,0,0
9229,19.0,1,4.5,8.2,8.6,3.9,98.4,59.2,9.5,5.6,5.5,6.5,0,1,5.7,14.4,8.51,69.57,0,0
9230,22.0,0,4.2,9.1,4.0,2.2,68.9,86.1,6.7,4.2,6.0,4.2,0,0,6.0,9.5,7.83,61.45,2,2
9231,20.0,1,3.3,7.4,9.0,3.4,100.0,54.7,2.9,1.8,5.1,10.0,1,0,2.6,2.1,8.22,68.5,0,0
9232,17.0,1,4.2,6.7,5.8,0.4,74.4,95.8,7.6,3.6,3.1,5.7,0,1,4.2,6.1,5.56,68.19,0,0
9233,24.0,1,5.2,5.6,8.1,7.1,73.4,61.5,6.0,1.2,5.542839731870811,10.0,2,1,2.1,11.6,7.59,54.24,2,2
9234,20.0,0,3.9,6.9,4.1,3.7,74.7,88.3,5.4,0.7,6.9,4.7,2,1,10.0,1.0,3.91,41.42,1,1
9235,22.0,0,5.0,7.3,1.1,6.1,54.6,81.8,7.1,2.1,9.2,2.1,0,1,0.0,9.6,5.8,46.75,2,2
9236,19.0,0,2.5,5.1,1.9,2.5,74.5,57.5,4.3,2.7,6.5,7.1,0,1,3.7,1.9,6.29,36.38,1,1
9237,16.0,0,3.0,8.2,12.3,1.1,97.0,96.8,5.6,1.8,3.6,4.6,2,1,9.2,9.5,5.44,54.68,2,2
9238,17.0,1,2.7,6.4,4.5,2.1,86.2,100.0,4.9,3.2008618067525094,7.8,4.1,0,1,1.8,6.2,2.74,45.02,1,1
9239,20.0,0,3.1,8.1,8.7,2.9,83.0,61.5,7.5,3.3,5.7,2.3,0,0,8.5,5.3,4.75,44.53,1,1
9240,22.0,0,6.8,7.0,2.8,2.8,84.6,63.2,5.3,8.1,7.2,5.3,0,0,1.8,14.2,6.41,63.53,0,0
9241,19.0,0,5.7,7.4,6.4,6.4,96.4,76.2,6.3,5.3,5.8,8.9,2,0,0.9,6.0,9.26,65.87,0,0
9242,22.0,1,2.0,6.1,6.9,1.5,68.6,90.6,6.4,3.7,7.9,6.4,2,0,8.0,6.6,5.96,50.16,2,2
9243,22.0,0,5.1,6.6,13.1,1.9,91.8,97.0,7.1,2.3,7.3,5.7,0,1,3.0,3.3,9.07,71.56,0,0
9244,22.0,0,3.4,7.8,5.2,4.3,80.9,68.6,5.0,5.5,2.8,5.4,1,1,2.2,4.3,8.13,66.12,0,0
9245,20.0,2,2.8,6.976601980998585,4.2,0.1,69.8,77.5,8.7,1.1,7.4,9.2,0,1,0.8,11.5,4.84,55.14,2,2
9246,24.0,2,1.2,5.6,6.9,2.9,86.0,68.7,8.3,6.1,5.8,5.5,0,0,8.6,4.4,7.26,49.86,2,2
9247,20.0,0,6.1,7.1,3.7,3.3,81.1,67.6,10.0,1.1,5.3,3.9,0,0,7.3,4.6,8.9,66.04,0,0
9248,20.0,1,1.5,7.5,7.0,3.8,69.5,65.4,4.0,0.4,7.0,5.5,1,0,2.7,18.5,7.85,33.97,1,1
9249,18.0,2,4.1,8.8,5.9,3.6,66.1,50.5,6.4,2.1,6.6,6.3,1,0,5.9,4.0,6.44,45.3,1,1
9250,19.0,0,2.3,8.5,4.1,6.6,74.3,90.5,2.5,2.1,4.3,4.9,1,0,3.1,5.6,6.49,64.95,0,0
9251,16.0,0,5.8,6.9,7.2,1.4,73.4,76.8,3.5,2.4,6.5,1.1,1,0,1.7,0.2,3.32,35.04,1,1
9252,21.0,1,3.5,6.3,6.3,1.8,95.9,100.0,7.6,2.1,2.3,5.3,2,0,5.7,6.2,6.87,73.71,0,0
9253,18.0,1,3.9,6.976601980998585,7.9,4.1,77.2,89.8,5.7,2.5,7.5,7.4,0,0,3.2,2.4,6.489753023681269,46.64,2,1
9254,19.0,1,4.0,6.3,10.1,3.4,75.1,67.8,3.9,3.4,6.5,4.8,2,0,3.8,5.5,6.83,39.78,1,1
9255,22.0,1,4.8,7.7,4.7,3.6,94.7,54.5,7.7,4.1,6.6,4.9,0,0,6.7,3.2,7.51,65.23,0,0
9256,19.0,1,4.2,8.4,5.0,0.5,97.5,100.0,6.7,1.8,4.5,7.9,0,0,4.2,5.3,6.74,75.52,0,0
9257,18.0,0,4.1,8.6,2.6,6.9,69.2,44.4,0.7,1.4,10.0,7.7,2,1,1.5,5.5447261663286005,4.39,26.8,1,1
9258,18.0,1,3.2,6.5,7.3,3.8,63.8,68.8,8.4,1.7,7.9,5.3,2,0,4.050203624516392,7.4,6.32,43.75,1,1
9259,22.0,1,1.1,6.3,4.4,0.2,86.7,69.1,6.1,3.2,5.1,5.0,0,1,0.0,2.6,4.99,52.6,2,2
9260,17.0,1,2.0,6.5,6.9,4.1,77.3,63.4,4.8,3.5,6.8,2.6,2,0,4.1,7.3,5.03,37.62,1,1
9261,20.0,1,5.6,4.5,8.9,1.0,72.9,59.7,3.0,4.0,6.8,6.4,2,0,4.5,7.6,6.22,37.59,1,1
9262,20.0,2,3.6,5.4,4.3,4.7,93.5,53.0,7.0,8.5,6.5,5.2,0,1,1.6,1.9,6.64,53.6,2,2
9263,22.0,1,2.9,7.0,4.8,0.6,76.6,61.9,4.9,2.0,1.0,10.0,1,0,5.9,4.9,6.29,69.85,0,0
9264,21.0,1,1.4,7.5,8.5,4.8,100.0,74.1,5.7,3.5,6.2,7.4,0,1,2.4,8.3,5.55,48.78,2,2
9265,23.0,0,0.8,7.6,7.8,0.8,80.6,80.5,6.1,0.5,7.8,8.5,0,0,3.8,0.9,5.98,44.52,1,1
9266,16.0,0,2.8,6.0,7.5,1.2,82.1,65.6,7.2,3.7,4.5,3.9,0,0,3.2,17.3,7.44,51.26,2,2
9267,19.0,1,6.0,6.4,5.0,3.2,100.0,65.5,6.6,1.6,2.2,6.8,1,0,7.0,11.6,7.15,71.68,0,0
9268,18.0,0,3.1,6.6,2.4,1.9,84.0,56.2,9.3,0.2,4.4,6.1,0,0,0.4,9.7,7.56,72.02,0,0
9269,17.0,0,5.0,6.5,4.2,2.0,70.8,78.0,2.1,2.2,5.8,4.8,2,0,3.7,4.2,4.46,43.28,1,1
9270,18.0,0,3.0,7.9,3.5,0.2,66.7,75.9,4.7,1.1,9.4,5.1,0,0,2.3,1.9,5.14,53.76,2,2
9271,19.0,0,5.5,5.3,6.047861775435752,2.4,74.0,81.8,8.4,3.2008618067525094,6.0,1.6,0,0,8.4,5.3,6.65,42.57,1,1
9272,20.0,2,3.5,5.5,6.7,4.6,83.1,65.3,10.0,1.0,4.3,8.7,0,1,3.9,3.1,6.11,51.08,2,2
9273,21.0,1,1.7,6.6,4.5,6.4,91.8,58.6,8.6,3.2,7.9,2.3,0,0,1.1,7.2,6.01,45.91,1,1
9274,19.0,1,3.7,5.2,4.9,4.5,60.4,74.6,7.1,2.1,4.9,6.2,0,0,2.8,5.8,7.64,58.23,2,2
9275,22.0,1,7.9,4.5,7.2,4.2,80.0,84.4,7.9,2.1,2.5,7.4,2,0,6.9,9.4,7.7,46.79,2,2
9276,19.0,1,7.8,5.1,5.2,0.0,79.81730107309173,59.0,7.9,4.9,3.9,8.8,1,0,5.1,0.4,6.78,69.76,0,0
9277,19.0,0,4.219583121504829,6.7,4.5,2.9,83.4,63.7,4.7,4.1,6.9,9.6,2,0,2.1,8.1,2.1,49.48,2,2
9278,20.0,0,3.9,7.8,10.9,1.8,97.6,53.0,7.3,2.4,3.7,7.4,0,0,2.6,6.3,4.05,59.93,2,2
9279,16.0,1,4.8,7.8,4.6,0.3,60.4,53.9,3.9,6.6,7.7,6.7,0,1,6.7,12.4,6.09,51.44,2,2
9280,17.0,1,4.8,9.1,7.7,0.7,77.1,65.2,6.3,0.8,9.6,9.4,2,1,0.1,1.2,5.4,47.87,2,2
9281,19.0,1,4.1,7.1,7.0,4.2,81.6,59.9,4.9,0.9,8.6,5.1,1,0,5.7,10.7,6.57,56.45,2,2
9282,24.0,2,5.1,7.3,2.2,2.0,87.2,89.4,7.1,7.7,4.5,4.6,0,0,4.3,4.8,8.02,79.44,0,0
9283,22.0,0,4.6,6.7,4.3,0.3,68.9,75.5,4.8,0.1,2.9,6.1,0,1,4.050203624516392,4.1,6.96,58.36,2,2
9284,17.0,0,3.6,6.7,8.0,1.9,85.4,97.8,6.2,0.7,1.0,4.2,1,0,5.0,4.4,8.33,63.31,0,0
9285,23.0,0,1.8,9.7,5.7,3.5,86.4,98.0,3.8,0.2,4.6,4.3,1,0,1.8,3.3,6.85,55.0,2,2
9286,22.0,0,3.3,7.3,2.3,1.8,79.0,75.3,5.2,3.1,1.0,7.0,2,1,0.0,6.7,6.87,64.3,0,0
9287,21.0,0,5.8,7.5,7.0,0.8,86.1,38.9,8.6,6.1,6.4,5.9,0,1,3.3,7.3,4.98,51.55,2,2
9288,23.0,1,4.1,5.5,4.5,1.3,84.1,82.2,1.9,6.9,9.0,5.957923664122137,2,0,3.2,14.7,5.65,31.29,1,1
9289,19.0,0,4.219583121504829,7.5,7.1,4.6,71.4,95.6,5.991217524197657,0.6,6.3,6.2,2,1,7.9,8.5,6.489753023681269,48.98,2,2
9290,18.0,0,3.6,7.9,12.7,0.0,77.9,86.4,9.1,2.0,4.4,6.9,0,0,1.2,2.5,7.05,58.13,2,2
9291,20.0,0,2.1,8.4,7.0,2.5,63.8,81.3,8.0,5.3,8.4,4.8,0,0,0.0,4.3,6.12,37.59,1,1
9292,20.0,2,3.7,7.8,7.5,2.8,60.6,70.5,6.2,6.1,4.3,7.2,2,0,0.3,0.6,8.24,65.36,0,0
9293,20.0,0,2.2,6.8,5.4,1.6,83.3,53.8,7.7,10.8,4.8,5.7,2,1,3.9,2.8,5.19,63.69,0,0
9294,21.0,0,2.0,6.8,3.2,1.3,55.4,86.3,4.4,4.6,5.2,7.7,1,1,1.5,7.6,7.02,64.27,0,0
9295,24.0,2,6.6,6.9,8.6,4.8,76.9,71.5,7.6,1.3,3.6,6.5,1,0,0.8,2.9,6.59,55.69,2,2
9296,24.0,1,3.4,7.1,4.5,4.8,85.4,80.6,8.7,7.0,5.4,1.8,1,1,3.3,14.8,4.58,54.8,2,2
9297,23.0,0,2.7,8.6,5.4,3.2,80.2,64.4,6.5,2.9,7.9,7.3,0,1,2.7,8.0,6.88,55.25,2,2
9298,23.0,0,7.4,8.4,10.5,2.0,100.0,100.0,8.2,2.1,5.6,7.4,1,0,6.1,1.7,8.88,75.48,0,0
9299,24.0,1,5.8,8.0,5.2,3.2,85.5,79.3,3.8,2.8,2.5,3.5,1,1,6.0,11.5,6.98,50.82,2,2
9300,17.0,0,3.5,9.6,9.0,3.7,76.5,68.2,3.4,0.3,5.8,5.1,2,0,2.8,19.3,5.08,30.21,1,1
9301,18.0,0,5.1,3.5,7.0,2.8,87.9,54.5,7.7,2.4,6.5,5.0,0,1,3.6,3.1,9.22,32.09,1,1
9302,20.0,0,3.7,6.4,4.6,3.8,62.9,49.8,10.0,0.3,4.7,4.5,0,1,9.3,4.8,6.8,58.96,2,2
9303,23.0,2,2.8,7.0,6.9,2.4,93.0,86.2,6.2,1.8,5.2,3.0,0,1,10.0,10.1,8.74,56.34,2,2
9304,20.0,1,5.1,6.1,4.2,0.0,73.4,64.5,7.9,2.5,8.1,7.6,1,0,10.0,17.6,7.99,65.79,0,0
9305,22.0,0,3.6,5.8,8.3,2.7,94.4,66.9,0.0,6.3,4.9,7.1,1,0,4.4,3.6,7.43,48.93,2,2
9306,17.0,0,4.4,4.8,9.1,4.2,85.2,65.2,7.3,1.7,6.3,7.9,0,0,3.2,5.1,6.89,41.3,1,1
9307,18.0,1,6.2,6.6,6.1,3.1,88.1,55.3,4.9,0.4,6.0,5.7,0,0,0.7,5.8,10.0,61.73,2,2
9308,22.0,1,6.0,8.2,9.4,3.6,72.8,69.8,10.0,10.0,2.0,8.6,1,0,6.5,1.2,7.79,69.77,0,0
9309,18.0,0,3.1,8.0,6.4,2.5,65.1,76.0,7.7,2.7,3.0,2.7,2,1,5.0,5.5,6.0,56.95,2,2
9310,19.0,0,5.2,6.0,8.3,2.7,64.9,56.9,6.2,0.7,5.2,6.9,2,0,2.4,4.2,4.91,35.89,1,1
9311,18.0,0,1.9,7.3,13.4,3.3,57.7,81.0,4.8,3.2,7.0,8.2,1,0,4.9,7.3,8.21,49.26,2,2
9312,19.0,0,5.1,8.8,12.2,6.5,75.0,53.0,8.8,4.0,9.3,4.0,0,1,2.6,2.1,4.75,34.48,1,1
9313,22.0,1,4.5,5.0,5.5,4.5,72.4,67.1,8.9,2.3,2.1,5.1,2,1,2.0,5.5447261663286005,4.23,41.21,1,1
9314,19.0,1,5.0,6.8,6.7,4.3,93.2,81.6,4.2,1.7,2.3,3.0,1,1,5.1,5.5447261663286005,8.67,62.59,2,2
9315,20.0,1,3.6,7.4,3.4,3.4,66.6,74.8,8.6,2.7,5.3,7.7,0,1,7.9,5.0,4.11,59.01,2,2
9316,17.0,2,8.4,7.0,8.0,0.6,100.0,45.5,8.2,2.3,6.8,4.1,0,1,7.6,4.3,3.62,51.36,2,2
9317,23.0,1,2.4,8.1,7.0,5.2,67.0,24.8,6.6,4.1,3.5,5.957923664122137,1,1,0.0,0.8,7.17,50.56,2,2
9318,19.0,2,6.1,5.1,4.1,4.6,68.2,85.2,7.8,5.1,6.3,5.0,1,0,5.1,1.1,7.58,61.46,2,2
9319,21.0,2,2.1,5.7,9.0,3.7,60.8,87.4,7.2,6.3,7.4,3.9,2,0,4.1,8.7,5.75,42.79,1,1
9320,22.0,2,5.2,7.9,5.3,2.9,80.1,82.9,3.7,4.9,7.3,5.3,1,1,4.0,3.3,6.97,48.26,2,2
9321,18.0,1,5.4,4.8,4.7,4.0,75.8,70.9,6.8,10.3,10.0,6.7,1,1,4.1,6.4,4.99,41.59,1,1
9322,24.0,2,4.3,8.1,7.0,2.6,79.81730107309173,70.5,5.7,7.3,4.2,6.2,1,1,3.3,10.4,5.07,58.53,2,2
9323,21.0,1,3.2,7.6,4.8,4.3,85.3,73.1,3.6,1.2,1.0,3.1,1,0,0.0,4.8,6.489753023681269,59.24,2,2
9324,19.0,1,4.5,8.0,6.047861775435752,1.5,92.8,85.5,4.3,3.7,4.0,6.9,1,0,5.5,3.6,5.0,68.95,0,0
9325,18.0,1,4.7,6.4,10.4,0.0,64.8,72.6,2.4,1.0,7.7,6.7,0,0,6.1,0.7,4.5,31.15,1,1
9326,24.0,2,7.8,7.7,4.5,0.8,80.3,81.7,2.2,3.5,8.0,8.4,0,0,5.3,2.7,7.3,66.0,0,0
9327,22.0,1,2.5,5.5,7.7,3.3,91.1,98.7,5.991217524197657,2.7,1.9,3.6,1,1,3.6,6.2,6.75,55.07,2,2
9328,18.0,0,3.1,6.5,6.047861775435752,2.5,65.8,57.6,5.991217524197657,5.1,8.8,8.3,0,0,0.4,0.6,6.06,55.05,2,2
9329,19.0,1,4.8,7.0,3.6,2.7,100.0,71.7,3.2,8.0,2.0,4.2,2,1,4.4,17.5,6.55,66.03,0,0
9330,23.0,1,3.7,5.8,5.8,0.7,100.0,59.5,3.4,1.4,4.7,2.8,2,1,3.4,4.2,7.7,51.67,2,2
9331,22.0,1,4.0,7.3,12.7,3.5,79.0,67.9,10.0,2.8,6.7,7.3,2,0,9.8,11.6,6.85,53.91,2,2
9332,20.134890807516506,0,6.3,5.5,8.0,1.1,65.6,73.2,3.9,1.9,4.6,7.4,2,0,2.7,7.6,3.53,32.94,1,1
9333,20.0,0,0.0,7.3,7.2,3.9,67.3,59.2,6.1,3.2,6.6,7.9,0,0,7.8,8.5,8.48,50.22,2,2
9334,22.0,0,3.0,9.3,4.7,0.5,83.0,45.8,7.1,2.0,4.6,4.2,2,1,3.5,15.4,8.66,53.53,2,2
9335,19.0,0,0.7,5.4,5.0,1.5,88.3,51.5,5.6,4.5,5.9,4.3,0,0,0.6,3.9,7.52,42.77,1,1
9336,18.0,2,1.8,7.0,2.3,1.2,56.1,83.0,5.9,3.2,2.6,4.8,1,0,3.3,11.2,9.41,59.75,2,2
9337,21.0,0,9.0,4.9,10.5,4.0,67.7,63.0,4.2,4.0,9.0,5.7,0,0,4.0,7.4,4.29,12.27,1,1
9338,25.0,0,5.4,5.9,6.7,2.2,81.8,71.1,4.6,0.4,5.2,7.9,0,1,2.9,0.3,4.77,42.33,1,1
9339,19.0,0,6.1,7.9,6.5,3.8,61.7,75.9,6.7,5.2,4.8,3.7,2,1,3.3,4.5,8.13,57.73,2,2
9340,20.0,0,4.0,6.4,6.5,5.1,76.1,91.3,3.4,2.7,6.6,6.8,1,0,4.8,4.7,3.96,47.55,2,2
9341,21.0,0,5.7,8.0,11.2,6.2,85.6,69.9,9.1,4.5,2.6,6.6,1,0,3.8,5.3,6.85,65.37,0,0
9342,20.0,0,0.7,7.5,6.7,3.4,77.9,79.4,2.1,2.1,5.1,5.0,0,0,5.8,5.3,8.84,35.04,1,1
9343,23.0,0,6.3,6.9,5.5,1.0,70.5,54.6,6.5,7.1,2.8,7.7,0,0,5.9,7.9,8.92,64.65,0,0
9344,22.0,0,2.6,5.7,10.5,5.3,81.1,72.1,3.7,0.5,3.8,8.6,1,1,3.2,1.0,5.15,34.48,1,1
9345,16.0,1,3.1,7.9,5.7,5.7,86.6,57.4,7.0,4.5,5.4,8.4,0,1,0.9,1.6,6.76,54.64,2,2
9346,25.0,0,5.2,7.4,1.8,2.9,68.0,72.5,3.9,5.3,6.6,5.6,2,1,4.2,9.3,3.64,51.05,2,2
9347,22.0,1,4.8,5.0,2.2,5.4,84.5,77.3,7.3,6.2,4.4,7.1,0,0,5.6,4.7,8.04,68.99,0,0
9348,23.0,0,4.4,5.7,5.5,3.6,84.2,70.8,7.8,3.6,4.8,5.4,0,0,2.4,10.4,5.12,58.3,2,2
9349,21.0,0,1.5,6.976601980998585,6.7,0.0,86.7,67.4,8.0,3.7,7.1,5.3,0,0,2.8,4.9,9.53,35.66,1,1
9350,23.0,2,4.4,5.2,8.1,1.9,83.4,79.8,4.9,6.0,4.9,5.5,1,0,5.2,4.7,8.51,60.23,2,2
9351,17.0,1,6.1,6.6,3.7,2.1,81.7,67.7,9.3,4.7,3.9,3.6,1,0,7.0,4.5,6.5,64.02,0,0
9352,19.0,1,3.1,5.6,5.4,2.3,78.0,67.5,6.1,1.6,6.4,3.4,1,0,10.0,3.2,5.84,52.58,2,2
9353,23.0,1,6.8,5.9,4.0,1.3,76.1,56.0,5.9,3.6,5.542839731870811,3.9,1,0,5.1,4.0,8.74,54.55,2,2
9354,18.0,1,2.5,8.8,8.8,1.3,89.4,84.1,7.2,5.3,5.3,7.0,0,1,4.4,2.7,6.07,69.24,0,0
9355,17.0,0,4.2,8.3,9.2,5.4,78.8,74.2,2.4,0.8,8.0,7.9,1,0,2.4,2.0,7.49,52.23,2,2
9356,22.0,0,7.3,6.1,10.9,0.0,87.0,66.4,5.5,10.7,4.5,2.5,0,1,9.4,4.1,6.08,43.18,1,1
9357,23.0,0,2.8,8.0,6.9,1.7,86.8,56.3,6.8,3.1,7.0,4.4,0,0,9.4,4.0,4.55,47.32,2,2
9358,18.0,0,6.3,8.6,10.7,4.1,67.8,100.0,4.7,1.5,1.0,2.6,1,0,4.8,2.9,9.82,66.44,0,0
9359,23.0,1,8.1,7.8,4.3,2.0,75.9,20.7,5.9,2.9,4.8,5.7,2,0,1.7,8.7,4.68,52.53,2,2
9360,22.0,1,4.5,7.4,6.5,3.7,79.3,61.4,9.7,6.7,5.6,6.2,0,0,0.0,3.1,9.53,71.82,0,0
9361,20.0,1,3.1,8.4,3.3,2.3,81.2,66.3,4.2,2.5,5.2,5.8,0,0,3.7,3.1,5.37,53.81,2,2
9362,23.0,0,2.7,8.0,7.4,3.8,85.6,91.6,7.8,8.8,3.9,9.3,0,1,1.7,2.3,7.93,77.86,0,0
9363,19.0,0,6.8,5.4,6.7,1.1,82.3,69.3,4.6,2.5,2.1,3.3,0,0,8.1,6.9,7.37,52.29,2,2
9364,18.0,0,6.8,6.8,1.0,0.0,80.5,78.3,6.2,10.8,4.2,2.8,2,0,3.0,4.7,6.94,64.54,0,0
9365,18.0,1,7.1,6.3,8.8,2.3,74.3,67.1,5.991217524197657,1.2,4.4,4.2,0,0,5.9,2.0,5.05,52.47,2,2
9366,20.0,1,4.1,8.5,8.1,0.0,93.7,100.0,7.8,2.5,5.9,5.1,2,0,5.5,11.3,6.489753023681269,57.62,2,2
9367,20.0,2,6.3,6.2,4.6,2.9,84.5,82.1,5.991217524197657,3.3,7.7,9.0,2,0,0.0,0.8,4.1,52.66,2,2
9368,23.0,1,4.1,6.0,6.7,1.0,78.5,63.3,7.6,3.1,3.1,7.2,0,0,4.1,2.8,5.32,57.6,2,2
9369,23.0,0,2.4,8.3,2.3,1.0,74.9,87.7,5.6,2.4,6.2,5.7,0,1,5.0,4.7,8.75,64.51,0,0
9370,21.0,1,6.4,7.3,4.1,5.6,83.6,70.5,5.1,1.0,4.2,8.4,2,1,6.3,1.7,5.89,54.09,2,2
9371,22.0,1,7.5,9.7,10.2,3.5,80.4,100.0,8.3,2.2,7.0,5.7,2,0,0.0,7.4,5.15,49.21,2,2
9372,18.0,0,2.2,5.9,3.1,0.2,60.2,99.3,5.991217524197657,3.7,7.7,5.0,1,1,10.0,2.4,8.72,59.96,2,2
9373,16.0,1,2.1,6.3,6.0,2.9,67.1,80.3,5.1,2.2,7.0,6.3,1,0,2.6,7.2,6.74,51.08,2,2
9374,23.0,0,4.219583121504829,8.5,2.5,2.7,97.0,74.2518720906699,5.5,2.9,6.7,3.3,2,0,0.0,3.1,4.72,54.91,2,2
9375,17.0,0,6.1,5.3,6.8,0.0,84.8,63.6,6.4,1.0,1.0,4.0,0,0,4.1,3.4,6.3,50.69,2,2
9376,18.0,0,1.9,8.7,7.4,3.6,71.7,90.9,8.0,3.4,4.4,9.5,2,1,3.8,5.8,5.1,63.53,0,0
9377,22.0,0,4.7,5.4,7.8,4.7,75.2,100.0,6.5,1.1,7.5,7.1,2,0,3.0,3.5,7.22,41.52,1,1
9378,19.0,0,3.0,7.8,7.2,2.2,68.8,69.7,5.5,4.3,9.5,7.5,2,0,3.9,8.7,6.97,61.16,2,2
9379,23.0,1,5.6,4.6,9.6,2.5,73.2,83.1,7.8,1.8,7.4,5.1,1,0,7.7,16.6,6.87,42.37,1,1
9380,19.0,0,2.6,7.1,4.6,2.0,93.3,84.1,6.6,1.2,6.8,5.6,2,0,1.2,7.9,5.01,53.35,2,2
9381,16.0,0,5.7,5.2,3.4,3.7,77.6,91.0,6.3,2.7,5.7,9.1,0,1,8.8,4.0,5.72,54.68,2,2
9382,19.0,1,3.9,9.5,4.5,2.6,90.8,61.0,9.5,3.1,4.5,4.0,0,0,6.6,4.6,6.35,53.49,2,2
9383,21.0,0,2.3,5.6,2.6,2.6,100.0,83.0,8.1,3.3,8.8,6.5,1,1,5.9,2.4,5.25,62.17,2,2
9384,19.0,0,4.3,5.9,6.2,1.5,74.9,100.0,10.0,1.6,6.7,8.3,0,1,1.9,2.4,7.02,61.89,2,2
9385,20.0,0,0.3,7.7,5.7,6.7,63.2,76.7,1.7,1.5,5.1,3.8,1,0,5.0,3.8,7.82,35.72,1,1
9386,23.0,0,3.1,6.2,7.2,2.5,79.81730107309173,83.2,8.8,1.3,6.2,4.2,1,1,8.9,6.8,5.49,59.22,2,2
9387,24.0,1,4.9,7.9,2.0,4.3,69.3,81.8,9.3,3.7,6.1,4.4,0,0,5.8,0.4,4.57,65.93,0,0
9388,18.0,0,0.7,6.1,6.0,3.5,80.0,85.0,4.5,4.1,6.4,5.9,2,0,0.9,4.5,3.04,20.42,1,1
9389,20.0,1,0.0,6.0,9.0,0.0,82.2,54.2,5.7,0.4,7.2,5.7,1,0,0.1,9.9,8.02,32.76,1,1
9390,20.0,1,0.0,7.0,6.047861775435752,2.3,100.0,100.0,6.2,1.8,2.8,4.5,2,0,4.050203624516392,2.1,6.6,51.78,2,2
9391,24.0,0,6.9,5.4,1.3,0.9,84.2,76.8,5.0,3.2008618067525094,2.9,6.5,0,0,7.4,4.8,7.5,65.08,0,0
9392,25.0,0,4.0,7.5,6.0,4.8,74.1,84.8,5.3,1.5,8.1,5.2,0,1,1.3,9.4,7.57,39.11,1,1
9393,18.0,1,3.1,8.1,4.2,0.7,88.1,76.6,10.0,0.6,3.9,5.3,2,0,4.4,7.1,4.92,59.06,2,2
9394,22.0,0,6.1,7.7,6.0,3.9,90.6,92.0,6.0,2.8,5.0,8.5,0,0,6.6,7.9,6.74,76.49,0,0
9395,19.0,2,3.4,7.8,5.0,4.8,95.7,66.0,7.3,0.3,6.4,6.3,1,0,4.9,3.5,4.32,51.46,2,2
9396,16.0,0,4.7,4.5,10.3,3.5,68.0,51.5,6.8,3.1,5.5,7.2,0,0,0.0,3.5,2.32,18.86,1,1
9397,16.0,0,4.3,6.4,6.2,3.0,96.8,72.9,6.2,0.8,5.8,6.4,2,1,2.4,5.3,6.29,60.8,2,2
9398,20.0,0,3.3,6.7,6.8,2.3,100.0,83.6,3.5,2.2,4.2,4.5,0,0,4.7,3.8,4.75,52.3,2,2
9399,20.0,1,4.8,8.9,5.9,2.8,96.5,68.8,8.1,2.0,5.542839731870811,5.9,1,1,4.050203624516392,7.7,8.74,64.54,0,0
9400,16.0,1,5.7,6.2,7.2,0.6,98.9,62.9,5.9,4.9,7.0,4.4,2,0,7.6,4.5,5.4,53.68,2,2
9401,22.0,0,3.8,4.0,5.5,3.3,74.3,81.3,2.6,2.2,5.6,6.1,0,1,3.2,6.0,8.38,31.64,1,1
9402,19.0,0,3.3,5.7,7.9,4.9,100.0,58.3,6.4,0.4,10.0,8.2,1,0,5.4,5.7,4.38,50.46,2,2
9403,20.0,0,3.5,6.1,5.0,1.4,73.8,92.6,6.7,0.4,4.1,3.3,0,1,5.3,2.3,4.67,43.78,1,1
9404,19.0,0,0.0,4.2,9.4,3.0,79.5,69.4,8.6,1.7,6.6,4.6,0,1,3.5,2.6,6.489753023681269,12.25,1,1
9405,18.0,0,4.8,8.3,7.2,2.8,74.0,84.0,3.0,4.1,5.9,7.7,0,0,3.9,1.2,7.39,65.85,0,0
9406,19.0,1,1.8,5.0,5.6,3.6,79.81730107309173,54.1,5.7,3.1,6.3,5.3,0,1,3.3,5.0,5.35,23.4,1,1
9407,18.0,1,5.5,7.6,8.1,2.0,79.9,99.4,4.5,1.8,6.2,3.8,0,0,8.8,7.1,6.94,61.71,2,2
9408,20.0,1,4.0,5.6,7.2,0.3,65.0,83.4,4.2,4.4,10.0,2.9,0,0,6.7,5.4,7.76,47.88,2,2
9409,18.0,0,4.4,9.0,8.1,1.0,71.1,86.0,6.5,2.8,6.4,5.1,0,1,9.7,0.4,10.0,67.71,0,0
9410,20.0,1,5.6,6.6,6.2,0.0,67.4,51.8,5.0,2.0,6.5,5.957923664122137,0,1,3.7,8.6,6.74,42.39,1,1
9411,17.0,0,2.3,6.4,5.4,4.4,99.9,61.5,7.1,3.4,3.6,7.7,2,1,0.0,12.5,7.96,61.08,2,2
9412,21.0,1,4.9,7.7,6.3,3.7,100.0,78.6,4.0,2.1,4.6,8.3,0,0,0.0,0.7,6.47,58.95,2,2
9413,22.0,0,4.7,5.7,4.7,3.0,100.0,55.5,5.7,1.6,6.6,5.3,2,1,0.7,8.0,6.02,48.44,2,2
9414,17.0,1,3.8,7.7,8.4,1.7,79.1,63.7,6.6,1.6,4.9,7.0,0,1,5.4,5.2,5.9,53.51,2,2
9415,20.0,0,2.3,6.4,9.7,2.7,80.4,88.6,6.9,2.9,7.0,6.7,0,0,6.0,3.8,5.42,44.94,1,1
9416,17.0,1,5.4,6.2,7.4,2.9,90.0,64.1,6.4,1.1,5.1,6.0,1,0,6.0,3.1,6.07,54.65,2,2
9417,21.0,1,5.6,6.9,9.5,2.1,63.4,81.7,5.9,3.3,4.1,9.3,0,0,10.0,5.0,6.77,57.8,2,2
9418,18.0,0,4.4,5.6,8.8,2.1,67.3,60.1,4.7,2.7,1.8,1.0,1,1,0.9,2.2,5.89,28.44,1,1
9419,20.0,1,2.1,6.8,5.3,5.4,59.2,85.8,9.5,3.9,8.4,1.8,0,1,3.7,7.2,8.98,48.55,2,2
9420,20.0,0,3.1,7.4,8.1,0.7,90.9,54.8,6.5,2.8,4.8,5.3,2,0,6.5,8.9,5.78,57.7,2,2
9421,24.0,0,4.219583121504829,4.0,2.8,4.8,68.8,85.7,3.5,5.4,5.0,6.9,1,0,4.0,8.6,7.25,34.67,1,1
9422,20.0,0,5.6,8.4,6.5,0.1,93.0,100.0,1.7,11.4,7.4,10.0,1,0,0.7,8.3,5.58,71.66,0,0
9423,21.0,0,1.0,8.1,3.0,5.9,74.0,65.4,8.6,2.4,4.2,5.9,0,0,6.1,2.9,7.32,59.94,2,2
9424,19.0,1,3.1,4.6,5.7,0.0,80.0,63.1,3.2,3.2008618067525094,9.1,6.9,1,0,3.4,2.2,7.87,32.28,1,1
9425,24.0,0,3.4,4.4,2.4,3.8,77.8,95.5,6.4,3.2008618067525094,6.5,6.0,2,1,3.4,9.4,7.69,45.33,1,1
9426,22.0,1,4.0,8.1,8.7,1.8,82.5,76.2,3.4,6.3,8.1,7.9,2,0,2.6,14.0,4.13,56.3,2,2
9427,18.0,1,1.6,8.0,5.0,2.7,73.6,53.9,6.3,5.9,7.5,4.4,1,0,2.2,4.7,5.34,44.56,1,1
9428,23.0,1,3.8,7.8,8.3,2.8,93.5,81.1,6.7,5.0,7.2,5.8,1,0,5.8,3.8,2.61,65.28,0,0
9429,20.0,1,3.6,5.1,5.8,4.1,77.8,78.9,7.8,4.4,4.5,3.3,1,0,7.1,1.9,7.97,50.85,2,2
9430,23.0,0,2.1,9.4,1.4,0.0,84.7,63.6,5.8,2.2,3.2,4.7,1,1,9.6,2.3,5.38,69.38,0,0
9431,23.0,0,4.0,6.0,4.8,2.9,81.4,62.9,5.8,1.0,7.6,3.6,2,0,2.6,2.3,6.15,37.74,1,1
9432,18.0,1,3.1,7.3,4.7,3.3,66.8,90.6,3.7,2.5,2.1,4.7,0,1,4.9,10.8,7.4,57.92,2,2
9433,22.0,1,5.2,7.3,6.0,1.8,97.5,57.2,5.4,3.8,2.7,5.5,2,0,6.3,4.5,6.75,63.28,0,0
9434,19.0,1,2.4,9.1,9.8,2.8,71.5,50.3,6.1,15.0,5.0,6.6,0,1,7.8,2.2,6.24,53.42,2,2
9435,19.0,1,4.4,7.2,10.2,1.8,90.5,61.0,6.1,0.9,4.9,10.0,0,1,1.7,2.2,5.6,60.26,2,2
9436,19.0,0,2.6,7.5,5.4,4.0,89.5,90.6,5.6,1.1,2.8,8.3,0,1,3.5,6.6,5.65,63.81,0,0
9437,22.0,1,3.0,6.9,2.8,3.7,79.81730107309173,70.3,3.6,1.1,5.1,7.1,1,0,4.0,1.7,6.29,50.41,2,2
9438,18.0,1,4.8,5.4,4.1,3.4,77.7,64.8,3.1,1.7,5.3,1.8,1,0,2.3,4.8,4.38,39.69,1,1
9439,16.0,0,4.7,4.0,7.2,4.2,87.5,73.8,9.3,4.3,4.7,3.9,2,1,2.7,0.9,7.61,36.93,1,1
9440,22.0,0,3.4,7.0,5.7,5.2,76.2,83.8,7.3,3.8,5.9,6.2,1,0,1.2,8.3,4.75,54.99,2,2
9441,18.0,0,3.7,5.2,2.1,1.2,78.3,100.0,10.0,3.0,1.0,8.7,1,1,7.0,9.9,8.88,77.58,0,0
9442,17.0,0,1.3,7.5,4.7,7.0,82.8,81.3,6.9,6.4,7.4,5.5,0,0,3.4,2.0,8.4,57.72,2,2
9443,18.0,1,7.0,7.2,9.3,3.7,75.1,100.0,7.5,6.4,9.4,7.1,0,1,2.6,5.1,6.01,61.22,2,2
9444,19.0,1,5.6,7.2,6.7,2.1,84.6,88.2,4.0,1.1,5.1,5.957923664122137,1,0,1.5,5.4,8.41,56.56,2,2
9445,20.0,1,5.5,5.6,6.1,7.1,80.6,69.6,9.2,1.4,5.7,4.1,1,1,4.8,11.3,5.88,53.71,2,2
9446,16.0,1,1.0,8.3,5.0,2.3,77.4,91.0,1.9,1.0,4.8,5.4,0,0,8.3,2.2,5.55,50.84,2,2
9447,20.134890807516506,0,3.0,7.6,4.9,0.8,67.4,86.5,7.4,1.3,6.6,1.5,0,0,3.6,23.2,7.38,47.67,2,2
9448,22.0,0,3.5,5.5,7.4,2.1,85.3,74.2518720906699,6.2,1.6,7.3,7.3,1,1,4.4,9.4,5.58,54.55,2,2
9449,19.0,1,0.3,9.7,6.4,2.0,48.7,88.3,9.2,1.9,3.0,8.1,0,1,5.0,12.4,6.6,49.15,2,2
9450,19.0,1,6.0,6.7,7.9,5.0,83.4,77.1,5.7,4.4,4.4,7.6,1,0,4.0,5.8,5.89,68.51,0,0
9451,20.0,1,7.1,5.3,7.4,2.8,80.2,66.3,6.1,7.3,3.5,2.4,0,1,0.0,4.2,9.03,44.65,1,1
9452,21.0,0,8.3,6.0,6.0,3.2,69.4,77.4,1.7,3.2,8.5,5.7,0,1,3.5,12.0,8.07,44.08,1,1
9453,17.0,1,2.1,5.0,7.0,3.1,61.9,48.3,1.8,3.6,5.5,4.1,2,1,2.8,6.1,4.23,1.94,1,1
9454,18.0,1,4.4,8.8,4.5,5.1,85.4,72.1,5.991217524197657,0.5,4.8,4.6,1,0,5.6,9.0,4.56,59.45,2,2
9455,23.0,0,4.219583121504829,8.4,5.9,2.4,76.8,53.8,8.5,1.9,6.9,1.0,2,0,5.1,4.3,4.51,38.79,1,1
9456,18.0,1,3.7,8.0,9.4,2.6,81.8,83.2,6.6,1.7,4.7,7.5,1,0,3.6,3.0,6.82,64.57,0,0
9457,19.0,1,3.1,7.7,6.0,1.8,56.1,90.0,5.7,3.0,4.1,8.6,2,0,5.1,6.2,7.68,59.67,2,2
9458,23.0,1,0.5,8.6,5.5,2.2,86.2,80.7,6.7,3.6,2.0,1.0,2,1,3.9,2.7,7.41,44.3,1,1
9459,21.0,1,6.5,6.7,6.5,3.9,92.2,72.1,6.4,1.6,8.3,3.5,1,0,1.3,3.9,8.31,52.17,2,2
9460,19.0,1,4.2,7.5,3.1,4.3,78.0,69.9,7.5,3.9,6.4,6.8,0,0,2.5,9.4,7.76,65.16,0,0
9461,22.0,1,2.7,5.9,6.6,6.1,68.3,96.6,3.9,3.0,4.5,5.7,1,0,4.7,4.6,7.54,52.53,2,2
9462,16.0,0,4.8,6.8,10.2,2.8,85.6,92.8,6.6,4.0,10.0,5.9,0,0,2.4,2.8,4.05,49.39,2,2
9463,22.0,0,4.5,7.6,4.0,2.5,76.3,55.9,3.8,7.2,6.8,4.8,0,1,7.5,1.4,8.34,60.65,2,2
9464,20.0,0,4.5,3.0,6.7,3.7,91.2,79.6,8.4,1.4,3.9,7.3,1,0,3.0,11.0,8.91,39.49,1,1
9465,23.0,0,3.8,6.2,5.9,2.2,80.3,80.9,3.6,4.9,9.7,3.2,2,0,1.4,6.2,6.46,48.59,2,2
9466,25.0,1,7.4,7.2,5.9,1.8,52.2,71.3,5.5,1.6,5.2,7.6,0,0,8.5,7.5,5.97,55.41,2,2
9467,24.0,0,3.9,6.9,5.8,3.6,49.5,50.4,7.3,2.6,4.7,6.0,1,0,5.0,2.2,4.63,44.92,1,1
9468,24.0,1,7.4,6.4,6.047861775435752,2.3,70.8,38.0,3.1,4.2,5.4,5.8,1,1,8.5,1.6,6.57,45.75,1,1
9469,20.0,1,5.3,6.976601980998585,3.3,2.5,85.9,78.1,4.2,4.7,6.5,9.8,0,0,5.0,6.8,5.43,65.76,0,0
9470,19.0,1,4.9,6.1,7.7,4.1,73.6,44.5,10.0,0.9,4.6,6.2,2,1,2.3,6.6,8.87,50.83,2,2
9471,20.0,1,4.0,5.4,6.047861775435752,3.6,86.4,65.6,8.1,0.1,9.5,6.0,0,1,3.9,4.4,6.36,36.38,1,1
9472,22.0,2,6.1,8.5,1.6,6.6,71.4,87.3,6.7,1.9,5.0,4.9,1,1,2.8,6.6,5.75,60.74,2,2
9473,24.0,1,4.4,8.4,6.9,4.7,100.0,82.5,7.4,4.3,4.7,5.1,0,0,7.0,3.2,9.66,75.43,0,0
9474,18.0,1,2.3,6.2,6.3,1.6,77.6,64.3,2.3,12.6,3.1,9.4,1,0,4.5,3.2,4.75,64.21,0,0
9475,24.0,1,2.3,6.9,3.8,2.3,83.5,91.1,7.4,2.5,5.8,9.0,0,0,10.0,7.0,6.63,65.08,0,0
9476,23.0,1,5.0,8.1,6.4,0.5,67.5,84.5,10.0,1.6,1.1,5.6,0,0,4.7,2.7,7.58,72.99,0,0
9477,25.0,1,2.4,7.1,2.7,1.2,74.6,66.2,4.9,3.8,3.3,10.0,0,1,10.0,1.9,5.98,64.17,0,0
9478,24.0,1,4.1,7.7,4.3,5.3,86.4,100.0,10.0,1.1,6.3,4.8,2,1,3.0,4.5,5.97,62.14,2,2
9479,18.0,1,6.3,7.6,6.1,2.5,79.4,83.8,5.0,9.6,5.8,7.1,0,0,1.8,6.1,7.32,64.98,0,0
9480,17.0,0,4.8,6.6,1.8,0.5,43.8,61.0,6.3,1.1,6.1,6.8,2,1,5.1,9.8,3.62,52.11,2,2
9481,17.0,1,2.8,7.7,3.1,0.0,86.5,38.0,5.991217524197657,2.7,5.3,4.5,2,1,2.9,7.7,5.75,63.31,0,0
9482,19.0,1,7.0,5.7,3.5,0.4,87.9,79.0,7.0,7.2,3.9,6.9,2,0,7.3,4.6,6.46,77.59,0,0
9483,21.0,0,5.3,7.5,6.2,1.6,89.5,65.9,5.991217524197657,3.6,1.0,4.3,2,0,5.4,2.4,6.39,74.08,0,0
9484,23.0,2,6.2,6.9,7.1,3.0,94.3,75.4,5.5,1.3,5.6,8.8,2,0,2.0,1.5,5.78,58.49,2,2
9485,24.0,1,0.0,6.5,6.047861775435752,2.3,82.3,70.7,4.1,3.2008618067525094,1.4,6.6,0,1,4.3,3.2,7.81,58.3,2,2
9486,21.0,1,4.9,5.4,3.6,4.3,100.0,35.4,6.5,1.2,2.8,5.7,0,0,8.4,10.6,9.64,54.07,2,2
9487,16.0,2,5.9,7.2,6.3,1.3,83.0,69.7,4.6,1.4,6.3,5.5,1,1,6.5,0.5,5.35,53.32,2,2
9488,18.0,1,7.6,7.1,6.3,5.2,50.1,55.2,8.4,4.3,5.542839731870811,6.9,2,0,0.5,7.7,6.45,44.42,1,1
9489,17.0,0,1.3,5.9,4.2,2.8,82.9,65.9,6.6,0.5,6.7,1.3,2,0,8.4,11.0,6.15,37.57,1,1
9490,19.0,1,6.6,4.9,10.6,3.8,94.6,64.6,4.9,3.4,4.2,7.6,0,0,6.8,6.7,7.18,46.02,1,1
9491,20.0,0,7.5,4.9,6.5,3.03210685483871,62.1,76.2,8.2,5.2,4.8,5.4,0,0,5.5,6.6,8.28,52.49,2,2
9492,16.0,2,0.2,6.7,5.6,4.8,76.5,80.4,5.1,2.0,5.8,3.9,0,0,7.6,4.8,6.92,40.47,1,1
9493,19.0,0,5.2,7.4,6.047861775435752,0.6,95.8,83.3,8.1,5.0,5.7,4.6,0,1,4.7,2.5,7.43,86.1,0,0
9494,18.0,1,5.4,9.4,8.5,0.8,72.7,31.8,6.3,6.9,5.5,6.7,0,0,2.5,3.8,7.19,54.18,2,2
9495,21.0,1,3.5,6.9,7.4,1.3,76.9,100.0,1.8,7.2,3.3,4.5,1,0,7.9,0.5,3.36,55.74,2,2
9496,20.0,1,3.2,4.9,1.7,5.1,90.2,45.6,7.3,2.7,4.2,5.2,0,1,1.1,11.6,8.82,42.17,1,1
9497,20.0,0,5.5,6.7,4.3,2.6,63.3,74.8,5.9,2.4,6.3,9.8,1,0,2.2,7.1,6.17,65.93,0,0
9498,20.134890807516506,0,3.0,8.6,4.9,1.3,79.8,60.1,7.2,2.0,6.9,4.1,0,1,8.9,6.2,4.86,54.27,2,2
9499,25.0,1,3.8,6.1,6.0,2.6,67.4,80.3,6.5,5.1,6.0,2.4,1,0,2.0,4.3,5.36,51.78,2,2
9500,18.0,0,5.8,8.5,7.6,3.3,76.5,42.1,6.5,2.9,6.0,5.1,2,0,5.2,9.5,7.01,43.61,1,1
9501,20.0,1,7.7,7.2,3.3,1.1,83.1,100.0,6.1,0.3,10.0,4.1,2,0,4.8,5.6,7.4,50.58,2,2
9502,22.0,1,5.3,7.8,5.8,3.3,93.8,68.5,10.0,1.8,8.5,8.6,1,0,0.7,3.7,7.39,63.71,0,0
9503,20.0,0,4.5,9.4,10.2,2.8,84.1,84.0,7.2,4.7,4.5,4.2,1,1,2.9,6.2,6.71,65.21,0,0
9504,24.0,1,3.2,4.6,6.1,2.1,72.7,60.6,2.1,1.1,9.8,3.3,2,1,0.8,3.0,6.32,16.59,1,1
9505,19.0,1,2.2,8.2,4.3,0.7,95.6,100.0,2.7,5.2,7.4,8.1,2,0,4.4,4.9,4.8,69.17,0,0
9506,20.0,1,6.4,6.9,2.7,4.6,88.0,50.3,7.0,4.3,9.2,4.9,1,0,2.5,6.7,7.13,56.78,2,2
9507,17.0,0,3.9,5.8,4.8,2.2,54.8,27.6,4.7,1.3,7.0,9.2,1,0,6.4,4.0,8.28,43.74,1,1
9508,21.0,0,6.5,6.9,6.047861775435752,0.0,90.9,99.5,8.4,0.5,4.0,4.8,0,0,9.4,7.2,5.47,75.58,0,0
9509,18.0,2,3.5,9.2,5.0,3.6,80.8,53.8,6.7,3.5,6.9,1.9,0,0,3.1,4.1,6.35,42.12,1,1
9510,18.0,0,2.9,8.7,7.4,3.7,79.6,73.7,6.8,1.7,4.6,3.4,2,0,6.3,1.5,3.43,42.15,1,1
9511,20.0,0,5.0,4.4,6.1,4.7,95.5,100.0,4.0,9.8,7.3,1.0,2,1,0.0,1.5,4.9,30.01,1,1
9512,20.0,1,4.0,6.0,4.8,3.7,77.3,67.7,7.3,1.3,2.2,1.0,0,0,5.5,8.0,7.28,54.63,2,2
9513,17.0,2,1.8,8.2,1.5,3.2,91.6,79.7,6.4,3.5,6.3,6.0,1,0,7.1,9.1,6.33,78.25,0,0
9514,22.0,0,7.8,7.0,8.1,2.1,96.6,89.7,3.9,15.0,6.4,7.5,1,0,3.1,1.7,7.75,71.06,0,0
9515,21.0,0,2.9,7.0,5.1,2.1,80.8,75.5,3.9,11.1,8.0,8.6,2,0,0.0,5.8,5.34,47.95,2,2
9516,18.0,0,6.1,5.0,6.3,4.2,85.8,98.4,9.6,0.8,7.6,6.4,2,0,5.5,6.3,7.58,62.58,2,2
9517,20.0,0,5.9,6.0,3.7,2.7,89.0,87.7,7.2,1.1,4.6,8.1,1,0,4.9,5.1,5.9,67.19,0,0
9518,22.0,1,1.7,5.2,5.0,0.4,86.0,58.9,5.2,3.6,4.3,4.8,0,1,5.7,2.1,5.5,41.69,1,1
9519,20.0,1,2.2,4.9,4.6,2.4,91.6,88.2,4.8,1.4,4.1,7.1,1,1,4.5,2.3,4.44,43.73,1,1
9520,19.0,0,3.6,5.4,2.7,2.9,66.4,74.4,6.0,2.6,4.9,1.8,0,0,4.7,9.4,7.61,45.44,1,1
9521,19.0,0,2.5,5.8,3.7,0.0,71.7,74.5,6.6,5.1,5.0,5.0,0,1,1.0,3.2,4.55,43.16,1,1
9522,21.0,0,7.7,6.0,6.0,4.3,63.6,81.0,3.0,6.2,7.6,8.6,0,1,5.9,6.5,7.1,47.87,2,2
9523,24.0,1,3.8,5.9,6.7,3.0,100.0,91.6,5.7,2.7,1.3,4.8,1,0,8.3,7.1,3.46,58.56,2,2
9524,21.0,1,6.0,8.3,4.3,0.5,58.2,57.7,1.5,5.1,2.3,5.5,0,0,1.1,7.2,6.42,50.01,2,2
9525,17.0,0,5.2,5.8,3.0,2.5,97.2,98.5,5.9,2.3,2.4,8.7,1,0,3.8,4.5,9.81,85.34,0,0
9526,20.0,1,4.7,8.9,5.1,2.8,86.1,97.4,9.2,3.6,5.2,6.8,0,1,2.2,8.1,5.9,70.41,0,0
9527,24.0,0,4.3,6.4,7.9,4.7,68.6,63.6,3.1,2.8,6.8,2.7,1,0,2.7,2.8,1.94,29.52,1,1
9528,17.0,1,6.7,7.6,3.7,4.7,63.5,74.2518720906699,5.7,3.9,6.3,8.3,2,1,4.6,1.9,6.31,62.97,2,2
9529,25.0,0,2.5,7.6,6.0,4.9,79.5,71.9,5.991217524197657,9.0,3.4,8.7,0,0,4.7,6.0,4.55,60.63,2,2
9530,24.0,0,7.7,5.8,4.3,3.7,77.1,85.2,3.5,1.7,7.6,3.8,0,0,3.0,0.7,8.42,42.05,1,1
9531,17.0,0,1.6,6.6,8.8,1.8,85.1,66.7,5.0,1.6,8.0,8.9,1,0,7.7,1.2,7.13,53.97,2,2
9532,24.0,1,5.8,6.3,4.7,1.4,51.4,89.8,3.1,4.8,7.2,6.5,1,1,6.1,5.1,9.08,56.21,2,2
9533,19.0,1,1.4,7.5,7.7,1.7,77.5,67.0,3.9,3.0,4.5,6.2,0,1,5.5,1.1,6.42,46.71,2,2
9534,23.0,0,3.6,6.8,8.5,2.9,68.6,77.9,6.4,1.4,5.5,2.6,0,0,8.7,6.0,5.17,51.74,2,2
9535,19.0,1,4.4,6.0,9.9,3.0,96.6,27.9,6.9,2.4,7.7,8.0,2,0,3.8,4.8,7.98,47.59,2,2
9536,20.0,0,3.2,7.2,2.6,4.9,85.3,66.5,5.3,1.1,5.4,7.4,1,0,2.7,4.4,8.06,62.78,2,2
9537,21.0,0,3.8,7.4,2.5,2.5,73.4,64.8,9.0,3.9,5.8,7.7,1,1,5.7,6.8,5.63,68.51,0,0
9538,22.0,0,1.4,9.4,8.9,0.0,98.5,41.0,7.6,3.2008618067525094,6.3,7.3,2,1,3.3,7.1,6.21,43.56,1,1
9539,20.134890807516506,1,2.2,7.1,8.5,0.9,74.3,88.8,10.0,5.5,5.1,6.4,0,0,8.0,3.4,6.36,63.2,0,0
9540,21.0,1,5.2,7.0,4.5,1.2,78.6,68.1,5.7,9.1,4.4,4.8,1,0,3.7,13.4,7.28,70.31,0,0
9541,18.0,0,4.3,7.6,1.0,1.2,83.5,42.3,3.7,1.7,6.4,8.5,2,0,6.4,9.4,6.36,69.59,0,0
9542,19.0,0,2.8,5.8,6.2,0.0,91.8,85.8,5.6,1.0,7.0,1.7,1,0,1.7,9.8,5.86,46.68,2,1
9543,19.0,1,6.8,4.8,2.2,5.8,80.2,94.6,10.0,0.3,2.8,8.9,1,0,1.8,4.8,5.8,76.68,0,0
9544,20.0,1,1.8,6.6,3.9,0.0,98.5,72.6,3.8,2.5,5.4,6.4,0,0,2.7,15.1,5.3,58.34,2,2
9545,19.0,2,3.5,8.4,6.5,2.0,74.8,47.8,7.9,3.6,3.5,3.4,2,0,4.7,2.1,5.67,51.05,2,2
9546,17.0,1,3.2,8.6,6.8,4.2,67.2,41.1,3.7,3.8,5.4,4.3,0,0,6.5,3.6,7.15,46.45,1,1
9547,17.0,0,5.4,4.6,10.0,4.1,100.0,53.0,5.2,3.9,8.4,5.0,0,0,8.4,5.0,5.36,38.71,1,1
9548,16.0,1,4.3,7.9,5.1,0.4,75.9,60.1,4.9,2.7,6.7,9.2,0,0,3.3,1.2,4.12,60.63,2,2
9549,20.0,0,4.0,4.2,3.6,5.2,87.7,100.0,4.0,3.8,5.1,5.5,1,0,4.1,2.5,4.97,41.39,1,1
9550,25.0,0,0.5,7.6,8.3,4.9,90.0,71.3,7.7,2.3,10.0,7.4,1,0,3.3,3.0,5.53,52.6,2,2
9551,17.0,0,5.9,7.5,6.9,2.7,100.0,52.1,9.2,4.3,1.8,9.3,0,0,3.9,3.9,6.21,80.15,0,0
9552,24.0,1,3.8,4.8,5.1,3.0,76.1,63.9,8.0,1.5,4.3,7.1,2,1,2.6,2.3,5.0,48.01,2,2
9553,22.0,0,4.4,8.3,6.1,1.4,86.9,94.3,6.1,6.8,5.8,4.8,2,0,0.8,1.5,4.79,67.34,0,0
9554,21.0,1,2.7,9.3,5.1,3.5,69.8,85.0,2.7,1.8,3.3,5.6,1,0,4.1,18.3,8.32,53.34,2,2
9555,21.0,0,2.4,6.9,7.7,3.4,73.7,75.8,6.3,2.5,2.3,3.8,1,0,3.0,5.5447261663286005,7.98,52.89,2,2
9556,23.0,0,7.2,7.2,10.2,2.1,70.1,72.0,5.991217524197657,8.1,7.7,5.3,2,0,5.9,1.7,7.31,46.31,1,1
9557,17.0,0,0.7,8.9,4.2,4.2,91.0,75.1,5.8,3.2008618067525094,9.0,3.3,2,1,2.5,1.9,6.48,39.39,1,1
9558,20.0,1,2.1,5.5,7.1,3.6,92.0,77.8,8.9,1.3,4.1,3.7,1,1,2.3,1.9,5.44,42.28,1,1
9559,22.0,0,7.2,5.6,2.2,8.8,84.8,71.5,5.6,1.8,10.0,7.1,0,0,4.5,2.7,6.489753023681269,48.88,2,2
9560,21.0,1,5.5,5.9,3.3,1.4,69.9,76.8,4.7,6.3,1.0,4.2,1,0,1.8,3.6,7.78,72.42,0,0
9561,23.0,1,3.5,7.0,7.4,5.4,71.5,69.6,8.2,3.5,5.8,6.0,0,0,5.3,3.4,8.26,50.81,2,2
9562,17.0,1,6.7,7.0,5.8,1.5,70.9,59.6,7.9,3.6,3.0,3.3,2,1,6.3,7.1,6.64,66.46,0,0
9563,22.0,1,5.1,6.3,3.2,3.9,84.6,70.3,9.3,1.6,5.4,8.7,2,0,2.6,6.4,6.57,62.53,2,2
9564,20.0,1,4.7,6.6,6.0,0.0,59.4,80.9,7.1,1.9,5.7,6.3,0,1,0.0,4.5,6.92,56.16,2,2
9565,19.0,1,4.7,6.3,8.2,2.1,74.8,61.9,4.2,2.3,5.3,8.9,0,0,5.7,5.5447261663286005,6.48,62.02,2,2
9566,19.0,0,5.1,6.4,2.4,3.8,62.6,82.6,0.3,5.0,2.7,5.6,0,0,3.3,7.0,9.69,49.21,2,2
9567,21.0,1,5.2,6.0,10.4,3.4,86.6,89.9,2.2,0.6,5.8,4.1,0,0,1.0,3.4,9.21,48.05,2,2
9568,24.0,0,8.6,6.0,7.4,0.0,67.1,81.1,4.7,1.1,5.5,4.6,1,0,0.2,4.1,8.11,47.44,2,2
9569,20.0,1,3.8,4.4,7.5,2.3,100.0,64.9,8.9,0.9,6.0,5.5,0,0,5.1,2.8,5.26,35.15,1,1
9570,23.0,0,3.9,6.7,6.0,5.7,93.6,76.7,8.7,1.5,2.3,6.7,1,0,1.5,4.8,6.26,70.1,0,0
9571,19.0,0,1.7,4.5,10.4,4.9,78.8,77.8,5.1,4.8,8.5,5.2,0,0,9.6,2.3,8.07,18.25,1,1
9572,17.0,2,4.1,8.0,8.4,4.7,85.4,78.6,7.8,4.3,4.0,6.5,1,0,1.5,3.1,6.75,66.03,0,0
9573,16.0,0,7.9,6.3,5.1,7.2,86.1,100.0,3.0,1.7,6.3,4.5,1,0,4.9,6.2,7.87,56.23,2,2
9574,16.0,1,6.2,6.976601980998585,7.9,0.0,67.5,54.2,8.7,3.2008618067525094,6.6,5.2,1,1,4.4,5.8,7.73,44.66,1,1
9575,19.0,0,3.1,6.5,4.2,2.3,96.1,78.7,5.4,2.6,6.7,9.2,0,0,0.5,7.5,4.5,63.43,0,0
9576,19.0,1,4.3,6.7,5.3,3.1,78.8,67.8,7.4,2.1,3.1,4.9,0,0,7.8,4.9,5.77,61.29,2,2
9577,22.0,0,1.6,8.6,9.7,1.7,70.0,52.6,7.2,2.3,1.2,3.7,0,0,1.6,5.6,8.84,47.51,2,2
9578,20.134890807516506,1,2.3,5.2,7.0,3.2,87.0,52.4,7.0,3.2,9.2,7.7,1,0,10.0,5.5,7.03,52.23,2,2
9579,16.0,1,4.5,4.9,7.7,5.3,65.4,90.8,3.4,2.9,8.0,1.0,2,0,1.4,4.0,8.15,25.29,1,1
9580,18.0,1,3.2,7.2,8.9,3.2,88.5,49.7,4.7,1.2,9.2,9.5,1,0,8.1,4.0,2.27,41.25,1,1
9581,18.0,0,2.1,6.4,7.4,0.0,84.5,80.4,8.3,1.6,5.6,5.6,0,1,2.4,8.6,4.68,39.03,1,1
9582,20.0,0,5.2,7.5,4.0,4.2,71.5,77.4,7.1,3.8,7.4,6.2,1,0,6.9,0.3,6.67,59.89,2,2
9583,17.0,0,4.0,7.9,10.2,3.0,92.4,59.6,3.6,2.5,3.4,4.2,1,1,5.1,16.3,6.37,48.51,2,2
9584,17.0,0,1.1,5.6,7.3,0.0,89.2,90.0,6.8,1.0,6.3,7.4,0,0,0.0,5.2,5.43,49.8,2,2
9585,24.0,1,0.0,7.8,7.5,1.9,75.8,53.7,3.7,1.2,5.542839731870811,4.4,2,0,8.7,2.2,3.25,29.86,1,1
9586,23.0,1,3.1,5.7,6.1,0.0,87.0,65.1,3.2,6.1,6.1,6.6,1,0,0.9,5.2,9.47,62.87,2,2
9587,18.0,0,1.0,7.1,8.8,2.5,62.7,55.4,4.6,2.0,5.4,7.9,2,0,4.0,2.8,6.53,33.79,1,1
9588,19.0,0,0.5,5.4,10.8,2.1,86.4,88.8,5.8,3.5,7.7,8.3,0,0,1.8,6.8,6.12,41.92,1,1
9589,19.0,0,6.5,7.2,5.1,0.3,61.0,96.3,3.4,0.8,3.4,7.1,0,1,4.2,5.5447261663286005,6.22,60.59,2,2
9590,23.0,0,4.0,7.0,8.7,3.5,81.7,79.5,8.0,2.2,4.6,5.4,0,1,5.9,2.1,8.66,57.84,2,2
9591,20.0,0,3.7,5.6,6.1,1.1,89.0,100.0,4.4,0.1,5.6,10.0,1,1,3.3,5.7,7.96,64.42,0,0
9592,17.0,1,3.8,5.2,1.0,5.4,84.4,83.0,5.9,3.1,7.2,4.6,2,0,0.7,6.9,7.51,47.91,2,2
9593,22.0,1,1.9,8.0,2.5,3.3,100.0,86.4,7.0,1.0,6.7,6.3,0,1,2.5,10.4,6.42,73.66,0,0
9594,19.0,1,5.0,6.4,7.1,2.5,69.7,93.1,10.0,2.5,8.4,2.2,1,1,4.3,3.4,7.08,49.27,2,2
9595,18.0,1,3.9,8.3,8.5,5.3,85.3,62.9,7.3,15.0,9.3,5.3,0,0,1.6,1.8,4.62,45.73,1,1
9596,19.0,1,2.7,6.3,7.5,3.5,52.3,82.3,5.3,2.9,7.1,5.1,2,0,6.0,7.0,8.08,44.4,1,1
9597,20.0,2,3.0,8.7,7.9,3.6,73.3,57.6,3.8,1.9,6.0,5.4,1,0,1.4,13.3,7.82,53.37,2,2
9598,19.0,1,1.7,5.8,12.5,2.9,76.1,51.3,3.2,3.2008618067525094,3.0,4.8,1,0,5.4,7.2,5.43,27.89,1,1
9599,18.0,0,3.4,8.9,7.3,2.4,100.0,94.7,3.8,3.6,2.1,6.4,1,0,2.4,9.5,5.06,67.94,0,0
9600,19.0,0,3.7,7.2,5.3,3.7,79.7,59.7,5.7,0.9,2.3,5.957923664122137,1,1,10.0,1.3,5.74,62.06,2,2
9601,16.0,1,3.3,7.5,5.7,5.7,91.9,78.3,8.7,1.6,3.2,1.9,2,0,5.4,6.0,7.9,67.06,0,0
9602,20.134890807516506,1,4.3,5.7,10.1,0.0,68.2,100.0,5.7,3.3,6.9,10.0,1,0,6.4,3.1,6.27,70.28,0,0
9603,18.0,0,4.0,7.9,2.8,6.4,75.7,42.4,4.8,7.1,2.4,7.0,0,0,3.0,1.9,9.04,68.5,0,0
9604,16.0,0,4.7,8.0,9.1,1.2,69.1,86.7,6.3,3.3,8.5,6.6,1,1,6.2,4.5,7.82,65.73,0,0
9605,20.134890807516506,2,6.1,6.6,6.0,3.3,67.1,74.6,9.6,0.6,5.5,4.2,0,0,4.0,3.6,7.4,46.86,2,2
9606,20.134890807516506,1,5.4,4.2,3.9,0.0,68.0,73.7,4.3,3.4,2.9,7.4,0,0,3.6,25.0,10.0,37.69,1,1
9607,23.0,0,6.1,5.6,2.4,5.7,72.0,76.1,7.0,5.2,8.9,5.4,0,0,5.2,5.8,9.03,61.33,2,2
9608,20.0,1,2.5,5.6,9.7,0.5,100.0,75.3,5.2,3.4,8.4,8.2,0,1,0.8,5.2,3.9,45.92,1,1
9609,18.0,0,4.219583121504829,7.6,3.9,5.0,79.2,84.4,6.4,1.4,7.6,8.5,1,0,2.7,2.5,7.22,68.89,0,0
9610,22.0,0,5.5,6.4,6.2,2.6,62.4,56.1,7.4,3.5,5.7,5.2,0,0,2.3,4.2,7.38,49.3,2,2
9611,22.0,1,5.5,6.4,3.6,2.7,73.2,84.0,9.0,2.9,6.8,4.1,1,0,9.0,4.6,3.44,55.45,2,2
9612,18.0,1,2.8,6.3,10.9,0.7,93.2,54.7,5.9,1.5,1.6,4.2,0,0,7.6,3.7,8.41,44.98,1,1
9613,24.0,1,5.4,8.9,6.2,5.2,70.9,100.0,8.5,3.2,4.0,5.6,2,1,2.2,1.1,5.19,61.04,2,2
9614,17.0,1,2.3,7.1,2.6,2.7,99.3,73.1,6.9,2.1,4.2,7.8,1,0,5.8,9.2,2.97,62.42,2,2
9615,25.0,0,5.2,7.3,4.9,4.3,93.4,78.2,3.1,3.2,1.6,5.8,2,0,3.1,6.6,8.47,78.74,0,0
9616,23.0,1,4.1,6.2,9.5,0.0,77.5,100.0,5.6,1.2,5.2,2.3,1,0,5.9,5.6,8.32,48.5,2,2
9617,22.0,0,1.4,7.0,3.6,1.4,71.5,61.1,10.0,1.4,6.1,2.5,0,0,6.5,8.8,4.85,55.06,2,2
9618,24.0,1,3.3,5.7,5.1,3.5,67.6,74.8,5.7,9.1,3.5,5.9,1,0,3.4,5.8,4.03,44.54,1,1
9619,22.0,0,8.6,7.4,9.0,0.2,82.5,49.6,5.3,1.7,5.0,7.3,0,0,2.1,5.3,6.489753023681269,54.92,2,2
9620,18.0,0,4.6,5.5,6.9,3.7,85.4,57.5,5.3,3.6,4.4,4.6,0,0,4.4,3.2,5.47,40.17,1,1
9621,20.0,0,8.8,8.0,3.0,1.8,97.4,49.4,5.0,0.5,2.7,2.9,0,0,3.8,5.6,6.57,54.0,2,2
9622,17.0,0,1.3,6.0,6.6,1.6,84.6,89.4,3.0,2.0,6.7,8.0,1,0,4.6,1.4,5.91,48.43,2,2
9623,19.0,1,5.7,8.2,5.6,3.9,75.4,85.3,0.9,0.5,7.6,1.3,0,0,5.6,3.6,5.71,44.81,1,1
9624,22.0,0,0.0,9.5,6.1,3.3,97.9,67.1,4.3,1.5,7.3,8.4,1,0,4.7,5.9,7.12,41.35,1,1
9625,19.0,1,4.2,7.0,8.4,1.0,79.81730107309173,65.9,5.2,3.8,5.5,8.7,0,0,5.8,4.1,4.41,55.94,2,2
9626,19.0,1,5.5,8.7,6.6,5.0,71.1,92.5,7.2,3.2,3.4,8.6,1,1,3.3,0.9,5.21,72.54,0,0
9627,21.0,1,5.9,8.0,5.8,3.03210685483871,78.9,74.9,5.2,0.5,4.7,7.3,0,0,4.3,2.7,7.09,64.99,0,0
9628,23.0,0,2.6,5.1,5.6,0.0,88.6,59.4,6.3,4.4,7.3,7.4,2,1,2.1,2.9,7.8,52.17,2,2
9629,16.0,0,6.3,7.1,8.7,2.5,84.0,94.3,3.4,3.3,6.3,8.0,0,0,2.9,7.4,2.9,63.19,0,0
9630,19.0,0,3.1,7.7,4.2,3.7,66.9,72.5,2.2,1.4,3.0,7.3,0,0,6.1,3.5,7.44,63.95,0,0
9631,17.0,1,3.9,7.8,1.0,2.8,82.3,87.2,6.8,5.4,5.8,3.4,2,0,0.0,5.2,5.21,64.17,0,0
9632,22.0,1,3.3,7.2,5.4,0.0,71.2,76.3,7.4,3.7,5.4,6.1,0,1,7.1,2.9,4.43,57.99,2,2
9633,17.0,0,1.9,7.2,6.9,3.1,80.8,100.0,8.2,2.9,4.7,4.3,0,0,4.5,17.8,6.37,50.06,2,2
9634,21.0,0,7.3,7.0,5.0,4.4,63.1,71.3,8.6,2.2,5.5,7.6,0,0,1.3,3.0,5.95,52.87,2,2
9635,18.0,1,4.3,7.2,4.7,2.9,68.4,38.8,8.9,1.2,3.6,5.6,2,0,5.9,10.8,5.16,44.91,1,1
9636,18.0,0,6.4,5.4,5.1,3.1,100.0,70.9,7.5,8.1,7.6,3.5,0,1,4.7,7.7,4.21,52.18,2,2
9637,24.0,1,6.3,6.7,5.9,4.8,74.5,79.8,4.7,3.7,6.0,8.7,2,1,5.3,10.0,3.82,41.88,1,1
9638,16.0,1,2.3,5.1,2.8,0.1,94.5,83.3,6.6,3.5,7.8,10.0,1,1,4.5,10.3,8.17,65.56,0,0
9639,20.0,1,6.6,6.4,7.7,4.3,78.4,89.6,5.3,3.9,2.5,4.2,2,0,2.3,2.9,4.91,57.5,2,2
9640,16.0,1,5.2,6.2,1.0,3.6,64.4,64.5,5.5,0.5,5.7,3.9,1,1,3.4,4.8,7.81,52.19,2,2
9641,20.0,1,2.1,6.1,7.4,0.1,66.0,100.0,6.9,11.1,9.4,3.3,0,1,4.3,1.4,5.72,47.8,2,2
9642,20.0,0,5.1,5.6,6.8,4.3,69.7,92.4,8.8,2.9,4.1,5.957923664122137,0,0,5.5,6.1,6.75,55.56,2,2
9643,19.0,0,2.2,7.4,7.2,6.3,100.0,77.4,7.7,3.4,7.8,7.0,0,0,2.6,3.6,7.34,53.91,2,2
9644,17.0,0,7.4,6.6,1.2,3.6,77.0,62.5,6.0,2.8,5.8,6.7,0,1,2.7,6.8,8.03,55.33,2,2
9645,19.0,0,5.8,6.5,6.7,4.0,82.4,100.0,6.2,2.7,7.9,4.1,0,0,7.3,2.5,7.58,60.03,2,2
9646,21.0,2,4.1,5.2,4.6,1.1,88.9,88.1,6.8,1.4,4.4,6.8,0,0,4.6,5.0,7.45,60.14,2,2
9647,22.0,1,6.7,6.6,10.0,1.9,86.6,66.1,8.6,4.8,8.4,3.5,1,0,4.5,3.8,6.3,49.2,2,2
9648,20.0,0,1.0,8.5,6.9,1.2,91.2,100.0,10.0,1.3,6.7,7.6,0,1,9.3,4.0,7.11,63.4,0,0
9649,21.0,0,2.7,8.5,3.1,3.7,73.2,79.0,6.3,2.0,3.4,8.7,0,1,5.9,4.3,6.45,70.51,0,0
9650,18.0,1,3.7,7.5,1.8,2.1,64.6,100.0,5.6,4.7,7.4,7.1,0,0,8.4,3.9,6.38,74.88,0,0
9651,18.0,1,8.7,6.6,4.5,2.0,67.7,59.8,6.3,0.4,8.0,6.6,2,0,5.5,5.5,5.07,46.87,2,2
9652,18.0,0,2.1,7.7,8.0,4.3,60.1,71.4,8.3,0.4,8.3,5.5,1,0,5.1,5.1,6.489753023681269,56.28,2,2
9653,18.0,0,0.8,6.1,8.9,6.0,79.81730107309173,99.9,7.1,3.5,2.7,7.5,0,0,9.4,0.6,7.09,51.98,2,2
9654,18.0,1,1.3,6.6,6.5,3.03210685483871,40.0,63.0,4.9,6.9,6.0,10.0,1,0,2.3,10.1,7.55,47.71,2,2
9655,20.0,0,6.0,6.0,6.2,0.2,89.4,70.4,6.0,2.6,10.0,6.4,0,0,1.3,14.2,6.2,48.15,2,2
9656,21.0,0,3.0,8.2,5.2,3.1,87.4,25.7,6.0,1.2,6.3,4.6,1,0,6.5,8.6,10.0,60.33,2,2
9657,24.0,1,3.9,8.0,5.9,3.3,67.3,82.4,4.6,1.2,1.2,4.8,2,1,3.2,2.5,5.19,53.23,2,2
9658,18.0,0,5.7,7.0,9.0,4.5,62.1,95.8,4.6,3.8,6.8,5.9,1,0,4.9,5.9,7.17,60.31,2,2
9659,21.0,0,3.9,9.3,5.1,2.4,99.9,58.4,3.3,4.2,7.6,7.8,0,0,4.050203624516392,1.4,4.83,51.43,2,2
9660,20.134890807516506,1,4.6,7.5,7.6,4.6,92.6,83.1,5.7,3.5,8.6,8.8,0,0,3.1,3.7,5.47,53.65,2,2
9661,21.0,2,5.3,7.5,4.7,4.3,76.7,65.3,8.5,1.1,4.2,6.5,1,1,2.8,8.2,9.29,67.61,0,0
9662,18.0,1,3.3,7.3,8.5,2.5,71.2,47.8,8.2,6.5,2.6,6.7,0,0,4.4,1.5,5.39,58.15,2,2
9663,18.0,1,3.9,5.4,7.4,4.5,80.5,69.1,5.9,3.3,8.1,5.3,1,1,2.8,9.8,6.73,36.24,1,1
9664,16.0,1,4.7,5.8,8.4,4.7,61.3,64.7,9.9,1.0,5.3,6.6,2,0,5.3,5.4,7.81,44.33,1,1
9665,19.0,0,5.9,6.9,10.7,1.0,83.8,77.3,5.9,0.0,5.0,5.8,1,0,4.6,7.6,5.89,50.11,2,2
9666,22.0,0,2.6,6.9,1.0,4.7,64.4,69.5,5.3,10.5,3.6,6.3,0,1,7.4,2.9,5.93,57.23,2,2
9667,16.0,1,0.0,7.8,7.9,2.8,48.9,99.1,1.6,2.6,6.1,4.4,1,1,3.9,3.0,7.23,34.75,1,1
9668,18.0,1,5.6,6.1,7.2,2.6,69.4,65.0,6.4,4.5,4.1,4.9,2,0,5.9,4.1,10.0,61.3,2,2
9669,22.0,1,6.1,7.1,7.1,2.8,66.8,72.7,4.0,0.3,1.9,7.9,2,1,5.6,2.3,5.48,51.38,2,2
9670,22.0,0,4.6,7.1,6.6,5.2,100.0,79.3,9.2,3.6,3.9,3.0,1,0,6.3,4.2,6.9,69.17,0,0
9671,20.0,1,4.7,7.2,6.6,5.2,100.0,74.1,3.3,1.2,4.0,6.6,0,0,6.0,11.4,7.84,63.43,0,0
9672,22.0,0,3.1,7.0,6.8,3.9,65.5,65.4,8.8,3.3,1.8,7.4,1,0,3.5,3.0,5.14,57.87,2,2
9673,19.0,0,5.2,5.2,8.3,3.5,78.7,75.9,6.5,4.2,5.0,4.6,1,0,1.8,13.8,5.91,37.3,1,1
9674,17.0,0,5.9,4.1,8.1,2.8,71.5,84.4,3.5,1.1,3.1,3.6,1,0,4.4,3.4,6.33,20.24,1,1
9675,19.0,1,4.3,5.8,5.9,7.9,100.0,91.2,2.3,1.7,4.9,3.2,0,0,5.8,1.7,6.88,49.3,2,2
9676,21.0,1,9.2,6.3,5.5,1.8,56.3,36.9,6.8,0.4,6.5,6.0,0,0,1.5,9.1,7.31,47.08,2,2
9677,24.0,0,1.1,5.5,6.1,2.2,86.0,84.1,4.0,5.6,6.8,8.2,1,0,5.8,8.0,9.73,61.27,2,2
9678,16.0,0,4.5,6.9,5.0,3.5,96.6,62.9,1.7,3.6,2.1,7.9,1,1,3.4,2.6,6.489753023681269,61.19,2,2
9679,20.0,1,1.9,8.4,10.5,1.4,72.9,95.8,10.0,3.2,7.6,10.0,1,1,6.4,4.7,7.94,62.25,2,2
9680,19.0,2,6.0,7.9,2.8,4.9,80.3,91.8,7.9,3.9,9.2,7.6,0,0,4.7,1.6,6.57,69.42,0,0
9681,20.0,0,1.0,7.6,7.9,0.4,93.7,91.7,3.5,2.9,6.6,4.0,2,0,7.4,5.2,6.07,53.55,2,2
9682,16.0,1,1.5,8.3,7.9,1.7,65.6,64.5,2.0,2.0,9.1,3.8,1,0,8.3,6.4,6.58,32.57,1,1
9683,19.0,0,2.9,5.8,4.7,2.3,88.3,49.9,8.6,1.6,6.4,6.3,0,1,1.6,2.9,5.82,44.53,1,1
9684,23.0,0,4.7,6.4,6.7,1.2,59.9,97.9,3.0,4.5,5.4,3.2,0,0,2.1,3.9,5.67,46.69,2,1
9685,20.0,1,3.0,7.8,9.2,4.9,59.3,96.0,6.2,2.8,4.4,5.957923664122137,0,0,5.5,22.3,6.22,49.67,2,2
9686,20.0,0,3.0,6.4,5.2,0.6,91.1,38.9,7.0,2.4,7.1,4.4,0,0,5.9,3.5,6.26,50.5,2,2
9687,18.0,1,3.8,6.5,9.3,1.3,67.4,99.8,4.9,2.4,2.6,6.1,1,1,3.6,5.1,4.29,58.59,2,2
9688,19.0,1,3.7,9.4,8.8,1.8,82.3,81.4,3.9,4.5,6.9,4.6,2,0,4.2,6.7,4.82,37.32,1,1
9689,19.0,0,7.2,7.1,4.2,4.5,64.7,77.4,1.8,7.6,9.1,6.4,0,0,1.6,9.7,8.52,61.8,2,2
9690,23.0,1,5.6,9.3,3.2,5.6,83.6,60.2,7.0,4.8,6.6,5.2,0,1,2.1,8.4,8.48,55.0,2,2
9691,25.0,1,3.6,4.6,6.4,3.9,58.4,93.3,10.0,3.2,1.4,2.2,1,0,3.7,0.8,6.67,50.17,2,2
9692,20.0,1,8.4,6.2,2.9,0.6,96.8,66.7,3.5,11.1,4.8,8.7,0,1,7.9,2.5,6.83,59.95,2,2
9693,19.0,1,5.2,7.5,1.0,1.9,90.6,66.6,3.8,1.7,7.5,8.3,0,1,2.2,0.7,6.31,64.85,0,0
9694,23.0,1,2.3,7.1,4.8,5.8,72.2,36.5,7.7,0.5,4.6,9.7,1,0,6.1,8.2,7.65,56.15,2,2
9695,19.0,0,4.7,4.3,11.4,3.1,55.8,61.6,0.6,1.8,7.0,7.6,0,0,4.2,11.3,7.36,24.79,1,1
9696,20.0,1,5.3,6.7,4.9,0.4,77.3,57.1,4.3,3.1,2.4,6.0,0,1,8.8,19.7,6.46,54.9,2,2
9697,18.0,0,2.8,10.0,6.9,6.9,75.3,37.6,6.5,2.3,1.1,5.4,1,0,3.4,3.6,9.58,45.21,1,1
9698,22.0,0,2.1,7.3,7.7,2.0,72.9,100.0,4.2,1.2,5.542839731870811,8.3,0,0,5.0,6.6,6.43,67.86,0,0
9699,20.0,1,4.4,7.8,5.9,2.9,93.7,72.8,7.1,2.9,1.0,5.8,0,0,3.4,4.9,5.05,66.64,0,0
9700,23.0,0,3.5,6.2,5.2,1.8,95.8,49.3,6.9,2.5,8.2,7.2,0,1,4.4,6.2,6.98,52.87,2,2
9701,22.0,0,7.2,7.3,9.1,1.3,85.6,57.7,6.3,0.9,3.8,4.7,0,1,6.9,4.3,8.87,57.29,2,2
9702,18.0,1,5.7,7.0,6.1,5.3,99.4,64.5,4.3,0.4,6.3,6.9,1,0,0.0,1.6,4.44,47.37,2,2
9703,22.0,1,2.9,8.5,5.8,3.4,43.6,64.3,5.1,6.2,8.3,7.6,0,0,7.9,3.5,6.62,48.95,2,2
9704,23.0,0,5.1,8.4,8.0,3.03210685483871,76.0,89.4,6.2,1.8,5.6,7.0,2,0,3.2,5.9,5.58,62.06,2,2
9705,19.0,2,6.7,7.5,3.4,0.7,75.4,70.2,6.5,4.1,3.7,5.6,0,0,1.9,12.6,5.42,54.61,2,2
9706,18.0,1,1.4,7.1,2.8,2.5,90.9,76.8,9.1,4.4,4.0,5.3,0,0,10.0,2.7,8.32,66.53,0,0
9707,16.0,1,2.2,4.8,1.9,1.9,75.9,70.2,7.6,1.8,6.1,7.9,0,0,4.0,3.8,8.87,54.76,2,2
9708,20.0,1,4.2,4.8,7.4,1.5,87.2,95.9,5.2,5.7,3.6,6.9,1,0,6.0,6.1,5.72,58.7,2,2
9709,19.0,1,4.3,7.1,5.6,3.8,73.7,99.8,7.2,0.5,5.1,5.9,2,0,4.3,25.0,10.0,56.29,2,2
9710,20.0,0,4.1,8.1,8.1,2.4,71.2,72.6,7.4,3.9,5.6,8.1,0,0,4.7,3.8,7.71,65.96,0,0
9711,18.0,1,3.6,8.7,6.1,4.2,90.4,58.0,4.6,0.4,4.6,3.8,2,0,2.7,9.4,8.15,53.32,2,2
9712,23.0,1,3.5,5.8,2.6,4.3,80.0,73.0,7.3,2.1,1.0,2.9,0,0,7.1,3.6,7.76,66.92,0,0
9713,18.0,1,5.0,5.0,5.1,2.2,84.0,19.0,5.5,0.3,6.1,9.7,0,0,9.9,3.2,7.63,38.31,1,1
9714,18.0,1,6.5,8.2,8.2,3.8,63.9,80.6,6.6,0.5,6.7,2.3,1,0,2.4,15.4,6.17,28.4,1,1
9715,20.0,1,3.2,5.9,5.3,2.2,88.8,50.5,8.2,1.2,3.4,8.5,2,1,8.8,11.9,4.61,52.26,2,2
9716,20.0,1,9.1,4.9,9.0,1.6,66.0,71.0,8.3,4.2,6.2,8.1,0,0,5.5,7.2,7.99,42.12,1,1
9717,18.0,1,8.1,6.4,4.9,1.1,100.0,83.5,4.1,6.8,4.4,8.1,0,0,1.5,3.9,7.83,71.47,0,0
9718,18.0,0,6.9,6.3,7.8,3.2,76.7,64.7,3.6,1.5,1.7,7.1,0,0,0.5,4.4,8.55,46.41,1,1
9719,18.0,0,5.4,8.7,1.5,1.7,74.6,67.1,9.9,3.2,4.3,6.6,1,0,6.6,1.5,5.6,62.96,2,2
9720,22.0,1,8.2,8.1,6.047861775435752,5.5,91.6,79.6,9.9,9.9,1.6,5.4,1,0,2.6,6.4,5.0,75.99,0,0
9721,22.0,0,3.6,6.0,5.0,5.9,79.3,65.0,7.6,1.5,5.9,8.3,2,0,4.050203624516392,0.7,5.6,42.26,1,1
9722,20.0,1,2.5,8.8,2.5,3.9,89.3,91.6,5.3,3.5,7.1,5.2,0,0,5.8,5.0,6.84,66.83,0,0
9723,22.0,0,3.1,7.2,8.8,3.4,76.1,88.9,5.4,2.8,10.0,2.5,1,0,7.8,7.2,5.94,48.78,2,2
9724,22.0,1,2.2,8.4,4.4,3.0,89.3,85.2,3.8,3.5,8.5,4.9,0,0,3.2,2.5,8.2,60.9,2,2
9725,17.0,1,4.4,8.7,4.1,7.3,79.0,63.7,6.5,1.0,8.2,4.9,1,0,3.3,2.5,8.14,46.36,1,1
9726,25.0,0,4.8,6.7,9.3,3.03210685483871,91.3,85.3,5.7,1.6,1.6,7.4,1,1,6.4,10.1,6.16,70.23,0,0
9727,23.0,1,4.6,7.7,6.4,2.6,95.0,61.6,5.8,2.5,6.2,6.7,0,0,4.9,4.8,8.08,72.1,0,0
9728,18.0,1,4.2,6.5,7.9,2.6,59.4,73.4,3.5,4.1,6.5,2.1,0,0,4.8,3.7,3.56,46.7,2,2
9729,18.0,0,4.5,8.2,1.7,3.6,84.7,27.6,8.1,3.4,4.4,5.957923664122137,2,1,4.5,7.5,4.69,51.06,2,2
9730,17.0,0,7.7,7.1,4.0,0.9,100.0,74.2518720906699,7.0,8.2,2.2,6.8,1,0,3.2,5.9,7.15,92.71,0,0
9731,17.0,0,5.4,8.2,11.2,0.0,88.0,100.0,7.0,0.6,6.5,3.0,2,0,6.3,3.4,6.04,49.36,2,2
9732,22.0,1,6.0,9.0,8.1,0.6,100.0,79.0,2.1,1.8,1.4,7.0,1,0,5.8,5.2,6.44,73.32,0,0
9733,20.0,0,4.6,7.7,3.3,2.5,67.9,46.5,2.7,1.4,4.8,4.2,0,1,8.7,14.9,7.55,41.14,1,1
9734,22.0,1,1.0,6.9,6.6,1.3,83.4,71.1,3.6,1.9,6.7,3.2,0,0,1.7,5.7,6.8,30.21,1,1
9735,22.0,1,0.6,6.9,3.5,5.6,86.3,76.3,7.7,4.5,6.2,10.0,0,1,6.4,1.5,4.96,63.04,0,2
9736,21.0,0,8.4,3.2,9.5,0.4,73.2,75.3,4.9,1.9,6.1,5.4,0,0,4.4,10.7,8.13,26.42,1,1
9737,22.0,0,3.1,6.1,1.0,0.6,79.81730107309173,100.0,3.7,4.4,5.0,8.0,1,0,9.3,7.3,6.96,73.9,0,0
9738,16.0,0,3.0,8.2,6.7,0.0,100.0,70.6,7.4,2.2,3.9,1.0,0,0,4.2,11.2,7.43,59.06,2,2
9739,19.0,0,4.7,8.3,6.7,1.8,94.6,64.6,5.3,1.9,4.4,6.7,1,0,4.9,19.1,5.83,71.58,0,0
9740,21.0,1,5.3,6.0,3.2,2.3,87.3,77.9,6.8,3.4,1.0,3.4,2,0,2.1,3.0,3.57,50.08,2,2
9741,16.0,1,5.6,7.2,5.3,2.9,80.6,72.4,3.8,4.7,3.0,7.8,0,0,3.7,2.4,8.75,68.26,0,0
9742,16.0,1,7.7,6.8,6.9,2.9,81.8,61.5,5.9,2.9,7.2,4.5,0,0,7.8,7.8,7.26,60.72,2,2
9743,23.0,0,7.2,7.9,1.6,1.9,88.2,43.3,8.9,3.5,5.3,3.4,0,1,3.4,9.9,7.43,63.07,0,0
9744,22.0,1,2.6,9.9,2.8,1.1,98.8,88.2,8.7,0.9,8.2,3.3,0,0,4.5,2.6,7.4,60.64,2,2
9745,18.0,0,6.1,7.9,5.6,3.8,70.8,59.4,4.3,2.4,4.7,7.4,0,1,4.050203624516392,3.1,5.45,52.2,2,2
9746,22.0,0,3.4,6.1,3.9,1.4,81.4,56.9,5.4,5.4,9.9,2.5,1,0,4.0,4.8,5.19,48.59,2,2
9747,23.0,0,3.9,6.9,4.8,4.4,75.2,60.4,7.8,5.6,5.1,4.2,0,0,5.4,6.7,8.26,59.52,2,2
9748,19.0,0,2.0,8.8,5.9,0.3,66.3,48.7,6.2,3.3,8.4,8.2,2,0,6.5,2.1,6.07,47.16,2,2
9749,16.0,2,0.8,5.2,3.7,1.7,72.0,86.8,6.8,2.9,7.4,7.1,0,1,6.9,2.6,4.06,44.48,1,1
9750,20.134890807516506,0,4.1,6.2,5.9,6.7,82.8,84.4,9.0,1.8,6.6,8.7,1,0,4.8,3.4,5.38,65.27,0,0
9751,19.0,2,2.3,7.9,6.7,6.9,76.1,78.4,6.5,4.3,8.5,5.5,1,0,3.1,3.6,8.72,51.75,2,2
9752,17.0,1,6.1,8.7,7.9,0.6,80.4,87.8,4.7,2.8,8.3,9.4,1,1,4.0,3.1,4.58,70.49,0,0
9753,20.0,1,3.6,7.8,2.9,5.2,89.4,82.8,8.8,3.0,5.1,5.0,0,0,8.5,3.4,5.9,67.52,0,0
9754,22.0,0,4.8,6.2,4.4,5.9,95.0,85.6,4.2,1.3,5.2,7.8,1,0,1.2,4.9,4.77,54.41,2,2
9755,18.0,2,6.9,7.7,7.5,4.9,100.0,100.0,6.0,2.8,6.5,4.6,0,1,5.9,2.8,7.91,65.49,0,0
9756,18.0,1,1.2,7.5,2.3,2.9,90.0,92.7,4.7,1.1,9.1,3.6,1,1,3.2,3.1,7.04,61.19,2,2
9757,18.0,1,2.8,7.5,6.047861775435752,0.0,72.0,78.2,3.4,3.2,6.7,5.5,0,0,1.0,2.9,4.22,33.59,1,1
9758,25.0,0,4.6,6.9,6.1,3.2,94.3,58.2,5.8,1.7,9.0,6.5,0,0,1.8,2.6,5.52,59.15,2,2
9759,18.0,0,4.8,7.1,1.0,3.7,75.9,46.3,6.1,4.8,5.542839731870811,2.1,2,0,4.2,11.2,3.37,48.86,2,2
9760,21.0,1,6.4,5.8,4.8,3.4,70.9,43.3,5.4,0.9,4.0,6.6,0,0,6.3,11.3,4.27,26.14,1,1
9761,24.0,0,5.9,10.0,6.8,3.9,88.1,92.0,8.2,1.1,2.4,4.8,0,0,6.5,7.1,6.96,68.14,0,0
9762,17.0,2,4.4,7.2,5.5,1.5,98.4,65.0,4.3,4.5,6.9,7.3,0,0,9.2,7.1,6.72,64.19,0,0
9763,25.0,0,4.8,7.7,4.8,2.1,72.1,76.4,6.8,1.6,4.3,5.5,0,1,0.2,9.9,7.12,61.07,2,2
9764,24.0,1,4.9,6.7,6.4,0.0,84.1,57.8,3.3,1.5,7.1,7.3,1,0,5.8,7.1,5.25,57.01,2,2
9765,24.0,1,1.3,8.1,8.5,4.6,85.9,100.0,10.0,3.2008618067525094,5.9,7.1,1,0,0.0,6.7,7.95,62.64,2,2
9766,18.0,1,3.9,5.3,7.3,1.4,67.7,42.7,4.6,3.8,4.5,6.4,0,1,5.0,2.4,5.73,35.75,1,1
9767,21.0,1,4.7,4.7,4.1,2.6,61.4,77.5,2.4,3.0,3.4,5.7,0,1,7.3,7.1,6.74,49.61,2,2
9768,22.0,1,5.1,7.0,2.4,3.5,61.8,68.5,5.5,0.8,4.4,8.5,0,0,7.2,5.5447261663286005,8.57,67.18,0,0
9769,25.0,0,2.4,9.7,7.3,2.0,96.6,75.3,6.5,2.6,3.1,5.8,1,0,1.2,5.0,10.0,71.27,0,0
9770,18.0,1,1.7,8.6,3.1,1.1,74.0,69.2,7.9,6.8,3.4,3.7,1,0,0.0,8.9,4.01,55.03,2,2
9771,22.0,0,3.7,5.9,4.7,3.5,71.8,59.0,8.4,3.6,1.0,3.2,0,0,0.6,8.5,7.28,54.16,2,2
9772,19.0,0,8.1,7.7,6.5,0.0,84.1,74.2518720906699,7.4,5.0,1.0,7.4,1,0,0.7,5.2,7.47,71.07,0,0
9773,18.0,1,2.6,6.2,8.9,4.4,96.9,100.0,7.9,2.8,5.8,6.7,1,1,2.4,19.1,6.0,60.53,2,2
9774,20.134890807516506,2,6.5,7.6,9.2,4.2,64.9,69.6,8.4,1.7,9.9,8.8,2,0,6.5,6.8,4.96,42.61,1,1
9775,23.0,0,7.4,7.7,6.2,2.0,55.5,81.2,6.5,5.1,6.0,9.4,0,1,3.1,8.7,5.44,54.54,2,2
9776,20.134890807516506,0,4.3,8.2,4.7,2.1,99.2,46.3,4.3,1.5,5.9,5.957923664122137,0,0,3.8,7.7,3.49,57.86,2,2
9777,20.0,1,2.8,5.0,3.0,1.2,86.7,36.9,6.2,6.9,8.1,4.4,2,0,5.8,2.9,7.31,41.16,1,1
9778,25.0,0,5.2,5.4,10.9,2.3,66.1,62.8,4.4,1.4,5.9,7.2,0,1,3.9,9.2,6.2,44.72,1,1
9779,19.0,1,4.6,6.9,5.3,2.6,74.3,90.7,8.3,4.6,5.8,8.3,0,0,6.3,1.7,3.78,72.69,0,0
9780,21.0,0,2.5,5.7,7.7,2.4,67.0,75.5,8.6,2.0,2.5,3.0,0,0,3.6,12.8,4.17,45.24,1,1
9781,19.0,1,2.9,5.6,6.5,5.6,88.3,65.3,8.8,0.1,5.4,5.2,0,1,2.0,5.1,6.489753023681269,41.57,1,1
9782,19.0,0,5.1,7.4,4.8,0.0,93.3,82.7,3.5,6.2,4.2,1.0,0,0,4.2,16.8,6.76,65.86,0,0
9783,22.0,1,6.1,5.8,4.7,1.4,88.7,65.1,8.3,0.7,5.2,7.2,1,0,4.2,2.5,6.31,51.82,2,2
9784,24.0,1,3.6,9.9,2.5,4.3,82.2,99.8,4.7,4.1,4.4,9.4,2,0,5.6,4.4,6.59,64.77,0,0
9785,20.0,0,4.1,6.3,8.8,6.7,84.9,100.0,6.8,2.7,4.4,7.7,1,0,4.4,6.3,6.88,68.3,0,0
9786,22.0,0,5.5,6.6,5.7,1.4,70.4,64.6,7.8,10.7,5.0,2.3,1,1,2.3,7.8,6.489753023681269,61.53,2,2
9787,17.0,1,3.9,7.4,9.6,4.8,74.2,74.2518720906699,2.8,10.2,5.9,3.6,1,0,1.0,5.3,8.02,41.67,1,1
9788,18.0,1,3.6,5.0,4.9,0.9,80.1,73.7,7.9,3.3,5.542839731870811,6.3,2,1,5.0,15.9,6.49,54.17,2,2
9789,20.0,0,2.7,7.7,5.3,2.3,76.4,82.7,2.6,2.5,4.9,7.4,1,0,2.1,8.2,5.6,64.29,0,0
9790,16.0,0,2.7,7.4,3.2,3.0,80.0,70.1,5.6,0.2,5.3,9.2,0,0,4.6,3.4,6.8,68.07,0,0
9791,18.0,1,9.5,6.5,5.2,1.8,59.0,93.8,8.1,4.2,5.8,6.8,0,1,4.7,1.5,6.3,54.74,2,2
9792,20.0,0,3.8,7.4,2.9,2.2,91.5,79.8,5.991217524197657,1.0,8.1,2.9,1,0,7.6,1.4,7.15,63.24,0,0
9793,16.0,0,6.9,7.6,7.0,0.5,66.1,94.6,7.8,3.8,7.8,5.4,0,0,4.7,0.3,6.08,55.64,2,2
9794,18.0,1,7.6,8.9,6.3,4.2,52.6,54.8,4.8,1.9,7.9,5.1,0,0,4.0,2.4,6.489753023681269,45.76,1,1
9795,20.0,0,3.8,10.0,9.7,1.4,70.7,64.3,4.7,0.7,7.1,6.5,0,0,2.9,2.0,6.45,36.22,1,1
9796,21.0,0,4.9,5.6,2.4,1.8,77.2,84.6,5.7,0.4,10.0,7.5,0,1,5.3,1.9,3.71,37.84,1,1
9797,24.0,0,4.4,5.3,9.0,1.6,100.0,76.0,6.1,1.3,5.542839731870811,2.7,0,0,3.5,6.3,6.11,38.21,1,1
9798,21.0,1,1.0,7.1,3.6,1.7,73.6,71.6,7.9,1.5,3.3,6.9,0,0,1.7,14.0,7.98,62.37,2,2
9799,19.0,0,1.1,4.3,6.9,3.3,82.7,65.7,5.9,5.4,9.5,2.7,0,1,1.0,5.5,7.21,19.42,1,1
9800,24.0,1,4.3,7.8,3.1,3.1,84.2,76.6,5.0,1.8,5.9,6.2,0,0,2.0,8.4,6.67,68.8,0,0
9801,22.0,2,3.4,7.1,6.5,7.5,60.3,100.0,5.2,1.1,9.2,9.5,1,1,1.8,5.0,5.87,42.95,1,1
9802,18.0,1,8.0,7.5,1.0,2.6,78.6,38.8,8.5,4.8,5.1,6.3,1,0,5.5,9.1,5.91,69.29,0,0
9803,17.0,0,3.7,6.6,4.3,2.8,76.6,72.3,6.1,2.0,9.0,2.7,0,1,4.2,1.5,7.77,43.43,1,1
9804,21.0,0,8.1,7.3,6.3,5.4,81.1,74.2518720906699,9.4,1.7,10.0,7.9,0,0,2.1,0.5,6.69,54.39,2,2
9805,20.0,1,3.2,7.6,10.4,3.4,85.5,55.4,8.1,3.5,2.4,3.8,1,0,0.0,4.0,6.06,61.21,2,2
9806,22.0,0,8.0,7.3,1.0,2.8,91.1,72.2,4.8,1.2,3.6,8.9,0,0,1.9,11.8,5.71,70.46,0,0
9807,22.0,0,5.2,5.3,6.0,2.8,68.9,45.5,5.0,0.6,7.2,4.4,0,0,4.1,3.3,8.55,36.22,1,1
9808,21.0,1,5.3,7.2,4.7,3.3,86.3,64.5,5.8,6.8,7.6,3.3,0,0,5.1,9.0,5.18,61.33,2,2
9809,25.0,0,3.2,9.4,1.2,4.8,70.5,70.2,5.7,7.9,5.8,9.8,0,0,1.3,3.5,4.99,57.91,2,2
9810,20.0,0,5.4,7.3,3.2,5.4,68.2,74.9,8.5,4.6,5.9,6.0,0,1,5.1,5.4,6.99,59.55,2,2
9811,17.0,1,7.6,7.2,4.8,4.9,100.0,100.0,4.8,0.8,3.8,5.2,0,0,4.5,4.8,3.72,53.36,2,2
9812,23.0,2,3.9,9.0,7.2,3.8,56.4,60.3,6.2,6.6,8.2,6.4,0,0,3.7,1.0,6.83,43.19,1,1
9813,18.0,0,3.5,6.0,6.2,3.4,73.3,51.2,6.7,1.8,8.2,3.1,2,0,5.0,10.6,5.5,32.71,1,1
9814,22.0,1,3.7,8.2,2.7,6.7,82.9,92.9,7.6,6.0,7.0,6.5,2,0,6.4,7.9,5.24,75.8,0,0
9815,25.0,0,7.4,6.3,1.4,2.1,72.2,0.0,7.0,1.5,2.5,7.0,2,0,4.9,4.9,7.59,42.81,1,1
9816,22.0,1,5.9,8.4,7.0,4.3,82.0,63.9,6.9,3.1,6.0,5.957923664122137,1,0,2.6,2.2,6.91,51.0,2,2
9817,21.0,0,7.1,8.0,5.5,5.1,62.5,69.1,4.9,1.5,5.2,8.4,0,0,1.3,10.7,7.09,54.79,2,2
9818,20.0,0,4.8,6.5,10.0,4.9,56.0,58.1,5.2,0.5,5.4,4.5,0,1,6.9,8.4,6.41,39.13,1,1
9819,19.0,1,4.219583121504829,6.7,5.1,1.6,68.6,73.3,6.5,1.6,2.0,5.8,2,1,4.5,0.8,9.12,64.2,0,0
9820,19.0,0,5.0,8.3,8.9,8.1,82.0,63.3,5.6,8.5,4.3,5.0,0,0,5.4,2.4,6.16,55.82,2,2
9821,21.0,0,6.3,4.6,7.4,6.0,77.8,43.7,3.9,2.0,5.9,8.6,1,0,4.2,4.5,7.91,35.84,1,1
9822,22.0,1,3.7,6.4,8.1,4.9,88.3,86.1,5.0,4.7,5.9,6.4,0,0,5.5,8.9,5.75,64.38,0,0
9823,21.0,0,6.9,7.8,7.1,1.2,61.5,86.8,6.4,2.1,5.4,6.1,0,1,4.6,5.7,5.04,54.62,2,2
9824,18.0,0,4.9,6.6,7.1,4.8,72.5,57.2,8.6,2.2,4.3,5.957923664122137,2,1,6.4,2.6,1.93,43.6,1,1
9825,20.0,1,0.0,7.2,1.0,0.0,79.1,65.3,3.9,1.4,5.8,6.7,0,0,0.0,2.8,7.02,52.81,2,2
9826,23.0,0,6.0,4.3,5.4,2.6,67.4,100.0,3.6,3.8,3.5,7.8,1,1,5.4,8.2,5.09,47.43,2,2
9827,20.0,1,1.7,5.9,4.3,3.2,81.8,83.1,7.7,1.5,6.5,7.7,1,0,0.2,8.7,6.02,47.6,2,2
9828,20.0,1,5.9,7.9,9.2,2.2,76.3,75.0,5.1,5.7,6.7,6.1,1,0,5.6,1.0,3.6,54.35,2,2
9829,22.0,0,6.0,6.0,3.5,5.8,86.3,100.0,4.1,2.6,3.7,7.5,0,0,3.3,3.3,5.33,61.98,2,2
9830,21.0,0,4.9,5.3,5.3,3.2,83.8,45.8,6.0,1.7,7.5,6.7,2,0,2.8,5.3,8.82,46.22,1,1
9831,19.0,0,5.3,8.4,8.0,1.3,55.9,38.4,4.0,2.7,3.9,1.2,0,1,3.9,5.8,5.73,35.34,1,1
9832,24.0,1,6.4,7.7,6.8,4.4,99.1,78.0,10.0,4.0,6.0,2.2,2,1,6.2,8.4,6.71,57.62,2,2
9833,20.134890807516506,0,3.2,5.6,6.4,3.7,51.8,90.1,4.3,1.2,7.3,8.1,0,1,3.5,1.9,6.1,39.2,1,1
9834,25.0,2,5.8,7.2,8.8,0.0,59.8,44.2,6.4,5.0,5.4,6.2,0,1,2.8,4.5,5.88,48.87,2,2
9835,17.0,1,6.5,5.6,6.7,5.4,79.0,51.6,7.1,1.1,4.3,5.6,0,0,8.9,7.5,6.82,53.39,2,2
9836,16.0,1,7.7,6.8,4.6,3.2,83.8,89.3,8.1,5.7,5.5,4.3,2,1,0.2,8.0,6.98,64.56,0,0
9837,24.0,0,2.0,7.2,2.8,4.8,76.3,54.3,3.6,1.7,7.1,7.7,0,0,3.7,5.5447261663286005,4.12,47.12,2,2
9838,18.0,1,5.0,5.9,7.2,3.7,73.0,70.4,7.0,2.6,6.4,5.2,0,1,4.2,5.4,4.5,45.44,1,1
9839,22.0,1,2.3,8.0,4.1,2.4,78.9,78.8,2.4,2.5,4.5,1.0,1,0,3.7,5.9,4.32,46.04,1,1
9840,23.0,0,2.2,8.2,5.4,3.8,86.9,92.2,6.7,2.0,4.6,1.3,1,1,3.2,5.7,6.73,60.74,2,2
9841,23.0,2,4.9,7.3,8.7,2.8,65.1,69.5,5.9,1.0,5.4,6.5,1,1,0.4,4.0,7.11,51.49,2,2
9842,20.134890807516506,0,4.4,7.5,5.4,3.5,65.5,83.9,7.7,6.2,7.4,4.0,1,0,5.8,8.6,5.55,62.59,2,2
9843,19.0,0,6.5,5.1,4.9,4.1,68.7,52.7,6.6,5.2,6.3,3.4,1,0,4.1,1.0,4.33,28.98,1,1
9844,22.0,0,4.219583121504829,8.8,5.3,3.3,97.2,85.6,5.8,0.3,5.1,5.8,0,0,0.0,10.0,7.04,59.81,2,2
9845,17.0,0,3.9,6.9,5.4,3.8,84.8,58.6,5.9,2.7,4.8,6.9,0,0,0.0,2.5,4.75,49.38,2,2
9846,19.0,1,4.6,5.8,3.5,2.3,87.4,50.1,2.8,0.6,2.6,8.7,0,0,3.3,5.7,7.7,45.68,1,1
9847,23.0,1,2.5,7.2,6.047861775435752,2.0,100.0,100.0,4.2,3.3,10.0,6.0,0,0,1.7,2.4,6.21,54.29,2,2
9848,19.0,1,2.8,8.0,4.6,4.4,90.2,100.0,9.3,4.6,4.8,7.6,1,1,0.4,9.8,5.5,80.51,0,0
9849,21.0,1,6.4,7.7,8.0,5.6,82.0,77.7,6.5,0.8,4.1,5.957923664122137,1,0,4.5,8.8,6.55,51.83,2,2
9850,20.0,1,3.1,5.6,3.5,2.1,100.0,100.0,7.5,2.2,8.4,8.8,1,1,4.8,3.6,7.97,68.88,0,0
9851,21.0,1,6.6,8.0,7.4,3.6,67.4,69.1,4.6,2.6,4.5,1.4,0,1,2.7,0.2,8.3,41.69,1,1
9852,25.0,1,5.4,6.9,6.4,0.5,76.6,72.6,7.9,1.6,6.2,6.9,1,0,3.7,8.6,3.15,60.18,2,2
9853,16.0,1,1.1,7.7,6.1,6.2,95.0,71.8,5.4,2.0,5.2,4.5,0,0,3.3,2.2,6.88,50.71,2,2
9854,21.0,0,5.3,6.0,6.4,5.1,51.5,58.6,2.8,3.3,4.9,5.4,0,1,3.7,5.5447261663286005,7.99,36.68,1,1
9855,23.0,1,4.219583121504829,8.4,7.0,1.9,69.6,32.8,5.8,2.0,6.6,5.0,2,0,6.4,12.3,6.44,38.46,1,1
9856,20.0,0,4.219583121504829,7.2,5.4,2.4,90.3,69.4,8.8,2.3,6.4,5.1,0,1,2.9,10.6,6.06,63.82,0,0
9857,17.0,1,3.9,8.5,5.6,5.2,81.4,98.4,5.991217524197657,6.2,3.3,5.4,0,1,3.7,1.1,5.73,57.23,2,2
9858,21.0,0,2.3,5.0,7.4,3.3,86.7,80.0,7.6,3.2008618067525094,5.0,9.7,0,0,3.3,0.6,4.55,56.94,2,2
9859,19.0,2,6.9,5.2,3.1,4.1,55.1,89.7,6.3,3.2008618067525094,7.0,8.4,0,0,3.6,8.6,8.1,44.44,1,1
9860,17.0,0,4.0,6.7,2.8,1.2,69.1,82.1,10.0,3.9,6.6,7.3,1,0,2.7,3.2,9.11,77.24,0,0
9861,23.0,0,2.4,8.9,6.4,4.0,88.4,59.8,10.0,7.8,5.1,5.3,0,1,4.9,1.5,9.45,70.0,0,0
9862,20.0,0,5.1,9.6,1.0,2.7,68.3,79.5,2.1,3.9,3.4,6.7,1,0,0.0,2.7,5.58,57.49,2,2
9863,24.0,1,2.7,5.8,1.8,3.5,90.7,69.0,9.0,1.8,8.3,4.5,0,0,8.6,0.8,5.99,54.22,2,2
9864,23.0,2,2.3,7.1,10.5,2.3,83.7,55.9,5.1,4.9,7.1,6.8,1,1,5.8,1.8,5.44,44.66,1,1
9865,22.0,0,3.4,7.2,9.9,2.6,64.8,91.6,5.6,5.4,10.0,5.8,1,0,0.0,3.8,7.43,46.33,1,1
9866,16.0,0,2.9,7.9,4.6,3.2,84.5,51.5,4.7,0.3,5.7,7.1,1,1,5.6,5.2,8.33,50.51,2,2
9867,19.0,1,2.4,8.2,8.5,1.9,89.7,63.1,4.5,1.7,6.9,5.0,0,1,6.5,4.0,5.1,44.95,1,1
9868,18.0,0,5.8,5.6,8.6,7.1,84.7,100.0,8.9,3.7,6.2,8.2,0,1,4.9,5.9,6.08,62.61,2,2
9869,24.0,0,4.0,7.1,7.2,1.1,87.0,87.6,0.8,7.2,2.3,6.1,1,0,5.9,1.6,5.19,63.69,0,0
9870,18.0,0,6.7,4.4,5.8,3.9,57.5,79.4,4.5,5.0,6.1,5.6,0,0,2.9,4.4,5.69,29.46,1,1
9871,18.0,0,2.5,8.1,7.6,3.5,100.0,35.9,7.5,10.2,1.5,7.7,0,1,8.2,11.6,6.27,63.74,0,0
9872,20.0,1,0.7,6.6,8.0,4.4,100.0,72.9,1.5,2.0,3.7,9.5,1,0,5.8,6.5,6.24,56.95,2,2
9873,18.0,1,4.5,5.4,7.6,0.0,98.6,54.0,5.5,0.6,5.542839731870811,6.0,1,1,5.8,22.1,7.14,48.12,2,2
9874,18.0,1,7.9,7.4,2.1,0.0,81.5,73.6,3.3,3.0,5.5,5.6,0,0,5.4,8.4,5.31,64.22,0,0
9875,21.0,1,5.3,6.5,11.1,2.0,74.7,71.6,6.5,4.1,1.0,6.9,1,0,2.1,5.2,7.38,70.71,0,0
9876,17.0,1,10.6,8.6,12.0,4.7,75.0,59.6,6.1,3.8,5.9,5.0,0,0,1.7,3.9,5.49,33.75,1,1
9877,16.0,1,4.9,5.8,1.2,2.5,90.2,96.1,8.1,0.8,3.0,3.6,1,0,2.0,8.3,7.98,73.66,0,0
9878,19.0,1,4.7,9.9,7.3,2.5,93.9,92.2,0.9,1.1,7.0,4.5,0,0,5.2,3.7,4.24,45.66,1,1
9879,22.0,0,0.0,8.1,11.1,3.0,71.6,54.7,6.9,5.3,5.3,8.8,0,1,3.7,3.2,6.08,48.84,2,2
9880,20.0,1,5.1,8.7,8.5,1.5,79.7,100.0,4.4,1.4,8.1,4.9,2,0,5.7,6.2,7.53,60.77,2,2
9881,19.0,2,4.5,5.7,8.5,3.8,96.3,54.3,9.2,1.8,2.0,6.5,0,0,0.0,5.6,7.1,63.04,0,2
9882,20.134890807516506,0,3.4,9.3,2.4,3.3,78.7,100.0,5.0,6.5,1.5,2.3,2,1,4.2,5.8,8.45,74.23,0,0
9883,19.0,0,3.9,5.4,8.0,3.9,81.5,71.2,4.2,1.1,7.9,3.6,0,0,3.5,2.3,7.63,36.3,1,1
9884,24.0,1,4.1,6.7,6.6,5.7,97.9,67.8,4.8,2.7,8.3,8.3,0,0,3.0,2.9,7.59,54.55,2,2
9885,16.0,0,3.8,8.7,7.9,2.6,95.8,100.0,7.2,3.7,10.0,7.0,0,1,4.7,3.5,7.07,68.81,0,0
9886,21.0,0,8.4,7.7,3.4,3.2,90.5,72.0,7.5,2.7,6.2,6.3,1,0,6.0,0.9,7.84,70.84,0,0
9887,24.0,2,3.5,5.4,3.3,1.2,66.1,94.8,5.9,3.8,6.1,3.1,2,1,2.6,3.6,8.74,63.68,0,0
9888,23.0,0,4.5,8.5,5.6,0.7,66.3,51.6,3.8,1.8,6.2,6.4,2,0,4.0,7.0,8.91,57.95,2,2
9889,18.0,0,3.4,7.4,5.1,3.0,70.4,75.5,3.4,1.5,7.2,6.2,0,0,2.4,0.9,7.49,52.74,2,2
9890,19.0,0,5.8,6.5,5.6,3.2,73.2,83.5,7.5,1.6,5.6,6.1,2,1,2.6,5.4,7.29,63.32,0,0
9891,22.0,1,4.6,5.0,4.8,4.2,79.81730107309173,96.5,7.2,1.4,1.3,4.3,2,0,6.5,4.6,7.16,48.57,2,2
9892,17.0,1,3.6,7.6,5.5,4.0,78.8,87.8,6.9,4.6,4.6,7.6,0,0,5.1,9.8,6.37,69.99,0,0
9893,23.0,0,0.3,6.8,4.3,3.5,77.9,75.8,9.5,2.5,4.5,4.3,0,1,0.0,1.9,7.17,43.81,1,1
9894,22.0,1,4.7,7.2,5.9,6.0,76.6,74.2518720906699,4.3,3.2008618067525094,4.3,5.4,0,1,5.9,4.1,6.08,55.93,2,2
9895,22.0,1,3.6,4.9,2.4,2.4,68.6,61.9,5.991217524197657,1.5,7.2,1.5,1,1,4.0,3.8,4.6,38.3,1,1
9896,17.0,0,4.1,6.5,7.3,2.7,74.0,85.9,6.7,0.4,9.4,5.9,1,0,2.9,5.9,4.96,40.88,1,1
9897,22.0,1,1.8,7.6,6.7,3.5,100.0,83.6,4.9,3.2,5.4,3.4,2,0,4.5,5.9,7.23,57.4,2,2
9898,21.0,0,7.1,9.4,2.8,0.9,89.1,61.0,5.9,5.4,3.1,6.4,1,0,3.7,1.7,7.06,70.05,0,0
9899,23.0,0,5.9,6.7,9.3,4.2,80.3,77.2,3.4,10.0,4.8,6.1,0,0,3.1,7.6,5.79,51.73,2,2
9900,16.0,1,7.1,8.9,3.9,3.1,60.5,88.9,3.8,3.4,3.1,6.0,2,0,5.3,16.5,9.03,67.52,0,0
9901,16.0,1,6.5,8.0,9.0,3.2,67.1,100.0,5.8,4.8,5.3,3.4,2,0,7.7,7.7,7.14,66.88,0,0
9902,19.0,1,5.4,7.3,6.8,4.0,79.5,74.2518720906699,7.7,5.5,1.9,2.8,2,0,2.8,8.9,9.85,80.49,0,0
9903,17.0,1,1.9,5.7,8.5,3.7,97.7,79.1,4.5,3.4,4.6,5.9,0,0,9.2,16.3,4.49,53.74,2,2
9904,20.0,1,7.9,5.7,6.4,3.7,83.0,80.1,10.0,1.0,7.2,2.2,0,0,2.5,1.0,6.06,46.57,1,1
9905,24.0,1,2.3,7.8,7.4,2.3,82.8,72.4,5.9,2.7,5.5,8.7,1,0,3.6,1.9,6.4,60.58,2,2
9906,19.0,1,3.7,6.3,8.5,5.8,94.4,77.0,4.7,2.5,6.5,6.6,2,0,6.0,1.9,8.99,46.81,2,2
9907,23.0,1,5.6,6.2,10.8,0.4,67.4,89.0,3.2,1.2,6.6,7.9,0,0,5.4,6.6,8.2,55.18,2,2
9908,16.0,0,5.7,6.8,8.7,1.8,98.3,88.5,4.9,3.6,3.3,8.1,1,0,7.2,4.7,5.76,69.56,0,0
9909,18.0,0,5.3,6.8,7.1,2.0,75.0,73.5,9.2,2.4,5.4,6.7,0,0,0.0,5.1,3.09,54.0,2,2
9910,16.0,0,3.4,8.2,2.6,1.7,95.1,55.2,9.8,2.2,7.9,5.8,0,0,3.1,4.1,8.54,66.09,0,0
9911,19.0,0,3.0,6.3,1.0,0.0,100.0,71.1,7.4,2.0,6.1,5.8,0,0,3.4,9.9,6.61,65.39,0,0
9912,24.0,1,9.3,8.0,5.7,6.0,68.2,60.0,6.1,2.8,6.3,8.8,0,0,8.5,5.1,8.09,57.05,2,2
9913,17.0,0,4.1,7.6,4.2,4.2,80.0,53.1,2.8,6.4,4.9,5.957923664122137,0,0,5.3,2.0,3.67,50.79,2,2
9914,21.0,1,3.9,4.8,4.3,1.9,90.3,86.0,0.3,2.3,3.5,5.7,0,0,0.1,7.0,6.489753023681269,42.28,1,1
9915,20.0,1,2.8,7.4,5.8,4.3,76.3,81.2,6.4,0.6,5.2,3.9,1,0,5.3,4.0,5.9,51.17,2,2
9916,24.0,0,4.7,3.5,7.7,2.7,76.6,58.5,5.1,4.8,6.1,4.6,0,0,7.0,1.4,6.23,27.18,1,1
9917,17.0,1,4.6,5.8,4.4,2.5,74.8,69.2,4.8,3.2,5.4,5.0,1,0,3.4,5.5447261663286005,6.64,56.47,2,2
9918,18.0,1,4.2,7.6,8.2,1.3,55.8,80.5,6.9,8.5,5.1,5.6,0,0,2.1,2.5,8.02,62.6,2,2
9919,16.0,0,5.0,7.0,6.1,3.0,93.7,79.6,3.1,2.4,5.3,5.7,0,0,4.5,11.0,5.54,60.02,2,2
9920,20.0,0,7.7,4.7,6.1,1.9,66.9,82.9,9.2,2.9,6.9,6.2,0,0,2.6,8.5,4.85,45.81,1,1
9921,18.0,1,3.0,5.5,10.7,1.3,50.2,61.3,10.0,2.3,5.1,6.6,2,0,4.8,3.3,5.97,45.22,1,1
9922,23.0,1,4.3,3.6,6.4,4.7,93.6,81.4,7.5,5.1,3.5,6.3,2,1,4.6,6.8,6.54,40.21,1,1
9923,21.0,0,2.9,5.3,5.9,1.5,86.3,74.1,5.991217524197657,4.3,4.3,9.3,0,1,6.1,1.0,9.66,61.06,2,2
9924,21.0,0,4.8,7.8,7.3,5.5,62.9,88.9,4.7,3.0,7.7,5.9,2,0,3.6,8.6,6.97,48.09,2,2
9925,20.0,1,3.1,6.3,10.5,1.7,94.1,94.3,5.3,4.3,5.9,6.1,1,0,0.0,1.9,6.34,54.27,2,2
9926,17.0,0,3.1,7.2,5.9,0.3,88.7,100.0,6.7,0.8,3.1,7.5,0,1,4.7,2.2,4.63,74.62,0,0
9927,20.0,2,1.3,7.0,7.1,3.9,80.0,98.6,8.2,1.4,6.3,3.4,1,1,3.8,0.6,5.01,45.35,1,1
9928,25.0,1,4.4,7.0,5.7,2.2,75.4,77.3,7.0,3.1,5.542839731870811,5.5,1,0,4.4,10.0,5.61,60.57,2,2
9929,23.0,0,4.219583121504829,8.3,5.7,0.2,78.4,74.3,8.8,2.1,5.6,6.8,0,0,3.3,7.6,6.489753023681269,71.58,0,0
9930,24.0,2,7.9,6.7,4.8,3.5,82.7,58.2,7.2,1.9,7.8,7.0,0,1,3.8,0.3,7.69,54.82,2,2
9931,23.0,1,5.1,8.2,4.6,0.6,79.81730107309173,58.6,8.3,4.2,3.9,5.0,0,0,1.9,5.0,7.76,72.75,0,0
9932,17.0,0,3.3,6.976601980998585,10.2,0.0,94.5,79.9,5.9,2.9,3.1,6.6,2,0,3.1,4.7,6.83,49.5,2,2
9933,18.0,1,1.5,8.4,4.6,4.2,87.2,80.4,3.5,7.6,6.5,3.0,0,0,4.8,7.0,7.57,56.45,2,2
9934,16.0,0,1.8,5.3,2.1,5.7,78.2,100.0,8.8,1.4,5.3,8.3,0,0,2.0,4.3,7.64,67.66,0,0
9935,19.0,0,1.6,5.6,6.3,2.3,100.0,61.9,10.0,3.1,5.8,7.1,0,1,9.2,5.5447261663286005,6.489753023681269,55.48,2,2
9936,17.0,1,8.0,6.1,8.5,5.2,76.1,60.0,6.6,3.4,8.0,6.0,0,0,0.1,4.8,5.48,48.05,2,2
9937,20.0,0,4.8,8.4,9.1,4.4,100.0,79.5,4.8,4.8,4.1,6.6,0,0,2.1,4.4,8.07,78.25,0,0
9938,21.0,0,3.0,5.8,3.0,4.2,83.8,65.9,7.0,4.1,6.1,4.5,0,0,2.8,0.6,6.69,49.56,2,2
9939,23.0,1,2.3,6.1,8.8,2.7,89.8,82.0,5.2,3.0,6.0,8.9,0,0,0.0,2.3,6.15,55.09,2,2
9940,22.0,1,2.5,5.7,11.1,1.9,75.2,66.5,6.1,3.7,2.6,9.8,0,0,5.8,5.5,5.91,60.47,2,2
9941,24.0,1,3.0,7.3,4.3,3.6,55.7,69.9,6.2,3.2008618067525094,7.0,5.957923664122137,0,0,4.6,1.7,6.6,38.28,1,1
9942,16.0,0,6.8,8.0,5.6,4.2,86.2,82.7,4.3,3.9,6.5,7.4,1,1,7.4,4.6,6.95,66.38,0,0
9943,16.0,2,4.1,9.2,2.9,0.7,64.6,64.8,4.4,0.6,5.1,7.6,2,0,0.0,4.1,8.21,64.89,0,0
9944,21.0,0,1.3,10.0,10.6,2.4,72.0,68.5,5.8,8.7,7.6,7.0,0,0,2.0,13.5,6.05,50.45,2,2
9945,18.0,1,8.8,7.8,2.3,2.7,81.0,84.5,5.6,2.9,1.4,4.0,1,0,0.7,4.8,8.74,69.06,0,0
9946,18.0,0,1.9,7.5,5.0,2.5,71.7,75.8,7.3,1.7,4.4,4.8,2,1,6.7,6.7,3.56,42.31,1,1
9947,19.0,1,3.0,5.4,8.0,1.8,79.6,63.5,6.6,4.7,6.9,1.1,0,0,4.7,5.7,4.75,39.95,1,1
9948,18.0,1,6.8,9.5,4.3,0.6,82.6,66.3,7.3,1.2,4.1,3.5,2,0,2.4,3.3,7.08,59.3,2,2
9949,20.0,0,5.0,7.3,3.5,2.5,60.8,93.8,5.7,1.2,3.4,10.0,1,0,3.5,8.4,8.4,77.39,0,0
9950,20.0,1,3.3,6.976601980998585,5.9,2.5,83.6,80.6,4.2,2.0,6.3,2.9,1,0,6.2,3.4,9.0,61.62,2,2
9951,20.0,0,1.7,7.5,12.0,2.1,71.9,68.5,3.7,3.2,3.4,8.7,0,0,2.2,1.5,7.04,44.78,1,1
9952,21.0,2,2.3,6.2,5.4,4.2,66.1,90.6,8.2,1.6,6.8,7.0,0,1,0.0,2.6,6.95,57.67,2,2
9953,19.0,0,2.4,4.0,5.5,0.5,54.0,82.9,5.991217524197657,2.6,7.5,5.3,0,0,1.7,2.4,7.54,15.09,1,1
9954,18.0,0,4.2,7.7,3.2,3.5,59.8,99.4,4.6,2.3,5.1,5.8,1,0,2.5,16.7,6.13,50.12,2,2
9955,18.0,1,4.6,8.7,7.0,0.0,80.3,90.9,8.8,1.0,5.1,8.5,1,0,0.6,2.6,5.22,67.7,0,0
9956,19.0,2,3.9,7.7,8.2,2.9,80.6,96.0,5.1,6.1,4.2,3.4,0,0,5.0,12.3,5.5,65.95,0,0
9957,22.0,0,4.1,7.0,4.5,0.0,86.7,68.9,1.2,0.5,5.4,5.1,1,0,10.0,2.3,8.94,62.05,2,2
9958,22.0,0,2.1,7.0,7.3,1.4,100.0,59.0,6.5,3.3,4.6,7.5,1,0,4.9,4.7,3.51,57.9,2,2
9959,21.0,1,4.8,7.2,4.5,3.0,97.6,88.9,4.8,6.7,8.3,4.9,0,0,5.9,0.7,6.35,63.84,0,0
9960,18.0,0,6.8,7.2,1.3,0.4,92.9,89.1,4.4,2.6,8.4,9.7,2,0,3.7,2.7,5.59,63.49,0,0
9961,21.0,0,3.9,6.9,7.1,0.4,95.4,73.1,5.7,3.5,5.2,7.2,1,0,2.8,1.5,8.2,70.8,0,0
9962,21.0,1,3.8,7.0,11.2,4.8,82.4,56.2,1.5,4.0,7.4,4.1,0,0,6.4,6.5,8.23,35.98,1,1
9963,20.0,0,4.4,9.0,3.0,0.1,82.1,80.5,1.9,6.6,6.6,7.2,2,1,4.8,11.6,5.91,55.74,2,2
9964,20.0,0,6.4,7.6,6.4,2.8,100.0,82.0,5.0,1.9,3.5,5.3,1,0,1.1,3.3,7.77,52.22,2,2
9965,20.0,1,2.4,7.1,9.3,5.7,82.8,50.6,7.2,2.8,3.0,3.0,1,0,5.8,4.2,5.98,50.3,2,2
9966,21.0,1,7.1,7.9,5.7,3.3,83.1,81.7,5.4,0.6,4.6,8.7,0,1,4.6,3.6,6.489753023681269,68.59,0,0
9967,22.0,0,5.0,7.9,2.4,3.1,95.2,95.7,5.3,4.2,3.6,2.6,0,1,7.3,2.4,7.01,69.71,0,0
9968,17.0,1,4.3,8.2,6.1,1.7,76.4,51.4,6.0,5.3,6.1,8.3,0,0,4.4,3.0,6.66,55.85,2,2
9969,22.0,0,6.6,6.0,9.7,1.7,78.3,84.5,8.0,1.9,6.6,5.3,0,0,2.7,2.6,8.19,57.78,2,2
9970,17.0,0,1.8,6.976601980998585,4.7,2.7,62.3,98.6,6.1,2.6,3.9,9.6,1,0,3.4,8.7,5.76,67.54,0,0
9971,16.0,1,5.2,5.9,6.6,0.0,74.0,99.7,5.9,2.7,7.4,6.8,2,0,4.2,1.2,4.56,58.38,2,2
9972,25.0,0,5.1,8.0,3.4,4.8,75.7,41.3,4.8,6.4,9.1,7.0,0,0,2.3,9.1,8.0,56.27,2,2
9973,25.0,0,2.3,7.9,5.8,3.4,76.4,94.6,5.1,1.9,4.4,6.1,2,0,1.0,0.9,6.72,64.66,0,0
9974,16.0,0,5.1,5.3,7.0,0.0,90.5,69.4,6.4,1.0,6.4,4.8,1,0,0.8,6.9,8.2,65.28,0,0
9975,20.0,0,4.8,7.5,6.3,4.8,66.9,67.3,8.9,2.1,6.6,7.5,1,0,1.0,5.6,8.75,65.06,0,0
9976,18.0,0,3.8,8.8,4.9,4.2,99.4,100.0,6.5,4.7,5.5,5.4,1,0,4.4,2.1,5.21,73.43,0,0
9977,20.0,1,5.9,6.7,7.1,3.8,53.2,79.0,4.2,3.2008618067525094,9.0,5.0,1,0,4.6,5.0,8.96,54.85,2,2
9978,23.0,1,3.1,7.4,7.7,7.0,87.8,68.1,5.3,1.0,7.1,5.2,2,1,5.1,1.9,6.489753023681269,47.22,2,2
9979,25.0,1,4.7,7.9,7.8,3.2,90.6,89.4,8.4,3.1,7.1,5.7,0,1,3.9,2.9,8.35,75.04,0,0
9980,21.0,1,3.9,5.3,5.3,5.8,89.0,100.0,5.991217524197657,1.1,4.6,8.0,1,1,4.8,3.7,9.26,66.08,0,0
9981,19.0,0,3.0,7.2,4.4,3.0,94.2,78.1,3.0,2.6,7.5,4.4,1,0,4.5,1.8,7.98,56.26,2,2
9982,21.0,1,5.2,8.7,10.9,3.8,77.2,65.4,7.0,2.4,4.9,3.7,2,1,6.3,9.6,5.76,43.08,1,1
9983,19.0,0,3.8,6.2,6.3,2.0,96.3,74.2518720906699,4.6,3.2,7.0,6.6,1,0,4.0,1.6,6.46,60.19,2,2
9984,24.0,1,1.3,8.1,5.4,0.0,71.0,94.6,3.5,3.2,2.0,5.9,0,1,4.050203624516392,8.6,5.32,62.49,2,2
9985,23.0,1,0.6,7.0,2.3,0.0,72.1,69.4,6.2,3.8,7.0,6.0,0,0,8.7,4.2,7.02,55.18,2,2
9986,20.0,0,5.8,6.1,3.7,2.8,100.0,94.7,4.1,5.4,7.0,8.1,2,0,3.9,5.7,7.33,64.87,0,0
9987,19.0,1,1.8,6.9,4.4,2.6,82.3,72.5,7.8,0.9,6.1,5.2,1,1,8.1,4.9,10.0,53.22,2,2
9988,19.0,0,4.8,6.3,7.1,0.9,92.4,41.6,6.2,1.1,1.0,7.2,2,1,6.1,6.6,4.62,50.83,2,2
9989,16.0,1,4.3,5.8,5.1,2.5,86.4,100.0,9.0,2.0,7.5,9.3,2,1,7.2,2.3,9.53,79.66,0,0
9990,23.0,2,3.5,6.7,6.0,3.8,89.4,81.0,6.8,4.1,8.1,6.3,0,1,6.1,3.8,6.31,62.85,2,2
9991,20.0,0,8.1,7.1,2.4,5.3,53.9,94.0,4.9,2.6,2.9,6.2,0,0,0.4,2.3,8.46,59.97,2,2
9992,19.0,0,4.6,6.8,9.5,1.8,84.9,80.4,4.9,2.9,7.6,3.2,0,0,3.0,9.5,5.67,50.65,2,2
9993,20.0,1,5.7,6.7,4.2,3.7,80.2,75.7,5.2,0.7,3.1,8.6,1,0,1.8,3.8,4.78,56.85,2,2
9994,23.0,0,4.8,7.3,6.6,6.1,92.7,88.3,7.1,1.7,4.2,4.6,0,0,3.8,20.4,9.18,67.81,0,0
9995,17.0,0,3.7,7.7,4.7,4.4,69.7,72.2,2.8,6.0,5.0,7.2,1,0,0.4,6.5,6.91,60.68,2,2
9996,23.0,0,4.2,5.5,5.2,1.6,95.5,100.0,6.6,5.0,7.7,8.5,0,0,9.0,6.3,6.51,80.59,0,0
9997,24.0,1,7.1,6.7,4.0,3.2,64.3,74.5,4.0,0.5,6.8,9.4,1,1,7.0,7.1,6.97,62.95,2,2
9998,24.0,1,6.4,4.4,6.7,3.3,74.1,100.0,10.0,4.5,5.4,1.0,0,0,0.0,8.2,1.8,43.79,1,1
9999,19.0,1,8.1,6.8,3.5,4.1,59.5,85.9,7.2,4.6,5.0,5.8,2,1,4.1,3.5,5.24,49.48,2,2
10000,18.0,1,4.6,7.2,6.8,3.1,66.0,32.1,7.4,2.3,6.4,9.2,1,0,7.2,4.0,5.54,62.81,2,2
